# Exported from Nomad Sculpt
mtllib LizardGrannyTextured.mtl
o Glasses
usemtl Glasses
v -0.45604074 0.197225958 0.340345859
v -0.48876911 0.195148438 0.357915371
v -0.56674552 0.251897305 0.00085105
v -0.56746697 0.215131759 -0.00479804
v -0.53043103 0.213896483 -0.00148645
v -0.52970988 0.250662118 0.004162654
v -0.45677552 0.160470813 0.334630847
v -0.48950362 0.158393323 0.352200269
v -0.46514803 0.200002640 0.323658466
v -0.48154342 0.198982298 0.332328081
v -0.47240645 0.196187108 0.349131584
v -0.45640814 0.178848385 0.337488412
v -0.46546113 0.181627094 0.320780575
v -0.49798423 0.197958201 0.341029107
v -0.49830574 0.179585039 0.338137149
v -0.48913634 0.176770955 0.355057716
v -0.56710625 0.233514636 -0.00197347
v -0.56880939 0.230599165 0.017218336
v -0.5685243 0.248985320 0.020030379
v -0.54995561 0.248388618 0.021541565
v -0.54822856 0.251279979 0.002506673
v -0.54894829 0.214514136 -0.00314215
v -0.5506801 0.211623758 0.015887841
v -0.56924438 0.212221026 0.014372915
v -0.53218323 0.211028784 0.017400011
v -0.53007054 0.232279270 0.001337975
v -0.53174514 0.229410916 0.020217686
v -0.53146088 0.247795373 0.023041591
v -0.46588224 0.163247317 0.317944854
v -0.47314009 0.159432113 0.343415886
v -0.48228514 0.162226378 0.326619058
v -0.49872145 0.161203742 0.335310518
v -0.50741339 0.182410836 0.321132063
v -0.50787616 0.164025038 0.318340897
v -0.49132615 0.165026992 0.309765338
v -0.51687872 0.166867643 0.301208645
v -0.50018764 0.167838573 0.292815029
v -0.48367637 0.168796479 0.284534931
v -0.47489023 0.166022956 0.301249861
v -0.48316985 0.187178969 0.287341028
v -0.47442117 0.184403538 0.304073154
v -0.48293921 0.205550730 0.290255188
v -0.47414881 0.202776104 0.306976974
v -0.49945962 0.204593211 0.298534363
v -0.4905898 0.201782375 0.315478682
v -0.516155 0.203626334 0.306902289
v -0.50714523 0.200781226 0.324048459
v -0.51637685 0.185257643 0.303968131
v -0.52493882 0.206501871 0.289524734
v -0.52513301 0.188134014 0.286579668
v -0.52565819 0.169741869 0.283839166
v -0.53354442 0.191051602 0.268874466
v -0.53414768 0.172658950 0.266148567
v -0.51705492 0.173509687 0.258475005
v -0.5087918 0.170663714 0.275738239
v -0.50022876 0.174343466 0.250955283
v -0.49215594 0.171571195 0.267768085
v -0.49964952 0.19272843 0.253733962
v -0.49161243 0.189953833 0.270567476
v -0.49949557 0.211098939 0.256667763
v -0.49141532 0.208324223 0.273494780
v -0.51628095 0.210264712 0.264184892
v -0.50805956 0.207419008 0.281452179
v -0.53341699 0.209415555 0.271853983
v -0.52400565 0.213134139 0.246688991
v -0.5414114 0.212377488 0.253798902
v -0.54151058 0.194012224 0.250825941
v -0.54885972 0.215370357 0.235461741
v -0.54888409 0.197008132 0.232457011
v -0.54959238 0.178614795 0.229749634
v -0.54214382 0.175621777 0.248088374
v -0.53186375 0.179271578 0.223240494
v -0.52475226 0.176377236 0.240986987
v -0.51469171 0.179911106 0.216932296
v -0.50774109 0.177122920 0.234013378
v -0.51403201 0.198297798 0.219686865
v -0.50715959 0.195509225 0.236786872
v -0.51396644 0.216670483 0.222621306
v -0.50701439 0.213881105 0.239710524
v -0.53113925 0.216028928 0.228941842
v -0.52005935 0.219476103 0.205299213
v -0.53749156 0.218952685 0.210890740
v -0.55546039 0.218412995 0.216675534
v -0.54294056 0.221904546 0.192524224
v -0.56124008 0.221518516 0.197359919
v -0.56121039 0.203149974 0.194391205
v -0.55550706 0.200051903 0.213661491
v -0.56197679 0.184762388 0.191651672
v -0.55621368 0.181666880 0.210905909
v -0.54362822 0.185140579 0.186859548
v -0.53820693 0.182193428 0.205200269
v -0.52599406 0.185507386 0.182255789
v -0.52076727 0.182706773 0.199672952
v -0.52524483 0.203892946 0.185001403
v -0.52009952 0.201096773 0.202411636
v -0.5252682 0.222269684 0.187924444
v -0.52933693 0.206698119 0.167390778
v -0.52942169 0.225075334 0.170316785
v -0.54728568 0.224865526 0.173932254
v -0.53243804 0.227900892 0.152410045
v -0.5504961 0.227842539 0.155073091
v -0.56924552 0.227793246 0.157788708
v -0.56587899 0.224653333 0.177685067
v -0.56922305 0.209413826 0.154891550
v -0.56581593 0.206277579 0.174751699
v -0.56997371 0.191035836 0.152087971
v -0.56660652 0.187895983 0.171982258
v -0.55122226 0.191082030 0.149390578
v -0.54798824 0.188106954 0.168237626
v -0.53315651 0.191130369 0.146791309
v -0.53014302 0.188312619 0.164649084
v -0.53238308 0.209516167 0.149540379
v -0.53520048 0.193955153 0.128747031
v -0.53443754 0.212336748 0.131522923
v -0.53447878 0.230717986 0.134413391
v -0.53553957 0.215169340 0.113285839
v -0.53548944 0.233550161 0.116167500
v -0.55382347 0.233783632 0.116975948
v -0.55265725 0.230817884 0.136067196
v -0.57264924 0.234025806 0.117808595
v -0.5715307 0.23092556 0.137781113
v -0.57270551 0.215635418 0.114990919
v -0.57149291 0.212538778 0.134924560
v -0.57336915 0.197259157 0.112166672
v -0.57225013 0.194164037 0.132105290
v -0.55453622 0.197020262 0.111311346
v -0.55336845 0.194055497 0.130395203
v -0.53621101 0.196794450 0.110454946
v -0.55489123 0.199973046 0.092184633
v -0.5365057 0.199625581 0.092107638
v -0.53582811 0.218004673 0.094915911
v -0.53608072 0.202466428 0.073592633
v -0.5354709 0.220845729 0.076406836
v -0.53536022 0.239230692 0.079249888
v -0.53578633 0.236389905 0.097765743
v -0.55378169 0.239668309 0.078748852
v -0.55415118 0.236734151 0.097860634
v -0.5725379 0.240115582 0.078238293
v -0.57298309 0.237089961 0.097955897
v -0.57267225 0.221724510 0.075435891
v -0.5730598 0.218699216 0.095143884
v -0.5732587 0.203350931 0.072580441
v -0.57370138 0.200325697 0.092297017
v -0.55450797 0.202903896 0.073091283
v -0.57228494 0.206334322 0.053059250
v -0.55357909 0.205822348 0.053998321
v -0.53514302 0.205315530 0.054947823
v -0.55227709 0.208728611 0.034929007
v -0.53380638 0.208165824 0.036235958
v -0.53330636 0.226547569 0.039047300
v -0.53459454 0.223694533 0.057772904
v -0.53308403 0.244933188 0.041873738
v -0.5344227 0.242079347 0.060608491
v -0.55154419 0.245492249 0.040589660
v -0.55286252 0.242586523 0.059657514
v -0.57018197 0.246057242 0.039293900
v -0.57156277 0.243102312 0.058692380
v -0.5704034 0.227668494 0.036489695
v -0.57173312 0.224710643 0.055898428
v -0.57090235 0.209293156 0.033635452
v 0.456042140 0.197225928 0.340345859
v 0.488770365 0.195148393 0.357915282
v 0.566746830 0.251897305 0.000851184
v 0.567468345 0.215131610 -0.00479808
v 0.530432462 0.213896364 -0.00148657
v 0.529711186 0.250662118 0.004162788
v 0.456776887 0.160470753 0.334630817
v 0.489505261 0.158393219 0.352200329
v 0.465149402 0.200002580 0.323658496
v 0.481544852 0.198982209 0.332328081
v 0.472407966 0.196187108 0.349131703
v 0.456409454 0.178848341 0.337488412
v 0.465462565 0.181627079 0.320780575
v 0.497985780 0.197958111 0.341029256
v 0.498307049 0.17958498 0.33813712
v 0.489137738 0.176770880 0.355057686
v 0.567107677 0.233514562 -0.00197345
v 0.568810582 0.230598986 0.017218500
v 0.568525672 0.248985275 0.020030379
v 0.549957037 0.248388499 0.021541416
v 0.548229873 0.251279801 0.002506792
v 0.548949480 0.214514076 -0.00314209
v 0.550681471 0.211623638 0.015887886
v 0.569245934 0.212220996 0.014372766
v 0.532184541 0.211028695 0.017400026
v 0.530071973 0.232279270 0.001338034
v 0.531746447 0.229410916 0.020217657
v 0.531462252 0.247795343 0.023041605
v 0.465883553 0.163247257 0.317944884
v 0.473141491 0.159432053 0.343415916
v 0.482286483 0.162226229 0.326619029
v 0.498722761 0.161203652 0.335310518
v 0.507414758 0.182410717 0.321132063
v 0.507877469 0.164024978 0.318340897
v 0.491327762 0.165026933 0.309765458
v 0.516880154 0.166867554 0.301208674
v 0.500189244 0.167838513 0.292815119
v 0.483677923 0.168796390 0.284534990
v 0.474891662 0.166022852 0.301249980
v 0.483171284 0.18717888 0.287341028
v 0.474422544 0.184403479 0.304073125
v 0.482940614 0.205550670 0.290255159
v 0.474150151 0.202775955 0.306977033
v 0.499461054 0.204593122 0.298534333
v 0.490591138 0.201782345 0.315478593
v 0.516156375 0.203626304 0.306902229
v 0.507146537 0.200781166 0.324048399
v 0.516378402 0.185257569 0.303968071
v 0.524940013 0.206501781 0.289524674
v 0.525134384 0.188133865 0.286579668
v 0.525659620 0.169741809 0.283839166
v 0.533545851 0.191051542 0.268874436
v 0.534148991 0.172658860 0.266148477
v 0.517056286 0.173509627 0.258474975
v 0.508793175 0.170663610 0.275738209
v 0.500230252 0.174343407 0.250955253
v 0.492157369 0.171571061 0.267768114
v 0.499651014 0.192728340 0.253733962
v 0.491613715 0.189953863 0.270567655
v 0.499496996 0.211098879 0.256667733
v 0.491416722 0.208324194 0.273494720
v 0.516282498 0.210264653 0.264184892
v 0.508060932 0.207418948 0.281452179
v 0.533418357 0.209415495 0.271854043
v 0.524007082 0.21313411 0.246689036
v 0.541413068 0.212377429 0.253798842
v 0.541511893 0.194012254 0.250825822
v 0.548861086 0.215370267 0.235461682
v 0.548885405 0.197008103 0.232457101
v 0.549593925 0.178614765 0.229749679
v 0.542145252 0.175621718 0.24808833
v 0.531865000 0.179271489 0.223240405
v 0.524753511 0.176377266 0.240987062
v 0.514693141 0.179911017 0.216932222
v 0.507742524 0.177122890 0.234013453
v 0.514033317 0.198297709 0.219686776
v 0.507160782 0.195509195 0.236786812
v 0.513967752 0.216670393 0.222621381
v 0.507015883 0.213881045 0.239710539
v 0.531140804 0.216028749 0.228941738
v 0.520060718 0.219476148 0.205299228
v 0.537492990 0.218952581 0.210890680
v 0.555462062 0.218412905 0.216675460
v 0.542941987 0.221904456 0.192524135
v 0.561241626 0.221518427 0.197359830
v 0.561211824 0.203149840 0.194391116
v 0.555508315 0.200051844 0.213661596
v 0.561978340 0.184762254 0.191651582
v 0.556215047 0.181666716 0.210906043
v 0.543629765 0.185140490 0.186859443
v 0.538208305 0.182193368 0.205200254
v 0.525995433 0.185507312 0.182255864
v 0.520768880 0.182706713 0.199672877
v 0.525246143 0.203892871 0.185001507
v 0.520100951 0.201096713 0.202411606
v 0.525269389 0.222269684 0.187924593
v 0.529338240 0.206698119 0.167390897
v 0.529423117 0.225075244 0.170316755
v 0.547286987 0.224865511 0.173932343
v 0.532439470 0.227900788 0.152409881
v 0.550497531 0.227842420 0.155073136
v 0.569247007 0.227793142 0.157788604
v 0.565880417 0.224653184 0.177684992
v 0.569224476 0.209413692 0.154891490
v 0.565817356 0.206277459 0.174751669
v 0.569975256 0.191035732 0.152087837
v 0.566607952 0.187896013 0.171982109
v 0.551223695 0.191082060 0.149390727
v 0.547989606 0.18810682 0.168237581
v 0.533157825 0.191130399 0.146791309
v 0.530144453 0.188312426 0.164649099
v 0.532384395 0.209515973 0.149540394
v 0.535201787 0.193954989 0.128747016
v 0.534438908 0.212336614 0.131522983
v 0.534480154 0.230717971 0.134413421
v 0.535540938 0.215169310 0.113286018
v 0.535490751 0.233549967 0.116167515
v 0.553824782 0.233783558 0.116976112
v 0.552658617 0.230817839 0.136067211
v 0.572650790 0.234025761 0.117808610
v 0.571532249 0.230925515 0.137781083
v 0.572706699 0.215635418 0.114990949
v 0.571494281 0.212538838 0.134924650
v 0.573370456 0.197259098 0.112166732
v 0.572251558 0.194164037 0.132105380
v 0.554537653 0.197020173 0.111311316
v 0.553369581 0.194055527 0.130395352
v 0.536212682 0.196794122 0.110454738
v 0.554892301 0.199973017 0.092184782
v 0.536507129 0.199625521 0.092107534
v 0.535829544 0.218004465 0.094915747
v 0.536082088 0.202466338 0.073592662
v 0.535472333 0.220845490 0.076406627
v 0.53536129 0.239230722 0.079250007
v 0.535787820 0.236389875 0.097765803
v 0.553783178 0.239668130 0.078748703
v 0.554152548 0.236734062 0.097860664
v 0.572539329 0.240115404 0.078238189
v 0.572984576 0.237089812 0.097955763
v 0.572673559 0.221724420 0.075435847
v 0.573061049 0.218699127 0.095143944
v 0.573260068 0.203350871 0.072580546
v 0.573702633 0.200325742 0.092297136
v 0.554509401 0.202903807 0.073091238
v 0.572286248 0.206334263 0.053059220
v 0.553580522 0.205822229 0.053998291
v 0.535144448 0.205315396 0.054947793
v 0.552278399 0.208728492 0.034929275
v 0.533807814 0.208165735 0.036236017
v 0.533307850 0.226547554 0.039047479
v 0.534596025 0.223694279 0.057772815
v 0.533085405 0.244933068 0.041873663
v 0.534424066 0.242079317 0.060608476
v 0.551545500 0.245492085 0.040589660
v 0.552864134 0.242586448 0.059657454
v 0.570183277 0.246057257 0.039293944
v 0.571564078 0.243102252 0.058692336
v 0.570404887 0.227668404 0.036489635
v 0.571734428 0.224710479 0.055898457
v 0.570903778 0.209293127 0.033635467
v -0.47277284 0.177809596 0.346273481
v -0.5485884 0.232896924 -0.00031775
v -0.18421039 -0.01994488 0.629842460
v -0.17825717 -0.00491383 0.622312903
v -0.18992621 0.006583709 0.636734366
v -0.19606793 -0.00878203 0.644501447
v -0.2123287 -0.00855978 0.634178519
v -0.20216399 -0.01923998 0.619371593
v -0.19594483 -0.00371809 0.611635685
v -0.18182763 0.198830738 0.530821800
v -0.18804649 0.183128386 0.538687646
v -0.17074594 0.181714847 0.549307227
v -0.1640726 0.197693854 0.541494011
v -0.15746483 0.213669896 0.533646106
v -0.17470247 0.214497238 0.523484349
v -0.19079146 0.215124905 0.514103770
v -0.19652149 0.199407547 0.522252023
v -0.1866942 0.188321828 0.506403565
v -0.17061329 0.188273400 0.516957998
v -0.17669284 0.171870410 0.524656176
v -0.11780766 0.228182360 0.545193493
v -0.10660735 0.217638433 0.531347036
v -0.12377724 0.217859730 0.520420193
v -0.13414049 0.228823572 0.535667896
v -0.14059141 0.212789624 0.543644368
v -0.1243003 0.211789086 0.553405463
v -0.11289573 0.200659841 0.539309620
v -0.1586118 0.176975175 0.502121210
v -0.16515061 0.160465866 0.510391712
v -0.17717171 0.177703768 0.491296649
v -0.17172799 0.193401277 0.483003735
v -0.15394151 0.192601412 0.493450641
v -0.13673306 0.191669523 0.503671586
v -0.14226067 0.175530195 0.512236416
v -0.1484454 0.159085959 0.520656228
v -0.09459183 0.206326931 0.516492903
v -0.11363047 0.207074254 0.505389273
v -0.10133499 0.189301550 0.525021672
v -0.11915329 0.190623253 0.514181375
v -0.246591 0.035313829 0.612734675
v -0.23967528 0.052774809 0.603987753
v -0.22843608 0.041544757 0.590098381
v -0.23524827 0.024635545 0.598712265
v -0.25191787 0.024880426 0.588163852
v -0.26169619 0.035906828 0.603924870
v -0.26698765 0.020269515 0.612258911
v -0.2509208 0.019731329 0.621562719
v -0.23400226 0.019144382 0.631374239
v -0.2285181 0.035015411 0.622978925
v -0.22240579 0.051589395 0.61442554
v -0.51545346 0.045869536 0.455927312
v -0.50891387 0.062381543 0.447655707
v -0.5256018 0.063761897 0.437400192
v -0.53175735 0.047320090 0.445834189
v -0.50344819 0.034567333 0.441085338
v -0.49736392 0.050972707 0.433381527
v -0.49688584 0.045140571 0.466755986
v -0.48730934 0.034447468 0.451533764
v -0.52011287 0.030219741 0.464620977
v -0.50233734 0.029451601 0.475038647
v -0.53744793 0.031117476 0.454354167
v -0.49223763 0.024014003 0.427226603
v -0.47754556 0.023437142 0.435795754
v -0.48327819 0.007721491 0.443941056
v -0.49937069 0.008362084 0.434549003
v -0.48601472 0.039726354 0.419355928
v -0.51663429 0.009144060 0.424405604
v -0.51001048 0.025148533 0.416546464
v -0.503313 0.041131846 0.408743739
v -0.55625737 -0.00533785 0.412855088
v -0.53992957 -0.00597905 0.422378301
v -0.55032092 0.005041278 0.437720567
v -0.5674516 0.005199953 0.426693528
v -0.56116301 0.022206604 0.418730527
v -0.54976082 0.011065840 0.404637903
v -0.53353399 0.010026574 0.414391785
v -0.5794732 0.016517646 0.441555798
v -0.56043851 0.015770278 0.452657371
v -0.55489427 0.032248206 0.44385764
v -0.57272553 0.033555261 0.433020979
v -0.45069021 0.209386467 0.374014526
v -0.43171602 0.208641529 0.385080575
v -0.42614117 0.224318563 0.376875162
v -0.44388795 0.224977970 0.366551816
v -0.43881088 0.198203265 0.359328746
v -0.42225188 0.198036909 0.369961917
v -0.46084702 0.225687563 0.356629163
v -0.46728095 0.210014164 0.364355027
v -0.47395593 0.193896979 0.372267246
v -0.45728043 0.192746847 0.382350087
v -0.44561037 0.181294411 0.367926597
v -0.42747402 0.187530905 0.345313787
v -0.43439442 0.170059055 0.354066312
v -0.45167172 0.171254634 0.343617141
v -0.44551253 0.187827467 0.335090369
v -0.44006956 0.203688383 0.326679289
v -0.42316723 0.203080236 0.336497008
v -0.41240719 0.186939299 0.354101449
v -0.40710413 0.202569603 0.345778763
v -0.46663892 0.220933616 0.299505710
v -0.45132697 0.220332413 0.308436036
v -0.45670706 0.204427689 0.316913664
v -0.47284308 0.205270022 0.307352244
v -0.48413339 0.216264873 0.321307063
v -0.47798973 0.231619119 0.313537895
v -0.46169436 0.231448918 0.323988735
v -0.48985481 0.242789357 0.328206300
v -0.49580085 0.227776706 0.335726797
v -0.47808349 0.226569354 0.346428751
v -0.47189581 0.242084205 0.338680237
v -0.22337526 0.013458212 0.584034144
v -0.21678554 0.030095934 0.575699389
v -0.20012286 0.028942925 0.585777282
v -0.20678571 0.012820722 0.593699753
v -0.24224034 0.014198893 0.573031485
v -0.23019466 -0.00214805 0.591497898
v -0.24790645 -0.00146612 0.581177413
v -0.2132052 -0.0028572 0.601436972
v -0.2074261 0.001910753 0.658543109
v -0.20122439 0.017569201 0.650699079
v -0.21739465 0.018442161 0.641096532
v -0.22273985 0.002511929 0.649611830
v -0.23908073 0.003153448 0.640081346
v -0.22917672 -0.00785196 0.624445915
v -0.25568429 0.003805369 0.630397677
v -0.24608184 -0.00710234 0.614759564
v -0.23657057 -0.01788915 0.599305033
v -0.21950787 -0.01855905 0.609256148
v -0.26293367 -0.00640299 0.605007231
v -0.25367016 -0.01721781 0.589331984
v -0.27975631 -0.00572897 0.595223069
v -0.27070478 -0.01654903 0.579396605
v -0.26516455 -0.00081637 0.571132123
v -0.28762573 -0.01588471 0.569527983
v -0.28214628 -0.00016194 0.561236858
v -0.27670237 0.015551872 0.552932560
v -0.25970489 0.014884557 0.562845945
v -0.28560483 0.026308164 0.568728745
v -0.26873261 0.025549894 0.578375756
v -0.29461646 0.037199325 0.584724783
v -0.27798522 0.036546357 0.594424963
v -0.30007911 0.021490063 0.593016147
v -0.28342527 0.020857110 0.602713823
v -0.30551985 0.005761973 0.601332545
v -0.28882122 0.005106359 0.611071527
v -0.27222675 0.004454860 0.620749831
v -0.29656863 -0.00506413 0.585427403
v -0.32227939 0.006419962 0.591557622
v -0.31337726 -0.00440248 0.575627684
v -0.30447653 -0.01522312 0.559700250
v -0.33018321 -0.00374209 0.565827369
v -0.32129923 -0.0145626 0.549888849
v -0.3158392 0.001156136 0.541589498
v -0.29901323 0.000496622 0.551402449
v -0.31038386 0.016874209 0.533288419
v -0.29356092 0.016213759 0.543100118
v -0.3192614 0.027686718 0.549214780
v -0.3024447 0.027011469 0.558992326
v -0.32815245 0.038515955 0.565165877
v -0.31136733 0.037856936 0.574955463
v -0.33361176 0.022798404 0.573464632
v -0.3168276 0.022141300 0.583252191
v -0.3390677 0.007079051 0.581766486
v -0.35040897 0.023457288 0.563668370
v -0.35586596 0.007738530 0.571968913
v -0.34698787 -0.00308217 0.556026279
v -0.37266862 0.008398324 0.562169611
v -0.36379287 -0.00242231 0.546225667
v -0.35491684 -0.01324284 0.530281901
v -0.33811033 -0.01390268 0.540084123
v -0.34945875 0.002475746 0.521982133
v -0.33265167 0.001815922 0.531784415
v -0.34400117 0.018194168 0.513682067
v -0.32719457 0.017534263 0.523484110
v -0.35287631 0.029013633 0.529624283
v -0.33607024 0.028351899 0.539422035
v -0.36175287 0.039835088 0.545569300
v -0.34495032 0.039175517 0.555368661
v -0.36721098 0.024116780 0.553869068
v -0.37855655 0.040494859 0.535768806
v -0.38401496 0.024776473 0.544068694
v -0.38947272 0.009058024 0.552368879
v -0.40081981 0.025436274 0.534267306
v -0.40627825 0.009717784 0.542567789
v -0.39740247 -0.00110268 0.526623845
v -0.38059747 -0.0017625 0.536424756
v -0.38852635 -0.01192325 0.510680198
v -0.37172219 -0.01258301 0.520480692
v -0.38306803 0.003795258 0.502380490
v -0.36626416 0.003135569 0.512180984
v -0.37761033 0.019513614 0.494080603
v -0.36080629 0.018853895 0.503880977
v -0.38648629 0.030334763 0.510025143
v -0.36968142 0.029674299 0.519824802
v -0.39536154 0.041154697 0.525967598
v -0.40329131 0.030996166 0.500226974
v -0.41216788 0.041814461 0.516166210
v -0.41762698 0.026096187 0.524465262
v -0.4289768 0.042474366 0.506362617
v -0.43443894 0.026756353 0.514660239
v -0.43989682 0.011037752 0.522960066
v -0.42308527 0.010377712 0.532765269
v -0.43101403 0.000217162 0.507020831
v -0.4142077 -0.00044286 0.516822695
v -0.42212987 -0.01060395 0.491081774
v -0.40532941 -0.01126355 0.500880241
v -0.41666773 0.005114160 0.482784390
v -0.39987028 0.004454836 0.492581129
v -0.41120926 0.020832687 0.474484831
v -0.3944121 0.020173348 0.484281182
v -0.42009789 0.031660132 0.490433573
v -0.4279924 0.021491646 0.464696377
v -0.43690753 0.032332092 0.480654150
v -0.44579464 0.043134659 0.496553957
v -0.45372576 0.03302598 0.470912993
v -0.46264011 0.043796025 0.486729741
v -0.46812522 0.028080992 0.495012104
v -0.45126301 0.027417354 0.504847526
v -0.47358254 0.012360237 0.503313779
v -0.45672172 0.011698290 0.513147175
v -0.46464646 0.001539319 0.487409532
v -0.44782463 0.000877596 0.497217774
v -0.45569587 -0.00928606 0.471505314
v -0.43892193 -0.00994464 0.481288284
v -0.45020187 0.006430082 0.463226914
v -0.43345237 0.005773030 0.472995162
v -0.44473514 0.022149041 0.454931080
v -0.46685082 0.007081873 0.453518122
v -0.4613477 0.022801227 0.445242613
v -0.47056502 0.033767044 0.461252927
v -0.47957653 0.044460959 0.476851552
v -0.48508769 0.028752893 0.485114425
v -0.50765896 0.013698123 0.483439564
v -0.49053273 0.013025760 0.493428140
v -0.49842793 0.002880744 0.467737674
v -0.48149613 0.002204679 0.477589875
v -0.48910713 -0.00797435 0.452019274
v -0.47242641 -0.00862931 0.461747616
v -0.51553369 0.003584466 0.457825839
v -0.50589734 -0.00731522 0.442226767
v -0.53287703 0.004344023 0.447869479
v -0.52297819 -0.00664455 0.432264328
v -0.54252416 0.015066899 0.463105469
v -0.52502042 0.014379777 0.473313868
v -0.1949839 0.033325370 0.642806053
v -0.21162421 0.034314300 0.632859170
v -0.18867072 0.049265015 0.634821236
v -0.20545509 0.050441373 0.624659299
v -0.18229237 0.065369404 0.626753807
v -0.19912237 0.066692985 0.616460442
v -0.216043 0.068023592 0.606111764
v -0.19273341 0.082958191 0.608282983
v -0.20963651 0.084365047 0.597889006
v -0.22659868 0.085791543 0.587448298
v -0.23309347 0.069392882 0.595663070
v -0.21526019 0.074305146 0.573437869
v -0.22180641 0.057993106 0.581715822
v -0.20384276 0.062774732 0.559329390
v -0.21030426 0.046459738 0.567502141
v -0.18700776 0.061378873 0.569677531
v -0.19352593 0.045143567 0.577761650
v -0.17009914 0.059967797 0.580077648
v -0.1765836 0.043793119 0.588136792
v -0.18310238 0.027717627 0.596105456
v -0.1895794 0.011848854 0.603948354
v -0.15952012 0.042393617 0.598614394
v -0.16586399 0.026376877 0.606637954
v -0.1721153 0.010593215 0.614544510
v -0.17728639 0.037890635 0.620752692
v -0.18362418 0.022095363 0.628767132
v -0.17090914 0.053917750 0.612687289
v -0.15312728 0.058534879 0.590528547
v -0.16450343 0.070063829 0.604585528
v -0.17587978 0.081560000 0.618643105
v -0.15807992 0.086271584 0.596461415
v -0.16945234 0.097788304 0.610513627
v -0.18631536 0.099220126 0.600123941
v -0.16301835 0.114033006 0.602376043
v -0.17988122 0.115477219 0.591977596
v -0.19677186 0.116927258 0.581559300
v -0.20321047 0.100658357 0.589711785
v -0.21368924 0.118385337 0.571120321
v -0.22013637 0.102106966 0.579275012
v -0.20232436 0.106859743 0.557077527
v -0.20877893 0.090590097 0.565241038
v -0.19094793 0.095331654 0.54302001
v -0.19739243 0.079060383 0.551171183
v -0.17408109 0.093886822 0.553421497
v -0.18053342 0.077629067 0.561558365
v -0.15719017 0.092436537 0.563839912
v -0.16363811 0.076190307 0.571971058
v -0.14027739 0.090978689 0.574275970
v -0.14670867 0.074740126 0.582410633
v -0.15164724 0.102509588 0.588325262
v -0.13383794 0.107236959 0.566131472
v -0.14520913 0.118764057 0.580182373
v -0.15658158 0.130284771 0.594234824
v -0.1387662 0.135032892 0.572033286
v -0.15014318 0.146540433 0.586091756
v -0.16696292 0.147968292 0.575728833
v -0.17343229 0.131728127 0.583843827
v -0.1838505 0.149411559 0.565317213
v -0.19032091 0.133179932 0.573425173
v -0.2008208 0.150876015 0.554844439
v -0.20725024 0.134642481 0.562976539
v -0.18944946 0.139370322 0.540793240
v -0.1958822 0.123120121 0.548929512
v -0.17806411 0.127861142 0.526724517
v -0.18450585 0.111596815 0.534872233
v -0.16121534 0.126427859 0.537107706
v -0.16764146 0.110151626 0.545272469
v -0.14432079 0.124979652 0.547526717
v -0.15075132 0.108698785 0.555692434
v -0.12739077 0.123515635 0.557976841
v -0.13790298 0.141291946 0.539331376
v -0.12093112 0.139824777 0.549806892
v -0.13231611 0.151323288 0.563875198
v -0.11444974 0.156189054 0.541609227
v -0.12585324 0.167657628 0.555700779
v -0.13725501 0.179081380 0.569790601
v -0.14370289 0.162801146 0.577945947
v -0.15388495 0.180381089 0.559625327
v -0.16045767 0.164188802 0.567648291
v -0.17733923 0.165602460 0.557261169
v -0.1944097 0.167062506 0.546735823
v -0.18303543 0.155612230 0.532680451
v -0.17161822 0.144136041 0.518571913
v -0.15481019 0.142729520 0.528913080
v -0.13150418 0.157658845 0.531085908
v -0.12518218 0.174117088 0.522732377
v -0.10792485 0.172663748 0.533356368
v -0.11937156 0.184085339 0.547502100
v -0.13078439 0.195418149 0.561606526
v -0.14724004 0.196575224 0.551641106
v -0.45457479 0.241404175 0.348782420
v -0.44490469 0.230698943 0.333597302
v -0.43499801 0.219691425 0.317959606
v -0.43752006 0.240734547 0.358729004
v -0.42800206 0.229947745 0.343278884
v -0.41840059 0.219039738 0.327639579
v -0.41114566 0.229248195 0.353034019
v -0.40185553 0.218390196 0.337289214
v -0.39432114 0.228573858 0.362818479
v -0.38526294 0.217738747 0.346966266
v -0.39065874 0.201986819 0.355324894
v -0.39610702 0.186299353 0.363608002
v -0.36856097 0.217082977 0.356707543
v -0.37400168 0.201354295 0.365024268
v -0.37946528 0.185645967 0.373313665
v -0.38847172 0.196534931 0.389309048
v -0.40534854 0.197277754 0.379627645
v -0.35725009 0.200703412 0.374789178
v -0.36271113 0.184988200 0.383085340
v -0.37163216 0.195832938 0.399047970
v -0.38051468 0.206631183 0.414942532
v -0.39737323 0.207293242 0.405110150
v -0.34592327 0.184329122 0.392876476
v -0.35481349 0.195157945 0.408827215
v -0.36369097 0.205970823 0.424754262
v -0.35823533 0.221688836 0.416453450
v -0.37506217 0.222348660 0.406640142
v -0.33800352 0.194492816 0.418621182
v -0.34687901 0.205310702 0.434559464
v -0.34142196 0.221028953 0.426259219
v -0.33596328 0.236747354 0.417959451
v -0.35277563 0.237407416 0.408154428
v -0.33007091 0.204650908 0.444362342
v -0.32461339 0.220369041 0.436062276
v -0.31915528 0.236087262 0.427762568
v -0.31027958 0.225266903 0.411818802
v -0.32708573 0.225926786 0.402017056
v -0.30780685 0.219709277 0.445864349
v -0.30234891 0.235427632 0.437564492
v -0.29347342 0.22460711 0.421620488
v -0.28459829 0.213786602 0.405676543
v -0.30140376 0.214446425 0.395875036
v -0.28554302 0.234767824 0.447365999
v -0.27666715 0.223947316 0.431422263
v -0.26779151 0.213126868 0.415478438
v -0.27324945 0.197408467 0.423778563
v -0.29005593 0.198068231 0.413976401
v -0.25986043 0.223287373 0.441224247
v -0.25098306 0.212466821 0.425281852
v -0.25644106 0.196748480 0.433581709
v -0.2619006 0.181030213 0.441880911
v -0.27870792 0.181690156 0.432078272
v -0.23416978 0.211806669 0.4350878
v -0.23962784 0.196088254 0.443387568
v -0.24508969 0.180370345 0.451685011
v -0.25396878 0.191184699 0.467614203
v -0.27077663 0.191848665 0.457819879
v -0.22280151 0.195427328 0.453201532
v -0.22827047 0.179710000 0.461494416
v -0.23715855 0.190513119 0.477395147
v -0.24607345 0.201352953 0.493352025
v -0.26285774 0.202012002 0.483562946
v -0.21142374 0.179048612 0.471319913
v -0.22033757 0.189817667 0.487134695
v -0.22933005 0.200695648 0.503116965
v -0.22386384 0.216414481 0.494821429
v -0.24061364 0.217071563 0.485052883
v -0.20348048 0.189045369 0.496743440
v -0.2127142 0.200043350 0.512807846
v -0.20721087 0.215762645 0.504532396
v -0.20163989 0.231473684 0.496300518
v -0.21836838 0.232130467 0.486543953
v -0.1849553 0.230818688 0.506031334
v -0.17563933 0.219963342 0.490309029
v -0.19256639 0.220639318 0.480459868
v -0.16816312 0.230159461 0.515825033
v -0.15852332 0.219258815 0.500226080
v -0.149037 0.208464384 0.484739303
v -0.16639784 0.209145933 0.474613845
v -0.15107954 0.229488611 0.525788605
v -0.14118424 0.218507632 0.510196626
v -0.13153112 0.207777082 0.494948983
v -0.1889635 0.194093450 0.472940415
v -0.1835289 0.209818542 0.464622736
v -0.20593801 0.194763988 0.463037520
v -0.20048045 0.210484057 0.454736292
v -0.20941718 0.221304863 0.470640122
v -0.21734223 0.211146056 0.444901853
v -0.22624055 0.221966743 0.460831224
v -0.23514321 0.232789069 0.476760447
v -0.24305227 0.222627252 0.451026737
v -0.25193697 0.233448401 0.466965854
v -0.25739917 0.217730343 0.475263238
v -0.27419791 0.218389883 0.465465843
v -0.27965611 0.202671483 0.473765730
v -0.29100147 0.219049513 0.455665618
v -0.29645944 0.203331232 0.463965535
v -0.28758311 0.192509964 0.448020815
v -0.31326461 0.203990995 0.454164296
v -0.30438951 0.193170547 0.438220351
v -0.29551417 0.182350009 0.422276377
v -0.32119602 0.193831145 0.428420007
v -0.31231952 0.183009743 0.412475049
v -0.30686158 0.198727995 0.404175281
v -0.32912359 0.183669507 0.402674615
v -0.32366511 0.199387550 0.394375085
v -0.3182078 0.215106189 0.386074602
v -0.34046412 0.200046449 0.384577959
v -0.33500808 0.215765655 0.376276373
v -0.34389204 0.226586818 0.392215699
v -0.351798 0.216424912 0.366483926
v -0.36069882 0.227247208 0.382414758
v -0.36959869 0.238067835 0.398342758
v -0.37750849 0.227908790 0.372614115
v -0.38644868 0.238729357 0.388515174
v -0.39192653 0.223008185 0.396806240
v -0.403366 0.239393651 0.378648877
v -0.40889758 0.223666012 0.386914551
v -0.41435039 0.207959801 0.395208716
v -0.42040321 0.240062505 0.368712067
v -0.26873851 0.234108120 0.457166791
v -0.19447339 0.178383022 0.481205880
v -0.50193745 0.212282985 0.343488097
v -0.48447904 0.211015075 0.354090094
v -0.50819635 0.196480453 0.351404190
v -0.49099028 0.195137530 0.361920356
v -0.51454175 0.180458694 0.359430432
v -0.49749401 0.179059416 0.369899094
v -0.48054689 0.177705019 0.380279898
v -0.50397068 0.162880659 0.377965897
v -0.48706007 0.161469340 0.388366937
v -0.47022122 0.160073757 0.398717373
v -0.46375921 0.176388293 0.390544533
v -0.45880675 0.148544490 0.384612739
v -0.45226619 0.164859741 0.376341939
v -0.44746614 0.137054652 0.370599776
v -0.44097272 0.153449714 0.362386673
v -0.46442696 0.138481110 0.360159695
v -0.45802301 0.154818981 0.351938188
v -0.48133042 0.139888703 0.349764972
v -0.47494173 0.156152874 0.341588348
v -0.4686051 0.172403156 0.333392381
v -0.46243802 0.188529849 0.325191617
v -0.49177158 0.157478153 0.331293463
v -0.48539346 0.173582196 0.323226243
v -0.47907996 0.189522773 0.315240770
v -0.49677494 0.184958040 0.337291181
v -0.49043429 0.200757950 0.329273313
v -0.50315303 0.168933957 0.345357418
v -0.4981842 0.141287714 0.339403986
v -0.50956023 0.152785182 0.353461056
v -0.52093625 0.164314478 0.367517828
v -0.51598406 0.136576622 0.361585587
v -0.52735454 0.148108393 0.375636190
v -0.51042718 0.146658211 0.386074811
v -0.53378648 0.131869941 0.383770585
v -0.51687378 0.130411744 0.394206851
v -0.49998382 0.128961622 0.404624849
v -0.49353266 0.145219266 0.396487534
v -0.48311573 0.127516746 0.415026664
v -0.47667158 0.143787771 0.40687567
v -0.47173953 0.115988530 0.400969356
v -0.46528587 0.132258892 0.392806857
v -0.46037453 0.104463093 0.386926442
v -0.4539274 0.120741270 0.378771871
v -0.47729138 0.105921067 0.376487851
v -0.47085315 0.122189633 0.368335574
v -0.49418187 0.107370801 0.366069972
v -0.48774731 0.123627431 0.357923746
v -0.51104575 0.108815036 0.355670869
v -0.50461161 0.125059694 0.347533285
v -0.52241635 0.120338790 0.369721412
v -0.51748216 0.092563860 0.363812029
v -0.52885419 0.104084678 0.377864062
v -0.54022557 0.115611873 0.391915023
v -0.53529716 0.087816648 0.386012792
v -0.54667264 0.099334172 0.400069177
v -0.52974051 0.097869657 0.410520762
v -0.52331197 0.114149756 0.402354836
v -0.51284677 0.096420921 0.420939713
v -0.50642222 0.112697027 0.412774413
v -0.49599975 0.094987280 0.431322127
v -0.48955807 0.111252002 0.423174470
v -0.48461515 0.083478935 0.417254447
v -0.47818178 0.099728785 0.409117400
v -0.47324306 0.071972318 0.403202384
v -0.46681342 0.088206134 0.395070046
v -0.4902122 0.073436595 0.392730295
v -0.48374218 0.089668713 0.384621799
v -0.50710076 0.074880413 0.382317930
v -0.50063109 0.091120369 0.374203354
v -0.52392 0.076308824 0.371954768
v -0.51360619 0.058659397 0.390398711
v -0.53036028 0.060048021 0.380100488
v -0.54174674 0.071527458 0.394170343
v -0.53680766 0.043770507 0.388254672
v -0.54820877 0.055197306 0.402343660
v -0.55961114 0.066666342 0.41643399
v -0.5531317 0.083026401 0.408238530
v -0.54255033 0.065192423 0.426963955
v -0.53615594 0.081557773 0.418717503
v -0.51924837 0.080118648 0.429137170
v -0.50244635 0.078710563 0.439475685
v -0.49103367 0.067241244 0.425372928
v -0.47965366 0.055786244 0.411310732
v -0.4967213 0.057244665 0.400788128
v -0.5201773 0.042464517 0.398424446
v -0.5268299 0.026261277 0.406411051
v -0.54327488 0.027440950 0.396434843
v -0.5546903 0.038782082 0.410542130
v -0.56612903 0.050209261 0.424677938
v -0.54887021 0.048730664 0.435321271
v -0.12735519 0.152277320 0.523849487
v -0.11551976 0.144951522 0.529546558
v -0.12255692 0.129355043 0.530633091
v -0.13760811 0.137319728 0.523964524
v -0.1434274 0.141303330 0.541035234
v -0.13311541 0.156357228 0.540933251
v -0.12066752 0.151384979 0.546284019
v -0.17591241 0.118830353 0.575372219
v -0.16535345 0.134234219 0.575253725
v -0.15962654 0.130131393 0.558205246
v -0.17016014 0.114756248 0.558312535
v -0.14667305 0.104268424 0.568410813
v -0.15279835 0.105943143 0.586075127
v -0.14521626 0.124795228 0.583920359
v -0.15865877 0.106609717 0.524200916
v -0.16439998 0.110676378 0.541229128
v -0.15385354 0.126079797 0.541134357
v -0.14803705 0.122105091 0.524081587
v -0.12935343 0.112969160 0.532214582
v -0.13656935 0.094241298 0.534442365
v -0.14129043 0.100353092 0.551281154
v -0.1446088 0.164497911 0.575020670
v -0.13219893 0.15693973 0.580959737
v -0.12615499 0.155204191 0.563420891
v -0.13888311 0.160442397 0.558038711
v -0.14920512 0.145352199 0.558111786
v -0.154921 0.149453774 0.575136661
v -0.13858736 0.141352534 0.582248091
v -0.12297678 0.119691282 0.591957032
v -0.1208154 0.137201100 0.588695168
v -0.11894768 0.152809321 0.586132466
v -0.10195127 0.139896035 0.593421399
v -0.10472664 0.155783399 0.589451193
v -0.09932354 0.154550015 0.571191966
v -0.11306086 0.152650117 0.567979395
v -0.09483433 0.150897383 0.553957939
v -0.10811159 0.149140238 0.550832450
v -0.09078127 0.143680915 0.537243187
v -0.10357222 0.140970066 0.534281134
v -0.08859894 0.127152293 0.541197776
v -0.10614222 0.125019446 0.536688089
v -0.08639488 0.109824784 0.545731425
v -0.10824227 0.108190953 0.539828062
v -0.0843344 0.090107172 0.551185488
v -0.11117247 0.087573602 0.543970882
v -0.08970064 0.096763894 0.567700803
v -0.11588693 0.094627887 0.560616731
v -0.09422439 0.100755348 0.585068941
v -0.1208095 0.098453342 0.577803790
v -0.09793988 0.102285862 0.603464841
v -0.12605712 0.099294006 0.596002221
v -0.09995779 0.122308172 0.597938895
v -0.07357341 0.112803101 0.607450723
v -0.07843497 0.131049886 0.601462483
v -0.08377433 0.147997066 0.596087455
v -0.05928043 0.142071813 0.603138625
v -0.0656482 0.158634603 0.597454726
v -0.07237568 0.175188958 0.592241704
v -0.08953026 0.164291232 0.591190815
v -0.0680154 0.170617297 0.574635982
v -0.0846701 0.161438494 0.573395729
v -0.06468445 0.165903687 0.557174801
v -0.08066148 0.156843349 0.555943846
v -0.06214404 0.160941392 0.539730787
v -0.07737169 0.151249289 0.538772702
v -0.05565447 0.144449427 0.544897317
v -0.07186848 0.134750217 0.543675959
v -0.04920453 0.127787560 0.550573706
v -0.06651524 0.117851421 0.549013018
v -0.04246777 0.111248537 0.556802570
v -0.061021 0.099992483 0.555067122
v -0.04680094 0.115601092 0.574084758
v -0.06629214 0.105180665 0.571974337
v -0.05020344 0.120328575 0.591544210
v -0.07050085 0.109468385 0.589377820
v -0.05288327 0.125397324 0.609314441
v -0.03279978 0.129840046 0.592745900
v -0.03491178 0.136362612 0.610108554
v -0.04066199 0.152663469 0.603832960
v -0.01770684 0.144640028 0.610416710
v -0.02113143 0.160389602 0.604353487
v -0.02373621 0.177679508 0.598405003
v -0.04600745 0.169392675 0.598084867
v -0.02713174 0.196669742 0.593103766
v -0.05147654 0.187005296 0.592847526
v -0.02511948 0.189147755 0.575777590
v -0.04813704 0.18072173 0.575576365
v -0.02399629 0.183540046 0.558268070
v -0.04594606 0.175615117 0.558041572
v -0.02323538 0.179855138 0.540513217
v -0.04434586 0.171164780 0.540274381
v -0.0201222 0.160701453 0.545939147
v -0.03866905 0.153930932 0.545511484
v -0.01729831 0.143523544 0.551711082
v -0.03331989 0.136987775 0.551344156
v -0.01341745 0.127776205 0.557821512
v -0.02715573 0.120736457 0.557534694
v -0.01506099 0.131521463 0.575464248
v -0.03028592 0.124725513 0.575132489
v -0.01628414 0.137026906 0.593071579
v 0.000000655 0.134178057 0.575544953
v 0.000000715 0.139984309 0.592975378
v 0.000000655 0.148891985 0.610502898
v 0.000000685 0.163487315 0.604494392
v 0.000000685 0.180789828 0.598594665
v 0.000000596 0.201449841 0.593162596
v 0.000000834 0.192512765 0.575376153
v 0.000000596 0.186772763 0.557958424
v 0.000000864 0.184178561 0.540564119
v 0.000000804 0.163259595 0.546103358
v 0.000000685 0.146159321 0.551902294
v 0.000000715 0.131620675 0.557904422
v 0.472774386 0.177809566 0.346273511
v 0.548589825 0.232896894 -0.00031775
v 0.19606933 -0.00878207 0.644501507
v 0.189927384 0.006583705 0.636734247
v 0.178258448 -0.00491384 0.622313022
v 0.184211790 -0.01994491 0.629842460
v 0.202165335 -0.01924 0.619371593
v 0.212330192 -0.0085598 0.634178578
v 0.195946350 -0.00371812 0.611635685
v 0.164073914 0.197693824 0.541493952
v 0.170747309 0.181714803 0.549307227
v 0.188047990 0.183128386 0.538687706
v 0.181828945 0.198830694 0.530821800
v 0.174703896 0.214497193 0.523484408
v 0.157466307 0.213669866 0.533646285
v 0.196522727 0.199407517 0.522251963
v 0.190792769 0.215124905 0.514103710
v 0.17061463 0.188273370 0.516958057
v 0.186695605 0.188321754 0.506403565
v 0.176694244 0.171870410 0.524656236
v 0.134141877 0.228823572 0.535667777
v 0.123778715 0.217859715 0.520420193
v 0.106608808 0.217638462 0.531347096
v 0.117809057 0.228182375 0.545193433
v 0.124301850 0.211789041 0.553405523
v 0.140592783 0.212789624 0.543644368
v 0.112897127 0.200659841 0.539309620
v 0.165151923 0.160465821 0.510391593
v 0.158613219 0.176975131 0.502121210
v 0.177173093 0.177703738 0.491296649
v 0.153942987 0.192601352 0.493450522
v 0.171729400 0.193401277 0.483003795
v 0.142261967 0.175530195 0.512236416
v 0.136734515 0.191669493 0.503671646
v 0.148446768 0.159085914 0.520656287
v 0.113631725 0.207074254 0.505389213
v 0.094593182 0.206326931 0.516492903
v 0.101336389 0.189301520 0.525021672
v 0.119154542 0.190623253 0.514181375
v 0.235249564 0.024635516 0.598712325
v 0.228437334 0.041544720 0.590098321
v 0.239676639 0.052774809 0.603987753
v 0.246592328 0.035313792 0.612734615
v 0.261697530 0.035906806 0.603924870
v 0.251919150 0.024880416 0.588163852
v 0.250922143 0.019731305 0.621562719
v 0.266989052 0.020269475 0.612258911
v 0.228519469 0.035015374 0.622978925
v 0.234003588 0.019144363 0.631374299
v 0.222407147 0.051589369 0.61442554
v 0.531758904 0.047319993 0.445834368
v 0.525603056 0.063761845 0.437400251
v 0.508915305 0.062381487 0.447655677
v 0.515454769 0.045869484 0.455927282
v 0.497365176 0.050972618 0.433381378
v 0.503449559 0.034567281 0.441085219
v 0.487310767 0.034447364 0.451533794
v 0.496887385 0.045140497 0.466756105
v 0.502338647 0.029451556 0.475038617
v 0.520114302 0.030219622 0.464620947
v 0.537449240 0.031117379 0.454354256
v 0.499372243 0.008362062 0.434549152
v 0.483279526 0.007721491 0.443941086
v 0.477546840 0.023437090 0.435795664
v 0.492239058 0.024013936 0.427226692
v 0.486015975 0.039726283 0.419355750
v 0.510011792 0.025148473 0.416546523
v 0.516635537 0.009144023 0.424405604
v 0.503314137 0.041131787 0.408743590
v 0.567453026 0.005199872 0.426693528
v 0.550322353 0.005041196 0.437720775
v 0.539930939 -0.00597911 0.422378242
v 0.556258916 -0.00533797 0.412855148
v 0.549762070 0.011065788 0.404637843
v 0.561164200 0.022206559 0.418730348
v 0.533535182 0.010026507 0.414391666
v 0.560439825 0.015770211 0.452657342
v 0.579474687 0.016517549 0.441555768
v 0.572726905 0.033555202 0.43302086
v 0.554895937 0.032248102 0.443857759
v 0.443889260 0.224977910 0.366551846
v 0.426142603 0.224318549 0.376875162
v 0.431717366 0.208641499 0.385080635
v 0.450691491 0.209386363 0.374014407
v 0.422253370 0.198036804 0.369961828
v 0.438812315 0.198203206 0.359328717
v 0.467282593 0.210014104 0.364355087
v 0.460848510 0.225687414 0.356629252
v 0.457281857 0.192746788 0.382350057
v 0.473957419 0.193896919 0.372267186
v 0.445611685 0.181294381 0.367926597
v 0.434395730 0.170059025 0.354066312
v 0.427475512 0.187530845 0.345313787
v 0.445513904 0.187827363 0.335090309
v 0.451673001 0.171254590 0.343617141
v 0.423168480 0.203080177 0.336497008
v 0.440070837 0.203688293 0.326679259
v 0.412408590 0.186939269 0.354101479
v 0.407105475 0.202569559 0.345778882
v 0.472844481 0.205269902 0.307352364
v 0.456708490 0.204427659 0.316913634
v 0.451328337 0.220332294 0.308436155
v 0.466640353 0.220933556 0.299505710
v 0.477991104 0.231619089 0.313537836
v 0.484134703 0.216264814 0.321307033
v 0.461695611 0.231448873 0.323988705
v 0.495802104 0.227776587 0.335726857
v 0.489856243 0.242789313 0.328206270
v 0.471897214 0.242084085 0.338680267
v 0.478084683 0.226569369 0.346428722
v 0.206787109 0.012820705 0.593699753
v 0.200124204 0.028942905 0.585777223
v 0.216786921 0.030095897 0.575699389
v 0.223376601 0.013458192 0.584034144
v 0.242241695 0.014198854 0.573031485
v 0.247907891 -0.00146614 0.581177413
v 0.230196028 -0.00214808 0.591497898
v 0.213206619 -0.00285722 0.601436972
v 0.222741231 0.002511926 0.649611830
v 0.217396006 0.018442146 0.641096591
v 0.201225653 0.017569184 0.650699138
v 0.207427531 0.001910738 0.658543229
v 0.239082083 0.003153421 0.640081286
v 0.229178056 -0.00785197 0.624445915
v 0.2460832 -0.00710238 0.614759564
v 0.255685657 0.003805354 0.630397677
v 0.219509244 -0.01855908 0.609256148
v 0.236571893 -0.01788918 0.599305033
v 0.253671556 -0.01721785 0.589331984
v 0.262935012 -0.00640301 0.605007171
v 0.270706236 -0.01654905 0.579396665
v 0.279757648 -0.005729 0.595223128
v 0.265166044 -0.00081644 0.571132123
v 0.282147586 -0.00016194 0.561236858
v 0.287627100 -0.01588475 0.569527983
v 0.259706139 0.014884524 0.562845945
v 0.276703596 0.015551857 0.552932500
v 0.268733948 0.025549843 0.578375756
v 0.285606175 0.026308126 0.568728745
v 0.277986526 0.036546327 0.594424963
v 0.294617891 0.037199303 0.584724783
v 0.283426702 0.020857080 0.602713823
v 0.300080239 0.021490015 0.593016028
v 0.288822561 0.005106329 0.611071527
v 0.305521011 0.005761936 0.601332426
v 0.272228181 0.004454821 0.620749831
v 0.296570032 -0.00506416 0.585427343
v 0.313378512 -0.0044025 0.575627684
v 0.322280854 0.006419949 0.591557681
v 0.304477930 -0.01522315 0.559700310
v 0.321300625 -0.01456268 0.549888789
v 0.330184370 -0.00374214 0.565827190
v 0.299014568 0.000496558 0.551402330
v 0.315840721 0.001156106 0.541589558
v 0.293562352 0.016213737 0.543100118
v 0.310385227 0.016874216 0.533288419
v 0.302446097 0.027011424 0.558992385
v 0.319262802 0.027686677 0.549214780
v 0.311368703 0.037856921 0.574955463
v 0.328153908 0.038515903 0.565165877
v 0.316828966 0.022141292 0.583252191
v 0.333613067 0.022798381 0.573464632
v 0.339068949 0.007079005 0.581766426
v 0.355867505 0.007738515 0.571969032
v 0.350410312 0.023457251 0.563668370
v 0.346989512 -0.00308219 0.556026518
v 0.363794237 -0.00242236 0.546225726
v 0.372670084 0.008398234 0.562169551
v 0.338111609 -0.01390268 0.540084183
v 0.354918420 -0.01324289 0.530282020
v 0.332652986 0.001815885 0.531784415
v 0.349460244 0.002475701 0.521982133
v 0.327196031 0.017534218 0.523484110
v 0.344002753 0.018194079 0.513682067
v 0.336071610 0.028351880 0.539422035
v 0.352877676 0.029013603 0.529624283
v 0.344951868 0.039175450 0.555368721
v 0.361754238 0.039835065 0.545569300
v 0.367212414 0.024116747 0.553869068
v 0.384016275 0.024776436 0.544068694
v 0.378558129 0.040494754 0.535768806
v 0.389474153 0.009057976 0.552368879
v 0.406279563 0.009717784 0.542567789
v 0.400821447 0.025436222 0.534267485
v 0.380598902 -0.00176254 0.536424815
v 0.397403806 -0.00110271 0.526623904
v 0.371723592 -0.01258299 0.520480752
v 0.3885279 -0.01192329 0.510680317
v 0.366265445 0.003135487 0.512180924
v 0.383069425 0.003795191 0.502380430
v 0.360807716 0.018853850 0.503881037
v 0.377611547 0.019513569 0.494080543
v 0.369682788 0.029674224 0.519824802
v 0.386487722 0.030334696 0.510025143
v 0.395362913 0.041154615 0.525967598
v 0.412169098 0.041814431 0.516166031
v 0.403292864 0.030996084 0.500227093
v 0.417628347 0.026096113 0.524465203
v 0.434440136 0.026756323 0.514660060
v 0.428978204 0.042474329 0.506362617
v 0.423086464 0.010377660 0.532765150
v 0.439898371 0.011037692 0.522960186
v 0.414208889 -0.00044293 0.516822636
v 0.431015610 0.000217072 0.507020890
v 0.405330777 -0.01126364 0.500880181
v 0.422131210 -0.01060397 0.491081863
v 0.399871558 0.004454784 0.492581069
v 0.416669040 0.005114108 0.482784390
v 0.394413501 0.020173236 0.484281122
v 0.411210477 0.020832628 0.474484711
v 0.420099318 0.031660094 0.490433663
v 0.436908841 0.032332032 0.480654031
v 0.427993774 0.021491587 0.464696258
v 0.445796072 0.043134599 0.496553957
v 0.462641149 0.043795995 0.486729592
v 0.453727066 0.033025957 0.470913022
v 0.451264321 0.027417324 0.504847526
v 0.468126416 0.028080932 0.495011985
v 0.456723332 0.011698231 0.513147294
v 0.473584055 0.012360177 0.503313839
v 0.447825968 0.000877544 0.497217685
v 0.464647710 0.001539282 0.487409442
v 0.438923299 -0.00994471 0.481288313
v 0.455697327 -0.00928612 0.471505284
v 0.433453828 0.005772985 0.472995221
v 0.450203299 0.006430015 0.463226944
v 0.444736748 0.022148966 0.454931199
v 0.461349099 0.022801190 0.445242643
v 0.466852247 0.007081821 0.453518122
v 0.470566511 0.033766984 0.461252987
v 0.479578018 0.044460907 0.476851582
v 0.485089272 0.028752811 0.485114455
v 0.490534186 0.013025671 0.493428111
v 0.507660388 0.013698041 0.483439564
v 0.481497466 0.002204582 0.477589845
v 0.498429298 0.002880699 0.467737674
v 0.472427785 -0.00862931 0.461747646
v 0.489108383 -0.0079744 0.452019214
v 0.505898594 -0.00731526 0.442226618
v 0.515534997 0.003584429 0.457825899
v 0.522979736 -0.00664463 0.432264357
v 0.532878279 0.004343919 0.447869420
v 0.542525529 0.015066891 0.463105469
v 0.525021791 0.014379680 0.473313868
v 0.211625546 0.034314274 0.632859170
v 0.194985210 0.033325351 0.642806172
v 0.205456405 0.050441369 0.624659299
v 0.188672095 0.049264989 0.634821236
v 0.199123635 0.066692948 0.616460502
v 0.182293728 0.065369360 0.626753866
v 0.216044336 0.068023592 0.606111764
v 0.209637910 0.084365017 0.597889006
v 0.192734673 0.082958169 0.608283042
v 0.233094871 0.069392859 0.595663011
v 0.226599782 0.085791513 0.587448239
v 0.221807926 0.057993065 0.581715881
v 0.215261519 0.074305102 0.573437929
v 0.210305690 0.046459693 0.567502260
v 0.203844040 0.062774717 0.559329390
v 0.193527430 0.045143540 0.577761650
v 0.187009200 0.061378862 0.569677472
v 0.176584944 0.043793097 0.588136851
v 0.170100554 0.059967771 0.580077588
v 0.183103621 0.027717635 0.596105456
v 0.189580753 0.011848837 0.603948354
v 0.165865272 0.026376843 0.606637895
v 0.159521624 0.042393572 0.598614454
v 0.172116652 0.010593220 0.614544510
v 0.183625772 0.022095345 0.628767192
v 0.177287727 0.037890628 0.620752632
v 0.170910537 0.053917732 0.612687289
v 0.164504721 0.070063829 0.604585528
v 0.153128638 0.058534864 0.590528547
v 0.175881266 0.081559985 0.618643164
v 0.169453725 0.097788289 0.610513627
v 0.158081293 0.086271569 0.596461415
v 0.186316922 0.099220097 0.600124001
v 0.179882556 0.115477204 0.591977536
v 0.163019716 0.114032968 0.602376043
v 0.203211858 0.100658342 0.589711844
v 0.196773231 0.116927236 0.581559300
v 0.220137789 0.102106936 0.579275071
v 0.213690578 0.1183853 0.571120321
v 0.208780229 0.090590074 0.565241098
v 0.202325671 0.106859713 0.557077646
v 0.197393760 0.079060368 0.551171243
v 0.190949335 0.095331601 0.54302001
v 0.18053478 0.077629044 0.561558365
v 0.174082353 0.093886792 0.553421437
v 0.163639381 0.076190322 0.571970939
v 0.157191500 0.092436529 0.563839912
v 0.146710202 0.074740096 0.582410693
v 0.140278741 0.090978674 0.574276030
v 0.151648670 0.102509573 0.588325142
v 0.145210504 0.118764050 0.580182373
v 0.133839368 0.107236966 0.566131532
v 0.156582936 0.130284756 0.594234824
v 0.150144577 0.146540403 0.586091756
v 0.138767600 0.135032862 0.572033226
v 0.173433527 0.131728097 0.583843708
v 0.166964277 0.147968262 0.575728893
v 0.190322309 0.133179903 0.573425293
v 0.183851793 0.149411559 0.565317213
v 0.207251563 0.134642466 0.562976598
v 0.200822085 0.150876015 0.554844498
v 0.195883572 0.123120077 0.548929512
v 0.189450770 0.139370322 0.540793240
v 0.184507235 0.111596792 0.534872293
v 0.178065449 0.127861142 0.526724517
v 0.167642787 0.110151581 0.545272469
v 0.161216571 0.126427844 0.537107646
v 0.150752633 0.108698755 0.555692374
v 0.144322291 0.124979630 0.547526657
v 0.127391994 0.123515628 0.557976841
v 0.120932534 0.139824748 0.549806892
v 0.137904316 0.141291946 0.539331376
v 0.132317557 0.151323258 0.563875258
v 0.125854626 0.167657613 0.555700779
v 0.114451229 0.156189039 0.541609287
v 0.143704339 0.162801131 0.577945888
v 0.137256339 0.179081365 0.569790542
v 0.160458996 0.164188772 0.567648232
v 0.153886273 0.180381059 0.559625327
v 0.177340686 0.165602415 0.557261169
v 0.194411084 0.167062461 0.546735823
v 0.183036774 0.155612230 0.532680511
v 0.171619623 0.144136041 0.518571853
v 0.154811576 0.142729491 0.528913080
v 0.131505757 0.157658815 0.531085968
v 0.125183552 0.174117088 0.522732317
v 0.107926324 0.172663748 0.533356308
v 0.119372934 0.184085309 0.547502100
v 0.130785822 0.195418134 0.561606526
v 0.147241428 0.196575209 0.551641047
v 0.454576194 0.241404071 0.348782390
v 0.444906055 0.230698794 0.333597362
v 0.434999406 0.219691380 0.317959606
v 0.428003519 0.229947701 0.343278884
v 0.437521487 0.240734547 0.358729034
v 0.418401897 0.219039723 0.327639609
v 0.401856988 0.218390092 0.337289214
v 0.411146998 0.229248166 0.353033959
v 0.385264337 0.217738732 0.346966266
v 0.394322663 0.228573739 0.362818419
v 0.390660166 0.201986789 0.355324894
v 0.396108329 0.186299324 0.363608002
v 0.374003022 0.201354309 0.365024268
v 0.368562310 0.217082887 0.356707483
v 0.379466682 0.185645908 0.373313725
v 0.405350059 0.197277635 0.379627585
v 0.388473123 0.196534857 0.389309048
v 0.362712472 0.184988170 0.383085310
v 0.357251465 0.200703397 0.374789267
v 0.371633559 0.195832952 0.399048030
v 0.39737463 0.207293152 0.405110061
v 0.380516022 0.206631153 0.414942503
v 0.354815036 0.195157885 0.408827275
v 0.345924675 0.184329092 0.392876446
v 0.363692402 0.205970734 0.424754262
v 0.375063508 0.22234869 0.406640231
v 0.358236730 0.221688807 0.416453361
v 0.346880495 0.205310657 0.434559464
v 0.338004827 0.194492757 0.418621122
v 0.341423362 0.221028909 0.426259130
v 0.352776855 0.237407356 0.408154368
v 0.335964739 0.236747294 0.417959451
v 0.324614822 0.220369041 0.436062276
v 0.330072462 0.204650878 0.444362431
v 0.319156765 0.236087232 0.427762568
v 0.327087074 0.225926756 0.402017116
v 0.310280978 0.225266858 0.411818802
v 0.302350193 0.235427603 0.437564492
v 0.307808220 0.219709247 0.445864319
v 0.293474823 0.224607050 0.421620488
v 0.301405221 0.214446365 0.395875096
v 0.284599691 0.213786512 0.405676513
v 0.276668548 0.223947197 0.431422263
v 0.285544395 0.234767735 0.447365969
v 0.267792940 0.213126778 0.415478497
v 0.290057420 0.198068216 0.413976520
v 0.273250848 0.197408407 0.423778533
v 0.250984400 0.212466806 0.425281763
v 0.259861797 0.223287299 0.441224247
v 0.256442368 0.196748465 0.433581650
v 0.278709292 0.181690111 0.432078182
v 0.261901915 0.181030198 0.441880881
v 0.239629179 0.196088239 0.443387597
v 0.234171032 0.211806654 0.435087740
v 0.245091140 0.180370271 0.451685071
v 0.270777970 0.191848605 0.457819879
v 0.253970295 0.191184669 0.467614263
v 0.228271901 0.179709971 0.461494505
v 0.222802847 0.195427298 0.453201472
v 0.237159833 0.190513089 0.477395117
v 0.262859135 0.202011942 0.483562856
v 0.246074706 0.201352924 0.493351995
v 0.220338940 0.189817607 0.487134695
v 0.211425185 0.179048568 0.471319913
v 0.229331493 0.200695633 0.503117024
v 0.240614965 0.217071518 0.485052913
v 0.223865151 0.216414481 0.494821369
v 0.212715670 0.200043350 0.512807905
v 0.203481882 0.189045369 0.496743500
v 0.207212269 0.215762615 0.504532396
v 0.218369782 0.232130423 0.486543953
v 0.201641291 0.231473624 0.496300488
v 0.184956714 0.230818659 0.506031334
v 0.192567780 0.220639318 0.480459868
v 0.175640717 0.219963297 0.490309059
v 0.168164551 0.230159401 0.515825033
v 0.158524602 0.219258785 0.500226080
v 0.166399344 0.209145933 0.474613934
v 0.149038508 0.208464413 0.484739393
v 0.141185581 0.218507617 0.510196566
v 0.151080980 0.229488611 0.525788605
v 0.131532549 0.207777053 0.494949013
v 0.183530330 0.209818527 0.464622765
v 0.188964888 0.194093480 0.472940444
v 0.200481772 0.210484057 0.454736262
v 0.205939367 0.194763988 0.463037490
v 0.209418565 0.221304863 0.470640122
v 0.226241692 0.221966743 0.460831165
v 0.217343702 0.211146056 0.444901853
v 0.235144555 0.232789069 0.476760447
v 0.251938343 0.233448386 0.466965854
v 0.243053719 0.222627237 0.451026797
v 0.257400512 0.217730313 0.475263238
v 0.279657483 0.202671438 0.473765760
v 0.274199307 0.218389868 0.465465873
v 0.296460777 0.203331202 0.463965505
v 0.29100281 0.219049513 0.455665648
v 0.287584513 0.192509919 0.448020815
v 0.304390907 0.193170517 0.438220381
v 0.313265979 0.203990966 0.454164326
v 0.295515596 0.182349950 0.422276407
v 0.312320977 0.183009743 0.412475109
v 0.321197390 0.193831116 0.428420007
v 0.306862860 0.198727935 0.404175221
v 0.323666453 0.199387490 0.394375145
v 0.329124867 0.183669418 0.402674615
v 0.318209201 0.215106099 0.386074513
v 0.335009366 0.215765655 0.376276314
v 0.340465426 0.200046420 0.384577900
v 0.343893438 0.226586788 0.392215699
v 0.360700100 0.227247178 0.382414698
v 0.351799368 0.216424867 0.366483867
v 0.369600087 0.238067805 0.398342758
v 0.386450022 0.238729357 0.388515263
v 0.377509921 0.227908745 0.372614145
v 0.391927897 0.223008111 0.396806240
v 0.408898979 0.223665922 0.386914551
v 0.403367281 0.239393591 0.378648817
v 0.414351880 0.207959681 0.395208627
v 0.420404613 0.240062475 0.368712067
v 0.268739849 0.234108105 0.457166791
v 0.194474697 0.178383007 0.481205880
v 0.484480381 0.211015045 0.354090094
v 0.501938819 0.212282955 0.343488037
v 0.490991592 0.195137530 0.361920356
v 0.508197724 0.196480453 0.351404190
v 0.497495561 0.179059386 0.369899153
v 0.514543056 0.18045865 0.359430372
v 0.480548262 0.177704930 0.380279898
v 0.487061619 0.161469310 0.388367027
v 0.503971934 0.162880599 0.377965867
v 0.463760733 0.176388233 0.390544623
v 0.470222473 0.160073712 0.398717463
v 0.452267587 0.164859712 0.376341939
v 0.458808034 0.148544460 0.384612649
v 0.440974175 0.153449654 0.362386673
v 0.447467654 0.137054592 0.370599746
v 0.458024561 0.154818907 0.351938128
v 0.464428246 0.138481050 0.360159695
v 0.474942922 0.156152829 0.341588169
v 0.481331706 0.139888674 0.349764943
v 0.468606472 0.172403007 0.333392411
v 0.462439477 0.188529819 0.325191617
v 0.485394835 0.173582106 0.323226243
v 0.491773009 0.157478123 0.331293463
v 0.479081332 0.189522743 0.31524086
v 0.490435898 0.200757861 0.329273402
v 0.496776402 0.184957951 0.337291181
v 0.503154397 0.168933883 0.345357298
v 0.509561657 0.152785167 0.353460967
v 0.498185515 0.141287595 0.339403986
v 0.520937442 0.164314314 0.367517828
v 0.527355969 0.148108273 0.375636249
v 0.515985250 0.136576592 0.361585527
v 0.510428667 0.146658197 0.386074900
v 0.516875147 0.130411714 0.394206911
v 0.533787727 0.131869927 0.383770465
v 0.493533730 0.145219191 0.396487414
v 0.499985218 0.128961548 0.404624849
v 0.476672887 0.143787711 0.406875729
v 0.483117163 0.127516701 0.415026664
v 0.465287149 0.132258757 0.392806917
v 0.471740961 0.115988455 0.400969386
v 0.453928828 0.120741203 0.378771871
v 0.460376054 0.104463055 0.386926442
v 0.470854371 0.122189611 0.368335485
v 0.477292805 0.105920992 0.376487821
v 0.487748920 0.123627364 0.357923895
v 0.494183182 0.107370726 0.366069942
v 0.504613101 0.125059649 0.347533255
v 0.511047005 0.108815036 0.355670779
v 0.522417783 0.120338738 0.369721442
v 0.528855800 0.104084618 0.377864152
v 0.517483472 0.092563793 0.363811910
v 0.540226936 0.115611739 0.391915082
v 0.546674013 0.099334135 0.400069117
v 0.535298407 0.087816581 0.386012852
v 0.523313283 0.114149704 0.402354776
v 0.529742002 0.097869530 0.410520911
v 0.506423592 0.112696930 0.412774413
v 0.512848377 0.096420869 0.420939862
v 0.489559292 0.111251950 0.423174381
v 0.496001303 0.094987228 0.431322157
v 0.478183031 0.099728710 0.409117281
v 0.484616488 0.083478853 0.417254418
v 0.466814637 0.088206097 0.395069986
v 0.473244577 0.071972280 0.403202414
v 0.483743488 0.089668624 0.384621769
v 0.490213573 0.073436588 0.392730355
v 0.500632405 0.091120295 0.374203354
v 0.507102131 0.074880354 0.382317841
v 0.523921489 0.076308757 0.371954679
v 0.530361652 0.060047943 0.380100578
v 0.513607442 0.058659412 0.390398800
v 0.541748106 0.071527451 0.394170403
v 0.548210144 0.055197209 0.402343720
v 0.536808967 0.043770398 0.388254642
v 0.553133070 0.083026319 0.408238530
v 0.559612572 0.066666282 0.416434049
v 0.536157190 0.081557676 0.418717414
v 0.542551755 0.065192356 0.426963925
v 0.519249737 0.080118589 0.429137140
v 0.502447664 0.078710466 0.439475685
v 0.491035223 0.067241184 0.425373017
v 0.479654967 0.055786192 0.411310762
v 0.496722877 0.057244621 0.400788217
v 0.520178794 0.042464457 0.398424416
v 0.526831328 0.026261203 0.406410992
v 0.543276369 0.027440860 0.396434903
v 0.554691731 0.038781948 0.410542160
v 0.566130816 0.050209194 0.424678176
v 0.548871636 0.048730604 0.435321271
v 0.137609466 0.137319758 0.523964524
v 0.122558355 0.129355073 0.530633151
v 0.115521252 0.144951522 0.529546499
v 0.127356559 0.152277290 0.523849427
v 0.133116826 0.156357228 0.540933251
v 0.143428787 0.141303300 0.541035234
v 0.120668873 0.151384964 0.546284019
v 0.170161560 0.114756219 0.558312594
v 0.159627974 0.130131393 0.558205246
v 0.165355056 0.134234175 0.575253725
v 0.175913855 0.118830323 0.575372159
v 0.152799576 0.105943135 0.586075067
v 0.146674454 0.104268416 0.568410813
v 0.145217746 0.124795183 0.583920359
v 0.148038476 0.122105091 0.524081587
v 0.153854891 0.126079782 0.541134357
v 0.164401367 0.110676348 0.541229128
v 0.158660039 0.106609717 0.524200856
v 0.136570647 0.094241291 0.534442365
v 0.129354909 0.112969145 0.532214641
v 0.141291663 0.100353077 0.551281213
v 0.138884484 0.160442382 0.558038592
v 0.126156315 0.155204176 0.563420891
v 0.132200241 0.15693973 0.580959677
v 0.144610345 0.164497911 0.575020730
v 0.154922425 0.149453729 0.575136780
v 0.149206578 0.145352184 0.558111846
v 0.138588756 0.141352504 0.582248091
v 0.120816886 0.137201070 0.588695287
v 0.122978150 0.119691252 0.591957032
v 0.118949085 0.152809321 0.586132466
v 0.104727983 0.155783399 0.589451193
v 0.101952686 0.139896020 0.59342134
v 0.113062247 0.152650103 0.567979455
v 0.099324971 0.154549971 0.571192026
v 0.108113095 0.149140209 0.550832390
v 0.094835683 0.150897413 0.553957819
v 0.103573605 0.140970051 0.534281134
v 0.090782672 0.143680900 0.537243187
v 0.106143653 0.125019446 0.536688089
v 0.088600337 0.127152264 0.541197717
v 0.108243778 0.108190923 0.539828002
v 0.086396396 0.109824746 0.545731544
v 0.111173898 0.087573573 0.543970882
v 0.084335729 0.090107180 0.551185488
v 0.115888297 0.094627894 0.560616731
v 0.089701995 0.096763886 0.567700803
v 0.120810851 0.098453320 0.577803850
v 0.094225913 0.100755341 0.585069060
v 0.126058340 0.099293991 0.596002221
v 0.097941249 0.102285854 0.603464841
v 0.09995915 0.122308157 0.597938895
v 0.078436255 0.131049886 0.601462423
v 0.073574781 0.112803101 0.607450723
v 0.083775639 0.147997051 0.596087455
v 0.065649390 0.158634588 0.597454547
v 0.059281736 0.142071798 0.603138625
v 0.089531600 0.164291203 0.591190815
v 0.072377145 0.175188928 0.592241883
v 0.084671512 0.16143848 0.573395729
v 0.068016976 0.170617282 0.574636101
v 0.080662861 0.156843349 0.555943846
v 0.064685940 0.165903687 0.557174861
v 0.077373042 0.151249244 0.538772702
v 0.062145263 0.160941392 0.539730668
v 0.071869894 0.134750202 0.543675959
v 0.055655777 0.144449427 0.544897317
v 0.066516742 0.117851398 0.549013078
v 0.049205899 0.127787545 0.550573706
v 0.061022296 0.099992483 0.555067181
v 0.042469322 0.111248537 0.556802511
v 0.066293507 0.105180658 0.571974337
v 0.046802431 0.115601085 0.574084758
v 0.070502221 0.109468363 0.589377820
v 0.050204843 0.120328567 0.591544210
v 0.052884489 0.125397324 0.609314382
v 0.034913212 0.136362597 0.610108554
v 0.032801210 0.129840046 0.592746019
v 0.040663570 0.152663469 0.603833079
v 0.021132797 0.160389602 0.604353487
v 0.017708391 0.144640028 0.610416650
v 0.046008825 0.169392675 0.598084926
v 0.023737609 0.177679508 0.598405003
v 0.051477938 0.187005296 0.592847526
v 0.027133196 0.196669712 0.593103885
v 0.048138380 0.180721700 0.575576365
v 0.025120824 0.189147740 0.575777649
v 0.045947611 0.175615131 0.558041632
v 0.023997634 0.183540061 0.558268070
v 0.044347107 0.171164780 0.540274322
v 0.023236930 0.179855138 0.540513336
v 0.038670629 0.153930932 0.545511484
v 0.020123601 0.160701438 0.545939147
v 0.033321410 0.136987745 0.551344275
v 0.017299532 0.143523573 0.551711022
v 0.027156949 0.120736472 0.557534694
v 0.013418793 0.127776205 0.557821512
v 0.030287265 0.124725520 0.575132489
v 0.015062511 0.131521478 0.575464129
v 0.016285508 0.137026906 0.593071579
vn 0.792188108 0.528263151 0.305575043
vn -0.23883598 0.463989377 0.853036463
vn -0.5217998 0.680967807 -0.51381683
vn -0.54444891 -0.47472897 -0.6915257
vn 0.620068550 -0.51222622 -0.59425521
vn 0.642687559 0.642793476 -0.41685626
vn 0.769069790 -0.62661958 0.126014307
vn -0.26196286 -0.69125098 0.673459410
vn 0.636088967 0.739259660 -0.22110158
vn 0.019741244 0.987935781 0.153601467
vn 0.343709319 0.61165905 0.712556839
vn 0.962078928 -0.06058221 0.265958756
vn 0.882063388 0.055122990 -0.46789491
vn -0.61144465 0.657704651 0.439954578
vn -0.8821277 -0.05508207 0.467778384
vn -0.30864385 -0.14012533 0.940799593
vn -0.65719515 0.127038508 -0.74293727
vn -0.9960866 0.032185602 -0.08231431
vn -0.69302636 0.719271421 0.048612140
vn 0.019377201 0.988212943 0.151854455
vn 0.078460812 0.815667688 -0.57317543
vn 0.050521101 -0.60836077 -0.79205102
vn -0.01938762 -0.98820966 -0.15187432
vn -0.72049159 -0.67344671 -0.16541289
vn 0.688184499 -0.72383219 -0.04968867
vn 0.778064549 0.080467663 -0.6230092
vn 0.996076762 -0.03220861 0.082423374
vn 0.715728521 0.678409636 0.165810152
vn 0.608020424 -0.66158563 -0.43887988
vn 0.31523785 -0.81198424 0.491229862
vn -0.01973997 -0.98793548 -0.15360247
vn -0.63937813 -0.73573214 0.223369658
vn -0.88572198 -0.05397597 0.461067438
vn -0.6426968 -0.73410881 0.219146236
vn -0.01973087 -0.98793834 -0.15358579
vn -0.64771855 -0.73186851 0.211728826
vn -0.01971009 -0.98794419 -0.15355031
vn 0.613225698 -0.66539884 -0.42567423
vn 0.609809041 -0.66315705 -0.43399957
vn 0.891530931 0.052162766 -0.4499464
vn 0.885575652 0.054032363 -0.4613418
vn 0.641159474 0.738847255 -0.20741104
vn 0.637848794 0.739252209 -0.21599784
vn 0.019708782 0.987944781 0.153547197
vn 0.019729562 0.987938821 0.153582662
vn -0.62002373 0.657729327 0.427741408
vn -0.61486703 0.657500028 0.435467809
vn -0.89162874 -0.05212826 0.449756503
vn -0.6269865 0.658365368 0.416464716
vn -0.89978677 -0.0494376 0.433520108
vn -0.65468401 -0.72867894 0.201036721
vn -0.91052294 -0.04569942 0.410925358
vn -0.66378313 -0.72444242 0.185943976
vn -0.01965768 -0.98796743 -0.15340814
vn -0.01967763 -0.98795336 -0.15349601
vn 0.624032139 -0.67231721 -0.39821288
vn 0.617650568 -0.66860288 -0.41409886
vn 0.910037040 0.045863904 -0.41198185
vn 0.899516940 0.049518402 -0.43407047
vn 0.652398467 0.736268878 -0.17967857
vn 0.645822227 0.737999856 -0.19562663
vn 0.019656403 0.987967848 0.153404936
vn 0.019676318 0.987953901 0.153492897
vn -0.63583934 0.659670531 0.400678247
vn 0.019614839 0.987979650 0.153333991
vn -0.64542603 0.661933302 0.381142318
vn -0.92268723 -0.04118541 0.383343368
vn -0.65634882 0.665222466 0.355928748
vn -0.93685871 -0.03539262 0.347912520
vn -0.68381095 -0.71574986 0.141791611
vn -0.67330289 -0.720303 0.166813299
vn -0.01958452 -0.9879964 -0.15323037
vn -0.01961612 -0.98797917 -0.15333714
vn 0.641414463 -0.68110579 -0.35310411
vn 0.632138490 -0.67612678 -0.37848833
vn 0.936757087 0.035393837 -0.34818596
vn 0.922375142 0.041287019 -0.3840827
vn 0.66929245 0.730812311 -0.13401906
vn 0.660311281 0.733812034 -0.15971524
vn 0.019574115 0.987999677 0.153210580
vn 0.678357422 0.727512240 -0.102749
vn 0.019521733 0.988022744 0.153068319
vn -0.6684497 0.669091045 0.324795663
vn 0.019469322 0.988045752 0.152926057
vn -0.68031621 0.673614978 0.288812637
vn -0.96699107 -0.02013052 0.254014074
vn -0.95214355 -0.02826554 0.304341316
vn -0.70711744 -0.70304602 0.075572639
vn -0.69568807 -0.70968527 0.111197575
vn -0.01947063 -0.98804528 -0.15292922
vn -0.01952302 -0.98802227 -0.15307145
vn 0.659983634 -0.69449866 -0.28651887
vn 0.650860309 -0.68744248 -0.32218578
vn 0.967060864 0.020081184 -0.25375175
vn 0.952111601 0.02825105 -0.304443
vn 0.687484979 0.723105728 -0.06695175
vn 0.980551540 0.010890328 -0.19595905
vn 0.696487247 0.717072248 -0.02670172
vn 0.019429462 0.988073766 0.152750164
vn 0.70333004 0.710759282 0.012171432
vn 0.019411215 0.988104045 0.152557253
vn -0.69639081 0.687166035 0.206984758
vn -0.69014066 0.679989814 0.247628077
vn -0.99010408 -0.00218632 0.140317648
vn -0.9803797 -0.01107291 0.196806952
vn -0.7234627 -0.69033957 -0.0057559
vn -0.71681541 -0.69639713 0.034738212
vn -0.01942162 -0.98810065 -0.15257707
vn -0.01943076 -0.98807329 -0.15275329
vn 0.675736308 -0.70752311 -0.20686078
vn 0.668826401 -0.70151621 -0.24606162
vn 0.990176558 0.002059768 -0.13980778
vn 0.680907249 -0.71251941 -0.16935569
vn 0.996253311 -0.00629082 -0.08625421
vn 0.70844239 0.704058945 0.049096111
vn 0.999151110 -0.01357105 -0.03889409
vn 0.711543381 0.697863340 0.081809558
vn 0.019382964 0.988153457 0.152240619
vn 0.019380431 0.988129198 0.15239802
vn -0.70111239 0.700158774 0.134978175
vn -0.69996339 0.694003701 0.168553099
vn -0.9991107 0.013385955 0.039983276
vn -0.99620521 0.006135109 0.086819611
vn -0.72816914 -0.68096685 -0.07780726
vn -0.72703874 -0.68517441 -0.04416798
vn -0.01939338 -0.98815012 -0.15226047
vn -0.01938174 -0.9881286 -0.15240121
vn 0.683849990 -0.71680933 -0.13613757
vn -0.01937432 -0.98817211 -0.15212001
vn 0.685176849 -0.72017819 -0.10897782
vn 0.999809265 -0.01952655 -0.00033571
vn 0.686299920 -0.7221446 -0.08659992
vn 0.999215841 -0.02437264 0.031205041
vn 0.713973045 0.687940836 0.130306795
vn 0.712983131 0.692731618 0.108526483
vn 0.019374672 0.988188684 0.152011886
vn 0.019384644 0.988169491 0.152135655
vn -0.6988284 0.710298657 0.084348268
vn -0.70049006 0.705547034 0.107318066
vn -0.99921542 0.024372717 -0.03121826
vn -0.99981105 0.019403815 0.001161954
vn -0.72621727 -0.67528814 -0.12881936
vn -0.72783059 -0.67757714 -0.10560245
vn -0.01937598 -0.98818821 -0.15201506
vn -0.72414589 -0.67404425 -0.14586699
vn -0.01937683 -0.98819631 -0.15196258
vn 0.687019467 -0.72330034 -0.06957641
vn -0.01937768 -0.98820436 -0.1519101
vn 0.687531471 -0.72391379 -0.05700185
vn 0.996899545 -0.03068208 0.072456128
vn 0.998090624 -0.02803577 0.055035989
vn 0.715162396 0.680654883 0.158908024
vn 0.71465832 0.683890044 0.146826148
vn 0.019376354 0.988204896 0.151906907
vn 0.019375504 0.988196849 0.151959389
vn -0.69483465 0.717020213 0.055559858
vn -0.69686848 0.714007675 0.067581929
vn -0.9969188 0.030653316 -0.07220215
vn -0.99809247 0.028024733 -0.05500935
vn -0.7222597 -0.6733005 -0.15813681
vn -0.79219598 0.528247654 0.305581212
vn 0.238837957 0.464001029 0.853029549
vn 0.521801412 0.680967330 -0.51381588
vn 0.544445753 -0.47473052 -0.69152719
vn -0.62005699 -0.51223814 -0.59425694
vn -0.64268845 0.642802119 -0.41684186
vn -0.76906699 -0.62662178 0.126020297
vn 0.261963069 -0.69123459 0.673476040
vn -0.63609236 0.739254653 -0.22110865
vn -0.01973913 0.987936079 0.153598874
vn -0.34370044 0.611659348 0.712560772
vn -0.96207148 -0.06059416 0.265982538
vn -0.88206261 0.055140603 -0.46789429
vn 0.611452519 0.657700717 0.439949631
vn 0.882131338 -0.05509203 0.467770487
vn 0.308641850 -0.14011477 0.940801858
vn 0.657191515 0.127047762 -0.74293894
vn 0.996084451 0.032200660 -0.08233469
vn 0.693019449 0.719278812 0.048600126
vn -0.01937371 0.988211810 0.151862084
vn -0.07846148 0.815654814 -0.57319373
vn -0.05051528 -0.608374 -0.79204118
vn 0.019384717 -0.98821378 -0.15184766
vn 0.720479071 -0.67346013 -0.16541265
vn -0.68819112 -0.72382629 -0.04968309
vn -0.77806658 0.080443225 -0.62300986
vn -0.99607867 -0.03219737 0.082405731
vn -0.71573645 0.678400099 0.165815249
vn -0.60802197 -0.66158199 -0.43888319
vn -0.31524885 -0.81197882 0.491231709
vn 0.019750190 -0.98793817 -0.1535845
vn 0.639389812 -0.73572701 0.223352596
vn 0.885734856 -0.05397288 0.461042970
vn 0.642684221 -0.73411399 0.219165697
vn 0.019728737 -0.98794121 -0.15356767
vn 0.647717475 -0.73186576 0.211741954
vn 0.019707266 -0.98794425 -0.15355088
vn -0.61321241 -0.66540456 -0.42568463
vn -0.6098215 -0.66315955 -0.43397835
vn -0.89153558 0.052149005 -0.44993857
vn -0.8855713 0.054024908 -0.46135107
vn -0.64114904 0.738858878 -0.20740154
vn -0.63784409 0.739259123 -0.21598786
vn -0.01971674 0.987947344 0.153529748
vn -0.01971766 0.987939178 0.153582051
vn 0.620020628 0.657730639 0.427743852
vn 0.614863991 0.657509028 0.435458600
vn 0.891621351 -0.0521188 0.449772119
vn 0.626986563 0.658362388 0.416469395
vn 0.899794280 -0.04941964 0.433506637
vn 0.654685795 -0.72868294 0.201016217
vn 0.910508692 -0.0457186 0.410954684
vn 0.663789928 -0.72443247 0.185958072
vn 0.019662447 -0.98796666 -0.15341257
vn 0.019684856 -0.98795545 -0.15348172
vn -0.62402266 -0.67231101 -0.39823812
vn -0.61765885 -0.66860741 -0.41407928
vn -0.91005003 0.045873269 -0.41195211
vn -0.89951813 0.049506135 -0.43406948
vn -0.65240306 0.736271858 -0.17964947
vn -0.64584309 0.737978279 -0.19563927
vn -0.0196514 0.987964630 0.153426975
vn -0.01968619 0.987956047 0.153477281
vn 0.635842859 0.659657001 0.400695085
vn -0.01960754 0.987978696 0.153340980
vn 0.645420908 0.661926090 0.381163686
vn 0.922684848 -0.04117534 0.383350014
vn 0.656354963 0.665217042 0.355927407
vn 0.936850786 -0.03538705 0.347934514
vn 0.683816969 -0.71574157 0.141803890
vn 0.673307597 -0.72029829 0.166815206
vn 0.019582852 -0.98799741 -0.15322395
vn 0.019618611 -0.98798078 -0.1533266
vn -0.64141482 -0.68110365 -0.35310745
vn -0.6321457 -0.67611194 -0.37850296
vn -0.93676668 0.035398758 -0.34815967
vn -0.92237252 0.041296668 -0.38408765
vn -0.66927904 0.730820536 -0.13404046
vn -0.66030407 0.733813405 -0.15973842
vn -0.01956273 0.988001108 0.153202697
vn -0.67836714 0.727503657 -0.102745
vn -0.01953939 0.988020420 0.153081178
vn 0.668467164 0.669077158 0.324788361
vn -0.0194731 0.988045692 0.152926117
vn 0.680315375 0.673613965 0.288817197
vn 0.966987907 -0.02015387 0.25402385
vn 0.952147901 -0.02825918 0.304328531
vn 0.707099974 -0.70306379 0.075570941
vn 0.695676863 -0.70969415 0.111211173
vn 0.019484143 -0.98804778 -0.15291163
vn 0.019508436 -0.9880203 -0.15308549
vn -0.65997392 -0.69451433 -0.28650334
vn -0.65085661 -0.68743712 -0.32220489
vn -0.96706384 0.020080564 -0.25374067
vn -0.95210761 0.028258290 -0.30445457
vn -0.6874879 0.723102092 -0.06696107
vn -0.98055625 0.010911239 -0.19593433
vn -0.69649982 0.717059493 -0.02671635
vn -0.01942739 0.988076090 0.152735441
vn -0.70333201 0.710757315 0.012171096
vn -0.01940309 0.988103449 0.152561575
vn 0.696381151 0.687178552 0.206975877
vn 0.690138638 0.679989397 0.247634753
vn 0.990107595 -0.00219264 0.140292599
vn 0.980377793 -0.01107653 0.196816563
vn 0.723463296 -0.69033885 -0.0057616
vn 0.716812908 -0.696401 0.034713078
vn 0.019405975 -0.98810303 -0.15256384
vn 0.019438428 -0.98807824 -0.15272099
vn -0.67573714 -0.70752943 -0.20683636
vn -0.66882116 -0.70151609 -0.24607585
vn -0.99017417 0.002079381 -0.13982409
vn -0.68089825 -0.71253246 -0.16933744
vn -0.99625319 -0.00625995 -0.08625726
vn -0.70843256 0.704067230 0.049119330
vn -0.99915063 -0.01358122 -0.03890513
vn -0.71155775 0.697847664 0.081819087
vn -0.01936786 0.988152682 0.152247384
vn -0.01937067 0.988128304 0.152404412
vn 0.701118707 0.700150132 0.134990245
vn 0.699973762 0.693990707 0.168563380
vn 0.999111890 0.013391193 0.039951093
vn 0.996206641 0.006120214 0.086804598
vn 0.728181600 -0.68095249 -0.07781515
vn 0.727044642 -0.68516588 -0.04420117
vn 0.019378889 -0.98815465 -0.15223294
vn 0.019381728 -0.98813039 -0.15238999
vn -0.68386048 -0.71680105 -0.13612898
vn 0.019377023 -0.9881708 -0.15212826
vn -0.68515682 -0.72019601 -0.10898558
vn -0.99980944 -0.01951754 -0.00030688
vn -0.68628764 -0.72215384 -0.08662058
vn -0.99921554 -0.02438294 0.031205276
vn -0.71397412 0.687936246 0.130325123
vn -0.71299905 0.692714750 0.108529225
vn -0.0193765 0.988187551 0.152019083
vn -0.0193784 0.988171517 0.152123779
vn 0.698829710 0.710297942 0.084343493
vn 0.700485944 0.705552637 0.107307262
vn 0.999215126 0.024381643 -0.03121962
vn 0.999811828 0.019363818 0.001170878
vn 0.726223170 -0.6752826 -0.12881504
vn 0.727825045 -0.67758054 -0.10561915
vn 0.019375124 -0.98818696 -0.15202357
vn 0.724137783 -0.67405748 -0.14584564
vn 0.019386598 -0.98819762 -0.15195234
vn -0.68701398 -0.72330588 -0.06957294
vn 0.019385660 -0.98820573 -0.15190001
vn -0.68753451 -0.72391123 -0.05699854
vn -0.99690068 -0.03069709 0.072435259
vn -0.99809021 -0.02804419 0.055041171
vn -0.71516007 0.680655300 0.158916398
vn -0.71465987 0.683888554 0.146825194
vn -0.01937465 0.988203704 0.151914432
vn -0.01937558 0.988195776 0.151966765
vn 0.694849610 0.717004656 0.055572420
vn 0.696867883 0.714007616 0.067589588
vn 0.99691993 0.030664445 -0.07218271
vn 0.998093068 0.028030237 -0.05499555
vn 0.722261309 -0.67329264 -0.15816337
vn 0.475117981 -0.14444657 0.867985069
vn 0.092999234 0.149434626 -0.98438835
vn 0.504399597 -0.8341732 0.223015949
vn 0.917558610 -0.39314759 -0.05933851
vn 0.779398381 0.005141359 0.626507461
vn 0.327148735 -0.60535836 0.725613474
vn -0.28227407 -0.85948145 0.426160693
vn 0.06140678 -0.98326963 -0.17149374
vn 0.410511165 -0.53316617 -0.73973942
vn -0.74700534 0.220060586 0.627340674
vn -0.91602969 0.395700693 0.065654136
vn -0.41050395 0.533172667 0.739738762
vn -0.41050395 0.533172667 0.739738762
vn -0.41050395 0.533172667 0.739738762
vn -0.41049853 0.533150315 0.739757955
vn -0.41050395 0.533172667 0.739738762
vn -0.48822182 -0.30867261 0.816309154
vn -0.28227407 -0.85948145 0.426160693
vn -0.76745474 -0.62441623 -0.14531878
vn -0.77939206 -0.00516014 -0.62651527
vn 0.402461648 0.771160364 0.493291378
vn 0.763127386 0.631721079 0.136253699
vn 0.282290369 0.859477162 -0.42615849
vn -0.05770417 0.984564900 0.165233969
vn -0.41049853 0.533150315 0.739757955
vn 0.289926350 0.334380745 0.896734118
vn 0.779398381 0.005141359 0.626507461
vn 0.010695685 -0.72954029 -0.68385422
vn -0.28091854 -0.33859903 -0.89801753
vn 0.064052358 -0.98231101 -0.17596133
vn 0.410511165 -0.53316617 -0.73973942
vn 0.410511165 -0.53316617 -0.73973942
vn 0.410511165 -0.53316617 -0.73973942
vn 0.410511165 -0.53316617 -0.73973942
vn 0.410511165 -0.53316617 -0.73973942
vn 0.912541925 0.237673178 -0.33283454
vn 0.492822647 0.271369606 -0.82673115
vn 0.915608346 -0.39638633 -0.06737233
vn 0.410511165 -0.53316617 -0.73973942
vn -0.55947107 0.764360785 0.320538103
vn -0.91687417 0.394301444 0.06219396
vn -0.77939206 -0.00516014 -0.62651527
vn -0.3563959 0.581654071 -0.73120487
vn 0.282290369 0.859477162 -0.42615849
vn -0.04915337 0.987347841 0.150758713
vn -0.41050395 0.533172667 0.739738762
vn -0.41049853 0.533150315 0.739757955
vn -0.41050395 0.533172667 0.739738762
vn -0.41049853 0.533150315 0.739757955
vn -0.41049853 0.533150315 0.739757955
vn -0.01055376 0.730057358 0.683304369
vn 0.28154248 0.338312804 0.897929906
vn -0.41049853 0.533150315 0.739757955
vn -0.41049853 0.533150315 0.739757955
vn 0.767536282 0.624283850 0.145457357
vn 0.779379785 0.005141534 0.626530706
vn -0.06307887 0.982670366 0.174298644
vn 0.282290369 0.859477162 -0.42615849
vn -0.41049853 0.533150315 0.739757955
vn -0.41050395 0.533172667 0.739738762
vn -0.41050395 0.533172667 0.739738762
vn 0.746772289 -0.22150429 -0.62711018
vn 0.488505631 0.306451916 -0.81697571
vn 0.410511165 -0.53316617 -0.73973942
vn 0.410511165 -0.53316617 -0.73973942
vn 0.915991365 -0.39576334 -0.06581255
vn 0.410490810 -0.53317147 -0.73974687
vn 0.410511165 -0.53316617 -0.73973942
vn 0.410511165 -0.53316617 -0.73973942
vn -0.40351072 -0.77160841 -0.49173123
vn 0.056617282 -0.98493308 -0.16340528
vn -0.28227407 -0.85948145 0.426160693
vn -0.76322341 -0.63156271 -0.13644953
vn -0.77939206 -0.00516014 -0.62651527
vn -0.29065529 -0.3340351 -0.89662713
vn 0.410511165 -0.53316617 -0.73973942
vn -0.91305119 -0.23628756 0.332423985
vn -0.49290156 -0.27076656 0.826881766
vn -0.41050395 0.533172667 0.739738762
vn -0.91559017 0.396417319 0.067438036
vn -0.1857906 0.167434334 0.968218803
vn -0.49081922 -0.28838295 0.822150647
vn -0.41050395 0.533172667 0.739738762
vn -0.41050395 0.533172667 0.739738762
vn 0.356432825 -0.58162713 0.731208324
vn -0.28227407 -0.85948145 0.426160693
vn -0.41050395 0.533172667 0.739738762
vn -0.41050395 0.533172667 0.739738762
vn -0.41050395 0.533172667 0.739738762
vn 0.294017016 0.332453966 0.896118581
vn 0.779398381 0.005141359 0.626507461
vn 0.559275627 -0.76479298 -0.31984755
vn 0.916809320 -0.39441261 -0.06244432
vn 0.410511165 -0.53316617 -0.73973942
vn 0.410511165 -0.53316617 -0.73973942
vn 0.410511165 -0.53316617 -0.73973942
vn 0.410511165 -0.53316617 -0.73973942
vn 0.048386260 -0.98758471 -0.1494495
vn 0.410511165 -0.53316617 -0.73973942
vn -0.0736473 0.227224856 -0.97105348
vn 0.488914430 0.303385019 -0.81787544
vn 0.410511165 -0.53316617 -0.73973942
vn -0.28661931 -0.33593237 -0.89721721
vn -0.77939206 -0.00516014 -0.62651527
vn -0.32597092 0.606279492 -0.7253744
vn 0.282290369 0.859477162 -0.42615849
vn -0.50393003 0.834471941 -0.22295985
vn -0.91749859 0.393244922 0.059622328
vn -0.41049853 0.533150315 0.739757955
vn -0.06191041 0.983090817 0.172335714
vn 0.185922548 -0.16689798 -0.96828598
vn -0.29386476 -0.33251253 -0.89614671
vn 0.410511165 -0.53316617 -0.73973942
vn 0.410511165 -0.53316617 -0.73973942
vn 0.490626186 0.290012568 -0.82169265
vn 0.410511165 -0.53316617 -0.73973942
vn 0.410511165 -0.53316617 -0.73973942
vn 0.410511165 -0.53316617 -0.73973942
vn 0.074262775 -0.22455716 0.971626997
vn 0.286297172 0.336097627 0.897258102
vn -0.41050395 0.533172667 0.739738762
vn -0.48906216 -0.30223289 0.818213522
vn -0.48946384 -0.29916185 0.819101572
vn -0.28227407 -0.85948145 0.426160693
vn -0.48909888 -0.30206919 0.818252086
vn -0.28229237 -0.85946953 0.426172584
vn 0.063622653 -0.9824658 -0.17525138
vn 0.062870092 -0.98274273 -0.17396566
vn -0.28227407 -0.85948145 0.426160693
vn 0.063478454 -0.98252654 -0.17496264
vn -0.28227407 -0.85948145 0.426160693
vn 0.060229525 -0.98368907 -0.16949417
vn 0.410511165 -0.53316617 -0.73973942
vn 0.058521453 -0.98428136 -0.16662984
vn 0.410511165 -0.53316617 -0.73973942
vn 0.490161865 0.293728560 -0.82064909
vn 0.490778625 0.288601905 -0.82209814
vn 0.282290369 0.859477162 -0.42615849
vn 0.282290369 0.859477162 -0.42615849
vn -0.05479934 0.985547423 0.160291269
vn -0.05181152 0.986520111 0.155221164
vn -0.41050395 0.533172667 0.739738762
vn -0.41050395 0.533172667 0.739738762
vn -0.48931369 -0.30035186 0.818755745
vn -0.48906207 -0.30227455 0.818198263
vn -0.48858035 -0.30587757 0.817146420
vn -0.28227407 -0.85948145 0.426160693
vn -0.48941728 -0.29950038 0.819005727
vn -0.28227407 -0.85948145 0.426160693
vn 0.057873655 -0.98451167 -0.16549158
vn -0.28227407 -0.85948145 0.426160693
vn 0.057651389 -0.98458719 -0.1651188
vn 0.410511165 -0.53316617 -0.73973942
vn 0.410511165 -0.53316617 -0.73973942
vn 0.489577621 0.298299878 -0.81934792
vn 0.489742875 0.297044336 -0.81970519
vn 0.282290369 0.859477162 -0.42615849
vn 0.282290369 0.859477162 -0.42615849
vn -0.05715727 0.984753131 0.164299458
vn -0.05649616 0.984977543 0.163179129
vn -0.41050395 0.533172667 0.739738762
vn -0.41050395 0.533172667 0.739738762
vn -0.48946384 -0.29916185 0.819101572
vn -0.41050395 0.533172667 0.739738762
vn -0.48949024 -0.29904756 0.819127440
vn -0.28227407 -0.85948145 0.426160693
vn -0.489474 -0.29898724 0.819159209
vn -0.28227407 -0.85948145 0.426160693
vn 0.05753012 -0.98462266 -0.16495021
vn 0.057572625 -0.98461455 -0.16498335
vn 0.410511165 -0.53316617 -0.73973942
vn 0.410511165 -0.53316617 -0.73973942
vn 0.489494741 0.298885703 -0.81918389
vn 0.489521205 0.298729658 -0.81922501
vn 0.282290369 0.859477162 -0.42615849
vn 0.282290369 0.859477162 -0.42615849
vn -0.05749494 0.984642744 0.164842590
vn -0.05738773 0.984671533 0.164707526
vn -0.41050395 0.533172667 0.739738762
vn -0.05751717 0.984629929 0.164911314
vn -0.41050395 0.533172667 0.739738762
vn -0.48949039 -0.29896423 0.819157838
vn -0.41050395 0.533172667 0.739738762
vn -0.48950028 -0.2989563 0.819154739
vn -0.28227407 -0.85948145 0.426160693
vn -0.28227407 -0.85948145 0.426160693
vn 0.057507902 -0.98463547 -0.1648815
vn 0.057521928 -0.98462898 -0.164915
vn 0.410511165 -0.53316617 -0.73973942
vn 0.410511165 -0.53316617 -0.73973942
vn 0.489484667 0.299018651 -0.81914133
vn 0.489494651 0.298969119 -0.81915349
vn 0.282290369 0.859477162 -0.42615849
vn 0.282290369 0.859477162 -0.42615849
vn -0.05755248 0.984619498 0.164961427
vn 0.282290369 0.859477162 -0.42615849
vn -0.05763125 0.984592199 0.165096908
vn -0.41050395 0.533172667 0.739738762
vn -0.05783947 0.984522938 0.165436118
vn -0.41049853 0.533150315 0.739757955
vn -0.48952669 -0.29880029 0.819195926
vn -0.48950028 -0.29891458 0.819169938
vn -0.28229237 -0.85946953 0.426172584
vn -0.28228426 -0.85949093 0.426135093
vn 0.057399667 -0.98467314 -0.16469423
vn 0.057465389 -0.98464346 -0.1648483
vn 0.410511165 -0.53316617 -0.73973942
vn 0.410511165 -0.53316617 -0.73973942
vn 0.489428043 0.299490153 -0.81900305
vn 0.489474594 0.299151629 -0.81909883
vn 0.282290369 0.859477162 -0.42615849
vn 0.489307850 0.300447970 -0.81872398
vn 0.282290369 0.859477162 -0.42615849
vn -0.05842156 0.984322726 0.166420370
vn 0.282290369 0.859477162 -0.42615849
vn -0.05989438 0.983806431 0.168930962
vn -0.41049853 0.533150315 0.739757955
vn -0.41049853 0.533150315 0.739757955
vn -0.48964968 -0.29759905 0.819559752
vn -0.48954687 -0.29849267 0.819295942
vn -0.28229237 -0.85946953 0.426172584
vn -0.28227407 -0.85948145 0.426160693
vn 0.056472726 -0.9849894 -0.16311565
vn 0.057134851 -0.98475629 -0.16428825
vn 0.410511165 -0.53316617 -0.73973942
vn 0.410511165 -0.53316617 -0.73973942
vn 0.488961696 0.303046912 -0.8179726
vn 0.410511165 -0.53316617 -0.73973942
vn 0.488398611 0.307343065 -0.81670499
vn 0.282290369 0.859477162 -0.42615849
vn -0.06267027 0.982819318 0.173604860
vn -0.41050395 0.533172667 0.739738762
vn -0.49073049 -0.28918758 0.821920990
vn -0.49000442 -0.29501429 0.820281744
vn -0.28229237 -0.85946953 0.426172584
vn -0.28229237 -0.85946953 0.426172584
vn 0.051580280 -0.98658752 -0.15486975
vn 0.054789844 -0.98555285 -0.1602613
vn -0.28229237 -0.85946953 0.426172584
vn 0.053128376 -0.98609298 -0.15747359
vn -0.28227407 -0.85948145 0.426160693
vn 0.055517092 -0.98530382 -0.16153678
vn -0.49178615 -0.28035361 0.824347198
vn -0.49111637 -0.28600505 0.822803616
vn 0.277643144 0.340114921 0.898463189
vn -0.41049853 0.533150315 0.739757955
vn 0.273988515 0.341818302 0.898938536
vn -0.41049853 0.533150315 0.739757955
vn 0.273162037 0.342192649 0.899047672
vn -0.41050395 0.533172667 0.739738762
vn -0.41049853 0.533150315 0.739757955
vn -0.41050395 0.533172667 0.739738762
vn -0.41050395 0.533172667 0.739738762
vn -0.91941094 0.389922261 0.051421511
vn -0.91844797 0.391611754 0.055620476
vn -0.77939206 -0.00516014 -0.62651527
vn -0.77939206 -0.00516014 -0.62651527
vn -0.27736533 -0.34023905 -0.89850211
vn -0.28304094 -0.33761454 -0.89772171
vn 0.410511165 -0.53316617 -0.73973942
vn 0.410511165 -0.53316617 -0.73973942
vn 0.410511165 -0.53316617 -0.73973942
vn 0.410511165 -0.53316617 -0.73973942
vn 0.410511165 -0.53316617 -0.73973942
vn 0.410511165 -0.53316617 -0.73973942
vn 0.919143378 -0.39039999 -0.05256711
vn 0.918445944 -0.39161876 -0.05560375
vn 0.918016195 -0.39236435 -0.05741643
vn 0.779398381 0.005141359 0.626507461
vn 0.779398381 0.005141359 0.626507461
vn 0.779398381 0.005141359 0.626507461
vn 0.919671952 -0.38945508 -0.05028228
vn 0.779398381 0.005141359 0.626507461
vn 0.273073613 0.342239737 0.899056613
vn 0.779398381 0.005141359 0.626507461
vn 0.273162037 0.342192649 0.899047672
vn -0.41049853 0.533150315 0.739757955
vn 0.273399889 0.342082500 0.899017274
vn -0.41049853 0.533150315 0.739757955
vn -0.41050395 0.533172667 0.739738762
vn -0.41050395 0.533172667 0.739738762
vn -0.92000234 0.388859629 0.04882548
vn -0.91987747 0.389081805 0.049403883
vn -0.77939206 -0.00516014 -0.62651527
vn -0.77939206 -0.00516014 -0.62651527
vn -0.27372211 -0.34191969 -0.89898115
vn -0.27472979 -0.34145677 -0.89884967
vn 0.410511165 -0.53316617 -0.73973942
vn 0.410511165 -0.53316617 -0.73973942
vn 0.410511165 -0.53316617 -0.73973942
vn 0.410511165 -0.53316617 -0.73973942
vn 0.920051574 -0.38876837 -0.04862407
vn 0.91994977 -0.38895056 -0.04909191
vn 0.779398381 0.005141359 0.626507461
vn 0.920034349 -0.38879555 -0.04873195
vn 0.779398381 0.005141359 0.626507461
vn 0.273995876 0.341789901 0.898947119
vn 0.779398381 0.005141359 0.626507461
vn 0.275265872 0.341219782 0.898775696
vn -0.41050395 0.533172667 0.739738762
vn -0.41050395 0.533172667 0.739738762
vn -0.41050395 0.533172667 0.739738762
vn -0.41050395 0.533172667 0.739738762
vn -0.91958201 0.389613181 0.050701905
vn -0.91992885 0.388983786 0.049219436
vn -0.77939206 -0.00516014 -0.62651527
vn -0.77939206 -0.00516014 -0.62651527
vn -0.27372211 -0.34191969 -0.89898115
vn -0.27345234 -0.34205499 -0.89901173
vn 0.410511165 -0.53316617 -0.73973942
vn 0.410511165 -0.53316617 -0.73973942
vn 0.410511165 -0.53316617 -0.73973942
vn 0.410511165 -0.53316617 -0.73973942
vn 0.919883966 -0.38906682 -0.0494026
vn 0.410511165 -0.53316617 -0.73973942
vn 0.919546306 -0.38967678 -0.05086049
vn 0.779398381 0.005141359 0.626507461
vn 0.918905198 -0.39081234 -0.05365535
vn 0.779398381 0.005141359 0.626507461
vn 0.281900376 0.338128775 0.897887051
vn 0.277788162 0.340045541 0.898444712
vn -0.41050395 0.533172667 0.739738762
vn -0.41050395 0.533172667 0.739738762
vn -0.41050395 0.533172667 0.739738762
vn -0.91863739 0.391286402 0.054775521
vn -0.77939206 -0.00516014 -0.62651527
vn -0.27508503 -0.34130868 -0.89879739
vn 0.410511165 -0.53316617 -0.73973942
vn 0.410511165 -0.53316617 -0.73973942
vn 0.410511165 -0.53316617 -0.73973942
vn 0.917613565 -0.39305329 -0.05911411
vn 0.779398381 0.005141359 0.626507461
vn 0.286771953 0.335874259 0.897190272
vn -0.41050395 0.533172667 0.739738762
vn -0.0635227 0.982509553 0.175042375
vn 0.282290369 0.859477162 -0.42615849
vn 0.489551276 0.298455894 -0.81930685
vn -0.06377384 0.982417762 0.175465583
vn 0.282290369 0.859477162 -0.42615849
vn 0.489140510 0.301618814 -0.81839335
vn 0.282290369 0.859477162 -0.42615849
vn 0.488611906 0.305643647 -0.81721503
vn 0.282290369 0.859477162 -0.42615849
vn 0.489083081 0.302131563 -0.81823856
vn 0.410511165 -0.53316617 -0.73973942
vn 0.051507022 -0.98661298 -0.15473202
vn 0.489317983 0.300315052 -0.81876665
vn 0.410511165 -0.53316617 -0.73973942
vn 0.054855652 -0.98552406 -0.16041559
vn -0.28228426 -0.85949093 0.426135093
vn -0.28227407 -0.85948145 0.426160693
vn 0.410511165 -0.53316617 -0.73973942
vn 0.056516271 -0.98497277 -0.16320105
vn -0.28227407 -0.85948145 0.426160693
vn -0.48972216 -0.29710421 0.819695830
vn -0.49011201 -0.29414612 0.820529282
vn 0.057177368 -0.9847483 -0.16432142
vn -0.28227407 -0.85948145 0.426160693
vn -0.48956689 -0.2983101 0.819350600
vn -0.41049853 0.533150315 0.739757955
vn -0.41049853 0.533150315 0.739757955
vn -0.28229237 -0.85946953 0.426172584
vn -0.48951048 -0.29873994 0.819227695
vn -0.41049853 0.533150315 0.739757955
vn -0.05755248 0.984619498 0.164961427
vn -0.05763125 0.984592199 0.165096908
vn -0.48950028 -0.29891458 0.819169938
vn -0.41050395 0.533172667 0.739738762
vn -0.05753842 0.984625875 0.164927899
vn 0.282290369 0.859477162 -0.42615849
vn 0.282290369 0.859477162 -0.42615849
vn -0.41049853 0.533150315 0.739757955
vn -0.05751717 0.984629929 0.164911314
vn 0.282290369 0.859477162 -0.42615849
vn 0.489484727 0.298976987 -0.81915653
vn 0.489468425 0.299000024 -0.81915802
vn -0.057509 0.984636247 0.164876103
vn 0.282290369 0.859477162 -0.42615849
vn 0.489494651 0.298969119 -0.81915349
vn 0.410511165 -0.53316617 -0.73973942
vn 0.410511165 -0.53316617 -0.73973942
vn 0.282290369 0.859477162 -0.42615849
vn 0.489494741 0.298927396 -0.81916869
vn 0.410511165 -0.53316617 -0.73973942
vn 0.057630136 -0.98459125 -0.16510221
vn 0.057551372 -0.9846186 -0.16496679
vn 0.489504784 0.298794448 -0.81921124
vn 0.410511165 -0.53316617 -0.73973942
vn 0.057838365 -0.98452216 -0.16544144
vn -0.28227407 -0.85948145 0.426160693
vn -0.28227407 -0.85948145 0.426160693
vn 0.410511165 -0.53316617 -0.73973942
vn 0.058420468 -0.98432183 -0.16642572
vn -0.28227407 -0.85948145 0.426160693
vn -0.48929715 -0.30045816 0.818726539
vn -0.48941728 -0.29950038 0.819005727
vn 0.060186103 -0.98370641 -0.16940899
vn -0.28227407 -0.85948145 0.426160693
vn -0.48890388 -0.30335355 0.817893385
vn -0.41049853 0.533150315 0.739757955
vn -0.41050395 0.533172667 0.739738762
vn -0.28229237 -0.85946953 0.426172584
vn -0.48818433 -0.30887762 0.816254079
vn -0.41050395 0.533172667 0.739738762
vn -0.0547698 0.985557556 0.160239309
vn -0.05648211 0.984983861 0.163145586
vn -0.05142954 0.986639022 0.15459086
vn 0.282290369 0.859477162 -0.42615849
vn 0.282290369 0.859477162 -0.42615849
vn -0.05306482 0.986113607 0.157366052
vn 0.282290369 0.859477162 -0.42615849
vn 0.491101592 0.286067396 -0.82279086
vn 0.490724951 0.289158523 -0.82193446
vn -0.05605726 0.985126197 0.162431418
vn 0.282290369 0.859477162 -0.42615849
vn 0.491771638 0.280415892 -0.82433462
vn 0.410511165 -0.53316617 -0.73973942
vn 0.489989072 0.295118451 -0.82025361
vn 0.410511165 -0.53316617 -0.73973942
vn 0.489670336 0.297539144 -0.81956899
vn 0.282290369 0.859477162 -0.42615849
vn 0.489541292 0.298505485 -0.81929469
vn 0.282290369 0.859477162 -0.42615849
vn -0.05714325 0.984759628 0.164265960
vn 0.282290369 0.859477162 -0.42615849
vn -0.0573737 0.984677970 0.164673984
vn -0.41050395 0.533172667 0.739738762
vn -0.41050395 0.533172667 0.739738762
vn -0.48946384 -0.29916185 0.819101572
vn -0.41049853 0.533150315 0.739757955
vn -0.48947394 -0.29902896 0.819144010
vn -0.28229237 -0.85946953 0.426172584
vn -0.48950028 -0.2989563 0.819154739
vn -0.28229237 -0.85946953 0.426172584
vn 0.057529121 -0.98463142 -0.16489805
vn -0.28229237 -0.85946953 0.426172584
vn 0.057486642 -0.98463941 -0.1648649
vn 0.410511165 -0.53316617 -0.73973942
vn 0.057399667 -0.98467314 -0.16469423
vn 0.410511165 -0.53316617 -0.73973942
vn 0.489468306 0.299041718 -0.8191427
vn 0.410511165 -0.53316617 -0.73973942
vn 0.489474594 0.299151629 -0.81909883
vn 0.282290369 0.859477162 -0.42615849
vn 0.489437937 0.299482226 -0.81899995
vn 0.282290369 0.859477162 -0.42615849
vn -0.05783947 0.984522938 0.165436118
vn 0.282290369 0.859477162 -0.42615849
vn -0.05844378 0.984309732 0.166489094
vn -0.41050395 0.533172667 0.739738762
vn -0.06007307 0.983746230 0.169218152
vn -0.41050395 0.533172667 0.739738762
vn -0.49080956 -0.28843251 0.822139084
vn -0.06346621 0.982525110 0.174975797
vn -0.05747368 0.984646678 0.164825990
vn 0.063521809 -0.98250866 -0.17504764
vn -0.91803628 0.392330527 0.057325307
vn -0.41049853 0.533150315 0.739757955
vn -0.91858625 0.391372263 0.055018283
vn -0.41050395 0.533172667 0.739738762
vn -0.91925579 0.390201389 0.052073486
vn -0.41050395 0.533172667 0.739738762
vn -0.41049853 0.533150315 0.739757955
vn -0.41050395 0.533172667 0.739738762
vn -0.41050395 0.533172667 0.739738762
vn 0.277135878 0.340361386 0.898526489
vn 0.282907038 0.337661653 0.897746205
vn 0.779398381 0.005141359 0.626507461
vn 0.779398381 0.005141359 0.626507461
vn 0.919460713 -0.3898313 -0.05122027
vn 0.918452858 -0.3916086 -0.05556092
vn 0.410511165 -0.53316617 -0.73973942
vn 0.410511165 -0.53316617 -0.73973942
vn 0.410511165 -0.53316617 -0.73973942
vn 0.410511165 -0.53316617 -0.73973942
vn 0.410511165 -0.53316617 -0.73973942
vn 0.410511165 -0.53316617 -0.73973942
vn -0.27312613 -0.34221223 -0.89905119
vn -0.27389604 -0.34185991 -0.89895093
vn -0.27762765 -0.34013161 -0.8984617
vn -0.77939206 -0.00516014 -0.62651527
vn -0.77939206 -0.00516014 -0.62651527
vn -0.77939206 -0.00516014 -0.62651527
vn -0.27310151 -0.34220895 -0.89905983
vn -0.77939206 -0.00516014 -0.62651527
vn -0.91972375 0.389361679 0.050056096
vn -0.77939206 -0.00516014 -0.62651527
vn -0.91996896 0.388916552 0.049000978
vn -0.41050395 0.533172667 0.739738762
vn -0.9200536 0.388761460 0.048640996
vn -0.41050395 0.533172667 0.739738762
vn -0.41050395 0.533172667 0.739738762
vn -0.41050395 0.533172667 0.739738762
vn 0.273694187 0.341950416 0.898977935
vn 0.274645358 0.341509610 0.898855388
vn 0.779398381 0.005141359 0.626507461
vn 0.779398381 0.005141359 0.626507461
vn 0.920008719 -0.38884464 -0.04882416
vn 0.919891715 -0.38905901 -0.04931937
vn 0.410511165 -0.53316617 -0.73973942
vn 0.410511165 -0.53316617 -0.73973942
vn 0.410511165 -0.53316617 -0.73973942
vn 0.410511165 -0.53316617 -0.73973942
vn -0.27339584 -0.34207696 -0.89902061
vn -0.27315798 -0.34218702 -0.89905095
vn -0.77939206 -0.00516014 -0.62651527
vn -0.27395993 -0.34180951 -0.89895058
vn -0.77939206 -0.00516014 -0.62651527
vn -0.92002797 0.388810575 0.048733264
vn -0.77939206 -0.00516014 -0.62651527
vn -0.91986126 0.389111489 0.049471490
vn -0.41050395 0.533172667 0.739738762
vn -0.41049853 0.533150315 0.739757955
vn -0.41050395 0.533172667 0.739738762
vn -0.41049853 0.533150315 0.739757955
vn 0.273701548 0.341922015 0.898986578
vn 0.273431837 0.342057347 0.899017214
vn 0.77940166 0.005170434 0.626503348
vn 0.779398381 0.005141359 0.626507461
vn 0.919612526 -0.38956076 -0.05054992
vn 0.919933438 -0.38898027 -0.04915953
vn 0.410511165 -0.53316617 -0.73973942
vn 0.410511165 -0.53316617 -0.73973942
vn 0.410511165 -0.53316617 -0.73973942
vn 0.410511165 -0.53316617 -0.73973942
vn -0.27523729 -0.34121102 -0.89878786
vn 0.410511165 -0.53316617 -0.73973942
vn -0.27772763 -0.34006193 -0.89845711
vn -0.77939206 -0.00516014 -0.62651527
vn -0.28177625 -0.33819604 -0.8979007
vn -0.77939206 -0.00516014 -0.62651527
vn -0.91881096 0.390978634 0.054056409
vn -0.91950607 0.389748454 0.051037080
vn -0.41049853 0.533150315 0.739757955
vn -0.41050395 0.533172667 0.739738762
vn -0.41050395 0.533172667 0.739738762
vn 0.275209337 0.341241776 0.898784637
vn 0.779379785 0.005141534 0.626530706
vn 0.918671250 -0.39122546 -0.05464194
vn 0.410511165 -0.53316617 -0.73973942
vn 0.410511165 -0.53316617 -0.73973942
vn 0.410511165 -0.53316617 -0.73973942
vn -0.28685671 -0.33582065 -0.89718324
vn -0.77939206 -0.00516014 -0.62651527
vn -0.91753387 0.393188953 0.059447180
vn -0.41049853 0.533150315 0.739757955
vn -0.06092694 0.628816127 -0.77516323
vn 0.477194428 0.431780487 -0.76540911
vn 0.298268586 -0.20792557 -0.93155932
vn -0.33390403 0.223802745 -0.91565293
vn -0.76370066 0.520542562 -0.38183349
vn -0.29406691 0.896115779 -0.33241725
vn 0.370835870 0.915804445 -0.1542175
vn -0.86278307 -0.23223458 0.449079662
vn -0.70539385 0.491064310 0.511150956
vn -0.76370066 0.520542562 -0.38183349
vn -0.84918922 -0.48868719 -0.20015635
vn -0.34407327 -0.93769568 0.048377007
vn -0.47508752 -0.53816855 0.696179926
vn -0.29432902 0.218303471 0.930437505
vn -0.49657699 -0.4952338 -0.71284986
vn -0.87069499 -0.46776384 -0.15194471
vn -0.76370066 0.520542562 -0.38183349
vn -0.24621144 0.158137351 -0.9562282
vn 0.294436633 -0.21831213 -0.93040144
vn -0.08468749 -0.83415771 -0.54498529
vn -0.37746188 -0.91419619 0.147539362
vn -0.39932013 0.872276723 0.282270550
vn 0.016640801 0.752729892 0.658119201
vn 0.335211783 0.941120743 -0.04387087
vn -0.29896069 0.906965255 -0.29670954
vn -0.76370066 0.520542562 -0.38183349
vn -0.75351274 0.517472922 0.405512332
vn -0.29817769 0.207748010 0.931628108
vn -0.27880111 0.219830244 0.934850096
vn -0.27914003 0.202243983 0.938710928
vn -0.16066387 0.776396155 0.609422683
vn -0.24926072 0.206755310 0.94610852
vn -0.36569127 0.760349631 0.536785125
vn -0.26628965 0.940550506 -0.21084261
vn 0.057859405 0.992906987 -0.10386543
vn -0.22406393 0.912305057 -0.34277532
vn 0.110540345 0.954246878 -0.2778376
vn 0.021789092 0.436028868 -0.89966887
vn 0.275131791 0.449757635 -0.84971792
vn 0.250790625 -0.20656058 -0.94574672
vn 0.279712706 -0.20234953 -0.93851775
vn 0.259813249 -0.22481488 -0.93912482
vn 0.279310792 -0.22002737 -0.93465149
vn 0.291491538 -0.85863417 -0.42163974
vn 0.086182072 -0.87463254 -0.47706455
vn 0.134673908 -0.93573904 0.325968444
vn -0.1495142 -0.95515782 0.255575805
vn 0.175548940 -0.96504545 0.194601640
vn -0.10147429 -0.98882681 0.109199300
vn -0.05317197 -0.54997677 0.833485603
vn -0.28015834 -0.57983679 0.765049338
vn -0.2586914 0.224945068 0.939403235
vn 0.109026357 -0.47390556 0.873800158
vn -0.23644194 0.236970260 0.942305803
vn -0.2203483 0.220456287 0.950181961
vn -0.20826863 0.257753521 0.943497419
vn -0.18773104 0.238928049 0.952717423
vn -0.45432383 0.763061523 0.459703296
vn -0.46130112 0.740439951 0.488825053
vn -0.44247353 0.837815761 -0.31981537
vn -0.42775017 0.858002245 -0.28436249
vn -0.44634745 0.840535163 -0.30704176
vn -0.41186431 0.847630798 -0.3344996
vn -0.19909389 0.432911753 -0.87917519
vn -0.13848934 0.418639034 -0.89753103
vn 0.192146673 -0.23725887 -0.95225412
vn 0.222135856 -0.21954687 -0.94997627
vn 0.212712660 -0.25438821 -0.94341928
vn 0.237927794 -0.2359715 -0.94218242
vn 0.475575029 -0.77027011 -0.42486739
vn 0.434407711 -0.80416548 -0.40571895
vn 0.440994501 -0.8385092 0.320041090
vn 0.349275201 -0.87330723 0.339619517
vn 0.444989025 -0.84158802 0.306127995
vn 0.372705310 -0.8898145 0.263288527
vn 0.169095873 -0.40652597 0.897854805
vn 0.416883111 -0.84556156 0.33351776
vn 0.163031548 -0.36828458 0.915307164
vn -0.16806953 0.287316471 0.942975044
vn 0.116816811 -0.36704811 0.922837793
vn -0.10346768 0.321249008 0.941325426
vn -0.08249212 0.278385847 0.956920266
vn -0.14360486 0.260268360 0.954797387
vn -0.23404241 0.867351293 0.439233034
vn -0.37971678 0.812289118 0.442720443
vn -0.22921242 0.902782201 -0.36393124
vn -0.37429616 0.861909627 -0.34207341
vn -0.23969761 0.935733616 -0.25874254
vn -0.38447106 0.879357218 -0.28091446
vn -0.12413947 0.491686016 -0.8618784
vn -0.19093961 0.466764509 -0.86352354
vn 0.085134647 -0.27761003 -0.95691425
vn 0.149181902 -0.25902236 -0.95428097
vn 0.107569903 -0.31693807 -0.94232643
vn 0.173378706 -0.28202519 -0.94361097
vn 0.296824067 -0.83078808 -0.47083622
vn 0.431290864 -0.78150153 -0.45082542
vn 0.300544738 -0.91606987 0.265497386
vn 0.427501976 -0.85542905 0.292375028
vn 0.283845931 -0.88872123 0.360008269
vn 0.000010232 -0.96729046 0.253671407
vn -0.00001256 -0.92568564 0.378293603
vn 0.000004109 -0.37459028 0.927190423
vn -0.00000455 0.338995933 0.940787792
vn 0.000001847 0.285470336 0.958387434
vn -0.00000435 0.897761821 0.440481334
vn 0.000001206 0.926512956 -0.37626293
vn 0.000000383 0.968540310 -0.24885656
vn 0.000007059 0.498474061 -0.86690456
vn 0.000004904 -0.28443092 -0.95869648
vn -0.00000102 -0.33575717 -0.94194853
vn -0.00000709 -0.87395918 -0.48599926
vn -0.47511795 -0.14445183 0.867984235
vn -0.09299906 0.149436518 -0.98438811
vn -0.32715061 -0.60535723 0.725613594
vn -0.77939039 0.005160885 0.626517295
vn -0.91755861 -0.39314544 -0.05935235
vn -0.5043903 -0.83417785 0.223019719
vn -0.06140183 -0.98327398 -0.17147027
vn 0.282288163 -0.85947967 0.426155209
vn -0.41050673 -0.53315961 -0.73974669
vn 0.410506725 0.533159613 0.739746689
vn 0.410506725 0.533159613 0.739746689
vn 0.916032254 0.395695567 0.065649680
vn 0.747010052 0.220048487 0.627339243
vn 0.410506725 0.533159613 0.739746689
vn 0.410506725 0.533159613 0.739746689
vn 0.488215476 -0.30865872 0.816318273
vn 0.410506725 0.533159613 0.739746689
vn 0.767463505 -0.62440747 -0.14531067
vn 0.282288163 -0.85947967 0.426155209
vn 0.779390394 -0.00516089 -0.6265173
vn 0.057708017 0.984566330 0.165223836
vn -0.28228816 0.859479665 -0.42615521
vn -0.76313889 0.631707072 0.136253878
vn -0.40245473 0.771174073 0.493275404
vn -0.28992707 0.334383457 0.896732986
vn 0.410506725 0.533159613 0.739746689
vn -0.77939039 0.005160885 0.626517295
vn 0.280907422 -0.33860078 -0.89802039
vn -0.01070196 -0.72952944 -0.68386567
vn -0.0640549 -0.98231202 -0.17595446
vn -0.41050673 -0.53315961 -0.73974669
vn -0.41050673 -0.53315961 -0.73974669
vn -0.41050673 -0.53315961 -0.73974669
vn -0.41050673 -0.53315961 -0.73974669
vn -0.41050673 -0.53315961 -0.73974669
vn -0.49282256 0.271382957 -0.82672679
vn -0.91254842 0.237668916 -0.33281976
vn -0.91561109 -0.39638308 -0.06735516
vn -0.41050673 -0.53315961 -0.73974669
vn 0.356383711 0.581654489 -0.73121047
vn 0.779390394 -0.00516089 -0.6265173
vn 0.916875600 0.394298374 0.062193844
vn 0.559470415 0.764361262 0.320538431
vn 0.049158409 0.987348675 0.150751933
vn -0.28228816 0.859479665 -0.42615521
vn 0.410506725 0.533159613 0.739746689
vn 0.410506725 0.533159613 0.739746689
vn 0.410506725 0.533159613 0.739746689
vn 0.410506725 0.533159613 0.739746689
vn 0.410506725 0.533159613 0.739746689
vn 0.410506725 0.533159613 0.739746689
vn 0.410506725 0.533159613 0.739746689
vn -0.28154442 0.338304430 0.897932529
vn 0.010552471 0.730046808 0.683315634
vn -0.77939039 0.005160885 0.626517295
vn -0.7675457 0.624265670 0.145485162
vn -0.28228816 0.859479665 -0.42615521
vn 0.063069000 0.982672870 0.174288347
vn 0.410506725 0.533159613 0.739746689
vn 0.410506725 0.533159613 0.739746689
vn 0.410506725 0.533159613 0.739746689
vn -0.41050673 -0.53315961 -0.73974669
vn -0.41050673 -0.53315961 -0.73974669
vn -0.4885093 0.306461960 -0.81696987
vn -0.74677414 -0.22150329 -0.6271081
vn -0.91598713 -0.39576963 -0.06583325
vn -0.41050673 -0.53315961 -0.73974669
vn -0.41050673 -0.53315961 -0.73974669
vn -0.41050673 -0.53315961 -0.73974669
vn 0.763229906 -0.63155669 -0.13644202
vn 0.282288163 -0.85947967 0.426155209
vn -0.05662777 -0.98493403 -0.16339642
vn 0.403494268 -0.77162814 -0.49171385
vn 0.290661931 -0.33403772 -0.89662385
vn 0.779390394 -0.00516089 -0.6265173
vn -0.41050673 -0.53315961 -0.73974669
vn 0.492890715 -0.27077875 0.826884329
vn 0.913056731 -0.23627301 0.332419097
vn 0.915594518 0.396410018 0.067422069
vn 0.410506725 0.533159613 0.739746689
vn 0.410506725 0.533159613 0.739746689
vn 0.410506725 0.533159613 0.739746689
vn 0.490822434 -0.2883684 0.822153925
vn 0.185802936 0.167428404 0.968217372
vn 0.282288163 -0.85947967 0.426155209
vn -0.35643014 -0.58161575 0.731218576
vn 0.410506725 0.533159613 0.739746689
vn 0.410506725 0.533159613 0.739746689
vn -0.29402369 0.332452356 0.896116972
vn 0.410506725 0.533159613 0.739746689
vn -0.77939039 0.005160885 0.626517295
vn -0.91681427 -0.39440084 -0.06244693
vn -0.55927908 -0.76478815 -0.31985307
vn -0.41050673 -0.53315961 -0.73974669
vn -0.41050673 -0.53315961 -0.73974669
vn -0.41050673 -0.53315961 -0.73974669
vn -0.41050673 -0.53315961 -0.73974669
vn -0.04839214 -0.98758376 -0.14945392
vn -0.41050673 -0.53315961 -0.73974669
vn 0.286614894 -0.33593762 -0.89721674
vn -0.41050673 -0.53315961 -0.73974669
vn -0.48891509 0.303392589 -0.81787223
vn 0.073617883 0.227201864 -0.97106111
vn 0.325964868 0.606292307 -0.72536659
vn 0.779390394 -0.00516089 -0.6265173
vn -0.28228816 0.859479665 -0.42615521
vn 0.917488515 0.393264830 0.059646081
vn 0.503924667 0.834472894 -0.22296825
vn 0.061915457 0.983090043 0.172338530
vn 0.410506725 0.533159613 0.739746689
vn -0.41050673 -0.53315961 -0.73974669
vn -0.41050673 -0.53315961 -0.73974669
vn 0.293860912 -0.33252922 -0.89614177
vn -0.18591794 -0.16687985 -0.96829003
vn -0.49062103 0.290004491 -0.82169849
vn -0.41050673 -0.53315961 -0.73974669
vn -0.41050673 -0.53315961 -0.73974669
vn -0.41050673 -0.53315961 -0.73974669
vn 0.489067614 -0.30222774 0.818212211
vn 0.410506725 0.533159613 0.739746689
vn -0.28628594 0.336091637 0.897264063
vn -0.07426041 -0.22455776 0.971627116
vn 0.489469140 -0.29913282 0.819108963
vn 0.282288163 -0.85947967 0.426155209
vn 0.282288163 -0.85947967 0.426155209
vn 0.489089638 -0.3020598 0.818261206
vn -0.06288049 -0.98274136 -0.17396976
vn -0.0636353 -0.98246604 -0.17524537
vn -0.06347854 -0.98252338 -0.17498048
vn 0.282288163 -0.85947967 0.426155209
vn -0.06022713 -0.98369092 -0.16948421
vn 0.282288163 -0.85947967 0.426155209
vn -0.41050673 -0.53315961 -0.73974669
vn -0.41050673 -0.53315961 -0.73974669
vn -0.05852776 -0.98428422 -0.1666104
vn -0.49079281 0.288609415 -0.82208705
vn -0.4901576 0.293723106 -0.82065362
vn -0.28228816 0.859479665 -0.42615521
vn -0.28228816 0.859479665 -0.42615521
vn 0.051796000 0.986521303 0.155218690
vn 0.054800242 0.985545337 0.160304084
vn 0.410506725 0.533159613 0.739746689
vn 0.410506725 0.533159613 0.739746689
vn 0.489062130 -0.30226973 0.818199992
vn 0.489311426 -0.30035368 0.818756401
vn 0.488585919 -0.30588552 0.817140102
vn 0.282288163 -0.85947967 0.426155209
vn 0.282288163 -0.85947967 0.426155209
vn 0.489422947 -0.29949114 0.819005608
vn -0.05786654 -0.98451203 -0.16549197
vn -0.05764614 -0.98458755 -0.16511916
vn 0.282288163 -0.85947967 0.426155209
vn -0.41050673 -0.53315961 -0.73974669
vn -0.41050673 -0.53315961 -0.73974669
vn -0.48973548 0.297055542 -0.81970555
vn -0.48957905 0.298277527 -0.81935507
vn -0.28228816 0.859479665 -0.42615521
vn -0.28228816 0.859479665 -0.42615521
vn 0.056501090 0.984976768 0.16318205
vn 0.057162430 0.984752595 0.164300888
vn 0.410506725 0.533159613 0.739746689
vn 0.410506725 0.533159613 0.739746689
vn 0.489463716 -0.2991749 0.819096863
vn 0.489479988 -0.29904878 0.819133222
vn 0.410506725 0.533159613 0.739746689
vn 0.282288163 -0.85947967 0.426155209
vn 0.282288163 -0.85947967 0.426155209
vn 0.489485383 -0.29900673 0.819145381
vn -0.05757232 -0.98461276 -0.16499431
vn -0.05753044 -0.98462713 -0.16492344
vn -0.41050673 -0.53315961 -0.73974669
vn -0.41050673 -0.53315961 -0.73974669
vn -0.48952225 0.298720061 -0.81922781
vn -0.48950061 0.298888236 -0.81917948
vn -0.28228816 0.859479665 -0.42615521
vn -0.28228816 0.859479665 -0.42615521
vn 0.057403788 0.984670281 0.164709240
vn 0.057487599 0.984641730 0.164850994
vn 0.410506725 0.533159613 0.739746689
vn 0.410506725 0.533159613 0.739746689
vn 0.057519480 0.984630763 0.164904922
vn 0.489490747 -0.29896468 0.819157421
vn 0.489490747 -0.29896468 0.819157421
vn 0.410506725 0.533159613 0.739746689
vn 0.282288163 -0.85947967 0.426155209
vn 0.282288163 -0.85947967 0.426155209
vn -0.05753044 -0.98462713 -0.16492344
vn -0.0575095 -0.98463428 -0.16488801
vn -0.41050673 -0.53315961 -0.73974669
vn -0.41050673 -0.53315961 -0.73974669
vn -0.48949239 0.298952281 -0.81916094
vn -0.48948154 0.299036324 -0.81913674
vn -0.28228816 0.859479665 -0.42615521
vn -0.28228816 0.859479665 -0.42615521
vn 0.057561382 0.984616518 0.164975822
vn 0.057624224 0.984595060 0.165082097
vn -0.28228816 0.859479665 -0.42615521
vn 0.410506725 0.533159613 0.739746689
vn 0.410506725 0.533159613 0.739746689
vn 0.057833690 0.984523177 0.165436446
vn 0.489496171 -0.29892266 0.819169580
vn 0.489509850 -0.29881656 0.819200098
vn 0.282288163 -0.85947967 0.426155209
vn 0.282288163 -0.85947967 0.426155209
vn -0.05747759 -0.98464519 -0.16483407
vn -0.0573938 -0.98467374 -0.16469228
vn -0.41050673 -0.53315961 -0.73974669
vn -0.41050673 -0.53315961 -0.73974669
vn -0.48946536 0.299162477 -0.81910038
vn -0.48942456 0.299478769 -0.81900924
vn -0.28228816 0.859479665 -0.42615521
vn -0.28228816 0.859479665 -0.42615521
vn -0.48929927 0.300447315 -0.81872934
vn 0.058411184 0.984324514 0.166413202
vn 0.059901177 0.983805596 0.168933033
vn -0.28228816 0.859479665 -0.42615521
vn 0.410506725 0.533159613 0.739746689
vn 0.410506725 0.533159613 0.739746689
vn 0.489553093 -0.29848015 0.819296896
vn 0.489666611 -0.29759488 0.819551050
vn 0.282288163 -0.85947967 0.426155209
vn 0.282288163 -0.85947967 0.426155209
vn -0.05715244 -0.98475599 -0.16428399
vn -0.05647016 -0.98498726 -0.16312975
vn -0.41050673 -0.53315961 -0.73974669
vn -0.41050673 -0.53315961 -0.73974669
vn -0.48895913 0.303056895 -0.81797034
vn -0.48839167 0.307343870 -0.81670886
vn -0.41050673 -0.53315961 -0.73974669
vn -0.28228816 0.859479665 -0.42615521
vn 0.062670290 0.982817649 0.173614487
vn 0.410506725 0.533159613 0.739746689
vn 0.489996433 -0.29500133 0.820291280
vn 0.490721136 -0.28919283 0.821924805
vn 0.282288163 -0.85947967 0.426155209
vn 0.282288163 -0.85947967 0.426155209
vn -0.05478038 -0.98555189 -0.16027044
vn -0.05159765 -0.98658454 -0.15488282
vn -0.0531312 -0.98609197 -0.15747911
vn 0.282288163 -0.85947967 0.426155209
vn -0.05552553 -0.98530424 -0.16153142
vn 0.282288163 -0.85947967 0.426155209
vn 0.491785764 -0.28036174 0.824344635
vn 0.491111367 -0.28599837 0.822808921
vn 0.410506725 0.533159613 0.739746689
vn -0.27761325 0.340129196 0.898467004
vn 0.410506725 0.533159613 0.739746689
vn -0.27398565 0.341805130 0.898944497
vn 0.410506725 0.533159613 0.739746689
vn -0.27315551 0.342187613 0.899051547
vn 0.410506725 0.533159613 0.739746689
vn 0.410506725 0.533159613 0.739746689
vn 0.410506725 0.533159613 0.739746689
vn 0.918448090 0.391615033 0.055593993
vn 0.91941607 0.389909714 0.051424495
vn 0.779390394 -0.00516089 -0.6265173
vn 0.779390394 -0.00516089 -0.6265173
vn 0.283041864 -0.337607 -0.89772421
vn 0.277382820 -0.34023589 -0.89849782
vn -0.41050673 -0.53315961 -0.73974669
vn -0.41050673 -0.53315961 -0.73974669
vn -0.41050673 -0.53315961 -0.73974669
vn -0.41050673 -0.53315961 -0.73974669
vn -0.41050673 -0.53315961 -0.73974669
vn -0.41050673 -0.53315961 -0.73974669
vn -0.91844743 -0.39161611 -0.05559667
vn -0.91914761 -0.39038697 -0.05258946
vn -0.9180187 -0.39235833 -0.05741742
vn -0.77939039 0.005160885 0.626517295
vn -0.77939039 0.005160885 0.626517295
vn -0.77939039 0.005160885 0.626517295
vn -0.77939039 0.005160885 0.626517295
vn -0.91967684 -0.38944277 -0.05028625
vn -0.27308804 0.342218697 0.899060249
vn -0.27315551 0.342187613 0.899051547
vn -0.77939039 0.005160885 0.626517295
vn 0.410506725 0.533159613 0.739746689
vn 0.410506725 0.533159613 0.739746689
vn -0.27340972 0.342070519 0.899018883
vn 0.410506725 0.533159613 0.739746689
vn 0.410506725 0.533159613 0.739746689
vn 0.919879853 0.389077365 0.049396224
vn 0.920004248 0.388852119 0.048848245
vn 0.779390394 -0.00516089 -0.6265173
vn 0.779390394 -0.00516089 -0.6265173
vn 0.274722486 -0.34146538 -0.89884877
vn 0.273705691 -0.34193411 -0.89898068
vn -0.41050673 -0.53315961 -0.73974669
vn -0.41050673 -0.53315961 -0.73974669
vn -0.41050673 -0.53315961 -0.73974669
vn -0.41050673 -0.53315961 -0.73974669
vn -0.91995203 -0.38894668 -0.0490783
vn -0.92005575 -0.38875875 -0.04862114
vn -0.77939039 0.005160885 0.626517295
vn -0.77939039 0.005160885 0.626517295
vn -0.92002964 -0.38880605 -0.04873617
vn -0.27400365 0.341796815 0.898942112
vn -0.27527457 0.341210514 0.898776531
vn -0.77939039 0.005160885 0.626517295
vn 0.410506725 0.533159613 0.739746689
vn 0.410506725 0.533159613 0.739746689
vn 0.410506725 0.533159613 0.739746689
vn 0.410506725 0.533159613 0.739746689
vn 0.919926583 0.388992726 0.049190409
vn 0.919583439 0.389610558 0.050695009
vn 0.779390394 -0.00516089 -0.6265173
vn 0.779390394 -0.00516089 -0.6265173
vn 0.273451477 -0.34205127 -0.89901346
vn 0.273705691 -0.34193411 -0.89898068
vn -0.41050673 -0.53315961 -0.73974669
vn -0.41050673 -0.53315961 -0.73974669
vn -0.41050673 -0.53315961 -0.73974669
vn -0.41050673 -0.53315961 -0.73974669
vn -0.91987973 -0.38907731 -0.04939624
vn -0.91954112 -0.38968626 -0.05087951
vn -0.41050673 -0.53315961 -0.73974669
vn -0.77939039 0.005160885 0.626517295
vn -0.77939039 0.005160885 0.626517295
vn -0.91889942 -0.39082524 -0.05366058
vn -0.27779984 0.340042769 0.898442089
vn -0.2818993 0.338139295 0.897883355
vn 0.410506725 0.533159613 0.739746689
vn 0.410506725 0.533159613 0.739746689
vn 0.410506725 0.533159613 0.739746689
vn 0.918640017 0.391280382 0.054774221
vn 0.779390394 -0.00516089 -0.6265173
vn 0.275095850 -0.34129301 -0.89879996
vn -0.41050673 -0.53315961 -0.73974669
vn -0.41050673 -0.53315961 -0.73974669
vn -0.41050673 -0.53315961 -0.73974669
vn -0.91761279 -0.39305329 -0.05912548
vn -0.77939039 0.005160885 0.626517295
vn -0.28675956 0.335869878 0.897195816
vn 0.410506725 0.533159613 0.739746689
vn 0.063519738 0.982508420 0.175050094
vn -0.28228816 0.859479665 -0.42615521
vn -0.4895547 0.298467725 -0.81930047
vn -0.28228816 0.859479665 -0.42615521
vn 0.063760973 0.982419967 0.175457775
vn -0.48914883 0.301605492 -0.81839329
vn -0.48862091 0.305621594 -0.81721783
vn -0.28228816 0.859479665 -0.42615521
vn -0.48908016 0.302131384 -0.81824023
vn -0.28228816 0.859479665 -0.42615521
vn -0.41050673 -0.53315961 -0.73974669
vn -0.05151386 -0.98661119 -0.154741
vn -0.41050673 -0.53315961 -0.73974669
vn -0.4893184 0.300299257 -0.81877208
vn -0.05486414 -0.98552412 -0.16041221
vn 0.282288163 -0.85947967 0.426155209
vn 0.282288163 -0.85947967 0.426155209
vn -0.05651207 -0.98497301 -0.16320062
vn -0.41050673 -0.53315961 -0.73974669
vn 0.282288163 -0.85947967 0.426155209
vn 0.490103006 -0.29415697 0.820530772
vn 0.489728540 -0.29711005 0.819689929
vn 0.282288163 -0.85947967 0.426155209
vn -0.05717338 -0.9847489 -0.16431943
vn 0.489574700 -0.29831192 0.819345295
vn 0.410506725 0.533159613 0.739746689
vn 0.410506725 0.533159613 0.739746689
vn 0.489520639 -0.29873246 0.819224238
vn 0.282288163 -0.85947967 0.426155209
vn 0.410506725 0.533159613 0.739746689
vn 0.057645168 0.984587788 0.165117502
vn 0.057561382 0.984616518 0.164975822
vn 0.410506725 0.533159613 0.739746689
vn 0.489499002 -0.29890066 0.819175779
vn 0.057529471 0.984627306 0.164921820
vn -0.28228816 0.859479665 -0.42615521
vn -0.28228816 0.859479665 -0.42615521
vn 0.057519480 0.984630763 0.164904922
vn 0.410506725 0.533159613 0.739746689
vn -0.28228816 0.859479665 -0.42615521
vn -0.48948693 0.298994302 -0.81914884
vn -0.48948982 0.298972338 -0.81915522
vn -0.28228816 0.859479665 -0.42615521
vn 0.057508535 0.984634637 0.164886429
vn -0.48949239 0.298952281 -0.81916094
vn -0.41050673 -0.53315961 -0.73974669
vn -0.41050673 -0.53315961 -0.73974669
vn -0.48949784 0.298910230 -0.81917316
vn -0.28228816 0.859479665 -0.42615521
vn -0.41050673 -0.53315961 -0.73974669
vn -0.05755139 -0.98461992 -0.16495889
vn -0.05763518 -0.98459125 -0.16510063
vn -0.41050673 -0.53315961 -0.73974669
vn -0.48951146 0.298804134 -0.81920367
vn -0.05783465 -0.98452294 -0.16543807
vn 0.282288163 -0.85947967 0.426155209
vn 0.282288163 -0.85947967 0.426155209
vn -0.05841211 -0.98432428 -0.16641475
vn -0.41050673 -0.53315961 -0.73974669
vn 0.282288163 -0.85947967 0.426155209
vn 0.489422947 -0.29949114 0.819005608
vn 0.489297658 -0.30045971 0.818725645
vn 0.282288163 -0.85947967 0.426155209
vn -0.06018525 -0.98370564 -0.16941336
vn 0.488921582 -0.30334309 0.817886710
vn 0.410506725 0.533159613 0.739746689
vn 0.410506725 0.533159613 0.739746689
vn 0.488184422 -0.30889001 0.816249370
vn 0.282288163 -0.85947967 0.426155209
vn 0.410506725 0.533159613 0.739746689
vn 0.056480124 0.984983861 0.163146615
vn 0.054758358 0.985559165 0.160233154
vn 0.051428891 0.986638188 0.154597088
vn -0.28228816 0.859479665 -0.42615521
vn -0.28228816 0.859479665 -0.42615521
vn 0.053067244 0.986112773 0.157370835
vn -0.28228816 0.859479665 -0.42615521
vn -0.49072784 0.289138138 -0.82193995
vn -0.49110261 0.286070585 -0.82278907
vn -0.28228816 0.859479665 -0.42615521
vn 0.056060183 0.985125243 0.162436083
vn -0.49177718 0.280434012 -0.82432508
vn -0.48998201 0.295115262 -0.82025886
vn -0.41050673 -0.53315961 -0.73974669
vn -0.4896735 0.297540366 -0.81956661
vn -0.41050673 -0.53315961 -0.73974669
vn -0.28228816 0.859479665 -0.42615521
vn -0.28228816 0.859479665 -0.42615521
vn -0.48954925 0.298509776 -0.81928831
vn 0.057141482 0.984759688 0.164265468
vn 0.057382855 0.984677493 0.164673790
vn -0.28228816 0.859479665 -0.42615521
vn 0.410506725 0.533159613 0.739746689
vn 0.489466309 -0.29915482 0.819102644
vn 0.410506725 0.533159613 0.739746689
vn 0.489482790 -0.29902682 0.819139599
vn 0.410506725 0.533159613 0.739746689
vn 0.282288163 -0.85947967 0.426155209
vn 0.282288163 -0.85947967 0.426155209
vn 0.489490747 -0.29896468 0.819157421
vn -0.05753044 -0.98462713 -0.16492344
vn -0.05748855 -0.98464149 -0.16485259
vn 0.282288163 -0.85947967 0.426155209
vn -0.41050673 -0.53315961 -0.73974669
vn -0.41050673 -0.53315961 -0.73974669
vn -0.05740476 -0.98467004 -0.16471085
vn -0.48948154 0.299036324 -0.81913674
vn -0.48946536 0.299162477 -0.81910038
vn -0.41050673 -0.53315961 -0.73974669
vn -0.28228816 0.859479665 -0.42615521
vn -0.28228816 0.859479665 -0.42615521
vn -0.48942456 0.299478769 -0.81900924
vn 0.057844638 0.984519481 0.165454953
vn 0.058443084 0.984313488 0.166467189
vn -0.28228816 0.859479665 -0.42615521
vn 0.410506725 0.533159613 0.739746689
vn 0.410506725 0.533159613 0.739746689
vn 0.060058701 0.983750224 0.169199407
vn 0.490812003 -0.28845286 0.822130441
vn 0.063477844 0.982523739 0.174979314
vn 0.057466652 0.984648942 0.164815530
vn -0.06352043 -0.98250812 -0.17505129
vn 0.410506725 0.533159613 0.739746689
vn 0.918040633 0.392320305 0.057324066
vn 0.410506725 0.533159613 0.739746689
vn 0.918581366 0.391382873 0.055025238
vn 0.410506725 0.533159613 0.739746689
vn 0.919269084 0.390171378 0.052063047
vn 0.410506725 0.533159613 0.739746689
vn 0.410506725 0.533159613 0.739746689
vn 0.410506725 0.533159613 0.739746689
vn -0.28291464 0.337666332 0.897742033
vn -0.27713886 0.34034881 0.898530304
vn -0.77939039 0.005160885 0.626517295
vn -0.77939039 0.005160885 0.626517295
vn -0.9184531 -0.3916063 -0.05557265
vn -0.91946274 -0.38982651 -0.05122157
vn -0.41050673 -0.53315961 -0.73974669
vn -0.41050673 -0.53315961 -0.73974669
vn -0.41050673 -0.53315961 -0.73974669
vn -0.41050673 -0.53315961 -0.73974669
vn -0.41050673 -0.53315961 -0.73974669
vn -0.41050673 -0.53315961 -0.73974669
vn 0.273892462 -0.34184811 -0.89895654
vn 0.273111671 -0.34220773 -0.89905715
vn 0.277603149 -0.34013388 -0.89846843
vn 0.779390394 -0.00516089 -0.6265173
vn 0.779390394 -0.00516089 -0.6265173
vn 0.779390394 -0.00516089 -0.6265173
vn 0.779390394 -0.00516089 -0.6265173
vn 0.273077994 -0.34222329 -0.8990615
vn 0.919729411 0.389348417 0.050056271
vn 0.919973373 0.388908147 0.048984509
vn 0.779390394 -0.00516089 -0.6265173
vn 0.410506725 0.533159613 0.739746689
vn 0.410506725 0.533159613 0.739746689
vn 0.920061290 0.388748765 0.048596948
vn 0.410506725 0.533159613 0.739746689
vn 0.410506725 0.533159613 0.739746689
vn -0.27464706 0.341500133 0.898858547
vn -0.27368197 0.341945052 0.898983717
vn -0.77939039 0.005160885 0.626517295
vn -0.77939039 0.005160885 0.626517295
vn -0.91989493 -0.38904992 -0.04932957
vn -0.92000908 -0.38884342 -0.04882701
vn -0.41050673 -0.53315961 -0.73974669
vn -0.41050673 -0.53315961 -0.73974669
vn -0.41050673 -0.53315961 -0.73974669
vn -0.41050673 -0.53315961 -0.73974669
vn 0.273145467 -0.34219217 -0.8990528
vn 0.273384004 -0.34208235 -0.89902216
vn 0.779390394 -0.00516089 -0.6265173
vn 0.779390394 -0.00516089 -0.6265173
vn 0.273959875 -0.34181702 -0.89894772
vn 0.920030355 0.388804823 0.048733178
vn 0.919864594 0.389104723 0.049462888
vn 0.779390394 -0.00516089 -0.6265173
vn 0.410506725 0.533159613 0.739746689
vn 0.410506725 0.533159613 0.739746689
vn 0.410506725 0.533159613 0.739746689
vn 0.410506725 0.533159613 0.739746689
vn -0.27344349 0.342054933 0.899014473
vn -0.27371573 0.341929525 0.898979365
vn -0.77939039 0.005160885 0.626517295
vn -0.77939039 0.005160885 0.626517295
vn -0.91993141 -0.38898402 -0.04916914
vn -0.91961944 -0.38954589 -0.05053747
vn -0.41050673 -0.53315961 -0.73974669
vn -0.41050673 -0.53315961 -0.73974669
vn -0.41050673 -0.53315961 -0.73974669
vn -0.41050673 -0.53315961 -0.73974669
vn 0.275230735 -0.34123075 -0.89878225
vn 0.277738004 -0.34007147 -0.89845031
vn -0.41050673 -0.53315961 -0.73974669
vn 0.779390394 -0.00516089 -0.6265173
vn 0.779390394 -0.00516089 -0.6265173
vn 0.281788229 -0.338191 -0.89789879
vn 0.919505059 0.389750868 0.051037039
vn 0.91881001 0.390982449 0.054045144
vn 0.410506725 0.533159613 0.739746689
vn 0.410506725 0.533159613 0.739746689
vn 0.410506725 0.533159613 0.739746689
vn -0.2752071 0.341241657 0.898785352
vn -0.77939039 0.005160885 0.626517295
vn -0.91867679 -0.39121604 -0.05461667
vn -0.41050673 -0.53315961 -0.73974669
vn -0.41050673 -0.53315961 -0.73974669
vn -0.41050673 -0.53315961 -0.73974669
vn 0.286868572 -0.3358188 -0.89718014
vn 0.779390394 -0.00516089 -0.6265173
vn 0.917537629 0.393181353 0.059440590
vn 0.410506725 0.533159613 0.739746689
vn 0.333922267 0.223812028 -0.91564411
vn -0.29828265 -0.20791632 -0.93155694
vn -0.47719106 0.431793510 -0.76540387
vn 0.060934875 0.628808558 -0.7751689
vn 0.294073939 0.896116137 -0.33241013
vn 0.763707757 0.520545780 -0.38181502
vn -0.3708331 0.915808558 -0.1541999
vn 0.849187135 -0.48870125 -0.20013118
vn 0.763707757 0.520545780 -0.38181502
vn 0.705384075 0.491057992 0.511170446
vn 0.862773656 -0.23223992 0.449094861
vn 0.475093543 -0.53817296 0.696172356
vn 0.344070702 -0.93769771 0.048356343
vn 0.294313013 0.218290135 0.930445730
vn 0.246210664 0.158125430 -0.95623052
vn 0.763707757 0.520545780 -0.38181502
vn 0.870692670 -0.46776482 -0.15195522
vn 0.496585935 -0.49523497 -0.71284264
vn 0.084693133 -0.83416033 -0.54498035
vn -0.29443771 -0.21830177 -0.93040353
vn 0.377460748 -0.91419894 0.147524759
vn 0.298953563 0.906957566 -0.29674035
vn -0.33523336 0.94111377 -0.0438565
vn -0.0166501 0.752729952 0.658118963
vn 0.399314969 0.872273981 0.282286435
vn 0.753516078 0.517463207 0.405518591
vn 0.763707757 0.520545780 -0.38181502
vn 0.298179566 0.207741752 0.931628882
vn 0.279148072 0.202245414 0.938708245
vn 0.278795778 0.219836160 0.934850215
vn 0.160683006 0.776391744 0.609423279
vn 0.365674048 0.760353863 0.536790847
vn 0.249261930 0.206759125 0.946107447
vn -0.05785574 0.992908656 -0.10385168
vn 0.266305536 0.940545141 -0.2108461
vn -0.11053722 0.954251825 -0.27782172
vn 0.224066615 0.912294328 -0.34280199
vn -0.27513617 0.449754685 -0.84971809
vn -0.02177871 0.436038345 -0.89966458
vn -0.27971625 -0.20234188 -0.93851823
vn -0.25079405 -0.20656799 -0.94574416
vn -0.27929974 -0.22002491 -0.93465537
vn -0.25981134 -0.22481447 -0.93912542
vn -0.08619191 -0.87463641 -0.47705588
vn -0.29149064 -0.85862052 -0.42166808
vn 0.149533271 -0.95516008 0.255555987
vn -0.13467461 -0.93574077 0.325962960
vn 0.101489462 -0.98882753 0.109179325
vn -0.1755496 -0.96504813 0.194587722
vn 0.280164122 -0.5798341 0.765049338
vn 0.053167928 -0.54994607 0.833506226
vn 0.258689314 0.224955007 0.939401447
vn 0.236447796 0.236964821 0.942305684
vn -0.10903838 -0.47390684 0.873797953
vn 0.220340013 0.220480024 0.950178325
vn 0.187731772 0.238939449 0.952714443
vn 0.208272725 0.257759988 0.943494737
vn 0.461305111 0.740440726 0.488820195
vn 0.454333037 0.763057231 0.459701180
vn 0.427734375 0.858006060 -0.28437471
vn 0.442483007 0.837814390 -0.31980598
vn 0.411867052 0.847628414 -0.33450195
vn 0.446346968 0.840526223 -0.30706671
vn 0.138478756 0.418631047 -0.89753652
vn 0.199105963 0.432920515 -0.87916815
vn -0.22214085 -0.21952891 -0.94997925
vn -0.19212785 -0.23727083 -0.95225489
vn -0.23793541 -0.23594379 -0.94218749
vn -0.2126967 -0.25440267 -0.94341904
vn -0.43442339 -0.8041451 -0.40574235
vn -0.47555399 -0.77026772 -0.42489532
vn -0.34926966 -0.87331718 0.339599281
vn -0.4409959 -0.8385151 0.320023685
vn -0.37271205 -0.88981402 0.263280957
vn -0.44498375 -0.84159195 0.306124717
vn -0.16911401 -0.40651184 0.897857666
vn -0.16303346 -0.36825511 0.915318667
vn -0.41687641 -0.84556103 0.333527267
vn 0.168075278 0.287315011 0.942974388
vn 0.103461131 0.321253508 0.941324591
vn -0.11683126 -0.36703873 0.922839701
vn 0.143599838 0.260268479 0.954798102
vn 0.082499973 0.278387010 0.956919252
vn 0.379696875 0.812286853 0.442741930
vn 0.234050869 0.867345392 0.439240455
vn 0.374289035 0.861911535 -0.34207636
vn 0.229218900 0.902788162 -0.36391228
vn 0.384494781 0.879343032 -0.28092647
vn 0.239686399 0.935731887 -0.25875902
vn 0.190938249 0.466762065 -0.86352521
vn 0.124135442 0.491688251 -0.86187756
vn -0.14917742 -0.25902393 -0.95428133
vn -0.08512955 -0.27761322 -0.95691377
vn -0.17334853 -0.28203487 -0.94361359
vn -0.1075673 -0.31693381 -0.94232816
vn -0.43130326 -0.78150392 -0.45080945
vn -0.29683205 -0.83078295 -0.47084004
vn -0.42750996 -0.85542363 0.292379081
vn -0.30054352 -0.91607124 0.26549384
vn -0.28384626 -0.88872212 0.360005915
vt 0.569248557 0.849245965
vt 0.565713703 0.889877915
vt 0.903708040 0.888686060
vt 0.903924405 0.932573676
vt 0.900351285 0.971515893
vt 0.033333536 0.01767838
vt 0.569825172 0.974945247
vt 0.299478769 0.021591961
vt 0.586243331 0.850779891
vt 0.584348976 0.869257092
vt 0.566958010 0.868587255
vt 0.334572374 0.039138913
vt 0.586304783 0.833202362
vt 0.582868993 0.890605568
vt 0.582824826 0.912102460
vt 0.565693378 0.912153244
vt 0.903973877 0.910548746
vt 0.886934697 0.910688638
vt 0.886517763 0.889153838
vt 0.884744346 0.867649138
vt 0.901957929 0.866484642
vt 0.902714729 0.954037845
vt 0.885442078 0.953018009
vt 0.886786937 0.931942522
vt 0.884068250 0.970867693
vt 0.050880480 0.017678260
vt 0.883226573 0.988784372
vt 0.882312834 0.849335253
vt 0.586466431 0.972408711
vt 0.317025095 0.021592080
vt 0.584522485 0.954469502
vt 0.583117246 0.933236539
vt 0.599986732 0.912003636
vt 0.600294053 0.932666599
vt 0.601725816 0.953504502
vt 0.617313802 0.932105183
vt 0.619117975 0.951813995
vt 0.620570540 0.970177412
vt 0.603586316 0.971895039
vt 0.622237622 0.986950874
vt 0.604394972 0.989319145
vt 0.619645476 0.852235615
vt 0.603262245 0.852648973
vt 0.618455112 0.870575845
vt 0.601200521 0.871187448
vt 0.617298781 0.891106307
vt 0.59996593 0.891372025
vt 0.617269098 0.911720395
vt 0.634677827 0.891874074
vt 0.634697735 0.911812245
vt 0.634844183 0.931990861
vt 0.652277708 0.911422908
vt 0.652771413 0.931031942
vt 0.653813600 0.950200974
vt 0.636471629 0.951305508
vt 0.655372619 0.967968940
vt 0.637866437 0.969987273
vt 0.657036602 0.984162032
vt 0.639258563 0.986457526
vt 0.655069589 0.854270100
vt 0.637217044 0.854666054
vt 0.653392732 0.872666657
vt 0.635924041 0.872468829
vt 0.652178585 0.891630649
vt 0.671220779 0.873561382
vt 0.670346081 0.892459094
vt 0.670111596 0.911468744
vt 0.688189208 0.892570614
vt 0.688486695 0.911240398
vt 0.688425838 0.929860711
vt 0.670625090 0.931057632
vt 0.689500749 0.948525190
vt 0.671892106 0.949732899
vt 0.690854907 0.965787291
vt 0.673436045 0.967539608
vt 0.691900551 0.981695592
vt 0.674239933 0.983883857
vt 0.690165042 0.857333838
vt 0.672327458 0.856751561
vt 0.689120948 0.873942196
vt 0.707670569 0.858702778
vt 0.707225322 0.875192821
vt 0.706357598 0.892891347
vt 0.724822104 0.875318348
vt 0.725023925 0.893024325
vt 0.725140869 0.910996258
vt 0.706570208 0.911782205
vt 0.725196361 0.929145932
vt 0.706836700 0.930269181
vt 0.725808501 0.947415590
vt 0.707534730 0.948179900
vt 0.726134181 0.964146792
vt 0.708658754 0.965464174
vt 0.726627767 0.979921042
vt 0.709275841 0.981664717
vt 0.725421547 0.858747422
vt 0.742008268 0.843354404
vt 0.742585003 0.859111368
vt 0.743275761 0.875077247
vt 0.760404646 0.85857445
vt 0.762004256 0.874310255
vt 0.762149632 0.891695141
vt 0.743704199 0.893402516
vt 0.762481570 0.910830974
vt 0.743901729 0.911633431
vt 0.762388825 0.929329216
vt 0.743890047 0.930358469
vt 0.761959493 0.947442591
vt 0.743691206 0.947575986
vt 0.761342167 0.963658213
vt 0.743739306 0.964206218
vt 0.761291205 0.979534804
vt 0.779038727 0.964164435
vt 0.779255509 0.980420291
vt 0.777976751 0.857351779
vt 0.794622361 0.839523971
vt 0.795685827 0.856316387
vt 0.797677516 0.872680127
vt 0.779711306 0.874345660
vt 0.798928856 0.891050517
vt 0.780626475 0.892849087
vt 0.799334585 0.910598158
vt 0.781030297 0.911298155
vt 0.799223125 0.929582715
vt 0.781144797 0.930194854
vt 0.798038303 0.948457360
vt 0.779840469 0.948153853
vt 0.796459436 0.965776383
vt 0.815676808 0.949157297
vt 0.814725041 0.966224968
vt 0.813162446 0.981379330
vt 0.832163929 0.967495083
vt 0.83129704 0.984327375
vt 0.830551087 0.852662682
vt 0.813133418 0.854901313
vt 0.832714319 0.870546937
vt 0.815235257 0.872391104
vt 0.834431827 0.890184581
vt 0.816859602 0.891601502
vt 0.835125505 0.910117924
vt 0.817392706 0.911281347
vt 0.834976494 0.930470347
vt 0.817242205 0.931341469
vt 0.833577871 0.950519442
vt 0.851897537 0.931292891
vt 0.850972831 0.950387597
vt 0.849076986 0.969112396
vt 0.867701828 0.951319515
vt 0.867355823 0.968923389
vt 0.865264535 0.984720766
vt 0.848631024 0.985808014
vt 0.865258097 0.849617302
vt 0.848242402 0.852193117
vt 0.867577076 0.868900895
vt 0.850187599 0.870727777
vt 0.869554579 0.889066040
vt 0.852165520 0.890397429
vt 0.869942963 0.910314440
vt 0.852643311 0.910932719
vt 0.869812369 0.931870758
vt 0.829532086 0.482758045
vt 0.871077597 0.477450370
vt 0.884085118 0.815662384
vt 0.928795874 0.813733220
vt 0.969685137 0.807586073
vt 0.260340452 0.048859059
vt 0.956922411 0.478145182
vt 0.048529136 0.954487621
vt 0.832375526 0.499575495
vt 0.851904869 0.496573329
vt 0.849705696 0.479242682
vt 0.009730673 0.960331201
vt 0.814849853 0.500330328
vt 0.872176826 0.494653523
vt 0.893981218 0.493613898
vt 0.893298924 0.476551175
vt 0.906502485 0.815014839
vt 0.905832767 0.797919750
vt 0.883793115 0.798544347
vt 0.863403320 0.797503709
vt 0.862609565 0.815245449
vt 0.950056612 0.811358273
vt 0.947396278 0.793925941
vt 0.927562475 0.796712875
vt 0.966339707 0.790608227
vt 0.277887433 0.048857867
vt 0.983584582 0.789786934
vt 0.844451308 0.796279192
vt 0.955484807 0.495290219
vt 0.031841445 0.949065625
vt 0.936048686 0.493807077
vt 0.915371477 0.493042886
vt 0.894259572 0.510808825
vt 0.915792703 0.510220110
vt 0.935300350 0.511077761
vt 0.915715575 0.527467846
vt 0.936003506 0.528236627
vt 0.954384863 0.529176592
vt 0.954334855 0.511921882
vt 0.971531629 0.528994798
vt 0.971915841 0.511375904
vt 0.836289882 0.533820092
vt 0.834217548 0.516877293
vt 0.854795098 0.531358599
vt 0.852870702 0.513815403
vt 0.874661982 0.529109001
vt 0.872973382 0.511853337
vt 0.895140051 0.528160810
vt 0.875184595 0.546494841
vt 0.895900666 0.545545935
vt 0.915815055 0.545318722
vt 0.896331310 0.563030958
vt 0.916360080 0.562678039
vt 0.935239255 0.563183188
vt 0.935283839 0.545583128
vt 0.953678607 0.563807487
vt 0.953245341 0.546312928
vt 0.970094919 0.563915610
vt 0.969658911 0.547198176
vt 0.840408206 0.568518042
vt 0.837795138 0.551324069
vt 0.857746720 0.566097497
vt 0.855603575 0.549036026
vt 0.877045631 0.564216733
vt 0.858695507 0.583868145
vt 0.877879142 0.581935763
vt 0.896850347 0.581143736
vt 0.878285229 0.599622786
vt 0.897566020 0.599220931
vt 0.916557431 0.598645865
vt 0.915759325 0.580624461
vt 0.935826897 0.598573446
vt 0.934700667 0.580633163
vt 0.952697813 0.598879337
vt 0.952276766 0.581251800
vt 0.968782067 0.598806202
vt 0.968381285 0.581913471
vt 0.844468116 0.603977799
vt 0.841865122 0.586353898
vt 0.860791206 0.601884245
vt 0.844966292 0.621667623
vt 0.861715912 0.620068073
vt 0.879814624 0.618269503
vt 0.862686455 0.637792825
vt 0.880788207 0.636884689
vt 0.899160027 0.635986149
vt 0.897762477 0.617419004
vt 0.917357206 0.635046720
vt 0.916284441 0.616838991
vt 0.935765385 0.635010480
vt 0.934767842 0.616583824
vt 0.952806711 0.634277224
vt 0.951798498 0.616530656
vt 0.968362093 0.633782029
vt 0.967465937 0.616608023
vt 0.847277820 0.639156341
vt 0.831916332 0.657774150
vt 0.847582280 0.656889319
vt 0.863914609 0.656092286
vt 0.847815811 0.674196004
vt 0.864546418 0.674438238
vt 0.882603704 0.674032449
vt 0.880833566 0.655324339
vt 0.900874376 0.673240780
vt 0.899403274 0.654613137
vt 0.919062674 0.672417044
vt 0.917358577 0.653849244
vt 0.936616182 0.670739889
vt 0.935755908 0.652745783
vt 0.953487157 0.669358253
vt 0.952063679 0.651651620
vt 0.969695448 0.668204367
vt 0.954659342 0.686605334
vt 0.970421850 0.685316801
vt 0.848372697 0.691949605
vt 0.831668615 0.709498941
vt 0.847510159 0.709516167
vt 0.864901721 0.710312247
vt 0.863918483 0.692652940
vt 0.883525908 0.710657715
vt 0.881993770 0.692318618
vt 0.902623415 0.710165143
vt 0.901058435 0.691838860
vt 0.921736657 0.708969593
vt 0.919580876 0.690824508
vt 0.939826130 0.706696987
vt 0.937882542 0.688517868
vt 0.955809533 0.704431057
vt 0.941095769 0.724461972
vt 0.958421707 0.721787333
vt 0.974553942 0.719976306
vt 0.960470914 0.739349603
vt 0.976647973 0.737607061
vt 0.846805751 0.744764924
vt 0.846987426 0.727017879
vt 0.864499092 0.746082425
vt 0.864218652 0.728224992
vt 0.884191274 0.746611595
vt 0.883297801 0.728859841
vt 0.904130756 0.745790123
vt 0.902622938 0.728142082
vt 0.924360275 0.744429349
vt 0.922053694 0.726956367
vt 0.942719042 0.741940438
vt 0.924876987 0.762042820
vt 0.944949269 0.759520769
vt 0.961931407 0.756969094
vt 0.946333527 0.776693403
vt 0.964514076 0.773829460
vt 0.981295168 0.771831274
vt 0.978948772 0.755008518
vt 0.845446705 0.779493510
vt 0.845381915 0.762014210
vt 0.863955855 0.780638098
vt 0.863140642 0.762806654
vt 0.884467899 0.781395912
vt 0.883123397 0.764349520
vt 0.905571460 0.780681550
vt 0.904339492 0.763408541
vt 0.925981402 0.779288530
vt 0.317024827 0.039138913
vt 0.050880659 0.035225153
vt 0.174450665 0.843771815
vt 0.191273480 0.843771815
vt 0.190996646 0.864357113
vt 0.173753783 0.864428281
vt 0.317627847 0.083121120
vt 0.298029959 0.081016898
vt 0.724561870 0.559224963
vt 0.113554626 0.606088817
vt 0.113554626 0.623662948
vt 0.094360068 0.623568654
vt 0.093989461 0.605652451
vt 0.093688361 0.587745547
vt 0.112565532 0.588468313
vt 0.130123406 0.589299261
vt 0.129591509 0.606843888
vt 0.057240016 0.504349231
vt 0.039130050 0.503235340
vt 0.962453603 0.981448352
vt 0.810023129 0.549960970
vt 0.790797233 0.553351044
vt 0.789426505 0.534201383
vt 0.809552431 0.532121777
vt 0.075179763 0.587114334
vt 0.057246230 0.586667656
vt 0.408341288 0.864147543
vt 0.941455721 0.999476432
vt 0.942079007 0.981009483
vt 0.056320909 0.523925185
vt 0.676887154 0.341178357
vt 0.696358978 0.341290295
vt 0.715256989 0.341572403
vt 0.715339422 0.359578430
vt 0.714827597 0.377948403
vt 0.770171880 0.556988000
vt 0.76962322 0.536193370
vt 0.408641606 0.843769550
vt 0.734598219 0.341964483
vt 0.988094270 0.816570699
vt 0.987435221 0.836102068
vt 0.967535972 0.835573077
vt 0.968323469 0.816570520
vt 0.541100084 0.952912151
vt 0.539734125 0.932604074
vt 0.129072845 0.807291686
vt 0.111576870 0.806365966
vt 0.093144834 0.805413007
vt 0.094006381 0.787725329
vt 0.094491973 0.769218027
vt 0.406993538 0.802912950
vt 0.406993627 0.784432649
vt 0.425515592 0.784505426
vt 0.425132811 0.802873730
vt 0.255836635 0.026961326
vt 0.237803101 0.027045011
vt 0.282852172 0.939382374
vt 0.284282624 0.959066629
vt 0.405339956 0.820284009
vt 0.385909706 0.819446623
vt 0.424351841 0.820939660
vt 0.394802898 0.541500926
vt 0.410855770 0.541501164
vt 0.410558462 0.559049487
vt 0.392972201 0.559039712
vt 0.238261178 0.047093987
vt 0.374070912 0.558925032
vt 0.375220656 0.541020155
vt 0.376457989 0.523135542
vt 0.287824511 0.467769146
vt 0.288295298 0.449935197
vt 0.308527141 0.451997339
vt 0.307039469 0.471157550
vt 0.032537490 0.865501403
vt 0.026020847 0.884484589
vt 0.355524390 0.558683991
vt 0.327675938 0.474796056
vt 0.328224599 0.454005718
vt 0.443582713 0.821353733
vt 0.463301926 0.821613252
vt 0.406992077 0.619903087
vt 0.386283695 0.618928134
vt 0.386965274 0.601441741
vt 0.406318187 0.602393984
vt 0.332721442 0.504381537
vt 0.314181 0.503457248
vt 0.424846082 0.603217959
vt 0.425089478 0.620781064
vt 0.425402820 0.638846993
vt 0.406992137 0.638526380
vt 0.091923169 0.032141745
vt 0.072930552 0.052673041
vt 0.092474214 0.052013337
vt 0.383420199 0.377657353
vt 0.383856296 0.359146833
vt 0.383786886 0.341450989
vt 0.402233779 0.341389894
vt 0.313342034 0.523925185
vt 0.419739514 0.341257810
vt 0.348692566 0.323614597
vt 0.365422636 0.323614716
vt 0.365576237 0.341356098
vt 0.347867697 0.341126203
vt 0.236773148 0.939798474
vt 0.252948761 0.945748925
vt 0.780310630 0.165399730
vt 0.259340167 0.926079630
vt 0.243544489 0.920351266
vt 0.443745166 0.603881716
vt 0.443699240 0.586513280
vt 0.688565313 0.541501760
vt 0.689441144 0.522901177
vt 0.707833826 0.523450434
vt 0.706686139 0.541486620
vt 0.542654216 0.972563624
vt 0.687055707 0.558976769
vt 0.667708516 0.558991432
vt 0.705634415 0.559023261
vt 0.057248298 0.821565985
vt 0.057248186 0.804040908
vt 0.074997842 0.804614067
vt 0.073961757 0.822352886
vt 0.091796256 0.823192477
vt 0.317231982 0.101482451
vt 0.337007701 0.121143341
vt 0.316910892 0.119871616
vt 0.297038465 0.118596732
vt 0.297530055 0.099960446
vt 0.316498190 0.138244748
vt 0.296545565 0.13727355
vt 0.316039532 0.156607091
vt 0.296054363 0.155879437
vt 0.648862540 0.559022069
vt 0.630291104 0.576580822
vt 0.630312800 0.559035539
vt 0.630299508 0.541501641
vt 0.648871183 0.541501760
vt 0.504398047 0.953679621
vt 0.522742569 0.953378796
vt 0.503777444 0.933552920
vt 0.521942853 0.933073341
vt 0.165155291 0.809077143
vt 0.146988317 0.808198809
vt 0.164308041 0.826606154
vt 0.146083131 0.825748145
vt 0.127971887 0.824895501
vt 0.315564215 0.174965918
vt 0.335088372 0.193880736
vt 0.315083116 0.193323254
vt 0.295081168 0.192765951
vt 0.314599961 0.211678683
vt 0.294596344 0.211140215
vt 0.593501150 0.559040546
vt 0.611885130 0.559039592
vt 0.593498587 0.541501522
vt 0.611879587 0.541501641
vt 0.467687368 0.954538941
vt 0.486041903 0.954083383
vt 0.467148393 0.934519350
vt 0.485481679 0.934035539
vt 0.201749682 0.810808777
vt 0.183432236 0.809944391
vt 0.200922295 0.828329801
vt 0.220082029 0.811672389
vt 0.219256296 0.829192817
vt 0.314115732 0.230033457
vt 0.333636283 0.248917400
vt 0.313631743 0.248388111
vt 0.293627202 0.247858643
vt 0.294111728 0.229501843
vt 0.556768119 0.559040904
vt 0.575131833 0.559040904
vt 0.556767940 0.541501402
vt 0.575130999 0.541501522
vt 0.430978417 0.955493807
vt 0.449332743 0.955013155
vt 0.430448979 0.935487687
vt 0.448801040 0.935003578
vt 0.238419786 0.812535882
vt 0.257584065 0.795879185
vt 0.256759643 0.813399374
vt 0.255934655 0.830919563
vt 0.275100767 0.814262688
vt 0.274276077 0.831783175
vt 0.312663167 0.285097479
vt 0.313147425 0.266742646
vt 0.292658686 0.284567892
vt 0.293142914 0.266213893
vt 0.520046293 0.559040904
vt 0.538406550 0.559040904
vt 0.520046353 0.541501462
vt 0.538406550 0.541501462
vt 0.394269764 0.956459462
vt 0.412624061 0.955976486
vt 0.393740385 0.936456501
vt 0.375916093 0.956940889
vt 0.375384241 0.936940610
vt 0.293443948 0.815126240
vt 0.312612682 0.798469781
vt 0.311792492 0.815989971
vt 0.310967773 0.833510279
vt 0.292619437 0.832646548
vt 0.311694681 0.321809172
vt 0.312178850 0.303452670
vt 0.291690260 0.321270704
vt 0.292174369 0.302920699
vt 0.483334958 0.559041023
vt 0.501688122 0.559041023
vt 0.483335733 0.541501402
vt 0.501688301 0.541501343
vt 0.357563167 0.957417011
vt 0.339769959 0.977917015
vt 0.339213728 0.957878172
vt 0.338655769 0.937909841
vt 0.320873707 0.958297908
vt 0.320256888 0.938394963
vt 0.348558664 0.817718625
vt 0.330154687 0.816853880
vt 0.347732454 0.835241079
vt 0.329330682 0.834374666
vt 0.310728997 0.358541786
vt 0.311211258 0.340169668
vt 0.290722906 0.357932567
vt 0.291206359 0.339611589
vt 0.446695327 0.559041678
vt 0.464995831 0.559041142
vt 0.446704536 0.541501045
vt 0.428505212 0.559043645
vt 0.428553700 0.541501104
vt 0.302551180 0.958628714
vt 0.301758170 0.938883364
vt 0.367074340 0.818583488
vt 0.384923636 0.836991965
vt 0.366231948 0.836112022
vt 0.309784561 0.395425856
vt 0.310250669 0.376942336
vt 0.289760083 0.394425213
vt 0.290240645 0.376206219
vt 0.309353679 0.414081215
vt 0.289276152 0.412764132
vt 0.309006035 0.432955384
vt 0.288783520 0.431420564
vt 0.328740745 0.434439063
vt 0.329245150 0.415320992
vt 0.057248067 0.786406397
vt 0.075552173 0.786898255
vt 0.057247869 0.768566608
vt 0.075786590 0.768869161
vt 0.057247746 0.750542402
vt 0.075898170 0.750689864
vt 0.094648957 0.750838398
vt 0.075955115 0.732490658
vt 0.094719581 0.732554972
vt 0.113555699 0.732603609
vt 0.113555856 0.750957131
vt 0.966039538 0.872371792
vt 0.966766238 0.854059875
vt 0.945766747 0.871734738
vt 0.946382403 0.853485345
vt 0.709830641 0.487176299
vt 0.708881080 0.505330741
vt 0.728584826 0.487998962
vt 0.727648973 0.506085217
vt 0.726639092 0.524063706
vt 0.725596785 0.541812896
vt 0.746565759 0.506888389
vt 0.745722532 0.524794697
vt 0.744891524 0.542440295
vt 0.226230278 0.864052057
vt 0.208485648 0.864156246
vt 0.244191885 0.864014506
vt 0.262286007 0.8437711
vt 0.262271523 0.864000558
vt 0.262230634 0.884213984
vt 0.280414700 0.863995313
vt 0.280393511 0.884213864
vt 0.075979463 0.714292287
vt 0.057247221 0.696077525
vt 0.075984261 0.696097612
vt 0.094753757 0.696114003
vt 0.094748623 0.714321851
vt 0.113555446 0.696124196
vt 0.113555394 0.714343071
vt 0.964756190 0.908818781
vt 0.965384185 0.890611767
vt 0.94453758 0.908152163
vt 0.945151925 0.889951467
vt 0.711597383 0.450831174
vt 0.710727274 0.469007492
vt 0.730347156 0.451697707
vt 0.729477584 0.469861149
vt 0.749123454 0.452571630
vt 0.748268663 0.470725894
vt 0.298589617 0.863993287
vt 0.316793978 0.843770504
vt 0.316781967 0.863992869
vt 0.316763848 0.884213566
vt 0.334989786 0.863993346
vt 0.334957361 0.884213388
vt 0.075930610 0.659728527
vt 0.075970627 0.677908301
vt 0.094693854 0.659752011
vt 0.094738818 0.677922487
vt 0.113554984 0.659760236
vt 0.113555111 0.677928984
vt 0.963530659 0.945183277
vt 0.964139759 0.927008748
vt 0.943309605 0.944538831
vt 0.943923652 0.926345944
vt 0.713286042 0.414452195
vt 0.712451100 0.432647705
vt 0.732039034 0.415316283
vt 0.731201112 0.433517098
vt 0.750836134 0.416196286
vt 0.732851505 0.397081494
vt 0.751694858 0.397963106
vt 0.353220492 0.863995790
vt 0.371581643 0.843770027
vt 0.371496826 0.864003896
vt 0.371377497 0.884213149
vt 0.353156596 0.884213149
vt 0.075671888 0.623429298
vt 0.075843483 0.641566872
vt 0.094587758 0.641621708
vt 0.113554790 0.641644120
vt 0.962942063 0.963336527
vt 0.942695319 0.962743461
vt 0.714088916 0.396229684
vt 0.733622908 0.378787279
vt 0.734277546 0.360395968
vt 0.753423512 0.361250042
vt 0.389862865 0.864035069
vt 0.389661938 0.884212732
vt 0.075423523 0.605282902
vt 0.424794971 0.585623383
vt 0.780618608 0.183658242
vt 0.760360658 0.185185492
vt 0.800808191 0.200760781
vt 0.78093642 0.202043235
vt 0.760838925 0.203313708
vt 0.781349420 0.220421373
vt 0.761315941 0.221384763
vt 0.781807482 0.238785445
vt 0.761794090 0.239507675
vt 0.437684416 0.341188669
vt 0.437683284 0.358693718
vt 0.455853879 0.323615074
vt 0.455876141 0.341165065
vt 0.455866068 0.358693718
vt 0.277435034 0.503792941
vt 0.295800685 0.503639817
vt 0.474176555 0.341157615
vt 0.474171936 0.358693897
vt 0.259073644 0.503870964
vt 0.259103268 0.483902514
vt 0.277523219 0.483902454
vt 0.240700960 0.523925244
vt 0.240711137 0.503899157
vt 0.240721672 0.483902633
vt 0.312867969 0.597913384
vt 0.331232547 0.598778843
vt 0.222348943 0.503908753
vt 0.222352728 0.483902573
vt 0.294518023 0.597049236
vt 0.295341998 0.579528927
vt 0.313690841 0.580392956
vt 0.275348007 0.613705515
vt 0.276173114 0.596185684
vt 0.276997566 0.578665673
vt 0.784215509 0.330571949
vt 0.783731162 0.312215745
vt 0.257830351 0.595322072
vt 0.258654981 0.577802002
vt 0.784699797 0.348928213
vt 0.764695525 0.349456846
vt 0.764211118 0.331101357
vt 0.805188655 0.366754949
vt 0.785184204 0.367284417
vt 0.765179872 0.367813646
vt 0.565955638 0.341154635
vt 0.547592580 0.341154575
vt 0.785668551 0.385641217
vt 0.765664398 0.386172533
vt 0.584320724 0.341154754
vt 0.584318995 0.358694315
vt 0.565954923 0.358694195
vt 0.602691352 0.323615312
vt 0.602691054 0.341154873
vt 0.602686524 0.358694076
vt 0.130539909 0.503925800
vt 0.148900464 0.503917872
vt 0.621075868 0.341155350
vt 0.621063470 0.358694136
vt 0.112183421 0.503947854
vt 0.112211152 0.483902454
vt 0.130549967 0.483902454
vt 0.093745119 0.523925244
vt 0.093837201 0.504014968
vt 0.093917243 0.483902514
vt 0.166214972 0.591008126
vt 0.184495538 0.591869294
vt 0.075521186 0.504225969
vt 0.075762547 0.483902454
vt 0.148040756 0.590150356
vt 0.148740828 0.572627544
vt 0.166998416 0.573487043
vt 0.130531236 0.571770310
vt 0.788062274 0.477614998
vt 0.787596523 0.459136724
vt 0.112204201 0.570907473
vt 0.788492798 0.496281266
vt 0.768602788 0.497521281
vt 0.768102228 0.478559076
vt 0.809064269 0.513620376
vt 0.788856267 0.515157938
vt 0.769107163 0.516641616
vt 0.658049702 0.341161251
vt 0.658022105 0.323615372
vt 0.639501571 0.341156721
vt 0.639500737 0.323615431
vt 0.787118554 0.440735280
vt 0.766633927 0.422916054
vt 0.786636412 0.422361552
vt 0.806641280 0.421803295
vt 0.786152541 0.403999447
vt 0.806157231 0.403460562
vt 0.202815279 0.592731952
vt 0.221149444 0.593595087
vt 0.220324963 0.611115336
vt 0.239488914 0.59445858
vt 0.238664224 0.611978590
vt 0.167262136 0.503915131
vt 0.185625165 0.483902454
vt 0.185624316 0.503913760
vt 0.185623332 0.523925185
vt 0.203986555 0.503912210
vt 0.203985065 0.523925185
vt 0.529230713 0.341154694
vt 0.510870218 0.358694016
vt 0.510870993 0.341154813
vt 0.510870277 0.323615014
vt 0.492516398 0.341155529
vt 0.492514163 0.323615133
vt 0.783247172 0.293859601
vt 0.762758672 0.276059150
vt 0.782763898 0.275503218
vt 0.802766025 0.274946808
vt 0.782282471 0.257144570
vt 0.802280187 0.256542682
vt 0.349637299 0.599648118
vt 0.368905335 0.582992315
vt 0.368155866 0.600529313
vt 0.367330819 0.618035912
vt 0.387499988 0.583867549
vt 0.221972569 0.576075017
vt 0.657990634 0.358694315
vt 0.463300108 0.621579051
vt 0.443997979 0.621312260
vt 0.463300287 0.639265358
vt 0.444237440 0.639103531
vt 0.463300228 0.657197117
vt 0.444383680 0.657111048
vt 0.425594121 0.656985998
vt 0.444457590 0.675225138
vt 0.425683349 0.675164818
vt 0.406992524 0.675094425
vt 0.406992226 0.656834840
vt 0.128729149 0.030613839
vt 0.110419042 0.031331419
vt 0.129392117 0.050767660
vt 0.111052997 0.051386475
vt 0.381937623 0.414287447
vt 0.382725477 0.396025061
vt 0.363190293 0.413468420
vt 0.363989442 0.395287931
vt 0.364737421 0.377124786
vt 0.365349024 0.359105050
vt 0.345351964 0.394556224
vt 0.346199661 0.376552403
vt 0.347038745 0.358731150
vt 0.203753754 0.927496969
vt 0.220404982 0.933647453
vt 0.186883568 0.921336352
vt 0.163034722 0.934174001
vt 0.169888809 0.915157914
vt 0.176772236 0.896135509
vt 0.152833536 0.908967196
vt 0.159720897 0.889951765
vt 0.444491505 0.693384289
vt 0.463301092 0.711578309
vt 0.444504439 0.711568653
vt 0.425735652 0.711552500
vt 0.425722360 0.693355560
vt 0.406992703 0.711532473
vt 0.406992793 0.693321824
vt 0.165174961 0.029335200
vt 0.146968036 0.029961705
vt 0.165848210 0.049537479
vt 0.147639915 0.050151825
vt 0.380257397 0.450687289
vt 0.381108403 0.432499766
vt 0.36150828 0.449821353
vt 0.362359464 0.431646943
vt 0.342789918 0.448960185
vt 0.343645215 0.430799126
vt 0.135748386 0.902769625
vt 0.111769571 0.915582060
vt 0.118646428 0.896567046
vt 0.125529468 0.877551972
vt 0.101530060 0.890360236
vt 0.108402796 0.871340870
vt 0.444481074 0.747987985
vt 0.444501698 0.729768991
vt 0.425708919 0.747969865
vt 0.425732165 0.72975564
vt 0.406993240 0.747939944
vt 0.406993180 0.729736328
vt 0.201539129 0.028108596
vt 0.183364421 0.028718590
vt 0.202191516 0.048311233
vt 0.184032753 0.048924028
vt 0.378488212 0.487006366
vt 0.379387021 0.468857586
vt 0.359743356 0.486146926
vt 0.360638797 0.467989444
vt 0.341078877 0.485301315
vt 0.358802259 0.504284977
vt 0.340222895 0.503480434
vt 0.084391921 0.884147584
vt 0.060431271 0.896963775
vt 0.067211918 0.877924859
vt 0.074031099 0.858875632
vt 0.091244407 0.865118086
vt 0.444338977 0.784548342
vt 0.444432556 0.766240298
vt 0.425649613 0.766210496
vt 0.406993389 0.766156911
vt 0.219692498 0.027512133
vt 0.220296859 0.047700345
vt 0.377532213 0.505112648
vt 0.357780635 0.522397220
vt 0.356674343 0.540522217
vt 0.338506281 0.539934217
vt 0.049947079 0.871690511
vt 0.056715671 0.852596104
vt 0.444124162 0.802953720
vt 0.765584349 0.836724400
vt 0.753338217 0.831467509
vt 0.763568341 0.821990549
vt 0.780645132 0.829022765
vt 0.035110216 0.790511846
vt 0.035096149 0.773299455
vt 0.770398259 0.639786660
vt 0.000305344 0.825526297
vt 0.000305436 0.807909846
vt 0.017705773 0.807945728
vt 0.017716946 0.825526237
vt 0.799408674 0.752587139
vt 0.797773420 0.730068087
vt 0.792378187 0.708162426
vt 0.052532140 0.825526475
vt 0.035152774 0.825526297
vt 0.035128571 0.807916998
vt 0.052532263 0.807805419
vt 0.777952194 0.811113596
vt 0.787216424 0.792548060
vt 0.795486867 0.774539947
vt 0.786850810 0.672771513
vt 0.773576796 0.677074015
vt 0.771575868 0.658363282
vt 0.784709334 0.655629217
vt 0.017681682 0.790545225
vt 0.000305448 0.790504276
vt 0.782184183 0.691640734
vt 0.769712984 0.714493513
vt 0.764918506 0.697064578
vt 0.759212255 0.680965304
vt 0.745833516 0.698738455
vt 0.744542241 0.681599259
vt 0.745481193 0.659945249
vt 0.758462190 0.659663677
vt 0.746142029 0.638892769
vt 0.758436679 0.639399230
vt 0.747168600 0.618224978
vt 0.759190559 0.618736386
vt 0.730201125 0.812158227
vt 0.747681677 0.815887451
vt 0.732715725 0.799767792
vt 0.755791068 0.804854154
vt 0.736336231 0.785819232
vt 0.763110935 0.787219345
vt 0.739953935 0.769836127
vt 0.767364144 0.772059619
vt 0.743547618 0.753238856
vt 0.771853804 0.754198908
vt 0.746891081 0.736908793
vt 0.773658692 0.734823465
vt 0.747395098 0.716475248
vt 0.722469091 0.732869863
vt 0.724398791 0.714666247
vt 0.726275682 0.697213232
vt 0.703527212 0.711525559
vt 0.707195341 0.692850470
vt 0.710474073 0.673845052
vt 0.72861588 0.677568435
vt 0.713028252 0.652151703
vt 0.730675697 0.656435310
vt 0.713807642 0.632093548
vt 0.731453537 0.635753631
vt 0.714996218 0.612762451
vt 0.732729673 0.615834236
vt 0.694463670 0.808027088
vt 0.711616814 0.809144318
vt 0.692521870 0.793223440
vt 0.710708916 0.795307457
vt 0.693615019 0.779058456
vt 0.713114917 0.780566334
vt 0.694698512 0.762488067
vt 0.716123879 0.765011191
vt 0.696989297 0.745902299
vt 0.718942821 0.749151647
vt 0.699790358 0.728866338
vt 0.678520083 0.742046117
vt 0.680642008 0.724514842
vt 0.68374753 0.707248091
vt 0.662776053 0.72086519
vt 0.664723694 0.704028368
vt 0.665711760 0.686179161
vt 0.687319695 0.688657641
vt 0.667514026 0.665878176
vt 0.690119266 0.667082071
vt 0.668668150 0.644859790
vt 0.692124605 0.646835923
vt 0.667133450 0.626380026
vt 0.692128896 0.628493070
vt 0.667485654 0.608577728
vt 0.692440867 0.609806060
vt 0.663362443 0.806417882
vt 0.678587973 0.806620836
vt 0.661546945 0.790840864
vt 0.676416695 0.791163206
vt 0.660633266 0.774767756
vt 0.675848424 0.775806009
vt 0.660784959 0.758276939
vt 0.676731288 0.758987665
vt 0.661239147 0.739688694
vt 0.646304845 0.757187783
vt 0.645598352 0.738719523
vt 0.645131766 0.719008803
vt 0.644860386 0.703281521
vt 0.644091963 0.684823155
vt 0.644048094 0.662207007
vt 0.643761158 0.641864359
vt 0.642746090 0.624067187
vt 0.641463935 0.607125222
vt 0.648092508 0.805217564
vt 0.647611022 0.789723277
vt 0.646908342 0.774744212
vt 0.026419509 0.965753734
vt 0.277886480 0.031311035
vt 0.931594550 0.411374270
vt 0.931594550 0.394131124
vt 0.952178418 0.393769204
vt 0.952248036 0.410591900
vt 0.850466549 0.084285616
vt 0.830830931 0.086003482
vt 0.056434504 0.077708184
vt 0.721416592 0.100301027
vt 0.719854772 0.118152916
vt 0.700696408 0.116969883
vt 0.701865851 0.099434733
vt 0.704025030 0.081919133
vt 0.722908496 0.082453906
vt 0.685814261 0.099121034
vt 0.686450839 0.081579923
vt 0.557672441 0.904532492
vt 0.539597272 0.906113863
vt 0.783684015 0.039762020
vt 0.372599214 0.012286841
vt 0.370835781 0.032442927
vt 0.351666957 0.031372904
vt 0.354754835 0.012096226
vt 0.759341478 0.083803176
vt 0.741418004 0.083055496
vt 0.930904805 0.176787555
vt 0.78365165 0.060141384
vt 0.765175223 0.060337483
vt 0.541021704 0.925659418
vt 0.273484766 0.112060964
vt 0.273046165 0.131528079
vt 0.255740612 0.092570960
vt 0.273737013 0.093162477
vt 0.237363427 0.092563271
vt 0.369154691 0.052275121
vt 0.348354160 0.052052795
vt 0.951281368 0.176402926
vt 0.273891985 0.073817789
vt 0.948653519 0.037705838
vt 0.929637789 0.038053870
vt 0.929569065 0.018147587
vt 0.949110448 0.017940342
vt 0.866804122 0.43631953
vt 0.887158095 0.43631953
vt 0.690513670 0.299399614
vt 0.672994852 0.299159228
vt 0.709285557 0.281969368
vt 0.708968281 0.299675226
vt 0.710032343 0.263470709
vt 0.377884894 0.275052845
vt 0.378725230 0.256699621
vt 0.397210806 0.257859408
vt 0.395981401 0.276298761
vt 0.031153790 0.919848859
vt 0.013911727 0.914564192
vt 0.876062691 0.179668068
vt 0.856326758 0.179561853
vt 0.415918439 0.294198572
vt 0.396475523 0.293741345
vt 0.377462208 0.293130636
vt 0.047245323 0.409170568
vt 0.047732800 0.391590952
vt 0.065282538 0.391789794
vt 0.064828775 0.407836377
vt 0.024929102 0.938912749
vt 0.064755827 0.427424311
vt 0.046825684 0.428067386
vt 0.082668416 0.426693081
vt 0.833773732 0.474173188
vt 0.832663714 0.454987287
vt 0.852932333 0.453324139
vt 0.853051662 0.471163988
vt 0.959129512 0.278167903
vt 0.979199886 0.278167903
vt 0.046542301 0.446613371
vt 0.812930762 0.456607282
vt 0.813069701 0.477404475
vt 0.338553547 0.291211068
vt 0.358246177 0.292264282
vt 0.409996837 0.076269090
vt 0.429370194 0.076606571
vt 0.428886860 0.094099581
vt 0.408159405 0.093694508
vt 0.282718867 0.911858558
vt 0.264208585 0.913261413
vt 0.390043616 0.093366503
vt 0.391455054 0.075858593
vt 0.406920224 0.112276494
vt 0.388528972 0.111371517
vt 0.169355616 0.966829717
vt 0.163093045 0.985696673
vt 0.181614741 0.991968572
vt 0.246800631 0.423933863
vt 0.228285208 0.423846423
vt 0.265070021 0.406065642
vt 0.264487445 0.424503505
vt 0.284086287 0.932298004
vt 0.265696972 0.388570666
vt 0.263796567 0.460417509
vt 0.264067471 0.442709624
vt 0.281797319 0.443364620
vt 0.281324476 0.460088133
vt 0.974866032 0.043642997
vt 0.975241899 0.060874223
vt 0.739735007 0.035769224
vt 0.995834171 0.060784161
vt 0.995544910 0.043984353
vt 0.373755276 0.05793643
vt 0.372553825 0.075263202
vt 0.073660381 0.096078157
vt 0.09172187 0.095440805
vt 0.091750927 0.113841652
vt 0.073133014 0.114191293
vt 0.906869590 0.436551272
vt 0.055060651 0.134545326
vt 0.055622302 0.115206241
vt 0.056101128 0.096633732
vt 0.726981759 0.317853868
vt 0.727128267 0.300085425
vt 0.744876742 0.300694465
vt 0.743710517 0.318180739
vt 0.709130883 0.317504942
vt 0.830865085 0.104368984
vt 0.830823898 0.122760891
vt 0.810705900 0.123636603
vt 0.850593209 0.103235364
vt 0.850717604 0.121877729
vt 0.850842475 0.140560627
vt 0.830874681 0.141138553
vt 0.850967049 0.159172594
vt 0.830971479 0.159506440
vt 0.054497245 0.153382957
vt 0.053959406 0.171924829
vt 0.036420520 0.171450555
vt 0.072010882 0.153869450
vt 0.071485914 0.172433733
vt 0.886391639 0.417972087
vt 0.885460615 0.399648726
vt 0.866078257 0.418536901
vt 0.865337610 0.400380194
vt 0.655058741 0.298872292
vt 0.636873662 0.298539876
vt 0.654794275 0.316442966
vt 0.636552810 0.316086411
vt 0.672922134 0.316797316
vt 0.831085085 0.177871048
vt 0.831204474 0.196234285
vt 0.811192035 0.196397662
vt 0.851213514 0.196071088
vt 0.85133636 0.214451432
vt 0.831326067 0.214595615
vt 0.053434405 0.190344989
vt 0.052913587 0.208721697
vt 0.070965170 0.190846443
vt 0.070445641 0.209219992
vt 0.884631514 0.381306827
vt 0.883854210 0.362963080
vt 0.864591300 0.38209337
vt 0.863843560 0.363768875
vt 0.618579447 0.298189222
vt 0.600245118 0.297832965
vt 0.599904894 0.315370202
vt 0.581554055 0.315011501
vt 0.581895887 0.297474920
vt 0.831448316 0.232956469
vt 0.831570863 0.251317083
vt 0.811559796 0.251452267
vt 0.851459085 0.232818901
vt 0.851581871 0.251181840
vt 0.052393995 0.227083623
vt 0.051874771 0.245440006
vt 0.069926373 0.227580308
vt 0.069407239 0.245936155
vt 0.883095502 0.344618082
vt 0.882343232 0.326272845
vt 0.863095283 0.345430433
vt 0.862346708 0.327087283
vt 0.563541293 0.297116398
vt 0.545184731 0.296757698
vt 0.545527696 0.279221594
vt 0.544842064 0.314294040
vt 0.526483953 0.313935339
vt 0.526826679 0.296398878
vt 0.831693589 0.269677639
vt 0.831816136 0.288038373
vt 0.851704537 0.269542992
vt 0.851827085 0.287903070
vt 0.051355715 0.263794243
vt 0.050836697 0.282147109
vt 0.068888150 0.264290094
vt 0.068369172 0.282642900
vt 0.881592989 0.307927489
vt 0.880843043 0.289582192
vt 0.860849618 0.290396452
vt 0.860100805 0.272049188
vt 0.880091488 0.271237492
vt 0.508466720 0.296039998
vt 0.490101486 0.295680880
vt 0.490448683 0.278145134
vt 0.508123755 0.313576340
vt 0.489758491 0.313217401
vt 0.831938862 0.306399524
vt 0.832061231 0.324762105
vt 0.851949930 0.306261777
vt 0.852072477 0.324617683
vt 0.050317667 0.300497949
vt 0.049798671 0.318843722
vt 0.067850247 0.300993621
vt 0.067331410 0.319338858
vt 0.879334867 0.252894043
vt 0.878563582 0.234555006
vt 0.898594558 0.233765125
vt 0.858602762 0.235338509
vt 0.857852220 0.216948688
vt 0.877751469 0.216228187
vt 0.471722543 0.295321226
vt 0.453301727 0.294959425
vt 0.471378773 0.312858164
vt 0.452960133 0.312498271
vt 0.832183063 0.343128442
vt 0.832303345 0.361506521
vt 0.852195024 0.342964470
vt 0.852317512 0.361291647
vt 0.049280144 0.337175607
vt 0.048762179 0.35546875
vt 0.066295996 0.355955541
vt 0.065782830 0.374099075
vt 0.048245929 0.373651564
vt 0.876851737 0.197924614
vt 0.857097744 0.198458671
vt 0.434769362 0.294590711
vt 0.434443742 0.312136352
vt 0.415735006 0.311770677
vt 0.832419097 0.379912912
vt 0.832520961 0.398402094
vt 0.852439701 0.379571139
vt 0.852561354 0.397796094
vt 0.852684021 0.416140973
vt 0.832584321 0.417062223
vt 0.852808773 0.434803664
vt 0.832560241 0.435939490
vt 0.812799930 0.437034308
vt 0.812672317 0.417910099
vt 0.727753877 0.282371938
vt 0.746050179 0.283099055
vt 0.728719592 0.264367163
vt 0.747237324 0.265298783
vt 0.729817807 0.246220827
vt 0.748436689 0.247314572
vt 0.711098611 0.245121359
vt 0.712244629 0.226873815
vt 0.730971872 0.228058159
vt 0.692225694 0.243981897
vt 0.693447172 0.225669026
vt 0.911138236 0.038395762
vt 0.892814338 0.038698971
vt 0.911241293 0.058787524
vt 0.892982482 0.058981120
vt 0.109863884 0.094906330
vt 0.128037929 0.094470381
vt 0.109640322 0.076124489
vt 0.127745807 0.075700342
vt 0.091640524 0.076625645
vt 0.073868945 0.077165782
vt 0.091449305 0.057529270
vt 0.109372235 0.057192564
vt 0.073787212 0.057861030
vt 0.931722939 0.376641571
vt 0.931753754 0.358896553
vt 0.931716978 0.340934991
vt 0.931656122 0.322855413
vt 0.951885402 0.322757244
vt 0.911442995 0.322980046
vt 0.911368072 0.304817259
vt 0.931586384 0.304712414
vt 0.732158243 0.209898531
vt 0.733364105 0.191743791
vt 0.752061009 0.192970395
vt 0.713428795 0.208679139
vt 0.714635133 0.190511345
vt 0.694662272 0.207449078
vt 0.695874452 0.189270496
vt 0.874564111 0.038932442
vt 0.856347441 0.039139270
vt 0.874756395 0.059174597
vt 0.856546402 0.059367954
vt 0.146224871 0.094087660
vt 0.164418533 0.093731701
vt 0.145901709 0.075320720
vt 0.164082408 0.074964940
vt 0.145568445 0.056512713
vt 0.163739606 0.056171536
vt 0.931513130 0.286537647
vt 0.931438386 0.268345415
vt 0.951660454 0.268249750
vt 0.911217927 0.268447160
vt 0.911142766 0.250253856
vt 0.931362509 0.250137805
vt 0.734588027 0.173595607
vt 0.735837519 0.155458927
vt 0.715860426 0.172361135
vt 0.717114329 0.154233872
vt 0.697085440 0.171115636
vt 0.698294460 0.152987182
vt 0.838148057 0.039335012
vt 0.819964349 0.039523661
vt 0.838343322 0.059561014
vt 0.820141017 0.059754252
vt 0.182618856 0.093392372
vt 0.200830757 0.093072176
vt 0.182279899 0.074625313
vt 0.200497075 0.074302434
vt 0.200148925 0.055487752
vt 0.218399033 0.055144965
vt 0.218747615 0.074005663
vt 0.931284666 0.231907248
vt 0.931200921 0.213631093
vt 0.951434254 0.213462591
vt 0.911067724 0.23205477
vt 0.910992384 0.213833987
vt 0.737132847 0.137343227
vt 0.738510847 0.119257271
vt 0.718426406 0.136150836
vt 0.699499905 0.134911179
vt 0.801802277 0.039692401
vt 0.801927089 0.059947431
vt 0.219068631 0.092784881
vt 0.237056225 0.073751866
vt 0.255458772 0.073617339
vt 0.255146265 0.054454982
vt 0.931093752 0.195265352
vt 0.910917103 0.195549726
vt 0.739965975 0.101167619
vt 0.392676770 0.058306276
vt 0.721473872 0.035747885
vt 0.720264792 0.056027293
vt 0.703086257 0.035718560
vt 0.704056680 0.015829145
vt 0.702131271 0.055833518
vt 0.684055030 0.055640280
vt 0.684703826 0.035594165
vt 0.665926873 0.055446624
vt 0.666334867 0.035424351
vt 0.266273409 0.370634973
vt 0.248775303 0.370141267
vt 0.266811311 0.352451145
vt 0.284353673 0.352969527
vt 0.249289304 0.351965665
vt 0.301097780 0.911566317
vt 0.319461345 0.911244988
vt 0.249806776 0.333667099
vt 0.267336130 0.334158241
vt 0.337818592 0.910848677
vt 0.318859398 0.891363501
vt 0.337273240 0.890887737
vt 0.356175661 0.910402596
vt 0.356703132 0.930421829
vt 0.355648696 0.890413105
vt 0.485156655 0.077657759
vt 0.503537952 0.078016102
vt 0.374011516 0.889938592
vt 0.374532103 0.909938097
vt 0.521904885 0.078374803
vt 0.503882765 0.060479700
vt 0.522248327 0.060838580
vt 0.540266513 0.078733682
vt 0.539924085 0.096269667
vt 0.540609598 0.061197698
vt 0.592883348 0.034653425
vt 0.574521839 0.034457266
vt 0.558969080 0.061556339
vt 0.558626115 0.079092443
vt 0.556160330 0.034261047
vt 0.574306547 0.054467439
vt 0.555945634 0.054271221
vt 0.537798643 0.034064948
vt 0.538014054 0.014054656
vt 0.537583529 0.054075121
vt 0.269414603 0.260771751
vt 0.269933760 0.242415964
vt 0.519219279 0.053878784
vt 0.519436538 0.033868789
vt 0.270452886 0.224058151
vt 0.252401292 0.241920769
vt 0.252920299 0.223564088
vt 0.270972073 0.205695211
vt 0.288504660 0.206190705
vt 0.253439694 0.205203890
vt 0.447956293 0.908050119
vt 0.466310828 0.907583713
vt 0.253959178 0.186834335
vt 0.271491378 0.187317669
vt 0.484661847 0.907131731
vt 0.465783655 0.887567400
vt 0.484116405 0.887093663
vt 0.503003716 0.906724870
vt 0.503609895 0.926626086
vt 0.502404153 0.886621177
vt 0.632028162 0.08052665
vt 0.650325536 0.080883622
vt 0.520552754 0.886152148
vt 0.521319031 0.906462729
vt 0.668516516 0.081237018
vt 0.650709569 0.063349366
vt 0.668983817 0.063706517
vt 0.687210142 0.064062655
vt 0.445919811 0.033094525
vt 0.427436530 0.032918870
vt 0.705553948 0.064421176
vt 0.408765733 0.032781481
vt 0.426805883 0.052891135
vt 0.407838225 0.052688300
vt 0.389885783 0.032714307
vt 0.391105979 0.012484550
vt 0.388712227 0.052484095
vt 0.290068775 0.150882124
vt 0.272530734 0.150358557
vt 0.289545178 0.169396102
vt 0.272010892 0.168899297
vt 0.464326530 0.033283591
vt 0.482705414 0.033477425
vt 0.482465118 0.053485989
vt 0.482949703 0.013466179
vt 0.501297771 0.013662278
vt 0.501073002 0.033672869
vt 0.613691628 0.080168485
vt 0.594997584 0.097346127
vt 0.595340609 0.079809904
vt 0.576641559 0.096987247
vt 0.576984405 0.079451203
vt 0.429600656 0.908521533
vt 0.411244571 0.908994436
vt 0.410726904 0.888989925
vt 0.411762386 0.928999126
vt 0.393406778 0.929473400
vt 0.392888397 0.909467220
vt 0.268895477 0.279126167
vt 0.268376290 0.297478556
vt 0.250844061 0.296983420
vt 0.285909056 0.297975182
vt 0.285390108 0.316323816
vt 0.267856776 0.315825760
vt 0.611244916 0.034849226
vt 0.629606545 0.035044372
vt 0.629364728 0.055055916
vt 0.629849016 0.015035927
vt 0.648258507 0.015232861
vt 0.647970616 0.035237491
vt 0.466734796 0.077300608
vt 0.448198616 0.076947689
vt 0.448617667 0.059399604
vt 0.447856992 0.094470381
vt 0.430005967 0.059035837
vt 0.595685064 0.062273800
vt 0.255003035 0.149921834
vt 0.371141761 0.092638373
vt 0.351864635 0.091620266
vt 0.369719147 0.110374271
vt 0.350687623 0.109267413
vt 0.368375003 0.128332257
vt 0.349494725 0.127159416
vt 0.387131393 0.129457533
vt 0.385832727 0.14759022
vt 0.367096215 0.146401107
vt 0.405701994 0.130544483
vt 0.404486924 0.148763537
vt 0.151880562 0.960715949
vt 0.134556680 0.954744637
vt 0.145485654 0.979734599
vt 0.128105506 0.973849475
vt 0.209905147 0.424021780
vt 0.191627815 0.424292862
vt 0.210112467 0.442771017
vt 0.191916540 0.443055987
vt 0.228289306 0.442536771
vt 0.246319189 0.442434907
vt 0.228337466 0.461083412
vt 0.210316896 0.461421728
vt 0.246175274 0.460748374
vt 0.975745260 0.078352868
vt 0.976155936 0.096098899
vt 0.976505041 0.114055275
vt 0.976830780 0.132135331
vt 0.956619441 0.132443785
vt 0.997057437 0.131801366
vt 0.997369766 0.149936616
vt 0.977148234 0.150276541
vt 0.365853995 0.164517879
vt 0.364631235 0.182661056
vt 0.345875650 0.181419968
vt 0.384583592 0.165737986
vt 0.383359491 0.183893740
vt 0.403273850 0.166950523
vt 0.402062177 0.185120880
vt 0.117281995 0.948856473
vt 0.100030601 0.943001985
vt 0.110811881 0.967993617
vt 0.093555621 0.962150335
vt 0.173399418 0.424606859
vt 0.155194997 0.424943447
vt 0.173721671 0.443372547
vt 0.155530631 0.443709492
vt 0.174040138 0.462103307
vt 0.155862256 0.462444663
vt 0.977462887 0.168448507
vt 0.977776527 0.186637818
vt 0.957558631 0.186967909
vt 0.997996151 0.186301708
vt 0.998309850 0.204517066
vt 0.978089392 0.204842031
vt 0.363423019 0.200821280
vt 0.362231314 0.219001412
vt 0.382151901 0.202056825
vt 0.380963027 0.220232307
vt 0.400850653 0.203284263
vt 0.399639248 0.221447646
vt 0.082793094 0.937162339
vt 0.065567746 0.931333005
vt 0.076321914 0.956315100
vt 0.059112608 0.950487554
vt 0.137007385 0.425299763
vt 0.118840448 0.425685107
vt 0.137345165 0.444064974
vt 0.119169645 0.444446742
vt 0.119487248 0.463127732
vt 0.101291209 0.463469386
vt 0.101012244 0.444874644
vt 0.978400886 0.223068833
vt 0.978708148 0.241338491
vt 0.958499133 0.241569995
vt 0.998624265 0.222766339
vt 0.998939573 0.241073906
vt 0.361065417 0.237216353
vt 0.359940588 0.255490064
vt 0.379808664 0.238436341
vt 0.398427128 0.239624261
vt 0.048358917 0.925522625
vt 0.041953980 0.944677650
vt 0.100714288 0.426128983
vt 0.082878314 0.445383966
vt 0.064729280 0.445977449
vt 0.064803391 0.464154720
vt 0.978999078 0.259692251
vt 0.999256908 0.259490191
vt 0.358930319 0.273868918
vt 0.513564705 0.834171772
vt 0.528547704 0.827067315
vt 0.540970981 0.835284471
vt 0.528244078 0.841015696
vt 0.929657518 0.417142152
vt 0.929657518 0.434354543
vt 0.516663968 0.643015384
vt 0.947079420 0.469354748
vt 0.947076141 0.451774239
vt 0.964476525 0.451724290
vt 0.964490890 0.469340622
vt 0.491436272 0.733230173
vt 0.492973953 0.758070647
vt 0.498439848 0.711935102
vt 0.912249565 0.451662302
vt 0.929653346 0.451759755
vt 0.929643511 0.469369053
vt 0.912264108 0.469383359
vt 0.503445446 0.798060715
vt 0.516539275 0.814361453
vt 0.497653812 0.779047012
vt 0.502856850 0.660113632
vt 0.516377747 0.662068367
vt 0.515046179 0.681311428
vt 0.500925660 0.676638007
vt 0.964462339 0.434318661
vt 0.947086095 0.434373736
vt 0.506658434 0.695783615
vt 0.524749517 0.700045108
vt 0.519676625 0.717571854
vt 0.528654456 0.684319257
vt 0.543485879 0.683689355
vt 0.543274521 0.701403379
vt 0.528670728 0.664334058
vt 0.542029440 0.662150502
vt 0.528989613 0.643338561
vt 0.541016340 0.641113638
vt 0.526784598 0.623094379
vt 0.538466036 0.620748519
vt 0.547301411 0.820045411
vt 0.564616203 0.814904153
vt 0.538856148 0.808676838
vt 0.560879528 0.802720367
vt 0.530582666 0.793711483
vt 0.555822551 0.787372589
vt 0.524553895 0.776972413
vt 0.549321055 0.772040784
vt 0.520507335 0.759289264
vt 0.546715199 0.755714178
vt 0.517815411 0.740396857
vt 0.544011533 0.738333582
vt 0.543528020 0.718946993
vt 0.566217184 0.717258453
vt 0.569391489 0.735793113
vt 0.562369704 0.698799789
vt 0.581656575 0.694419384
vt 0.587174117 0.712486028
vt 0.559895217 0.680327236
vt 0.577420830 0.674188911
vt 0.556902349 0.658884644
vt 0.574010849 0.653355121
vt 0.554878950 0.638040125
vt 0.572122573 0.633786916
vt 0.551839709 0.618300557
vt 0.570233523 0.614507794
vt 0.582617700 0.811888933
vt 0.600681781 0.809211969
vt 0.582136511 0.797905087
vt 0.601565837 0.794802904
vt 0.581347048 0.783024787
vt 0.601095020 0.779195308
vt 0.577230572 0.768620491
vt 0.598087549 0.763329863
vt 0.572944223 0.752744793
vt 0.594567120 0.747307896
vt 0.590889453 0.729993939
vt 0.610277235 0.725369334
vt 0.613079428 0.743175447
vt 0.606018483 0.707689940
vt 0.625194191 0.704246401
vt 0.627931833 0.721289277
vt 0.601930677 0.690293014
vt 0.622817456 0.685291051
vt 0.597929716 0.670096993
vt 0.619812071 0.663541436
vt 0.594321429 0.648970603
vt 0.618191421 0.644262671
vt 0.592806875 0.629512190
vt 0.617292285 0.626232206
vt 0.590996503 0.610539078
vt 0.616125464 0.608538925
vt 0.616968035 0.807614982
vt 0.632566809 0.805720090
vt 0.618217289 0.792380690
vt 0.632872104 0.789842188
vt 0.617871522 0.776580810
vt 0.633176982 0.774654388
vt 0.615501880 0.760061085
vt 0.631539404 0.757706940
vt 0.629890799 0.740011632
vt 0.334572315 0.056685805
vt 0.299478501 0.056685745
vt 0.033333998 0.052772045
vt 0.068427786 0.052771925
vt 0.068427391 0.017678022
vt 0.899057567 0.847687721
vt 0.334572434 0.021592021
vt 0.565862894 0.934001147
vt 0.317023694 0.056685805
vt 0.569306433 0.832011759
vt 0.570079922 0.991989016
vt 0.586913466 0.990527749
vt 0.299478739 0.039138913
vt 0.050880748 0.052771925
vt 0.033333580 0.035225987
vt 0.068427488 0.035224258
vt 0.900213301 0.989804267
vt 0.898521602 0.829928755
vt 0.881488382 0.831277728
vt 0.567315578 0.955645620
vt 0.621033608 0.835837841
vt 0.604072153 0.835721433
vt 0.655730307 0.838511228
vt 0.638788878 0.838562190
vt 0.690574049 0.840930223
vt 0.673399329 0.840956568
vt 0.725259304 0.842483520
vt 0.708468377 0.843388319
vt 0.743978321 0.980463743
vt 0.760064482 0.843066990
vt 0.777220428 0.841137766
vt 0.796377003 0.981977164
vt 0.811551749 0.839123904
vt 0.829299509 0.835949480
vt 0.864039659 0.832638025
vt 0.846225857 0.835507750
vt 0.004308454 0.97701931
vt 0.037684559 0.987863779
vt 0.260338693 0.013765394
vt 0.295432537 0.013763189
vt 0.295434385 0.048857092
vt 0.842797517 0.813087105
vt 0.015152904 0.943643093
vt 0.915583133 0.475922763
vt 0.020998295 0.982442200
vt 0.814873457 0.483657717
vt 0.972078979 0.477665424
vt 0.972864627 0.494123876
vt 0.043106716 0.971175730
vt 0.277885526 0.013764262
vt 0.260339558 0.031311333
vt 0.295433342 0.031311035
vt 0.983541667 0.806850194
vt 0.827477097 0.813297271
vt 0.827146828 0.796733319
vt 0.936951160 0.476213038
vt 0.818999648 0.535274922
vt 0.816723883 0.518560886
vt 0.824662387 0.570708155
vt 0.820932745 0.552887678
vt 0.828843951 0.605630040
vt 0.825158119 0.587726235
vt 0.8316468 0.640319347
vt 0.829069793 0.622820019
vt 0.968016266 0.651126086
vt 0.831793189 0.674770534
vt 0.832759678 0.691916823
vt 0.971751213 0.702748954
vt 0.830492377 0.727058172
vt 0.830802261 0.743852078
vt 0.828340947 0.779538750
vt 0.828817546 0.761896371
vt 0.298547297 0.061407446
vt 0.743283987 0.576581120
vt 0.744075298 0.559776902
vt 0.318901509 0.064996421
vt 0.723667681 0.576581120
vt 0.042015437 0.483902335
vt 0.981921792 0.999476432
vt 0.982514321 0.981912374
vt 0.058070089 0.483902335
vt 0.962374627 0.999476492
vt 0.057246074 0.568320214
vt 0.426331996 0.884212374
vt 0.426990389 0.864701032
vt 0.075071729 0.569159448
vt 0.407984525 0.884212434
vt 0.036042165 0.523925066
vt 0.697173357 0.358694374
vt 0.696304380 0.37715137
vt 0.676894605 0.358694374
vt 0.427696585 0.843769371
vt 0.755195796 0.323615431
vt 0.734394013 0.323615610
vt 0.754299521 0.342649340
vt 0.556232512 0.932168722
vt 0.113556154 0.789098739
vt 0.113555990 0.769556284
vt 0.559665679 0.951639115
vt 0.130042061 0.789874851
vt 0.255836635 0.006035268
vt 0.262572348 0.939917385
vt 0.237366840 0.006658256
vt 0.266205847 0.960525572
vt 0.386729121 0.801958859
vt 0.269599169 0.979768693
vt 0.255836367 0.046501338
vt 0.285646408 0.979345083
vt 0.395629972 0.523935198
vt 0.008761643 0.878225624
vt 0.336780756 0.576579928
vt 0.354620963 0.576580286
vt 0.014791009 0.859669148
vt 0.337644159 0.558241248
vt 0.463301897 0.840681850
vt 0.021266782 0.839740157
vt 0.442527383 0.839703917
vt 0.039192985 0.846240997
vt 0.335777878 0.483902394
vt 0.072930894 0.012206673
vt 0.315046519 0.483902454
vt 0.072930738 0.032912671
vt 0.091543562 0.011578679
vt 0.40341115 0.358693599
vt 0.329804360 0.523925423
vt 0.402491062 0.378226697
vt 0.419873476 0.358693778
vt 0.246834784 0.964565157
vt 0.759448528 0.150626242
vt 0.759889900 0.167350411
vt 0.230354175 0.958588063
vt 0.778932511 0.147190451
vt 0.463299632 0.587435960
vt 0.799299955 0.143599152
vt 0.463299781 0.604238331
vt 0.799817442 0.163214445
vt 0.947628259 0.81657058
vt 0.563259363 0.972019910
vt 0.947000086 0.835181236
vt 0.667953014 0.541501760
vt 0.338398665 0.068434238
vt 0.173086240 0.884214997
vt 0.190611332 0.884214818
vt 0.337957322 0.085160374
vt 0.337486267 0.103008389
vt 0.109917461 0.824045479
vt 0.686074733 0.576581120
vt 0.704717516 0.576581001
vt 0.667391419 0.576581001
vt 0.648779094 0.576580822
vt 0.295566737 0.174360990
vt 0.505013823 0.973556757
vt 0.523579001 0.973066806
vt 0.165971458 0.791566252
vt 0.147819817 0.790711879
vt 0.335571557 0.175575256
vt 0.336052835 0.157336473
vt 0.336531102 0.139211535
vt 0.182599678 0.827467203
vt 0.611879706 0.576580762
vt 0.593499004 0.576580762
vt 0.468225687 0.974527597
vt 0.486600279 0.974042654
vt 0.202572703 0.793289423
vt 0.184253320 0.792427003
vt 0.334604561 0.212217271
vt 0.334120243 0.230565190
vt 0.237594574 0.830056250
vt 0.556767821 0.576580643
vt 0.575131058 0.576580703
vt 0.431507796 0.975496351
vt 0.449864506 0.975012004
vt 0.239244297 0.795015811
vt 0.220906153 0.794152319
vt 0.412095278 0.935972034
vt 0.333151817 0.267271399
vt 0.332667678 0.285626769
vt 0.520045757 0.576580524
vt 0.538406193 0.576580524
vt 0.394798994 0.976464867
vt 0.413152813 0.975980579
vt 0.275925040 0.796742439
vt 0.294267267 0.797606110
vt 0.357024878 0.937425077
vt 0.331698447 0.322346270
vt 0.332183063 0.303983986
vt 0.48333022 0.576580464
vt 0.501686573 0.576580524
vt 0.358101159 0.977433204
vt 0.376447349 0.976949155
vt 0.464998155 0.541501283
vt 0.330967813 0.799333870
vt 0.349352747 0.800199508
vt 0.330727636 0.359138846
vt 0.331213474 0.340723156
vt 0.446655571 0.576580345
vt 0.464982986 0.576580405
vt 0.321482718 0.978399694
vt 0.303338199 0.978878259
vt 0.367837458 0.801069617
vt 0.329745560 0.396358311
vt 0.330239206 0.377652406
vt 0.410150259 0.576580345
vt 0.428375601 0.576580345
vt 0.391804933 0.576580405
vt 0.373142033 0.576580107
vt 0.422975540 0.838783443
vt 0.403871953 0.837883949
vt 0.208245813 0.884214639
vt 0.226085647 0.884214460
vt 0.244109839 0.884214282
vt 0.986188948 0.873033642
vt 0.986807942 0.854690611
vt 0.691161453 0.486367344
vt 0.690302729 0.504606962
vt 0.244220614 0.843771159
vt 0.226294443 0.843771398
vt 0.208629250 0.843771457
vt 0.747415423 0.488842964
vt 0.057247575 0.732421636
vt 0.057247474 0.714258730
vt 0.298574715 0.884213745
vt 0.984958410 0.909492373
vt 0.985572874 0.891283810
vt 0.692875385 0.449969470
vt 0.692018866 0.468160390
vt 0.298597514 0.843770682
vt 0.280423164 0.843770802
vt 0.749979317 0.434395313
vt 0.057247042 0.677888393
vt 0.057246733 0.659694850
vt 0.983731985 0.945835590
vt 0.984344780 0.927677154
vt 0.694587886 0.413602352
vt 0.693731725 0.431785523
vt 0.335013151 0.843770444
vt 0.353266567 0.843770206
vt 0.752556264 0.379668235
vt 0.057246573 0.623274743
vt 0.057246681 0.641495585
vt 0.983120799 0.963941395
vt 0.695444703 0.395407617
vt 0.390020281 0.843769908
vt 0.057246413 0.604990243
vt 0.800316751 0.182133078
vt 0.383263856 0.323614716
vt 0.406181395 0.584747076
vt 0.401398450 0.323614835
vt 0.419475823 0.323614895
vt 0.437604993 0.323614835
vt 0.295532226 0.523925364
vt 0.762275636 0.257750153
vt 0.277349442 0.523925423
vt 0.259043574 0.523925304
vt 0.330402284 0.616297543
vt 0.348801881 0.617163538
vt 0.492514520 0.358693897
vt 0.312041074 0.615432918
vt 0.293692439 0.614569187
vt 0.803735196 0.31168437
vt 0.803250908 0.293321549
vt 0.203988000 0.483902514
vt 0.804219842 0.330042660
vt 0.804704308 0.348399162
vt 0.547592461 0.323615193
vt 0.529230535 0.323615074
vt 0.240313142 0.576938509
vt 0.565955638 0.323615014
vt 0.584320962 0.323615253
vt 0.148896560 0.523925066
vt 0.167260587 0.523925125
vt 0.766148984 0.404536545
vt 0.130529001 0.523925304
vt 0.112152099 0.523925244
vt 0.183672681 0.609389841
vt 0.201991215 0.610252201
vt 0.639470398 0.358694136
vt 0.165399014 0.608529448
vt 0.147264406 0.607675731
vt 0.807606935 0.458396792
vt 0.807124793 0.440125346
vt 0.808087885 0.476620197
vt 0.808571875 0.494961142
vt 0.695708394 0.323615491
vt 0.676739633 0.323615431
vt 0.093559093 0.570029795
vt 0.714835465 0.323615491
vt 0.767608583 0.459848105
vt 0.767120122 0.441333115
vt 0.621077239 0.323615312
vt 0.185306534 0.574348926
vt 0.203635349 0.575211823
vt 0.148904025 0.483902394
vt 0.167263612 0.483902514
vt 0.257005482 0.612842083
vt 0.547592222 0.358694076
vt 0.529230475 0.358694076
vt 0.222345292 0.523925185
vt 0.763726770 0.312747478
vt 0.763242662 0.294397771
vt 0.474169194 0.323615014
vt 0.332051634 0.581257343
vt 0.350441843 0.582123041
vt 0.801792800 0.238065183
vt 0.296072691 0.483902394
vt 0.801301538 0.219456374
vt 0.805673003 0.385109424
vt 0.075224928 0.523925185
vt 0.227242708 0.914439320
vt 0.210615977 0.908409476
vt 0.193758532 0.902295947
vt 0.128090828 0.010345518
vt 0.109841652 0.010961532
vt 0.400753766 0.415124774
vt 0.401616811 0.396795511
vt 0.180069640 0.940351903
vt 0.197013557 0.946496784
vt 0.213785633 0.952579379
vt 0.344499617 0.412656664
vt 0.463300615 0.675266027
vt 0.463300555 0.693404018
vt 0.142635509 0.883755505
vt 0.164508149 0.009116828
vt 0.146307885 0.009730815
vt 0.399038165 0.451561272
vt 0.399894893 0.433362722
vt 0.128868386 0.921783268
vt 0.145960316 0.927981793
vt 0.341934531 0.467128694
vt 0.463301003 0.729774475
vt 0.463301271 0.747992634
vt 0.200894936 0.007888853
vt 0.182701677 0.008502662
vt 0.397327631 0.487884938
vt 0.398182213 0.46973598
vt 0.094666726 0.909379720
vt 0.077557824 0.903175115
vt 0.339365750 0.521678328
vt 0.463301509 0.784554839
vt 0.463301509 0.766244530
vt 0.219101533 0.007274687
vt 0.396475642 0.505980610
vt 0.043250057 0.890733003
vt 0.463301688 0.802973747
vt 0.052532289 0.773299574
vt 0.783019065 0.620998501
vt 0.771319091 0.620910406
vt 0.052532289 0.790405511
vt 0.783412039 0.637365579
vt 0.821207165 0.718461155
vt 0.810698509 0.695420384
vt 0.823405385 0.745761871
vt 0.81027776 0.798271119
vt 0.820324063 0.773003995
vt 0.797138452 0.815644621
vt 0.000305695 0.773299336
vt 0.017637889 0.773299396
vt 0.798609733 0.683025002
vt 0.727173686 0.823895454
vt 0.740009546 0.826663136
vt 0.698289632 0.822890758
vt 0.712424337 0.822836637
vt 0.665715754 0.822874486
vt 0.681123435 0.821647167
vt 0.647988021 0.822775840
vt 0.829914510 0.067857146
vt 0.056434504 0.058186769
vt 0.850335538 0.064669787
vt 0.039614606 0.058502793
vt 0.039060082 0.078111171
vt 0.783684015 0.019695878
vt 0.554288744 0.885280549
vt 0.766110837 0.019882261
vt 0.538239479 0.885695278
vt 0.765658974 0.039424061
vt 0.742720425 0.065147578
vt 0.930274128 0.158140897
vt 0.760562419 0.065496206
vt 0.910765767 0.158879935
vt 0.910841524 0.177227377
vt 0.237636551 0.111101627
vt 0.561293661 0.925135672
vt 0.256110727 0.110754787
vt 0.255537390 0.131025433
vt 0.292227774 0.074540674
vt 0.951202750 0.157348096
vt 0.292815953 0.053747296
vt 0.273764282 0.054105103
vt 0.887133956 0.454928696
vt 0.690988123 0.262539744
vt 0.867476999 0.452809929
vt 0.689687669 0.282038986
vt 0.673186659 0.281716466
vt 0.037455089 0.900455415
vt 0.019950978 0.894528508
vt 0.855499506 0.159291923
vt 0.876305103 0.161534011
vt 0.416264385 0.276695072
vt 0.896386981 0.179667830
vt 0.895732522 0.163628220
vt 0.008272668 0.933272719
vt 0.082411088 0.407506167
vt 0.978954315 0.296846747
vt 0.028627622 0.447010517
vt 0.959445536 0.296524345
vt 0.028123481 0.464843690
vt 0.04647943 0.464498996
vt 0.358078569 0.310643851
vt 0.337284892 0.310237467
vt 0.999906122 0.297192573
vt 0.999577879 0.278126716
vt 0.281348675 0.892332613
vt 0.260624200 0.892868101
vt 0.193292960 0.953224062
vt 0.187317371 0.973048985
vt 0.175653561 0.947251081
vt 0.228255212 0.404767036
vt 0.247806549 0.404399752
vt 0.267629385 0.932723343
vt 0.248271763 0.387943863
vt 0.955386221 0.060844719
vt 0.738104999 0.056218028
vt 0.955084204 0.043316304
vt 0.754834234 0.056396782
vt 0.757963657 0.036861300
vt 0.353018879 0.074318110
vt 0.354136765 0.057552993
vt 0.761234879 0.016439974
vt 0.741613864 0.016230523
vt 0.929554760 0.058593273
vt 0.948174893 0.058395505
vt 0.907709956 0.457146406
vt 0.072550334 0.134795308
vt 0.810465216 0.087641835
vt 0.911738574 0.394598662
vt 0.810353398 0.070910215
vt 0.911810815 0.412123620
vt 0.810584723 0.105495691
vt 0.690993070 0.317150414
vt 0.038524385 0.097053825
vt 0.037997309 0.115689158
vt 0.037469159 0.134364962
vt 0.036943152 0.152969956
vt 0.851090550 0.177660167
vt 0.906091451 0.417485356
vt 0.905334353 0.398929119
vt 0.655392587 0.281368851
vt 0.637224316 0.281013548
vt 0.810947656 0.159841477
vt 0.811069667 0.178086042
vt 0.81082654 0.141710579
vt 0.618244290 0.315728545
vt 0.035899985 0.189854502
vt 0.035380456 0.208227932
vt 0.904583215 0.380524396
vt 0.903833925 0.362158715
vt 0.618925750 0.280656039
vt 0.600589513 0.280297637
vt 0.811314642 0.214740157
vt 0.811437368 0.233094096
vt 0.563198983 0.314652860
vt 0.034861221 0.226588487
vt 0.034342080 0.244944453
vt 0.903084874 0.343806386
vt 0.902336120 0.325458467
vt 0.582239270 0.279938936
vt 0.563884377 0.279580295
vt 0.861598193 0.308742344
vt 0.811682581 0.269812226
vt 0.811805069 0.288173496
vt 0.033823128 0.263298690
vt 0.033303961 0.281651854
vt 0.901587426 0.307112455
vt 0.900838911 0.288767635
vt 0.527170062 0.278862595
vt 0.508810937 0.278503894
vt 0.859351933 0.253698647
vt 0.811928093 0.306536734
vt 0.812050700 0.324905157
vt 0.032785043 0.300003647
vt 0.032266132 0.318352639
vt 0.900090456 0.270424783
vt 0.899342179 0.252087473
vt 0.066813066 0.337669134
vt 0.472076773 0.277786016
vt 0.453675150 0.277426362
vt 0.812173664 0.343287944
vt 0.812296688 0.361709713
vt 0.031747482 0.336692512
vt 0.031229423 0.355012714
vt 0.897848725 0.215486645
vt 0.897108554 0.197350978
vt 0.435173302 0.277064800
vt 0.812420368 0.380229175
vt 0.812545537 0.398941099
vt 0.030712641 0.373285293
vt 0.030197398 0.391503453
vt 0.029678801 0.409841358
vt 0.029151255 0.428497016
vt 0.377648234 0.311026334
vt 0.396769195 0.311399996
vt 0.911665797 0.376964271
vt 0.911592125 0.359124600
vt 0.911517739 0.341100633
vt 0.910970985 0.018344938
vt 0.892618477 0.018539786
vt 0.110062167 0.113497614
vt 0.128318816 0.113154828
vt 0.952034056 0.358748495
vt 0.951960027 0.340822577
vt 0.952106952 0.376413583
vt 0.127434536 0.056853413
vt 0.749642431 0.229233980
vt 0.750851035 0.211111307
vt 0.911292970 0.286636173
vt 0.874359071 0.018733561
vt 0.856141090 0.018926978
vt 0.146542698 0.112812459
vt 0.164750531 0.112470626
vt 0.951810598 0.304620325
vt 0.951735556 0.286446094
vt 0.181932881 0.055829823
vt 0.753271400 0.174821555
vt 0.754482150 0.156668424
vt 0.837946951 0.019119978
vt 0.819779276 0.019312739
vt 0.182951420 0.112128675
vt 0.201151534 0.111786961
vt 0.951585233 0.250030696
vt 0.951509892 0.231777489
vt 0.236710891 0.054801046
vt 0.755693018 0.138509511
vt 0.756905615 0.120328962
vt 0.801664114 0.019505143
vt 0.219363287 0.111444890
vt 0.951358079 0.195024073
vt 0.758122265 0.102085053
vt 0.722689747 0.016028165
vt 0.282301813 0.425530552
vt 0.411307364 0.058670282
vt 0.282814443 0.407403171
vt 0.283325344 0.389333188
vt 0.283837944 0.371211171
vt 0.301890134 0.931838095
vt 0.647678911 0.055251538
vt 0.320066899 0.931368589
vt 0.338366657 0.930895626
vt 0.466402918 0.094832778
vt 0.484819382 0.095192849
vt 0.250325292 0.315331816
vt 0.503197491 0.095551848
vt 0.521562933 0.095910847
vt 0.611468851 0.014839589
vt 0.593100845 0.014643430
vt 0.392370045 0.889464080
vt 0.574737191 0.014447093
vt 0.556375145 0.014250755
vt 0.286428064 0.279622256
vt 0.286947071 0.261267662
vt 0.577327728 0.061915159
vt 0.287466317 0.242911815
vt 0.287985354 0.224553883
vt 0.430119037 0.928524911
vt 0.448476910 0.928050458
vt 0.500849843 0.053682506
vt 0.46683833 0.927576184
vt 0.485209137 0.927101492
vt 0.613348126 0.097704708
vt 0.631683528 0.098063111
vt 0.254479557 0.168434739
vt 0.649973869 0.098420500
vt 0.668125093 0.098775267
vt 0.464622438 0.013270318
vt 0.446345686 0.013074934
vt 0.428116977 0.012880086
vt 0.409770667 0.012683987
vt 0.290597945 0.132172107
vt 0.291134119 0.113210976
vt 0.724216103 0.064786016
vt 0.291674852 0.094091534
vt 0.445522338 0.053091108
vt 0.464042604 0.053288996
vt 0.289024442 0.187812328
vt 0.632384717 0.062991142
vt 0.614039063 0.062632560
vt 0.447435736 0.888041317
vt 0.429082304 0.888515710
vt 0.558283507 0.096628487
vt 0.251882195 0.260276198
vt 0.251363098 0.278630614
vt 0.375052750 0.929947674
vt 0.592665791 0.054663717
vt 0.611020684 0.054859817
vt 0.284871578 0.334661603
vt 0.485505074 0.060120582
vt 0.467098057 0.059760749
vt 0.666741371 0.015430212
vt 0.300316095 0.891842544
vt 0.685355544 0.015629231
vt 0.519654274 0.013858377
vt 0.522124052 0.926147759
vt 0.996132791 0.078122258
vt 0.996437370 0.095806002
vt 0.996746122 0.113735020
vt 0.158312127 0.941379308
vt 0.141017273 0.935522854
vt 0.209669053 0.405116140
vt 0.191322788 0.405460715
vt 0.955997049 0.096304774
vt 0.956307411 0.114325821
vt 0.955689728 0.078466475
vt 0.192199483 0.461762130
vt 0.348292231 0.145188331
vt 0.347085386 0.163286149
vt 0.997682750 0.168108105
vt 0.123752713 0.929676890
vt 0.106504045 0.923836290
vt 0.173067838 0.405803501
vt 0.154852315 0.406145572
vt 0.956932306 0.150603652
vt 0.957245349 0.168782055
vt 0.13767685 0.462786138
vt 0.344664961 0.199576020
vt 0.343452572 0.217753648
vt 0.089261993 0.917997837
vt 0.072019942 0.912159383
vt 0.136660739 0.406487166
vt 0.118494719 0.406828463
vt 0.957871854 0.205158054
vt 0.958185315 0.223354578
vt 0.083076335 0.463811695
vt 0.342237949 0.235965192
vt 0.34101969 0.254234850
vt 0.054765250 0.906317055
vt 0.100382342 0.407168388
vt 0.958813846 0.259843409
vt 0.339793920 0.272613048
vt 0.912235379 0.434262394
vt 0.514734387 0.623895168
vt 0.912221372 0.417156457
vt 0.502790927 0.623581469
vt 0.503742516 0.642307341
vt 0.468179822 0.753507852
vt 0.478279650 0.701398015
vt 0.468252688 0.724747538
vt 0.496837735 0.823247253
vt 0.469938695 0.780568957
vt 0.479196250 0.803971886
vt 0.947115778 0.417127847
vt 0.964448094 0.417113721
vt 0.490825176 0.686211645
vt 0.553706586 0.829626202
vt 0.567869186 0.826288878
vt 0.582271814 0.825833678
vt 0.598682701 0.824476122
vt 0.612949371 0.823516726
vt 0.630617976 0.822068512
s 1
f 1/1/1 9/9/9 10/10/10 11/11/11
f 1/1625/1 11/1633/11 321/321/321 12/12/12
f 1/1/1 12/1634/12 13/13/13 9/9/9
f 2/2/2 14/14/14 15/15/15 16/16/16
f 2/1626/2 16/1637/16 321/321/321 11/1633/11
f 2/2/2 11/11/11 10/10/10 14/14/14
f 3/3/3 17/17/17 18/18/18 19/19/19
f 3/3/3 19/19/19 20/20/20 21/21/21
f 4/4/4 22/22/22 23/23/23 24/24/24
f 4/4/4 24/24/24 18/18/18 17/17/17
f 4/1628/4 17/1638/17 322/322/322 22/1640/22
f 5/5/5 25/25/25 23/23/23 22/22/22
f 5/1629/5 22/1640/22 322/322/322 26/26/26
f 5/5/5 26/1641/26 27/27/27 25/25/25
f 6/6/6 26/26/26 322/322/322 21/1639/21
f 6/1630/6 21/21/21 20/20/20 28/28/28
f 6/1630/6 28/28/28 27/1643/27 26/1642/26
f 7/7/7 29/29/29 13/1636/13 12/1635/12
f 7/1631/7 12/12/12 321/321/321 30/30/30
f 7/7/7 30/1644/30 31/31/31 29/29/29
f 8/8/8 30/30/30 321/321/321 16/1637/16
f 8/1632/8 16/16/16 15/15/15 32/32/32
f 8/1632/8 32/32/32 31/31/31 30/1644/30
f 32/32/32 15/15/15 33/33/33 34/34/34
f 32/32/32 34/34/34 35/35/35 31/31/31
f 35/35/35 34/34/34 36/36/36 37/37/37
f 35/35/35 37/37/37 38/38/38 39/39/39
f 35/35/35 39/39/39 29/29/29 31/31/31
f 39/39/39 38/38/38 40/40/40 41/41/41
f 39/39/39 41/41/41 13/1636/13 29/29/29
f 41/1646/41 40/1645/40 42/42/42 43/43/43
f 41/1646/41 43/43/43 9/9/9 13/13/13
f 43/43/43 42/42/42 44/44/44 45/45/45
f 43/43/43 45/45/45 10/10/10 9/9/9
f 45/45/45 44/44/44 46/46/46 47/47/47
f 45/45/45 47/47/47 14/14/14 10/10/10
f 47/47/47 46/46/46 48/48/48 33/33/33
f 47/47/47 33/33/33 15/15/15 14/14/14
f 48/48/48 46/46/46 49/49/49 50/50/50
f 48/48/48 50/50/50 51/51/51 36/36/36
f 48/48/48 36/36/36 34/34/34 33/33/33
f 51/51/51 50/50/50 52/52/52 53/53/53
f 51/51/51 53/53/53 54/54/54 55/55/55
f 51/51/51 55/55/55 37/37/37 36/36/36
f 55/55/55 54/54/54 56/56/56 57/57/57
f 55/55/55 57/57/57 38/38/38 37/37/37
f 57/57/57 56/56/56 58/58/58 59/59/59
f 57/57/57 59/59/59 40/40/40 38/38/38
f 59/1648/59 58/1647/58 60/60/60 61/61/61
f 59/1648/59 61/61/61 42/42/42 40/1645/40
f 61/61/61 60/60/60 62/62/62 63/63/63
f 61/61/61 63/63/63 44/44/44 42/42/42
f 63/63/63 62/62/62 64/64/64 49/49/49
f 63/63/63 49/49/49 46/46/46 44/44/44
f 64/64/64 62/62/62 65/65/65 66/66/66
f 64/64/64 66/66/66 67/67/67 52/52/52
f 64/64/64 52/52/52 50/50/50 49/49/49
f 67/67/67 66/66/66 68/68/68 69/69/69
f 67/67/67 69/69/69 70/70/70 71/71/71
f 67/67/67 71/71/71 53/53/53 52/52/52
f 71/71/71 70/70/70 72/72/72 73/73/73
f 71/71/71 73/73/73 54/54/54 53/53/53
f 73/73/73 72/72/72 74/74/74 75/75/75
f 73/73/73 75/75/75 56/56/56 54/54/54
f 75/75/75 74/74/74 76/76/76 77/77/77
f 75/75/75 77/77/77 58/58/58 56/56/56
f 77/1650/77 76/1649/76 78/78/78 79/79/79
f 77/1650/77 79/79/79 60/60/60 58/1647/58
f 79/79/79 78/78/78 80/80/80 65/65/65
f 79/79/79 65/65/65 62/62/62 60/60/60
f 80/80/80 78/78/78 81/81/81 82/82/82
f 80/80/80 82/82/82 83/83/83 68/68/68
f 80/80/80 68/68/68 66/66/66 65/65/65
f 83/83/83 82/82/82 84/84/84 85/85/85
f 83/83/83 85/85/85 86/86/86 87/87/87
f 83/83/83 87/87/87 69/69/69 68/68/68
f 87/87/87 86/86/86 88/88/88 89/89/89
f 87/87/87 89/89/89 70/70/70 69/69/69
f 89/89/89 88/88/88 90/90/90 91/91/91
f 89/89/89 91/91/91 72/72/72 70/70/70
f 91/91/91 90/90/90 92/92/92 93/93/93
f 91/91/91 93/93/93 74/74/74 72/72/72
f 93/93/93 92/92/92 94/94/94 95/95/95
f 93/93/93 95/95/95 76/76/76 74/74/74
f 95/1652/95 94/1651/94 96/96/96 81/81/81
f 95/1652/95 81/81/81 78/78/78 76/1649/76
f 96/96/96 94/1651/94 97/97/97 98/98/98
f 96/96/96 98/98/98 99/99/99 84/84/84
f 96/96/96 84/84/84 82/82/82 81/81/81
f 99/99/99 98/98/98 100/100/100 101/101/101
f 99/99/99 101/101/101 102/102/102 103/103/103
f 99/99/99 103/103/103 85/85/85 84/84/84
f 103/103/103 102/102/102 104/104/104 105/105/105
f 103/103/103 105/105/105 86/86/86 85/85/85
f 105/105/105 104/104/104 106/106/106 107/107/107
f 105/105/105 107/107/107 88/88/88 86/86/86
f 107/107/107 106/106/106 108/108/108 109/109/109
f 107/107/107 109/109/109 90/90/90 88/88/88
f 109/109/109 108/108/108 110/110/110 111/111/111
f 109/109/109 111/111/111 92/92/92 90/90/90
f 111/111/111 110/110/110 112/112/112 97/1653/97
f 111/111/111 97/1653/97 94/94/94 92/92/92
f 112/112/112 110/110/110 113/113/113 114/114/114
f 112/1654/112 114/1655/114 115/115/115 100/100/100
f 112/1654/112 100/100/100 98/98/98 97/97/97
f 115/115/115 114/1655/114 116/116/116 117/117/117
f 115/115/115 117/117/117 118/118/118 119/119/119
f 115/115/115 119/119/119 101/101/101 100/100/100
f 119/119/119 118/118/118 120/120/120 121/121/121
f 119/119/119 121/121/121 102/102/102 101/101/101
f 121/121/121 120/120/120 122/122/122 123/123/123
f 121/121/121 123/123/123 104/104/104 102/102/102
f 123/123/123 122/122/122 124/124/124 125/125/125
f 123/123/123 125/125/125 106/106/106 104/104/104
f 125/125/125 124/124/124 126/126/126 127/127/127
f 125/125/125 127/127/127 108/108/108 106/106/106
f 127/127/127 126/126/126 128/128/128 113/113/113
f 127/127/127 113/113/113 110/110/110 108/108/108
f 128/128/128 126/126/126 129/129/129 130/130/130
f 128/128/128 130/130/130 131/131/131 116/1656/116
f 128/128/128 116/1656/116 114/114/114 113/113/113
f 131/131/131 130/130/130 132/132/132 133/133/133
f 131/1657/131 133/1658/133 134/134/134 135/135/135
f 131/1657/131 135/135/135 117/117/117 116/116/116
f 135/135/135 134/134/134 136/136/136 137/137/137
f 135/135/135 137/137/137 118/118/118 117/117/117
f 137/137/137 136/136/136 138/138/138 139/139/139
f 137/137/137 139/139/139 120/120/120 118/118/118
f 139/139/139 138/138/138 140/140/140 141/141/141
f 139/139/139 141/141/141 122/122/122 120/120/120
f 141/141/141 140/140/140 142/142/142 143/143/143
f 141/141/141 143/143/143 124/124/124 122/122/122
f 143/143/143 142/142/142 144/144/144 129/129/129
f 143/143/143 129/129/129 126/126/126 124/124/124
f 144/144/144 142/142/142 145/145/145 146/146/146
f 144/144/144 146/146/146 147/147/147 132/132/132
f 144/144/144 132/132/132 130/130/130 129/129/129
f 147/147/147 146/146/146 148/148/148 149/149/149
f 147/147/147 149/149/149 150/150/150 151/151/151
f 147/147/147 151/151/151 133/133/133 132/132/132
f 151/1660/151 150/1659/150 152/152/152 153/153/153
f 151/1660/151 153/153/153 134/134/134 133/1658/133
f 153/153/153 152/152/152 154/154/154 155/155/155
f 153/153/153 155/155/155 136/136/136 134/134/134
f 155/155/155 154/154/154 156/156/156 157/157/157
f 155/155/155 157/157/157 138/138/138 136/136/136
f 157/157/157 156/156/156 158/158/158 159/159/159
f 157/157/157 159/159/159 140/140/140 138/138/138
f 159/159/159 158/158/158 160/160/160 145/145/145
f 159/159/159 145/145/145 142/142/142 140/140/140
f 160/160/160 158/158/158 18/18/18 24/24/24
f 160/160/160 24/24/24 23/23/23 148/148/148
f 160/160/160 148/148/148 146/146/146 145/145/145
f 158/158/158 156/156/156 19/19/19 18/18/18
f 156/156/156 154/154/154 20/20/20 19/19/19
f 154/154/154 152/152/152 28/28/28 20/20/20
f 152/152/152 150/1659/150 27/1643/27 28/28/28
f 150/150/150 149/149/149 25/25/25 27/27/27
f 149/149/149 148/148/148 23/23/23 25/25/25
f 21/1639/21 322/322/322 17/1638/17 3/1627/3
f 323/323/323 324/324/324 325/325/325 326/326/326
f 323/1697/323 326/1700/326 327/327/327 328/328/328
f 323/1698/323 328/1701/328 329/329/329 324/1699/324
f 330/330/330 331/331/331 332/332/332 333/333/333
f 330/330/330 333/333/333 334/334/334 335/335/335
f 330/330/330 335/335/335 336/336/336 337/337/337
f 330/1702/330 337/1705/337 338/338/338 339/339/339
f 330/1703/330 339/1706/339 340/340/340 331/1704/331
f 341/341/341 342/342/342 343/343/343 344/344/344
f 341/1707/341 344/1710/344 345/345/345 346/346/346
f 341/1708/341 346/1711/346 347/347/347 342/1709/342
f 348/348/348 349/349/349 340/340/340 339/1706/339
f 348/1712/348 339/339/339 338/338/338 350/350/350
f 348/1713/348 350/1715/350 351/351/351 352/352/352
f 348/1713/348 352/352/352 353/353/353 354/354/354
f 348/1713/348 354/354/354 355/355/355 349/1714/349
f 356/356/356 357/357/357 343/343/343 342/342/342
f 356/1716/356 342/1709/342 347/347/347 358/358/358
f 356/1717/356 358/1719/358 359/359/359 357/1718/357
f 360/360/360 361/361/361 362/362/362 363/363/363
f 360/1720/360 363/1723/363 364/364/364 365/365/365
f 360/1721/360 365/1724/365 366/366/366 367/367/367
f 360/1721/360 367/367/367 368/368/368 369/369/369
f 360/1721/360 369/369/369 370/370/370 361/1722/361
f 371/371/371 372/372/372 373/373/373 374/374/374
f 371/1725/371 375/375/375 376/376/376 372/1727/372
f 371/1726/371 377/377/377 378/378/378 375/1728/375
f 371/371/371 379/379/379 380/380/380 377/1729/377
f 371/371/371 374/374/374 381/381/381 379/379/379
f 382/382/382 383/383/383 384/384/384 385/385/385
f 382/1730/382 375/1728/375 378/378/378 383/1732/383
f 382/1731/382 386/386/386 376/376/376 375/375/375
f 382/382/382 385/385/385 387/387/387 388/388/388
f 382/382/382 388/388/388 389/389/389 386/1733/386
f 390/390/390 391/391/391 392/392/392 393/393/393
f 390/1734/390 393/1737/393 394/394/394 395/395/395
f 390/1735/390 395/1738/395 396/396/396 391/1736/391
f 397/397/397 393/393/393 392/392/392 398/398/398
f 397/1739/397 398/1741/398 399/399/399 400/400/400
f 397/1740/397 400/1742/400 394/394/394 393/1737/393
f 401/401/401 402/402/402 403/403/403 404/404/404
f 401/1743/401 405/405/405 406/406/406 402/1745/402
f 401/401/401 404/404/404 407/407/407 408/408/408
f 401/401/401 408/408/408 409/409/409 410/410/410
f 401/1744/401 410/1747/410 411/411/411 405/1746/405
f 412/412/412 405/1746/405 411/411/411 413/413/413
f 412/1748/412 413/1750/413 414/414/414 415/415/415
f 412/1748/412 415/415/415 416/416/416 417/417/417
f 412/1749/412 418/418/418 406/406/406 405/405/405
f 412/1748/412 417/417/417 419/419/419 418/1751/418
f 420/420/420 421/421/421 422/422/422 423/423/423
f 420/1752/420 423/1755/423 424/424/424 425/425/425
f 420/1753/420 425/1756/425 426/426/426 421/1754/421
f 427/427/427 425/425/425 424/424/424 428/428/428
f 427/1757/427 428/1759/428 429/429/429 430/430/430
f 427/1758/427 430/1760/430 426/426/426 425/1756/425
f 431/431/431 432/432/432 433/433/433 434/434/434
f 431/1761/431 363/363/363 362/362/362 432/1763/432
f 431/1762/431 435/435/435 364/364/364 363/1723/363
f 431/431/431 436/436/436 437/437/437 435/1764/435
f 431/431/431 434/434/434 438/438/438 436/436/436
f 439/439/439 440/440/440 441/441/441 442/442/442
f 439/1765/439 442/1768/442 327/327/327 326/1700/326
f 439/1766/439 326/326/326 325/325/325 440/1767/440
f 442/442/442 441/441/441 368/368/368 443/443/443
f 442/1768/442 443/1769/443 444/444/444 327/327/327
f 444/444/444 443/1769/443 445/445/445 446/446/446
f 444/444/444 446/446/446 447/447/447 448/448/448
f 444/444/444 448/448/448 328/328/328 327/327/327
f 448/1772/448 447/1771/447 436/436/436 438/438/438
f 448/1772/448 438/438/438 329/329/329 328/1701/328
f 447/447/447 446/446/446 449/449/449 450/450/450
f 447/1771/447 450/1773/450 437/437/437 436/436/436
f 450/450/450 449/449/449 451/451/451 452/452/452
f 450/1773/450 452/1774/452 453/453/453 437/437/437
f 453/453/453 452/1774/452 454/454/454 455/455/455
f 453/453/453 455/455/455 456/456/456 457/457/457
f 453/453/453 457/457/457 435/1764/435 437/437/437
f 457/1777/457 456/1776/456 458/458/458 459/459/459
f 457/1777/457 459/459/459 364/364/364 435/435/435
f 459/459/459 458/458/458 460/460/460 461/461/461
f 459/459/459 461/461/461 365/365/365 364/364/364
f 461/1779/461 460/1778/460 462/462/462 463/463/463
f 461/1779/461 463/463/463 366/366/366 365/1724/365
f 463/463/463 462/462/462 464/464/464 465/465/465
f 463/463/463 465/465/465 466/466/466 366/366/366
f 466/1782/466 465/1781/465 451/451/451 449/449/449
f 466/1782/466 449/449/449 446/446/446 445/445/445
f 466/466/466 445/1770/445 367/367/367 366/366/366
f 465/1781/465 464/1780/464 467/467/467 451/451/451
f 467/467/467 464/1780/464 468/468/468 469/469/469
f 467/467/467 469/469/469 470/470/470 454/1775/454
f 467/467/467 454/1775/454 452/452/452 451/451/451
f 470/470/470 469/469/469 471/471/471 472/472/472
f 470/1784/470 472/1785/472 473/473/473 474/474/474
f 470/1784/470 474/474/474 455/455/455 454/454/454
f 474/474/474 473/473/473 475/475/475 476/476/476
f 474/474/474 476/476/476 456/456/456 455/455/455
f 476/1787/476 475/1786/475 477/477/477 478/478/478
f 476/1787/476 478/478/478 458/458/458 456/1776/456
f 478/478/478 477/477/477 479/479/479 480/480/480
f 478/478/478 480/480/480 460/460/460 458/458/458
f 480/1789/480 479/1788/479 481/481/481 482/482/482
f 480/1789/480 482/482/482 462/462/462 460/1778/460
f 482/482/482 481/481/481 483/483/483 468/1783/468
f 482/482/482 468/1783/468 464/464/464 462/462/462
f 483/483/483 481/481/481 484/484/484 485/485/485
f 483/1790/483 485/1791/485 486/486/486 471/471/471
f 483/1790/483 471/471/471 469/469/469 468/468/468
f 486/486/486 485/1791/485 487/487/487 488/488/488
f 486/486/486 488/488/488 489/489/489 490/490/490
f 486/486/486 490/490/490 472/472/472 471/471/471
f 490/1794/490 489/1793/489 491/491/491 492/492/492
f 490/1794/490 492/492/492 473/473/473 472/1785/472
f 492/492/492 491/491/491 493/493/493 494/494/494
f 492/492/492 494/494/494 475/475/475 473/473/473
f 494/1796/494 493/1795/493 495/495/495 496/496/496
f 494/1796/494 496/496/496 477/477/477 475/1786/475
f 496/496/496 495/495/495 497/497/497 498/498/498
f 496/496/496 498/498/498 479/479/479 477/477/477
f 498/1798/498 497/1797/497 499/499/499 484/484/484
f 498/1798/498 484/484/484 481/481/481 479/1788/479
f 499/499/499 497/1797/497 500/500/500 501/501/501
f 499/499/499 501/501/501 502/502/502 487/1792/487
f 499/499/499 487/1792/487 485/485/485 484/484/484
f 502/502/502 501/501/501 503/503/503 504/504/504
f 502/1800/502 504/1801/504 505/505/505 506/506/506
f 502/1800/502 506/506/506 488/488/488 487/487/487
f 506/506/506 505/505/505 507/507/507 508/508/508
f 506/506/506 508/508/508 489/489/489 488/488/488
f 508/1803/508 507/1802/507 509/509/509 510/510/510
f 508/1803/508 510/510/510 491/491/491 489/1793/489
f 510/510/510 509/509/509 511/511/511 512/512/512
f 510/510/510 512/512/512 493/493/493 491/491/491
f 512/1805/512 511/1804/511 513/513/513 514/514/514
f 512/1805/512 514/514/514 495/495/495 493/1795/493
f 514/514/514 513/513/513 515/515/515 500/1799/500
f 514/514/514 500/1799/500 497/497/497 495/495/495
f 515/515/515 513/513/513 516/516/516 517/517/517
f 515/1806/515 517/1807/517 518/518/518 503/503/503
f 515/1806/515 503/503/503 501/501/501 500/500/500
f 518/518/518 517/1807/517 519/519/519 520/520/520
f 518/518/518 520/520/520 521/521/521 522/522/522
f 518/518/518 522/522/522 504/504/504 503/503/503
f 522/1810/522 521/1809/521 523/523/523 524/524/524
f 522/1810/522 524/524/524 505/505/505 504/1801/504
f 524/524/524 523/523/523 525/525/525 526/526/526
f 524/524/524 526/526/526 507/507/507 505/505/505
f 526/1812/526 525/1811/525 527/527/527 528/528/528
f 526/1812/526 528/528/528 509/509/509 507/1802/507
f 528/528/528 527/527/527 529/529/529 530/530/530
f 528/528/528 530/530/530 511/511/511 509/509/509
f 530/1814/530 529/1813/529 531/531/531 516/516/516
f 530/1814/530 516/516/516 513/513/513 511/1804/511
f 531/531/531 529/1813/529 532/532/532 533/533/533
f 531/531/531 533/533/533 534/534/534 519/1808/519
f 531/531/531 519/1808/519 517/517/517 516/516/516
f 534/534/534 533/533/533 535/535/535 536/536/536
f 534/1816/534 536/1817/536 537/537/537 538/538/538
f 534/1816/534 538/538/538 520/520/520 519/519/519
f 538/538/538 537/537/537 539/539/539 540/540/540
f 538/538/538 540/540/540 521/521/521 520/520/520
f 540/1819/540 539/1818/539 541/541/541 542/542/542
f 540/1819/540 542/542/542 523/523/523 521/1809/521
f 542/542/542 541/541/541 543/543/543 544/544/544
f 542/542/542 544/544/544 525/525/525 523/523/523
f 544/1821/544 543/1820/543 545/545/545 546/546/546
f 544/1821/544 546/546/546 527/527/527 525/1811/525
f 546/546/546 545/545/545 547/547/547 532/1815/532
f 546/546/546 532/1815/532 529/529/529 527/527/527
f 547/547/547 545/545/545 548/548/548 549/549/549
f 547/1822/547 549/1823/549 550/550/550 535/535/535
f 547/1822/547 535/535/535 533/533/533 532/532/532
f 550/550/550 549/1823/549 383/1732/383 378/378/378
f 550/550/550 378/378/378 377/377/377 551/551/551
f 550/550/550 551/551/551 536/536/536 535/535/535
f 551/1824/551 377/1729/377 380/380/380 552/552/552
f 551/1824/551 552/552/552 537/537/537 536/1817/536
f 552/552/552 380/380/380 553/553/553 554/554/554
f 552/552/552 554/554/554 539/539/539 537/537/537
f 554/1826/554 553/1825/553 555/555/555 556/556/556
f 554/1826/554 556/556/556 541/541/541 539/1818/539
f 556/556/556 555/555/555 557/557/557 558/558/558
f 556/556/556 558/558/558 543/543/543 541/541/541
f 558/1828/558 557/1827/557 384/384/384 548/548/548
f 558/1828/558 548/548/548 545/545/545 543/1820/543
f 557/557/557 555/555/555 559/559/559 560/560/560
f 557/1827/557 560/1829/560 385/385/385 384/384/384
f 560/560/560 559/559/559 561/561/561 562/562/562
f 560/1829/560 562/1830/562 387/387/387 385/385/385
f 562/562/562 561/561/561 392/392/392 391/391/391
f 562/1830/562 391/1736/391 396/396/396 387/387/387
f 561/561/561 563/563/563 398/398/398 392/392/392
f 561/561/561 559/559/559 564/564/564 563/563/563
f 564/1832/564 379/379/379 381/381/381 563/1831/563
f 564/564/564 559/559/559 555/555/555 553/1825/553
f 564/1832/564 553/553/553 380/380/380 379/379/379
f 563/1831/563 381/381/381 399/399/399 398/1741/398
f 549/549/549 548/548/548 384/384/384 383/383/383
f 445/1770/445 443/443/443 368/368/368 367/367/367
f 441/441/441 440/440/440 565/565/565 566/566/566
f 441/441/441 566/566/566 369/369/369 368/368/368
f 566/566/566 565/565/565 567/567/567 568/568/568
f 566/566/566 568/568/568 370/370/370 369/369/369
f 568/568/568 567/567/567 569/569/569 570/570/570
f 568/568/568 570/570/570 571/571/571 370/370/370
f 571/571/571 570/570/570 572/572/572 573/573/573
f 571/571/571 573/573/573 574/574/574 575/575/575
f 571/571/571 575/575/575 361/1722/361 370/370/370
f 575/1837/575 574/1836/574 576/576/576 577/577/577
f 575/1837/575 577/577/577 362/362/362 361/361/361
f 577/577/577 576/576/576 578/578/578 579/579/579
f 577/577/577 579/579/579 432/1763/432 362/362/362
f 579/1839/579 578/1838/578 580/580/580 581/581/581
f 579/1839/579 581/581/581 433/433/433 432/432/432
f 581/581/581 580/580/580 582/582/582 583/583/583
f 581/581/581 583/583/583 584/584/584 433/433/433
f 584/584/584 585/585/585 434/434/434 433/433/433
f 584/584/584 583/583/583 586/586/586 587/587/587
f 584/584/584 587/587/587 588/588/588 585/585/585
f 588/588/588 324/1699/324 329/329/329 585/585/585
f 588/1842/588 587/1841/587 589/589/589 590/590/590
f 588/1842/588 590/590/590 325/325/325 324/324/324
f 590/590/590 589/589/589 567/1834/567 565/1833/565
f 590/590/590 565/1833/565 440/1767/440 325/325/325
f 589/589/589 587/1841/587 586/1840/586 591/591/591
f 589/589/589 591/591/591 569/1835/569 567/1834/567
f 591/591/591 586/1840/586 592/592/592 593/593/593
f 591/591/591 593/593/593 594/594/594 569/1835/569
f 594/594/594 593/593/593 595/595/595 596/596/596
f 594/1844/594 596/1845/596 597/597/597 572/572/572
f 594/1844/594 572/572/572 570/570/570 569/569/569
f 597/597/597 596/1845/596 598/598/598 599/599/599
f 597/597/597 599/599/599 600/600/600 601/601/601
f 597/597/597 601/601/601 573/573/573 572/572/572
f 601/601/601 600/600/600 602/602/602 603/603/603
f 601/601/601 603/603/603 574/574/574 573/573/573
f 603/1848/603 602/1847/602 604/604/604 605/605/605
f 603/1848/603 605/605/605 576/576/576 574/1836/574
f 605/605/605 604/604/604 606/606/606 607/607/607
f 605/605/605 607/607/607 578/578/578 576/576/576
f 607/1850/607 606/1849/606 608/608/608 609/609/609
f 607/1850/607 609/609/609 580/580/580 578/1838/578
f 609/609/609 608/608/608 610/610/610 611/611/611
f 609/609/609 611/611/611 582/582/582 580/580/580
f 611/611/611 610/610/610 612/612/612 613/613/613
f 611/611/611 613/613/613 592/1843/592 582/582/582
f 613/1852/613 612/1851/612 614/614/614 595/595/595
f 613/1852/613 595/595/595 593/593/593 592/592/592
f 614/614/614 612/1851/612 615/615/615 616/616/616
f 614/614/614 616/616/616 617/617/617 598/1846/598
f 614/614/614 598/1846/598 596/596/596 595/595/595
f 617/617/617 616/616/616 618/618/618 619/619/619
f 617/1854/617 619/1855/619 620/620/620 621/621/621
f 617/1854/617 621/621/621 599/599/599 598/598/598
f 621/621/621 620/620/620 622/622/622 623/623/623
f 621/621/621 623/623/623 600/600/600 599/599/599
f 623/623/623 622/622/622 624/624/624 625/625/625
f 623/623/623 625/625/625 602/602/602 600/600/600
f 625/1857/625 624/1856/624 626/626/626 627/627/627
f 625/1857/625 627/627/627 604/604/604 602/1847/602
f 627/627/627 626/626/626 628/628/628 629/629/629
f 627/627/627 629/629/629 606/606/606 604/604/604
f 629/1859/629 628/1858/628 630/630/630 631/631/631
f 629/1859/629 631/631/631 608/608/608 606/1849/606
f 631/631/631 630/630/630 632/632/632 633/633/633
f 631/631/631 633/633/633 610/610/610 608/608/608
f 633/633/633 632/632/632 634/634/634 615/1853/615
f 633/633/633 615/1853/615 612/612/612 610/610/610
f 634/634/634 632/632/632 635/635/635 636/636/636
f 634/1860/634 636/1861/636 637/637/637 618/618/618
f 634/1860/634 618/618/618 616/616/616 615/615/615
f 637/637/637 636/1861/636 638/638/638 639/639/639
f 637/637/637 639/639/639 640/640/640 641/641/641
f 637/637/637 641/641/641 619/619/619 618/618/618
f 641/1864/641 640/1863/640 642/642/642 643/643/643
f 641/1864/641 643/643/643 620/620/620 619/1855/619
f 643/643/643 642/642/642 332/332/332 644/644/644
f 643/643/643 644/644/644 622/622/622 620/620/620
f 644/644/644 332/332/332 331/331/331 645/645/645
f 644/644/644 645/645/645 624/624/624 622/622/622
f 645/1865/645 331/1704/331 340/340/340 646/646/646
f 645/1865/645 646/646/646 626/626/626 624/1856/624
f 646/646/646 340/340/340 349/349/349 647/647/647
f 646/646/646 647/647/647 628/628/628 626/626/626
f 647/1866/647 349/1714/349 355/355/355 648/648/648
f 647/1866/647 648/648/648 630/630/630 628/1858/628
f 648/648/648 355/355/355 649/649/649 635/635/635
f 648/648/648 635/635/635 632/632/632 630/630/630
f 649/649/649 355/355/355 354/354/354 650/650/650
f 649/649/649 650/650/650 651/651/651 638/1862/638
f 649/649/649 638/1862/638 636/636/636 635/635/635
f 651/651/651 650/650/650 359/359/359 358/1719/358
f 651/1867/651 358/358/358 347/347/347 652/652/652
f 651/1867/651 652/652/652 639/639/639 638/638/638
f 652/652/652 347/347/347 346/1711/346 653/653/653
f 652/652/652 653/653/653 640/640/640 639/639/639
f 653/1868/653 346/346/346 345/345/345 654/654/654
f 653/1868/653 654/654/654 642/642/642 640/1863/640
f 654/654/654 345/345/345 334/334/334 333/333/333
f 654/654/654 333/333/333 332/332/332 642/642/642
f 650/650/650 354/354/354 353/353/353 359/359/359
f 592/1843/592 586/586/586 583/583/583 582/582/582
f 585/585/585 329/329/329 438/438/438 434/434/434
f 430/430/430 429/429/429 407/407/407 655/655/655
f 430/1760/430 655/1869/655 656/656/656 426/426/426
f 656/656/656 657/657/657 421/1754/421 426/426/426
f 656/656/656 655/1869/655 658/658/658 659/659/659
f 656/656/656 659/659/659 660/660/660 657/657/657
f 660/1872/660 417/417/417 416/416/416 657/1870/657
f 660/660/660 659/659/659 661/661/661 662/662/662
f 660/1872/660 662/1873/662 419/419/419 417/417/417
f 662/662/662 661/661/661 663/663/663 664/664/664
f 662/1873/662 664/1874/664 665/665/665 419/419/419
f 665/665/665 666/666/666 418/1751/418 419/419/419
f 665/665/665 664/1874/664 667/667/667 668/668/668
f 665/665/665 668/668/668 669/669/669 666/666/666
f 669/1877/669 670/670/670 671/671/671 666/1875/666
f 669/669/669 668/668/668 672/672/672 673/673/673
f 669/1877/669 673/1878/673 674/674/674 670/670/670
f 674/674/674 675/675/675 676/676/676 670/670/670
f 674/674/674 673/1878/673 677/677/677 678/678/678
f 674/674/674 678/678/678 679/679/679 675/675/675
f 679/1882/679 680/680/680 681/681/681 675/1879/675
f 679/679/679 678/678/678 682/682/682 683/683/683
f 679/1882/679 683/1883/683 684/684/684 680/680/680
f 684/684/684 685/685/685 686/686/686 680/680/680
f 684/684/684 683/1883/683 687/687/687 688/688/688
f 684/684/684 688/688/688 689/689/689 685/685/685
f 689/1887/689 690/690/690 691/691/691 685/1884/685
f 689/689/689 688/688/688 692/692/692 693/693/693
f 689/1887/689 693/1888/693 694/694/694 690/690/690
f 694/694/694 695/695/695 696/696/696 690/690/690
f 694/694/694 693/1888/693 697/697/697 698/698/698
f 694/694/694 698/698/698 699/699/699 695/695/695
f 699/1892/699 700/700/700 701/701/701 695/1889/695
f 699/699/699 698/698/698 702/702/702 703/703/703
f 699/1892/699 703/1893/703 704/704/704 700/700/700
f 704/704/704 705/705/705 706/706/706 700/700/700
f 704/704/704 703/1893/703 707/707/707 708/708/708
f 704/704/704 708/708/708 709/709/709 705/705/705
f 709/1897/709 710/710/710 711/711/711 705/1894/705
f 709/709/709 708/708/708 712/712/712 713/713/713
f 709/1897/709 713/1898/713 714/714/714 710/710/710
f 714/714/714 715/715/715 716/716/716 710/710/710
f 714/714/714 713/1898/713 717/717/717 718/718/718
f 714/714/714 718/718/718 719/719/719 715/715/715
f 719/1902/719 720/720/720 721/721/721 715/1899/715
f 719/719/719 718/718/718 722/722/722 723/723/723
f 719/1902/719 723/1903/723 724/724/724 720/720/720
f 724/724/724 725/725/725 726/726/726 720/720/720
f 724/724/724 723/1903/723 337/337/337 336/336/336
f 724/724/724 336/336/336 727/727/727 725/725/725
f 727/1906/727 728/728/728 729/729/729 725/1904/725
f 727/727/727 336/336/336 335/335/335 730/730/730
f 727/1906/727 730/1907/730 731/731/731 728/728/728
f 731/731/731 732/732/732 733/733/733 728/728/728
f 731/731/731 730/1907/730 734/734/734 735/735/735
f 731/731/731 735/735/735 736/736/736 732/732/732
f 736/1911/736 353/353/353 352/352/352 732/1908/732
f 736/736/736 735/735/735 343/343/343 357/357/357
f 736/1911/736 357/1718/357 359/359/359 353/353/353
f 735/735/735 734/734/734 344/344/344 343/343/343
f 734/1910/734 730/730/730 335/335/335 334/334/334
f 734/1910/734 334/334/334 345/345/345 344/1710/344
f 733/1909/733 351/351/351 737/737/737 738/738/738
f 733/733/733 738/1912/738 729/729/729 728/728/728
f 733/1909/733 732/1908/732 352/352/352 351/351/351
f 738/738/738 737/737/737 739/739/739 740/740/740
f 738/1912/738 740/1913/740 741/741/741 729/729/729
f 741/741/741 740/1913/740 742/742/742 743/743/743
f 741/741/741 743/743/743 744/744/744 726/1905/726
f 741/741/741 726/1905/726 725/1904/725 729/729/729
f 744/744/744 743/743/743 745/745/745 746/746/746
f 744/1915/744 746/1916/746 747/747/747 721/721/721
f 744/1915/744 721/721/721 720/720/720 726/726/726
f 747/747/747 748/748/748 749/749/749 716/1900/716
f 747/747/747 716/1900/716 715/1899/715 721/721/721
f 749/749/749 748/748/748 750/750/750 751/751/751
f 749/1917/749 751/1918/751 752/752/752 711/711/711
f 749/1917/749 711/711/711 710/710/710 716/716/716
f 752/752/752 751/1918/751 753/753/753 754/754/754
f 752/752/752 754/754/754 755/755/755 706/1895/706
f 752/752/752 706/1895/706 705/1894/705 711/711/711
f 755/755/755 754/754/754 756/756/756 757/757/757
f 755/1920/755 757/1921/757 758/758/758 701/701/701
f 755/1920/755 701/701/701 700/700/700 706/706/706
f 758/758/758 757/1921/757 759/759/759 760/760/760
f 758/758/758 760/760/760 761/761/761 696/1890/696
f 758/758/758 696/1890/696 695/1889/695 701/701/701
f 761/761/761 760/760/760 762/762/762 763/763/763
f 761/1923/761 763/1924/763 764/764/764 691/691/691
f 761/1923/761 691/691/691 690/690/690 696/696/696
f 764/764/764 763/1924/763 765/765/765 766/766/766
f 764/764/764 766/766/766 767/767/767 686/1885/686
f 764/764/764 686/1885/686 685/1884/685 691/691/691
f 767/767/767 766/766/766 768/768/768 769/769/769
f 767/1926/767 769/1927/769 770/770/770 681/681/681
f 767/1926/767 681/681/681 680/680/680 686/686/686
f 770/770/770 769/1927/769 771/771/771 772/772/772
f 770/770/770 772/772/772 773/773/773 676/1880/676
f 770/770/770 676/1880/676 675/1879/675 681/681/681
f 773/773/773 772/772/772 403/403/403 402/402/402
f 773/1929/773 402/1745/402 406/406/406 671/671/671
f 773/1929/773 671/671/671 670/670/670 676/676/676
f 772/772/772 771/771/771 774/774/774 403/403/403
f 774/1930/774 661/661/661 659/659/659 658/658/658
f 774/774/774 658/1871/658 404/404/404 403/403/403
f 774/1930/774 771/1928/771 663/663/663 661/661/661
f 771/1928/771 769/769/769 768/768/768 663/663/663
f 768/768/768 667/1876/667 664/664/664 663/663/663
f 768/768/768 766/766/766 765/765/765 667/1876/667
f 765/1925/765 672/672/672 668/668/668 667/667/667
f 765/1925/765 763/763/763 762/762/762 672/672/672
f 762/762/762 677/1881/677 673/673/673 672/672/672
f 762/762/762 760/760/760 759/759/759 677/1881/677
f 759/1922/759 682/682/682 678/678/678 677/677/677
f 759/1922/759 757/757/757 756/756/756 682/682/682
f 756/756/756 687/1886/687 683/683/683 682/682/682
f 756/756/756 754/754/754 753/753/753 687/1886/687
f 753/1919/753 692/692/692 688/688/688 687/687/687
f 753/1919/753 751/751/751 750/750/750 692/692/692
f 750/750/750 697/1891/697 693/693/693 692/692/692
f 750/750/750 748/748/748 775/775/775 697/1891/697
f 748/748/748 747/747/747 746/1916/746 775/775/775
f 775/1931/775 702/702/702 698/698/698 697/697/697
f 775/1931/775 746/746/746 745/745/745 702/702/702
f 745/745/745 707/1896/707 703/703/703 702/702/702
f 745/745/745 743/743/743 742/742/742 707/1896/707
f 742/1914/742 712/712/712 708/708/708 707/707/707
f 742/1914/742 740/740/740 739/739/739 712/712/712
f 739/739/739 717/1901/717 713/713/713 712/712/712
f 739/739/739 737/737/737 776/776/776 717/1901/717
f 776/1932/776 722/722/722 718/718/718 717/717/717
f 776/776/776 737/737/737 351/351/351 350/1715/350
f 776/1932/776 350/350/350 338/338/338 722/722/722
f 723/723/723 722/722/722 338/338/338 337/1705/337
f 671/671/671 406/406/406 418/418/418 666/1875/666
f 658/1871/658 655/655/655 407/407/407 404/404/404
f 657/1870/657 416/416/416 422/422/422 421/421/421
f 429/429/429 428/1759/428 777/777/777 778/778/778
f 429/429/429 778/778/778 408/408/408 407/407/407
f 778/778/778 777/777/777 779/779/779 780/780/780
f 778/778/778 780/780/780 409/409/409 408/408/408
f 780/780/780 779/779/779 781/781/781 782/782/782
f 780/780/780 782/782/782 783/783/783 409/409/409
f 783/783/783 782/782/782 784/784/784 785/785/785
f 783/783/783 785/785/785 786/786/786 787/787/787
f 783/783/783 787/787/787 410/410/410 409/409/409
f 787/1937/787 786/1936/786 788/788/788 789/789/789
f 787/1937/787 789/789/789 411/411/411 410/1747/410
f 789/789/789 788/788/788 790/790/790 791/791/791
f 789/789/789 791/791/791 413/413/413 411/411/411
f 791/1939/791 790/1938/790 792/792/792 793/793/793
f 791/1939/791 793/793/793 414/414/414 413/1750/413
f 793/793/793 792/792/792 794/794/794 795/795/795
f 793/793/793 795/795/795 796/796/796 414/414/414
f 796/796/796 797/797/797 415/415/415 414/414/414
f 796/796/796 795/795/795 798/798/798 799/799/799
f 796/796/796 799/799/799 800/800/800 797/797/797
f 800/800/800 423/423/423 422/422/422 797/797/797
f 800/1942/800 799/1941/799 801/801/801 802/802/802
f 800/1942/800 802/802/802 424/424/424 423/1755/423
f 802/802/802 801/801/801 779/1934/779 777/1933/777
f 802/802/802 777/1933/777 428/428/428 424/424/424
f 801/801/801 799/1941/799 798/1940/798 803/803/803
f 801/801/801 803/803/803 781/1935/781 779/1934/779
f 803/803/803 798/1940/798 804/804/804 805/805/805
f 803/803/803 805/805/805 806/806/806 781/1935/781
f 806/806/806 805/805/805 807/807/807 808/808/808
f 806/1944/806 808/1945/808 809/809/809 784/784/784
f 806/1944/806 784/784/784 782/782/782 781/781/781
f 809/809/809 808/1945/808 810/810/810 811/811/811
f 809/809/809 811/811/811 812/812/812 813/813/813
f 809/809/809 813/813/813 785/785/785 784/784/784
f 813/813/813 812/812/812 814/814/814 815/815/815
f 813/813/813 815/815/815 786/786/786 785/785/785
f 815/1948/815 814/1947/814 816/816/816 817/817/817
f 815/1948/815 817/817/817 788/788/788 786/1936/786
f 817/817/817 816/816/816 818/818/818 819/819/819
f 817/817/817 819/819/819 790/790/790 788/788/788
f 819/1950/819 818/1949/818 820/820/820 821/821/821
f 819/1950/819 821/821/821 792/792/792 790/1938/790
f 821/821/821 820/820/820 822/822/822 823/823/823
f 821/821/821 823/823/823 794/794/794 792/792/792
f 823/823/823 822/822/822 824/824/824 825/825/825
f 823/823/823 825/825/825 804/1943/804 794/794/794
f 825/1952/825 824/1951/824 826/826/826 807/807/807
f 825/1952/825 807/807/807 805/805/805 804/804/804
f 826/826/826 824/1951/824 827/827/827 828/828/828
f 826/826/826 828/828/828 829/829/829 810/1946/810
f 826/826/826 810/1946/810 808/808/808 807/807/807
f 829/829/829 828/828/828 830/830/830 831/831/831
f 829/1954/829 831/1955/831 832/832/832 833/833/833
f 829/1954/829 833/833/833 811/811/811 810/810/810
f 833/833/833 832/832/832 834/834/834 835/835/835
f 833/833/833 835/835/835 812/812/812 811/811/811
f 835/835/835 834/834/834 836/836/836 837/837/837
f 835/835/835 837/837/837 814/814/814 812/812/812
f 837/1957/837 836/1956/836 838/838/838 839/839/839
f 837/1957/837 839/839/839 816/816/816 814/1947/814
f 839/839/839 838/838/838 840/840/840 841/841/841
f 839/839/839 841/841/841 818/818/818 816/816/816
f 841/1959/841 840/1958/840 842/842/842 843/843/843
f 841/1959/841 843/843/843 820/820/820 818/1949/818
f 843/843/843 842/842/842 844/844/844 845/845/845
f 843/843/843 845/845/845 822/822/822 820/820/820
f 845/845/845 844/844/844 846/846/846 827/1953/827
f 845/845/845 827/1953/827 824/824/824 822/822/822
f 846/846/846 844/844/844 847/847/847 848/848/848
f 846/1960/846 848/1961/848 849/849/849 830/830/830
f 846/1960/846 830/830/830 828/828/828 827/827/827
f 849/849/849 848/1961/848 850/850/850 851/851/851
f 849/849/849 851/851/851 852/852/852 853/853/853
f 849/849/849 853/853/853 831/831/831 830/830/830
f 853/1964/853 852/1963/852 854/854/854 855/855/855
f 853/1964/853 855/855/855 832/832/832 831/1955/831
f 855/855/855 854/854/854 373/373/373 856/856/856
f 855/855/855 856/856/856 834/834/834 832/832/832
f 856/856/856 373/373/373 372/372/372 857/857/857
f 856/856/856 857/857/857 836/836/836 834/834/834
f 857/1965/857 372/1727/372 376/376/376 858/858/858
f 857/1965/857 858/858/858 838/838/838 836/1956/836
f 858/858/858 376/376/376 386/386/386 859/859/859
f 858/858/858 859/859/859 840/840/840 838/838/838
f 859/1966/859 386/1733/386 389/389/389 860/860/860
f 859/1966/859 860/860/860 842/842/842 840/1958/840
f 860/860/860 389/389/389 861/861/861 847/847/847
f 860/860/860 847/847/847 844/844/844 842/842/842
f 861/861/861 389/389/389 388/388/388 862/862/862
f 861/861/861 862/862/862 863/863/863 850/1962/850
f 861/861/861 850/1962/850 848/848/848 847/847/847
f 863/863/863 862/862/862 396/396/396 395/1738/395
f 863/1967/863 395/395/395 394/394/394 864/864/864
f 863/1967/863 864/864/864 851/851/851 850/850/850
f 864/864/864 394/394/394 400/1742/400 865/865/865
f 864/864/864 865/865/865 852/852/852 851/851/851
f 865/1968/865 400/400/400 399/399/399 866/866/866
f 865/1968/865 866/866/866 854/854/854 852/1963/852
f 866/866/866 399/399/399 381/381/381 374/374/374
f 866/866/866 374/374/374 373/373/373 854/854/854
f 862/862/862 388/388/388 387/387/387 396/396/396
f 804/1943/804 798/798/798 795/795/795 794/794/794
f 797/797/797 422/422/422 416/416/416 415/415/415
f 867/867/867 868/868/868 869/869/869 870/870/870
f 867/1969/867 870/1972/870 871/871/871 872/872/872
f 867/1970/867 872/1973/872 873/873/873 868/1971/868
f 874/874/874 875/875/875 876/876/876 877/877/877
f 874/1974/874 877/1976/877 878/878/878 879/879/879
f 874/1974/874 879/879/879 880/880/880 875/1975/875
f 881/881/881 882/882/882 883/883/883 884/884/884
f 881/1977/881 884/1979/884 885/885/885 886/886/886
f 881/1977/881 886/886/886 887/887/887 882/1978/882
f 888/888/888 889/889/889 890/890/890 891/891/891
f 888/1980/888 891/1981/891 892/892/892 893/893/893
f 888/888/888 893/1982/893 894/894/894 889/889/889
f 894/894/894 893/1982/893 875/1975/875 880/880/880
f 894/894/894 880/880/880 895/895/895 896/896/896
f 894/894/894 896/896/896 897/897/897 889/889/889
f 897/897/897 896/896/896 898/898/898 899/899/899
f 897/897/897 899/899/899 900/900/900 901/901/901
f 897/897/897 901/901/901 890/890/890 889/889/889
f 901/901/901 900/900/900 902/902/902 903/903/903
f 901/901/901 903/903/903 873/873/873 890/890/890
f 903/903/903 902/902/902 904/904/904 905/905/905
f 903/903/903 905/905/905 868/1971/868 873/873/873
f 905/1984/905 904/1983/904 906/906/906 907/907/907
f 905/1984/905 907/907/907 869/869/869 868/868/868
f 907/907/907 906/906/906 908/908/908 909/909/909
f 907/907/907 909/909/909 885/885/885 869/869/869
f 909/909/909 908/908/908 910/910/910 911/911/911
f 909/909/909 911/911/911 886/886/886 885/885/885
f 911/911/911 910/910/910 912/912/912 913/913/913
f 911/911/911 913/913/913 887/887/887 886/886/886
f 913/913/913 912/912/912 914/914/914 915/915/915
f 913/913/913 915/915/915 878/878/878 887/887/887
f 915/915/915 914/914/914 916/916/916 917/917/917
f 915/915/915 917/917/917 879/879/879 878/878/878
f 917/917/917 916/916/916 918/918/918 895/895/895
f 917/917/917 895/895/895 880/880/880 879/879/879
f 918/918/918 916/916/916 919/919/919 920/920/920
f 918/918/918 920/920/920 921/921/921 898/898/898
f 918/918/918 898/898/898 896/896/896 895/895/895
f 921/921/921 920/920/920 922/922/922 923/923/923
f 921/921/921 923/923/923 924/924/924 925/925/925
f 921/921/921 925/925/925 899/899/899 898/898/898
f 925/925/925 924/924/924 926/926/926 927/927/927
f 925/925/925 927/927/927 900/900/900 899/899/899
f 927/927/927 926/926/926 928/928/928 929/929/929
f 927/927/927 929/929/929 902/902/902 900/900/900
f 929/929/929 928/928/928 930/930/930 931/931/931
f 929/929/929 931/931/931 904/904/904 902/902/902
f 931/1986/931 930/1985/930 932/932/932 933/933/933
f 931/1986/931 933/933/933 906/906/906 904/1983/904
f 933/933/933 932/932/932 934/934/934 935/935/935
f 933/933/933 935/935/935 908/908/908 906/906/906
f 935/935/935 934/934/934 936/936/936 937/937/937
f 935/935/935 937/937/937 910/910/910 908/908/908
f 937/937/937 936/936/936 938/938/938 939/939/939
f 937/937/937 939/939/939 912/912/912 910/910/910
f 939/939/939 938/938/938 940/940/940 941/941/941
f 939/939/939 941/941/941 914/914/914 912/912/912
f 941/941/941 940/940/940 942/942/942 919/919/919
f 941/941/941 919/919/919 916/916/916 914/914/914
f 942/942/942 940/940/940 943/943/943 944/944/944
f 942/942/942 944/944/944 945/945/945 922/922/922
f 942/942/942 922/922/922 920/920/920 919/919/919
f 945/945/945 944/944/944 946/946/946 947/947/947
f 945/945/945 947/947/947 948/948/948 949/949/949
f 945/945/945 949/949/949 923/923/923 922/922/922
f 949/949/949 948/948/948 950/950/950 951/951/951
f 949/949/949 951/951/951 924/924/924 923/923/923
f 951/951/951 950/950/950 952/952/952 953/953/953
f 951/951/951 953/953/953 926/926/926 924/924/924
f 953/953/953 952/952/952 954/954/954 955/955/955
f 953/953/953 955/955/955 928/928/928 926/926/926
f 955/955/955 954/954/954 956/956/956 957/957/957
f 955/955/955 957/957/957 930/930/930 928/928/928
f 957/1988/957 956/1987/956 958/958/958 959/959/959
f 957/1988/957 959/959/959 932/932/932 930/1985/930
f 959/959/959 958/958/958 960/960/960 961/961/961
f 959/959/959 961/961/961 934/934/934 932/932/932
f 961/961/961 960/960/960 962/962/962 963/963/963
f 961/961/961 963/963/963 936/936/936 934/934/934
f 963/963/963 962/962/962 964/964/964 965/965/965
f 963/963/963 965/965/965 938/938/938 936/936/936
f 965/965/965 964/964/964 966/966/966 943/943/943
f 965/965/965 943/943/943 940/940/940 938/938/938
f 966/966/966 964/964/964 967/967/967 968/968/968
f 966/966/966 968/968/968 969/969/969 946/946/946
f 966/966/966 946/946/946 944/944/944 943/943/943
f 969/969/969 970/970/970 947/947/947 946/946/946
f 970/970/970 971/971/971 948/948/948 947/947/947
f 971/971/971 972/972/972 950/950/950 948/948/948
f 972/972/972 973/973/973 952/952/952 950/950/950
f 973/973/973 974/974/974 954/954/954 952/952/952
f 974/974/974 975/975/975 956/956/956 954/954/954
f 975/1989/975 976/976/976 958/958/958 956/1987/956
f 976/976/976 977/977/977 960/960/960 958/958/958
f 977/977/977 978/978/978 962/962/962 960/960/960
f 978/978/978 967/967/967 964/964/964 962/962/962
f 893/893/893 892/892/892 876/876/876 875/875/875
f 892/892/892 891/1981/891 872/872/872 871/871/871
f 892/892/892 871/871/871 883/883/883 876/876/876
f 891/891/891 890/890/890 873/873/873 872/1973/872
f 887/887/887 878/878/878 877/1976/877 882/1978/882
f 885/885/885 884/1979/884 870/870/870 869/869/869
f 884/884/884 883/883/883 871/871/871 870/1972/870
f 883/883/883 882/882/882 877/877/877 876/876/876
f 171/171/171 170/170/170 169/169/169 161/161/161
f 172/172/172 979/979/979 171/1669/171 161/1661/161
f 169/169/169 173/173/173 172/1670/172 161/161/161
f 176/176/176 175/175/175 174/174/174 162/162/162
f 171/1669/171 979/979/979 176/1673/176 162/1662/162
f 174/174/174 170/170/170 171/171/171 162/162/162
f 179/179/179 178/178/178 177/177/177 163/163/163
f 181/181/181 180/180/180 179/179/179 163/163/163
f 184/184/184 183/183/183 182/182/182 164/164/164
f 177/177/177 178/178/178 184/184/184 164/164/164
f 182/1676/182 980/980/980 177/1674/177 164/1664/164
f 182/182/182 183/183/183 185/185/185 165/165/165
f 186/186/186 980/980/980 182/1676/182 165/1665/165
f 185/185/185 187/187/187 186/1677/186 165/165/165
f 181/1675/181 980/980/980 186/186/186 166/166/166
f 188/188/188 180/180/180 181/181/181 166/1666/166
f 186/1678/186 187/1679/187 188/188/188 166/1666/166
f 172/1671/172 173/1672/173 189/189/189 167/167/167
f 190/190/190 979/979/979 172/172/172 167/1667/167
f 189/189/189 191/191/191 190/1680/190 167/167/167
f 176/1673/176 979/979/979 190/190/190 168/168/168
f 192/192/192 175/175/175 176/176/176 168/1668/168
f 190/1680/190 191/191/191 192/192/192 168/1668/168
f 194/194/194 193/193/193 175/175/175 192/192/192
f 191/191/191 195/195/195 194/194/194 192/192/192
f 197/197/197 196/196/196 194/194/194 195/195/195
f 199/199/199 198/198/198 197/197/197 195/195/195
f 191/191/191 189/189/189 199/199/199 195/195/195
f 201/201/201 200/200/200 198/198/198 199/199/199
f 189/189/189 173/1672/173 201/201/201 199/199/199
f 203/203/203 202/202/202 200/1681/200 201/1682/201
f 173/173/173 169/169/169 203/203/203 201/1682/201
f 205/205/205 204/204/204 202/202/202 203/203/203
f 169/169/169 170/170/170 205/205/205 203/203/203
f 207/207/207 206/206/206 204/204/204 205/205/205
f 170/170/170 174/174/174 207/207/207 205/205/205
f 193/193/193 208/208/208 206/206/206 207/207/207
f 174/174/174 175/175/175 193/193/193 207/207/207
f 210/210/210 209/209/209 206/206/206 208/208/208
f 196/196/196 211/211/211 210/210/210 208/208/208
f 193/193/193 194/194/194 196/196/196 208/208/208
f 213/213/213 212/212/212 210/210/210 211/211/211
f 215/215/215 214/214/214 213/213/213 211/211/211
f 196/196/196 197/197/197 215/215/215 211/211/211
f 217/217/217 216/216/216 214/214/214 215/215/215
f 197/197/197 198/198/198 217/217/217 215/215/215
f 219/219/219 218/218/218 216/216/216 217/217/217
f 198/198/198 200/200/200 219/219/219 217/217/217
f 221/221/221 220/220/220 218/1683/218 219/1684/219
f 200/1681/200 202/202/202 221/221/221 219/1684/219
f 223/223/223 222/222/222 220/220/220 221/221/221
f 202/202/202 204/204/204 223/223/223 221/221/221
f 209/209/209 224/224/224 222/222/222 223/223/223
f 204/204/204 206/206/206 209/209/209 223/223/223
f 226/226/226 225/225/225 222/222/222 224/224/224
f 212/212/212 227/227/227 226/226/226 224/224/224
f 209/209/209 210/210/210 212/212/212 224/224/224
f 229/229/229 228/228/228 226/226/226 227/227/227
f 231/231/231 230/230/230 229/229/229 227/227/227
f 212/212/212 213/213/213 231/231/231 227/227/227
f 233/233/233 232/232/232 230/230/230 231/231/231
f 213/213/213 214/214/214 233/233/233 231/231/231
f 235/235/235 234/234/234 232/232/232 233/233/233
f 214/214/214 216/216/216 235/235/235 233/233/233
f 237/237/237 236/236/236 234/234/234 235/235/235
f 216/216/216 218/218/218 237/237/237 235/235/235
f 239/239/239 238/238/238 236/1685/236 237/1686/237
f 218/1683/218 220/220/220 239/239/239 237/1686/237
f 225/225/225 240/240/240 238/238/238 239/239/239
f 220/220/220 222/222/222 225/225/225 239/239/239
f 242/242/242 241/241/241 238/238/238 240/240/240
f 228/228/228 243/243/243 242/242/242 240/240/240
f 225/225/225 226/226/226 228/228/228 240/240/240
f 245/245/245 244/244/244 242/242/242 243/243/243
f 247/247/247 246/246/246 245/245/245 243/243/243
f 228/228/228 229/229/229 247/247/247 243/243/243
f 249/249/249 248/248/248 246/246/246 247/247/247
f 229/229/229 230/230/230 249/249/249 247/247/247
f 251/251/251 250/250/250 248/248/248 249/249/249
f 230/230/230 232/232/232 251/251/251 249/249/249
f 253/253/253 252/252/252 250/250/250 251/251/251
f 232/232/232 234/234/234 253/253/253 251/251/251
f 255/255/255 254/254/254 252/252/252 253/253/253
f 234/234/234 236/236/236 255/255/255 253/253/253
f 241/241/241 256/256/256 254/1687/254 255/1688/255
f 236/1685/236 238/238/238 241/241/241 255/1688/255
f 258/258/258 257/257/257 254/1687/254 256/256/256
f 244/244/244 259/259/259 258/258/258 256/256/256
f 241/241/241 242/242/242 244/244/244 256/256/256
f 261/261/261 260/260/260 258/258/258 259/259/259
f 263/263/263 262/262/262 261/261/261 259/259/259
f 244/244/244 245/245/245 263/263/263 259/259/259
f 265/265/265 264/264/264 262/262/262 263/263/263
f 245/245/245 246/246/246 265/265/265 263/263/263
f 267/267/267 266/266/266 264/264/264 265/265/265
f 246/246/246 248/248/248 267/267/267 265/265/265
f 269/269/269 268/268/268 266/266/266 267/267/267
f 248/248/248 250/250/250 269/269/269 267/267/267
f 271/271/271 270/270/270 268/268/268 269/269/269
f 250/250/250 252/252/252 271/271/271 269/269/269
f 257/1689/257 272/272/272 270/270/270 271/271/271
f 252/252/252 254/254/254 257/1689/257 271/271/271
f 274/274/274 273/273/273 270/270/270 272/272/272
f 260/260/260 275/275/275 274/1691/274 272/1690/272
f 257/257/257 258/258/258 260/260/260 272/1690/272
f 277/277/277 276/276/276 274/1691/274 275/275/275
f 279/279/279 278/278/278 277/277/277 275/275/275
f 260/260/260 261/261/261 279/279/279 275/275/275
f 281/281/281 280/280/280 278/278/278 279/279/279
f 261/261/261 262/262/262 281/281/281 279/279/279
f 283/283/283 282/282/282 280/280/280 281/281/281
f 262/262/262 264/264/264 283/283/283 281/281/281
f 285/285/285 284/284/284 282/282/282 283/283/283
f 264/264/264 266/266/266 285/285/285 283/283/283
f 287/287/287 286/286/286 284/284/284 285/285/285
f 266/266/266 268/268/268 287/287/287 285/285/285
f 273/273/273 288/288/288 286/286/286 287/287/287
f 268/268/268 270/270/270 273/273/273 287/287/287
f 290/290/290 289/289/289 286/286/286 288/288/288
f 276/1692/276 291/291/291 290/290/290 288/288/288
f 273/273/273 274/274/274 276/1692/276 288/288/288
f 293/293/293 292/292/292 290/290/290 291/291/291
f 295/295/295 294/294/294 293/1694/293 291/1693/291
f 276/276/276 277/277/277 295/295/295 291/1693/291
f 297/297/297 296/296/296 294/294/294 295/295/295
f 277/277/277 278/278/278 297/297/297 295/295/295
f 299/299/299 298/298/298 296/296/296 297/297/297
f 278/278/278 280/280/280 299/299/299 297/297/297
f 301/301/301 300/300/300 298/298/298 299/299/299
f 280/280/280 282/282/282 301/301/301 299/299/299
f 303/303/303 302/302/302 300/300/300 301/301/301
f 282/282/282 284/284/284 303/303/303 301/301/301
f 289/289/289 304/304/304 302/302/302 303/303/303
f 284/284/284 286/286/286 289/289/289 303/303/303
f 306/306/306 305/305/305 302/302/302 304/304/304
f 292/292/292 307/307/307 306/306/306 304/304/304
f 289/289/289 290/290/290 292/292/292 304/304/304
f 309/309/309 308/308/308 306/306/306 307/307/307
f 311/311/311 310/310/310 309/309/309 307/307/307
f 292/292/292 293/293/293 311/311/311 307/307/307
f 313/313/313 312/312/312 310/1695/310 311/1696/311
f 293/1694/293 294/294/294 313/313/313 311/1696/311
f 315/315/315 314/314/314 312/312/312 313/313/313
f 294/294/294 296/296/296 315/315/315 313/313/313
f 317/317/317 316/316/316 314/314/314 315/315/315
f 296/296/296 298/298/298 317/317/317 315/315/315
f 319/319/319 318/318/318 316/316/316 317/317/317
f 298/298/298 300/300/300 319/319/319 317/317/317
f 305/305/305 320/320/320 318/318/318 319/319/319
f 300/300/300 302/302/302 305/305/305 319/319/319
f 184/184/184 178/178/178 318/318/318 320/320/320
f 308/308/308 183/183/183 184/184/184 320/320/320
f 305/305/305 306/306/306 308/308/308 320/320/320
f 178/178/178 179/179/179 316/316/316 318/318/318
f 179/179/179 180/180/180 314/314/314 316/316/316
f 180/180/180 188/188/188 312/312/312 314/314/314
f 188/188/188 187/1679/187 310/1695/310 312/312/312
f 187/187/187 185/185/185 309/309/309 310/310/310
f 185/185/185 183/183/183 308/308/308 309/309/309
f 163/1663/163 177/1674/177 980/980/980 181/1675/181
f 981/981/981 982/982/982 983/983/983 984/984/984
f 985/985/985 986/986/986 981/1990/981 984/1992/984
f 983/1991/983 987/987/987 985/1994/985 984/1993/984
f 988/988/988 989/989/989 990/990/990 991/991/991
f 992/992/992 993/993/993 988/988/988 991/991/991
f 994/994/994 995/995/995 992/992/992 991/991/991
f 996/996/996 997/997/997 994/1998/994 991/1996/991
f 990/1995/990 998/998/998 996/1999/996 991/1997/991
f 999/999/999 1000/1000/1000 1001/1001/1001 1002/1002/1002
f 1003/1003/1003 1004/1004/1004 999/2000/999 1002/2002/1002
f 1001/2001/1001 1005/1005/1005 1003/2004/1003 1002/2003/1002
f 996/1999/996 998/998/998 1006/1006/1006 1007/1007/1007
f 1008/1008/1008 997/997/997 996/996/996 1007/2006/1007
f 1009/1009/1009 1010/1010/1010 1008/2008/1008 1007/2007/1007
f 1011/1011/1011 1012/1012/1012 1009/1009/1009 1007/2007/1007
f 1006/2005/1006 1013/1013/1013 1011/1011/1011 1007/2007/1007
f 1001/1001/1001 1000/1000/1000 1014/1014/1014 1015/1015/1015
f 1016/1016/1016 1005/1005/1005 1001/2001/1001 1015/2010/1015
f 1014/2009/1014 1017/1017/1017 1016/2012/1016 1015/2011/1015
f 1018/1018/1018 1019/1019/1019 1020/1020/1020 1021/1021/1021
f 1022/1022/1022 1023/1023/1023 1018/2013/1018 1021/2015/1021
f 1024/1024/1024 1025/1025/1025 1022/2017/1022 1021/2016/1021
f 1026/1026/1026 1027/1027/1027 1024/1024/1024 1021/2016/1021
f 1020/2014/1020 1028/1028/1028 1026/1026/1026 1021/2016/1021
f 1029/1029/1029 1030/1030/1030 1031/1031/1031 1032/1032/1032
f 1031/2018/1031 1033/1033/1033 1034/1034/1034 1032/2019/1032
f 1034/2021/1034 1035/1035/1035 1036/1036/1036 1032/2020/1032
f 1036/2022/1036 1037/1037/1037 1038/1038/1038 1032/1032/1032
f 1038/1038/1038 1039/1039/1039 1029/1029/1029 1032/1032/1032
f 1040/1040/1040 1041/1041/1041 1042/1042/1042 1043/1043/1043
f 1042/2023/1042 1035/1035/1035 1034/2021/1034 1043/2024/1043
f 1034/1034/1034 1033/1033/1033 1044/1044/1044 1043/2025/1043
f 1045/1045/1045 1046/1046/1046 1040/1040/1040 1043/1043/1043
f 1044/2026/1044 1047/1047/1047 1045/1045/1045 1043/1043/1043
f 1048/1048/1048 1049/1049/1049 1050/1050/1050 1051/1051/1051
f 1052/1052/1052 1053/1053/1053 1048/2027/1048 1051/2029/1051
f 1050/2028/1050 1054/1054/1054 1052/2031/1052 1051/2030/1051
f 1055/1055/1055 1049/1049/1049 1048/1048/1048 1056/1056/1056
f 1057/1057/1057 1058/1058/1058 1055/2032/1055 1056/2033/1056
f 1048/2027/1048 1053/1053/1053 1057/2035/1057 1056/2034/1056
f 1059/1059/1059 1060/1060/1060 1061/1061/1061 1062/1062/1062
f 1061/2036/1061 1063/1063/1063 1064/1064/1064 1062/2037/1062
f 1065/1065/1065 1066/1066/1066 1059/1059/1059 1062/1062/1062
f 1067/1067/1067 1068/1068/1068 1065/1065/1065 1062/1062/1062
f 1064/2039/1064 1069/1069/1069 1067/2040/1067 1062/2038/1062
f 1070/1070/1070 1069/1069/1069 1064/2039/1064 1071/1071/1071
f 1072/1072/1072 1073/1073/1073 1070/2041/1070 1071/2042/1071
f 1074/1074/1074 1075/1075/1075 1072/1072/1072 1071/2042/1071
f 1064/1064/1064 1063/1063/1063 1076/1076/1076 1071/2043/1071
f 1076/2044/1076 1077/1077/1077 1074/1074/1074 1071/2042/1071
f 1078/1078/1078 1079/1079/1079 1080/1080/1080 1081/1081/1081
f 1082/1082/1082 1083/1083/1083 1078/2045/1078 1081/2047/1081
f 1080/2046/1080 1084/1084/1084 1082/2049/1082 1081/2048/1081
f 1085/1085/1085 1083/1083/1083 1082/1082/1082 1086/1086/1086
f 1087/1087/1087 1088/1088/1088 1085/2050/1085 1086/2051/1086
f 1082/2049/1082 1084/1084/1084 1087/2053/1087 1086/2052/1086
f 1089/1089/1089 1090/1090/1090 1091/1091/1091 1092/1092/1092
f 1091/2054/1091 1019/1019/1019 1018/1018/1018 1092/2055/1092
f 1018/2013/1018 1023/1023/1023 1093/1093/1093 1092/2056/1092
f 1093/2057/1093 1094/1094/1094 1095/1095/1095 1092/1092/1092
f 1095/1095/1095 1096/1096/1096 1089/1089/1089 1092/1092/1092
f 1097/1097/1097 1098/1098/1098 1099/1099/1099 1100/1100/1100
f 981/1990/981 986/986/986 1097/2058/1097 1100/2060/1100
f 1099/2059/1099 982/982/982 981/981/981 1100/2061/1100
f 1101/1101/1101 1027/1027/1027 1098/1098/1098 1097/1097/1097
f 986/986/986 1102/1102/1102 1101/2062/1101 1097/2058/1097
f 1103/1103/1103 1104/1104/1104 1101/2062/1101 1102/1102/1102
f 1105/1105/1105 1106/1106/1106 1103/1103/1103 1102/1102/1102
f 986/986/986 985/985/985 1105/1105/1105 1102/1102/1102
f 1096/1096/1096 1095/1095/1095 1106/2065/1106 1105/2064/1105
f 985/1994/985 987/987/987 1096/1096/1096 1105/2064/1105
f 1107/1107/1107 1108/1108/1108 1103/1103/1103 1106/1106/1106
f 1095/1095/1095 1094/1094/1094 1107/2066/1107 1106/2065/1106
f 1109/1109/1109 1110/1110/1110 1108/1108/1108 1107/1107/1107
f 1094/1094/1094 1111/1111/1111 1109/2067/1109 1107/2066/1107
f 1112/1112/1112 1113/1113/1113 1109/2067/1109 1111/1111/1111
f 1114/1114/1114 1115/1115/1115 1112/1112/1112 1111/1111/1111
f 1094/1094/1094 1093/2057/1093 1114/1114/1114 1111/1111/1111
f 1116/1116/1116 1117/1117/1117 1115/2070/1115 1114/2069/1114
f 1093/1093/1093 1023/1023/1023 1116/1116/1116 1114/2069/1114
f 1118/1118/1118 1119/1119/1119 1117/1117/1117 1116/1116/1116
f 1023/1023/1023 1022/1022/1022 1118/1118/1118 1116/1116/1116
f 1120/1120/1120 1121/1121/1121 1119/2072/1119 1118/2071/1118
f 1022/2017/1022 1025/1025/1025 1120/1120/1120 1118/2071/1118
f 1122/1122/1122 1123/1123/1123 1121/1121/1121 1120/1120/1120
f 1025/1025/1025 1124/1124/1124 1122/1122/1122 1120/1120/1120
f 1108/1108/1108 1110/1110/1110 1122/2073/1122 1124/2075/1124
f 1104/1104/1104 1103/1103/1103 1108/1108/1108 1124/2075/1124
f 1025/1025/1025 1024/1024/1024 1104/2063/1104 1124/1124/1124
f 1110/1110/1110 1125/1125/1125 1123/2074/1123 1122/2073/1122
f 1126/1126/1126 1127/1127/1127 1123/2074/1123 1125/1125/1125
f 1113/2068/1113 1128/1128/1128 1126/1126/1126 1125/1125/1125
f 1110/1110/1110 1109/1109/1109 1113/2068/1113 1125/1125/1125
f 1129/1129/1129 1130/1130/1130 1126/1126/1126 1128/1128/1128
f 1131/1131/1131 1132/1132/1132 1129/2078/1129 1128/2077/1128
f 1113/1113/1113 1112/1112/1112 1131/1131/1131 1128/2077/1128
f 1133/1133/1133 1134/1134/1134 1132/1132/1132 1131/1131/1131
f 1112/1112/1112 1115/1115/1115 1133/1133/1133 1131/1131/1131
f 1135/1135/1135 1136/1136/1136 1134/2080/1134 1133/2079/1133
f 1115/2070/1115 1117/1117/1117 1135/1135/1135 1133/2079/1133
f 1137/1137/1137 1138/1138/1138 1136/1136/1136 1135/1135/1135
f 1117/1117/1117 1119/1119/1119 1137/1137/1137 1135/1135/1135
f 1139/1139/1139 1140/1140/1140 1138/2082/1138 1137/2081/1137
f 1119/2072/1119 1121/1121/1121 1139/1139/1139 1137/2081/1137
f 1127/2076/1127 1141/1141/1141 1140/1140/1140 1139/1139/1139
f 1121/1121/1121 1123/1123/1123 1127/2076/1127 1139/1139/1139
f 1142/1142/1142 1143/1143/1143 1140/1140/1140 1141/1141/1141
f 1130/1130/1130 1144/1144/1144 1142/2084/1142 1141/2083/1141
f 1127/1127/1127 1126/1126/1126 1130/1130/1130 1141/2083/1141
f 1145/1145/1145 1146/1146/1146 1142/2084/1142 1144/1144/1144
f 1147/1147/1147 1148/1148/1148 1145/1145/1145 1144/1144/1144
f 1130/1130/1130 1129/1129/1129 1147/1147/1147 1144/1144/1144
f 1149/1149/1149 1150/1150/1150 1148/2087/1148 1147/2086/1147
f 1129/2078/1129 1132/1132/1132 1149/1149/1149 1147/2086/1147
f 1151/1151/1151 1152/1152/1152 1150/1150/1150 1149/1149/1149
f 1132/1132/1132 1134/1134/1134 1151/1151/1151 1149/1149/1149
f 1153/1153/1153 1154/1154/1154 1152/2089/1152 1151/2088/1151
f 1134/2080/1134 1136/1136/1136 1153/1153/1153 1151/2088/1151
f 1155/1155/1155 1156/1156/1156 1154/1154/1154 1153/1153/1153
f 1136/1136/1136 1138/1138/1138 1155/1155/1155 1153/1153/1153
f 1143/1143/1143 1157/1157/1157 1156/2091/1156 1155/2090/1155
f 1138/2082/1138 1140/1140/1140 1143/1143/1143 1155/2090/1155
f 1158/1158/1158 1159/1159/1159 1156/2091/1156 1157/1157/1157
f 1146/2085/1146 1160/1160/1160 1158/1158/1158 1157/1157/1157
f 1143/1143/1143 1142/1142/1142 1146/2085/1146 1157/1157/1157
f 1161/1161/1161 1162/1162/1162 1158/1158/1158 1160/1160/1160
f 1163/1163/1163 1164/1164/1164 1161/2094/1161 1160/2093/1160
f 1146/1146/1146 1145/1145/1145 1163/1163/1163 1160/2093/1160
f 1165/1165/1165 1166/1166/1166 1164/1164/1164 1163/1163/1163
f 1145/1145/1145 1148/1148/1148 1165/1165/1165 1163/1163/1163
f 1167/1167/1167 1168/1168/1168 1166/2096/1166 1165/2095/1165
f 1148/2087/1148 1150/1150/1150 1167/1167/1167 1165/2095/1165
f 1169/1169/1169 1170/1170/1170 1168/1168/1168 1167/1167/1167
f 1150/1150/1150 1152/1152/1152 1169/1169/1169 1167/1167/1167
f 1171/1171/1171 1172/1172/1172 1170/2098/1170 1169/2097/1169
f 1152/2089/1152 1154/1154/1154 1171/1171/1171 1169/2097/1169
f 1159/2092/1159 1173/1173/1173 1172/1172/1172 1171/1171/1171
f 1154/1154/1154 1156/1156/1156 1159/2092/1159 1171/1171/1171
f 1174/1174/1174 1175/1175/1175 1172/1172/1172 1173/1173/1173
f 1162/1162/1162 1176/1176/1176 1174/2100/1174 1173/2099/1173
f 1159/1159/1159 1158/1158/1158 1162/1162/1162 1173/2099/1173
f 1177/1177/1177 1178/1178/1178 1174/2100/1174 1176/1176/1176
f 1179/1179/1179 1180/1180/1180 1177/1177/1177 1176/1176/1176
f 1162/1162/1162 1161/1161/1161 1179/1179/1179 1176/1176/1176
f 1181/1181/1181 1182/1182/1182 1180/2103/1180 1179/2102/1179
f 1161/2094/1161 1164/1164/1164 1181/1181/1181 1179/2102/1179
f 1183/1183/1183 1184/1184/1184 1182/1182/1182 1181/1181/1181
f 1164/1164/1164 1166/1166/1166 1183/1183/1183 1181/1181/1181
f 1185/1185/1185 1186/1186/1186 1184/2105/1184 1183/2104/1183
f 1166/2096/1166 1168/1168/1168 1185/1185/1185 1183/2104/1183
f 1187/1187/1187 1188/1188/1188 1186/1186/1186 1185/1185/1185
f 1168/1168/1168 1170/1170/1170 1187/1187/1187 1185/1185/1185
f 1175/1175/1175 1189/1189/1189 1188/2107/1188 1187/2106/1187
f 1170/2098/1170 1172/1172/1172 1175/1175/1175 1187/2106/1187
f 1190/1190/1190 1191/1191/1191 1188/2107/1188 1189/1189/1189
f 1178/2101/1178 1192/1192/1192 1190/1190/1190 1189/1189/1189
f 1175/1175/1175 1174/1174/1174 1178/2101/1178 1189/1189/1189
f 1193/1193/1193 1194/1194/1194 1190/1190/1190 1192/1192/1192
f 1195/1195/1195 1196/1196/1196 1193/2110/1193 1192/2109/1192
f 1178/1178/1178 1177/1177/1177 1195/1195/1195 1192/2109/1192
f 1197/1197/1197 1198/1198/1198 1196/1196/1196 1195/1195/1195
f 1177/1177/1177 1180/1180/1180 1197/1197/1197 1195/1195/1195
f 1199/1199/1199 1200/1200/1200 1198/2112/1198 1197/2111/1197
f 1180/2103/1180 1182/1182/1182 1199/1199/1199 1197/2111/1197
f 1201/1201/1201 1202/1202/1202 1200/1200/1200 1199/1199/1199
f 1182/1182/1182 1184/1184/1184 1201/1201/1201 1199/1199/1199
f 1203/1203/1203 1204/1204/1204 1202/2114/1202 1201/2113/1201
f 1184/2105/1184 1186/1186/1186 1203/1203/1203 1201/2113/1201
f 1191/2108/1191 1205/1205/1205 1204/1204/1204 1203/1203/1203
f 1186/1186/1186 1188/1188/1188 1191/2108/1191 1203/1203/1203
f 1206/1206/1206 1207/1207/1207 1204/1204/1204 1205/1205/1205
f 1194/1194/1194 1208/1208/1208 1206/2116/1206 1205/2115/1205
f 1191/1191/1191 1190/1190/1190 1194/1194/1194 1205/2115/1205
f 1035/1035/1035 1042/2023/1042 1206/2116/1206 1208/1208/1208
f 1209/1209/1209 1036/1036/1036 1035/1035/1035 1208/1208/1208
f 1194/1194/1194 1193/1193/1193 1209/1209/1209 1208/1208/1208
f 1210/1210/1210 1037/1037/1037 1036/2022/1036 1209/2117/1209
f 1193/2110/1193 1196/1196/1196 1210/1210/1210 1209/2117/1209
f 1211/1211/1211 1212/1212/1212 1037/1037/1037 1210/1210/1210
f 1196/1196/1196 1198/1198/1198 1211/1211/1211 1210/1210/1210
f 1213/1213/1213 1214/1214/1214 1212/2119/1212 1211/2118/1211
f 1198/2112/1198 1200/1200/1200 1213/1213/1213 1211/2118/1211
f 1215/1215/1215 1216/1216/1216 1214/1214/1214 1213/1213/1213
f 1200/1200/1200 1202/1202/1202 1215/1215/1215 1213/1213/1213
f 1207/1207/1207 1041/1041/1041 1216/2121/1216 1215/2120/1215
f 1202/2114/1202 1204/1204/1204 1207/1207/1207 1215/2120/1215
f 1217/1217/1217 1218/1218/1218 1214/1214/1214 1216/1216/1216
f 1041/1041/1041 1040/1040/1040 1217/2122/1217 1216/2121/1216
f 1219/1219/1219 1220/1220/1220 1218/1218/1218 1217/1217/1217
f 1040/1040/1040 1046/1046/1046 1219/2123/1219 1217/2122/1217
f 1050/1050/1050 1049/1049/1049 1220/1220/1220 1219/1219/1219
f 1046/1046/1046 1054/1054/1054 1050/2028/1050 1219/2123/1219
f 1049/1049/1049 1055/1055/1055 1221/1221/1221 1220/1220/1220
f 1221/1221/1221 1222/1222/1222 1218/1218/1218 1220/1220/1220
f 1221/2124/1221 1039/1039/1039 1038/1038/1038 1222/2125/1222
f 1212/2119/1212 1214/1214/1214 1218/1218/1218 1222/1222/1222
f 1038/1038/1038 1037/1037/1037 1212/1212/1212 1222/2125/1222
f 1055/2032/1055 1058/1058/1058 1039/1039/1039 1221/2124/1221
f 1042/1042/1042 1041/1041/1041 1207/1207/1207 1206/1206/1206
f 1024/1024/1024 1027/1027/1027 1101/1101/1101 1104/2063/1104
f 1223/1223/1223 1224/1224/1224 1099/1099/1099 1098/1098/1098
f 1027/1027/1027 1026/1026/1026 1223/1223/1223 1098/1098/1098
f 1225/1225/1225 1226/1226/1226 1224/1224/1224 1223/1223/1223
f 1026/1026/1026 1028/1028/1028 1225/1225/1225 1223/1223/1223
f 1227/1227/1227 1228/1228/1228 1226/1226/1226 1225/1225/1225
f 1028/1028/1028 1229/1229/1229 1227/1227/1227 1225/1225/1225
f 1230/1230/1230 1231/1231/1231 1227/1227/1227 1229/1229/1229
f 1232/1232/1232 1233/1233/1233 1230/1230/1230 1229/1229/1229
f 1028/1028/1028 1020/2014/1020 1232/1232/1232 1229/1229/1229
f 1234/1234/1234 1235/1235/1235 1233/2130/1233 1232/2129/1232
f 1020/1020/1020 1019/1019/1019 1234/1234/1234 1232/2129/1232
f 1236/1236/1236 1237/1237/1237 1235/1235/1235 1234/1234/1234
f 1019/1019/1019 1091/2054/1091 1236/1236/1236 1234/1234/1234
f 1238/1238/1238 1239/1239/1239 1237/2132/1237 1236/2131/1236
f 1091/1091/1091 1090/1090/1090 1238/1238/1238 1236/2131/1236
f 1240/1240/1240 1241/1241/1241 1239/1239/1239 1238/1238/1238
f 1090/1090/1090 1242/1242/1242 1240/1240/1240 1238/1238/1238
f 1090/1090/1090 1089/1089/1089 1243/1243/1243 1242/1242/1242
f 1244/1244/1244 1245/1245/1245 1240/1240/1240 1242/1242/1242
f 1243/1243/1243 1246/1246/1246 1244/1244/1244 1242/1242/1242
f 1243/1243/1243 987/987/987 983/1991/983 1246/1246/1246
f 1247/1247/1247 1248/1248/1248 1244/2133/1244 1246/2135/1246
f 983/983/983 982/982/982 1247/1247/1247 1246/2135/1246
f 1224/2126/1224 1226/2127/1226 1248/1248/1248 1247/1247/1247
f 982/982/982 1099/2059/1099 1224/2126/1224 1247/1247/1247
f 1249/1249/1249 1245/2134/1245 1244/2133/1244 1248/1248/1248
f 1226/2127/1226 1228/2128/1228 1249/1249/1249 1248/1248/1248
f 1250/1250/1250 1251/1251/1251 1245/2134/1245 1249/1249/1249
f 1228/2128/1228 1252/1252/1252 1250/1250/1250 1249/1249/1249
f 1253/1253/1253 1254/1254/1254 1250/1250/1250 1252/1252/1252
f 1231/1231/1231 1255/1255/1255 1253/2138/1253 1252/2137/1252
f 1228/1228/1228 1227/1227/1227 1231/1231/1231 1252/2137/1252
f 1256/1256/1256 1257/1257/1257 1253/2138/1253 1255/1255/1255
f 1258/1258/1258 1259/1259/1259 1256/1256/1256 1255/1255/1255
f 1231/1231/1231 1230/1230/1230 1258/1258/1258 1255/1255/1255
f 1260/1260/1260 1261/1261/1261 1259/1259/1259 1258/1258/1258
f 1230/1230/1230 1233/1233/1233 1260/1260/1260 1258/1258/1258
f 1262/1262/1262 1263/1263/1263 1261/2141/1261 1260/2140/1260
f 1233/2130/1233 1235/1235/1235 1262/1262/1262 1260/2140/1260
f 1264/1264/1264 1265/1265/1265 1263/1263/1263 1262/1262/1262
f 1235/1235/1235 1237/1237/1237 1264/1264/1264 1262/1262/1262
f 1266/1266/1266 1267/1267/1267 1265/2143/1265 1264/2142/1264
f 1237/2132/1237 1239/1239/1239 1266/1266/1266 1264/2142/1264
f 1268/1268/1268 1269/1269/1269 1267/1267/1267 1266/1266/1266
f 1239/1239/1239 1241/1241/1241 1268/1268/1268 1266/1266/1266
f 1270/1270/1270 1271/1271/1271 1269/1269/1269 1268/1268/1268
f 1241/1241/1241 1251/2136/1251 1270/1270/1270 1268/1268/1268
f 1254/1254/1254 1272/1272/1272 1271/2145/1271 1270/2144/1270
f 1251/1251/1251 1250/1250/1250 1254/1254/1254 1270/2144/1270
f 1273/1273/1273 1274/1274/1274 1271/2145/1271 1272/1272/1272
f 1257/2139/1257 1275/1275/1275 1273/1273/1273 1272/1272/1272
f 1254/1254/1254 1253/1253/1253 1257/2139/1257 1272/1272/1272
f 1276/1276/1276 1277/1277/1277 1273/1273/1273 1275/1275/1275
f 1278/1278/1278 1279/1279/1279 1276/2148/1276 1275/2147/1275
f 1257/1257/1257 1256/1256/1256 1278/1278/1278 1275/2147/1275
f 1280/1280/1280 1281/1281/1281 1279/1279/1279 1278/1278/1278
f 1256/1256/1256 1259/1259/1259 1280/1280/1280 1278/1278/1278
f 1282/1282/1282 1283/1283/1283 1281/1281/1281 1280/1280/1280
f 1259/1259/1259 1261/1261/1261 1282/1282/1282 1280/1280/1280
f 1284/1284/1284 1285/1285/1285 1283/2150/1283 1282/2149/1282
f 1261/2141/1261 1263/1263/1263 1284/1284/1284 1282/2149/1282
f 1286/1286/1286 1287/1287/1287 1285/1285/1285 1284/1284/1284
f 1263/1263/1263 1265/1265/1265 1286/1286/1286 1284/1284/1284
f 1288/1288/1288 1289/1289/1289 1287/2152/1287 1286/2151/1286
f 1265/2143/1265 1267/1267/1267 1288/1288/1288 1286/2151/1286
f 1290/1290/1290 1291/1291/1291 1289/1289/1289 1288/1288/1288
f 1267/1267/1267 1269/1269/1269 1290/1290/1290 1288/1288/1288
f 1274/2146/1274 1292/1292/1292 1291/1291/1291 1290/1290/1290
f 1269/1269/1269 1271/1271/1271 1274/2146/1274 1290/1290/1290
f 1293/1293/1293 1294/1294/1294 1291/1291/1291 1292/1292/1292
f 1277/1277/1277 1295/1295/1295 1293/2154/1293 1292/2153/1292
f 1274/1274/1274 1273/1273/1273 1277/1277/1277 1292/2153/1292
f 1296/1296/1296 1297/1297/1297 1293/2154/1293 1295/1295/1295
f 1298/1298/1298 1299/1299/1299 1296/1296/1296 1295/1295/1295
f 1277/1277/1277 1276/1276/1276 1298/1298/1298 1295/1295/1295
f 1300/1300/1300 1301/1301/1301 1299/2157/1299 1298/2156/1298
f 1276/2148/1276 1279/1279/1279 1300/1300/1300 1298/2156/1298
f 1302/1302/1302 989/989/989 1301/1301/1301 1300/1300/1300
f 1279/1279/1279 1281/1281/1281 1302/1302/1302 1300/1300/1300
f 1303/1303/1303 990/990/990 989/989/989 1302/1302/1302
f 1281/1281/1281 1283/1283/1283 1303/1303/1303 1302/1302/1302
f 1304/1304/1304 998/998/998 990/1995/990 1303/2158/1303
f 1283/2150/1283 1285/1285/1285 1304/1304/1304 1303/2158/1303
f 1305/1305/1305 1006/1006/1006 998/998/998 1304/1304/1304
f 1285/1285/1285 1287/1287/1287 1305/1305/1305 1304/1304/1304
f 1306/1306/1306 1013/1013/1013 1006/2005/1006 1305/2159/1305
f 1287/2152/1287 1289/1289/1289 1306/1306/1306 1305/2159/1305
f 1294/1294/1294 1307/1307/1307 1013/1013/1013 1306/1306/1306
f 1289/1289/1289 1291/1291/1291 1294/1294/1294 1306/1306/1306
f 1308/1308/1308 1011/1011/1011 1013/1013/1013 1307/1307/1307
f 1297/2155/1297 1309/1309/1309 1308/1308/1308 1307/1307/1307
f 1294/1294/1294 1293/1293/1293 1297/2155/1297 1307/1307/1307
f 1016/2012/1016 1017/1017/1017 1308/1308/1308 1309/1309/1309
f 1310/1310/1310 1005/1005/1005 1016/1016/1016 1309/2160/1309
f 1297/1297/1297 1296/1296/1296 1310/1310/1310 1309/2160/1309
f 1311/1311/1311 1003/2004/1003 1005/1005/1005 1310/1310/1310
f 1296/1296/1296 1299/1299/1299 1311/1311/1311 1310/1310/1310
f 1312/1312/1312 1004/1004/1004 1003/1003/1003 1311/2161/1311
f 1299/2157/1299 1301/1301/1301 1312/1312/1312 1311/2161/1311
f 988/988/988 993/993/993 1004/1004/1004 1312/1312/1312
f 1301/1301/1301 989/989/989 988/988/988 1312/1312/1312
f 1017/1017/1017 1012/1012/1012 1011/1011/1011 1308/1308/1308
f 1241/1241/1241 1240/1240/1240 1245/1245/1245 1251/2136/1251
f 1089/1089/1089 1096/1096/1096 987/987/987 1243/1243/1243
f 1313/1313/1313 1066/1066/1066 1088/1088/1088 1087/1087/1087
f 1084/1084/1084 1314/1314/1314 1313/2162/1313 1087/2053/1087
f 1084/1084/1084 1080/2046/1080 1315/1315/1315 1314/1314/1314
f 1316/1316/1316 1317/1317/1317 1313/2162/1313 1314/1314/1314
f 1315/1315/1315 1318/1318/1318 1316/1316/1316 1314/1314/1314
f 1315/2163/1315 1075/1075/1075 1074/1074/1074 1318/2165/1318
f 1319/1319/1319 1320/1320/1320 1316/1316/1316 1318/1318/1318
f 1074/1074/1074 1077/1077/1077 1319/2166/1319 1318/2165/1318
f 1321/1321/1321 1322/1322/1322 1320/1320/1320 1319/1319/1319
f 1077/1077/1077 1323/1323/1323 1321/2167/1321 1319/2166/1319
f 1077/1077/1077 1076/2044/1076 1324/1324/1324 1323/1323/1323
f 1325/1325/1325 1326/1326/1326 1321/2167/1321 1323/1323/1323
f 1324/1324/1324 1327/1327/1327 1325/1325/1325 1323/1323/1323
f 1324/2168/1324 1328/1328/1328 1329/1329/1329 1327/2170/1327
f 1330/1330/1330 1331/1331/1331 1325/1325/1325 1327/1327/1327
f 1329/1329/1329 1332/1332/1332 1330/2171/1330 1327/2170/1327
f 1329/1329/1329 1333/1333/1333 1334/1334/1334 1332/1332/1332
f 1335/1335/1335 1336/1336/1336 1330/2171/1330 1332/1332/1332
f 1334/1334/1334 1337/1337/1337 1335/1335/1335 1332/1332/1332
f 1334/2173/1334 1338/1338/1338 1339/1339/1339 1337/2175/1337
f 1340/1340/1340 1341/1341/1341 1335/1335/1335 1337/1337/1337
f 1339/1339/1339 1342/1342/1342 1340/2176/1340 1337/2175/1337
f 1339/1339/1339 1343/1343/1343 1344/1344/1344 1342/1342/1342
f 1345/1345/1345 1346/1346/1346 1340/2176/1340 1342/1342/1342
f 1344/1344/1344 1347/1347/1347 1345/1345/1345 1342/1342/1342
f 1344/2178/1344 1348/1348/1348 1349/1349/1349 1347/2180/1347
f 1350/1350/1350 1351/1351/1351 1345/1345/1345 1347/1347/1347
f 1349/1349/1349 1352/1352/1352 1350/2181/1350 1347/2180/1347
f 1349/1349/1349 1353/1353/1353 1354/1354/1354 1352/1352/1352
f 1355/1355/1355 1356/1356/1356 1350/2181/1350 1352/1352/1352
f 1354/1354/1354 1357/1357/1357 1355/1355/1355 1352/1352/1352
f 1354/2183/1354 1358/1358/1358 1359/1359/1359 1357/2185/1357
f 1360/1360/1360 1361/1361/1361 1355/1355/1355 1357/1357/1357
f 1359/1359/1359 1362/1362/1362 1360/2186/1360 1357/2185/1357
f 1359/1359/1359 1363/1363/1363 1364/1364/1364 1362/1362/1362
f 1365/1365/1365 1366/1366/1366 1360/2186/1360 1362/1362/1362
f 1364/1364/1364 1367/1367/1367 1365/1365/1365 1362/1362/1362
f 1364/2188/1364 1368/1368/1368 1369/1369/1369 1367/2190/1367
f 1370/1370/1370 1371/1371/1371 1365/1365/1365 1367/1367/1367
f 1369/1369/1369 1372/1372/1372 1370/2191/1370 1367/2190/1367
f 1369/1369/1369 1373/1373/1373 1374/1374/1374 1372/1372/1372
f 1375/1375/1375 1376/1376/1376 1370/2191/1370 1372/1372/1372
f 1374/1374/1374 1377/1377/1377 1375/1375/1375 1372/1372/1372
f 1374/2193/1374 1378/1378/1378 1379/1379/1379 1377/2195/1377
f 1380/1380/1380 1381/1381/1381 1375/1375/1375 1377/1377/1377
f 1379/1379/1379 1382/1382/1382 1380/2196/1380 1377/2195/1377
f 1379/1379/1379 1383/1383/1383 1384/1384/1384 1382/1382/1382
f 995/995/995 994/994/994 1380/2196/1380 1382/1382/1382
f 1384/1384/1384 1385/1385/1385 995/995/995 1382/1382/1382
f 1384/2198/1384 1386/1386/1386 1387/1387/1387 1385/2199/1385
f 1388/1388/1388 992/992/992 995/995/995 1385/1385/1385
f 1387/1387/1387 1389/1389/1389 1388/2200/1388 1385/2199/1385
f 1387/1387/1387 1390/1390/1390 1391/1391/1391 1389/1389/1389
f 1392/1392/1392 1393/1393/1393 1388/2200/1388 1389/1389/1389
f 1391/1391/1391 1394/1394/1394 1392/1392/1392 1389/1389/1389
f 1391/2202/1391 1009/1009/1009 1012/1012/1012 1394/2204/1394
f 1014/1014/1014 1000/1000/1000 1392/1392/1392 1394/1394/1394
f 1012/1012/1012 1017/1017/1017 1014/2009/1014 1394/2204/1394
f 1000/1000/1000 999/999/999 1393/1393/1393 1392/1392/1392
f 993/993/993 992/992/992 1388/1388/1388 1393/2203/1393
f 999/2000/999 1004/1004/1004 993/993/993 1393/2203/1393
f 1395/1395/1395 1396/1396/1396 1010/1010/1010 1390/2201/1390
f 1387/1387/1387 1386/1386/1386 1395/2205/1395 1390/1390/1390
f 1010/1010/1010 1009/1009/1009 1391/2202/1391 1390/2201/1390
f 1397/1397/1397 1398/1398/1398 1396/1396/1396 1395/1395/1395
f 1386/1386/1386 1399/1399/1399 1397/2206/1397 1395/2205/1395
f 1400/1400/1400 1401/1401/1401 1397/2206/1397 1399/1399/1399
f 1383/2197/1383 1402/1402/1402 1400/1400/1400 1399/1399/1399
f 1386/1386/1386 1384/2198/1384 1383/2197/1383 1399/1399/1399
f 1403/1403/1403 1404/1404/1404 1400/1400/1400 1402/1402/1402
f 1378/1378/1378 1405/1405/1405 1403/2209/1403 1402/2208/1402
f 1383/1383/1383 1379/1379/1379 1378/1378/1378 1402/2208/1402
f 1373/2192/1373 1406/1406/1406 1407/1407/1407 1405/1405/1405
f 1378/1378/1378 1374/2193/1374 1373/2192/1373 1405/1405/1405
f 1408/1408/1408 1409/1409/1409 1407/1407/1407 1406/1406/1406
f 1368/1368/1368 1410/1410/1410 1408/2211/1408 1406/2210/1406
f 1373/1373/1373 1369/1369/1369 1368/1368/1368 1406/2210/1406
f 1411/1411/1411 1412/1412/1412 1408/2211/1408 1410/1410/1410
f 1363/2187/1363 1413/1413/1413 1411/1411/1411 1410/1410/1410
f 1368/1368/1368 1364/2188/1364 1363/2187/1363 1410/1410/1410
f 1414/1414/1414 1415/1415/1415 1411/1411/1411 1413/1413/1413
f 1358/1358/1358 1416/1416/1416 1414/2214/1414 1413/2213/1413
f 1363/1363/1363 1359/1359/1359 1358/1358/1358 1413/2213/1413
f 1417/1417/1417 1418/1418/1418 1414/2214/1414 1416/1416/1416
f 1353/2182/1353 1419/1419/1419 1417/1417/1417 1416/1416/1416
f 1358/1358/1358 1354/2183/1354 1353/2182/1353 1416/1416/1416
f 1420/1420/1420 1421/1421/1421 1417/1417/1417 1419/1419/1419
f 1348/1348/1348 1422/1422/1422 1420/2217/1420 1419/2216/1419
f 1353/1353/1353 1349/1349/1349 1348/1348/1348 1419/2216/1419
f 1423/1423/1423 1424/1424/1424 1420/2217/1420 1422/1422/1422
f 1343/2177/1343 1425/1425/1425 1423/1423/1423 1422/1422/1422
f 1348/1348/1348 1344/2178/1344 1343/2177/1343 1422/1422/1422
f 1426/1426/1426 1427/1427/1427 1423/1423/1423 1425/1425/1425
f 1338/1338/1338 1428/1428/1428 1426/2220/1426 1425/2219/1425
f 1343/1343/1343 1339/1339/1339 1338/1338/1338 1425/2219/1425
f 1429/1429/1429 1430/1430/1430 1426/2220/1426 1428/1428/1428
f 1333/2172/1333 1431/1431/1431 1429/1429/1429 1428/1428/1428
f 1338/1338/1338 1334/2173/1334 1333/2172/1333 1428/1428/1428
f 1061/1061/1061 1060/1060/1060 1429/1429/1429 1431/1431/1431
f 1328/1328/1328 1063/1063/1063 1061/2036/1061 1431/2222/1431
f 1333/1333/1333 1329/1329/1329 1328/1328/1328 1431/2222/1431
f 1060/1060/1060 1432/1432/1432 1430/1430/1430 1429/1429/1429
f 1317/1317/1317 1316/1316/1316 1320/1320/1320 1432/2223/1432
f 1060/1060/1060 1059/1059/1059 1317/2164/1317 1432/1432/1432
f 1320/1320/1320 1322/1322/1322 1430/2221/1430 1432/2223/1432
f 1322/1322/1322 1427/1427/1427 1426/1426/1426 1430/2221/1430
f 1322/1322/1322 1321/1321/1321 1326/2169/1326 1427/1427/1427
f 1326/2169/1326 1424/1424/1424 1423/1423/1423 1427/1427/1427
f 1326/1326/1326 1325/1325/1325 1331/1331/1331 1424/2218/1424
f 1331/1331/1331 1421/1421/1421 1420/1420/1420 1424/2218/1424
f 1331/1331/1331 1330/1330/1330 1336/2174/1336 1421/1421/1421
f 1336/2174/1336 1418/1418/1418 1417/1417/1417 1421/1421/1421
f 1336/1336/1336 1335/1335/1335 1341/1341/1341 1418/2215/1418
f 1341/1341/1341 1415/1415/1415 1414/1414/1414 1418/2215/1418
f 1341/1341/1341 1340/1340/1340 1346/2179/1346 1415/1415/1415
f 1346/2179/1346 1412/1412/1412 1411/1411/1411 1415/1415/1415
f 1346/1346/1346 1345/1345/1345 1351/1351/1351 1412/2212/1412
f 1351/1351/1351 1409/1409/1409 1408/1408/1408 1412/2212/1412
f 1351/1351/1351 1350/1350/1350 1356/2184/1356 1409/1409/1409
f 1356/2184/1356 1433/1433/1433 1407/1407/1407 1409/1409/1409
f 1433/1433/1433 1403/2209/1403 1405/1405/1405 1407/1407/1407
f 1356/1356/1356 1355/1355/1355 1361/1361/1361 1433/2224/1433
f 1361/1361/1361 1404/1404/1404 1403/1403/1403 1433/2224/1433
f 1361/1361/1361 1360/1360/1360 1366/2189/1366 1404/1404/1404
f 1366/2189/1366 1401/1401/1401 1400/1400/1400 1404/1404/1404
f 1366/1366/1366 1365/1365/1365 1371/1371/1371 1401/2207/1401
f 1371/1371/1371 1398/1398/1398 1397/1397/1397 1401/2207/1401
f 1371/1371/1371 1370/1370/1370 1376/2194/1376 1398/1398/1398
f 1376/2194/1376 1434/1434/1434 1396/1396/1396 1398/1398/1398
f 1376/1376/1376 1375/1375/1375 1381/1381/1381 1434/2225/1434
f 1008/2008/1008 1010/1010/1010 1396/1396/1396 1434/1434/1434
f 1381/1381/1381 997/997/997 1008/1008/1008 1434/2225/1434
f 994/1998/994 997/997/997 1381/1381/1381 1380/1380/1380
f 1324/2168/1324 1076/1076/1076 1063/1063/1063 1328/1328/1328
f 1059/1059/1059 1066/1066/1066 1313/1313/1313 1317/2164/1317
f 1080/1080/1080 1079/1079/1079 1075/1075/1075 1315/2163/1315
f 1435/1435/1435 1436/1436/1436 1085/2050/1085 1088/1088/1088
f 1066/1066/1066 1065/1065/1065 1435/1435/1435 1088/1088/1088
f 1437/1437/1437 1438/1438/1438 1436/1436/1436 1435/1435/1435
f 1065/1065/1065 1068/1068/1068 1437/1437/1437 1435/1435/1435
f 1439/1439/1439 1440/1440/1440 1438/1438/1438 1437/1437/1437
f 1068/1068/1068 1441/1441/1441 1439/1439/1439 1437/1437/1437
f 1442/1442/1442 1443/1443/1443 1439/1439/1439 1441/1441/1441
f 1444/1444/1444 1445/1445/1445 1442/1442/1442 1441/1441/1441
f 1068/1068/1068 1067/1067/1067 1444/1444/1444 1441/1441/1441
f 1446/1446/1446 1447/1447/1447 1445/2230/1445 1444/2229/1444
f 1067/2040/1067 1069/1069/1069 1446/1446/1446 1444/2229/1444
f 1448/1448/1448 1449/1449/1449 1447/1447/1447 1446/1446/1446
f 1069/1069/1069 1070/1070/1070 1448/1448/1448 1446/1446/1446
f 1450/1450/1450 1451/1451/1451 1449/2232/1449 1448/2231/1448
f 1070/2041/1070 1073/1073/1073 1450/1450/1450 1448/2231/1448
f 1452/1452/1452 1453/1453/1453 1451/1451/1451 1450/1450/1450
f 1073/1073/1073 1454/1454/1454 1452/1452/1452 1450/1450/1450
f 1073/1073/1073 1072/1072/1072 1455/1455/1455 1454/1454/1454
f 1456/1456/1456 1457/1457/1457 1452/1452/1452 1454/1454/1454
f 1455/1455/1455 1458/1458/1458 1456/1456/1456 1454/1454/1454
f 1455/1455/1455 1079/1079/1079 1078/1078/1078 1458/1458/1458
f 1459/1459/1459 1460/1460/1460 1456/2233/1456 1458/2235/1458
f 1078/2045/1078 1083/1083/1083 1459/1459/1459 1458/2235/1458
f 1436/2226/1436 1438/2227/1438 1460/1460/1460 1459/1459/1459
f 1083/1083/1083 1085/1085/1085 1436/2226/1436 1459/1459/1459
f 1461/1461/1461 1457/2234/1457 1456/2233/1456 1460/1460/1460
f 1438/2227/1438 1440/2228/1440 1461/1461/1461 1460/1460/1460
f 1462/1462/1462 1463/1463/1463 1457/2234/1457 1461/1461/1461
f 1440/2228/1440 1464/1464/1464 1462/1462/1462 1461/1461/1461
f 1465/1465/1465 1466/1466/1466 1462/1462/1462 1464/1464/1464
f 1443/1443/1443 1467/1467/1467 1465/2238/1465 1464/2237/1464
f 1440/1440/1440 1439/1439/1439 1443/1443/1443 1464/2237/1464
f 1468/1468/1468 1469/1469/1469 1465/2238/1465 1467/1467/1467
f 1470/1470/1470 1471/1471/1471 1468/1468/1468 1467/1467/1467
f 1443/1443/1443 1442/1442/1442 1470/1470/1470 1467/1467/1467
f 1472/1472/1472 1473/1473/1473 1471/1471/1471 1470/1470/1470
f 1442/1442/1442 1445/1445/1445 1472/1472/1472 1470/1470/1470
f 1474/1474/1474 1475/1475/1475 1473/2241/1473 1472/2240/1472
f 1445/2230/1445 1447/1447/1447 1474/1474/1474 1472/2240/1472
f 1476/1476/1476 1477/1477/1477 1475/1475/1475 1474/1474/1474
f 1447/1447/1447 1449/1449/1449 1476/1476/1476 1474/1474/1474
f 1478/1478/1478 1479/1479/1479 1477/2243/1477 1476/2242/1476
f 1449/2232/1449 1451/1451/1451 1478/1478/1478 1476/2242/1476
f 1480/1480/1480 1481/1481/1481 1479/1479/1479 1478/1478/1478
f 1451/1451/1451 1453/1453/1453 1480/1480/1480 1478/1478/1478
f 1482/1482/1482 1483/1483/1483 1481/1481/1481 1480/1480/1480
f 1453/1453/1453 1463/2236/1463 1482/1482/1482 1480/1480/1480
f 1466/1466/1466 1484/1484/1484 1483/2245/1483 1482/2244/1482
f 1463/1463/1463 1462/1462/1462 1466/1466/1466 1482/2244/1482
f 1485/1485/1485 1486/1486/1486 1483/2245/1483 1484/1484/1484
f 1469/2239/1469 1487/1487/1487 1485/1485/1485 1484/1484/1484
f 1466/1466/1466 1465/1465/1465 1469/2239/1469 1484/1484/1484
f 1488/1488/1488 1489/1489/1489 1485/1485/1485 1487/1487/1487
f 1490/1490/1490 1491/1491/1491 1488/2248/1488 1487/2247/1487
f 1469/1469/1469 1468/1468/1468 1490/1490/1490 1487/2247/1487
f 1492/1492/1492 1493/1493/1493 1491/1491/1491 1490/1490/1490
f 1468/1468/1468 1471/1471/1471 1492/1492/1492 1490/1490/1490
f 1494/1494/1494 1495/1495/1495 1493/1493/1493 1492/1492/1492
f 1471/1471/1471 1473/1473/1473 1494/1494/1494 1492/1492/1492
f 1496/1496/1496 1497/1497/1497 1495/2250/1495 1494/2249/1494
f 1473/2241/1473 1475/1475/1475 1496/1496/1496 1494/2249/1494
f 1498/1498/1498 1499/1499/1499 1497/1497/1497 1496/1496/1496
f 1475/1475/1475 1477/1477/1477 1498/1498/1498 1496/1496/1496
f 1500/1500/1500 1501/1501/1501 1499/2252/1499 1498/2251/1498
f 1477/2243/1477 1479/1479/1479 1500/1500/1500 1498/2251/1498
f 1502/1502/1502 1503/1503/1503 1501/1501/1501 1500/1500/1500
f 1479/1479/1479 1481/1481/1481 1502/1502/1502 1500/1500/1500
f 1486/2246/1486 1504/1504/1504 1503/1503/1503 1502/1502/1502
f 1481/1481/1481 1483/1483/1483 1486/2246/1486 1502/1502/1502
f 1505/1505/1505 1506/1506/1506 1503/1503/1503 1504/1504/1504
f 1489/1489/1489 1507/1507/1507 1505/2254/1505 1504/2253/1504
f 1486/1486/1486 1485/1485/1485 1489/1489/1489 1504/2253/1504
f 1508/1508/1508 1509/1509/1509 1505/2254/1505 1507/1507/1507
f 1510/1510/1510 1511/1511/1511 1508/1508/1508 1507/1507/1507
f 1489/1489/1489 1488/1488/1488 1510/1510/1510 1507/1507/1507
f 1512/1512/1512 1513/1513/1513 1511/2257/1511 1510/2256/1510
f 1488/2248/1488 1491/1491/1491 1512/1512/1512 1510/2256/1510
f 1514/1514/1514 1030/1030/1030 1513/1513/1513 1512/1512/1512
f 1491/1491/1491 1493/1493/1493 1514/1514/1514 1512/1512/1512
f 1515/1515/1515 1031/1031/1031 1030/1030/1030 1514/1514/1514
f 1493/1493/1493 1495/1495/1495 1515/1515/1515 1514/1514/1514
f 1516/1516/1516 1033/1033/1033 1031/2018/1031 1515/2258/1515
f 1495/2250/1495 1497/1497/1497 1516/1516/1516 1515/2258/1515
f 1517/1517/1517 1044/1044/1044 1033/1033/1033 1516/1516/1516
f 1497/1497/1497 1499/1499/1499 1517/1517/1517 1516/1516/1516
f 1518/1518/1518 1047/1047/1047 1044/2026/1044 1517/2259/1517
f 1499/2252/1499 1501/1501/1501 1518/1518/1518 1517/2259/1517
f 1506/1506/1506 1519/1519/1519 1047/1047/1047 1518/1518/1518
f 1501/1501/1501 1503/1503/1503 1506/1506/1506 1518/1518/1518
f 1520/1520/1520 1045/1045/1045 1047/1047/1047 1519/1519/1519
f 1509/2255/1509 1521/1521/1521 1520/1520/1520 1519/1519/1519
f 1506/1506/1506 1505/1505/1505 1509/2255/1509 1519/1519/1519
f 1052/2031/1052 1054/1054/1054 1520/1520/1520 1521/1521/1521
f 1522/1522/1522 1053/1053/1053 1052/1052/1052 1521/2260/1521
f 1509/1509/1509 1508/1508/1508 1522/1522/1522 1521/2260/1521
f 1523/1523/1523 1057/2035/1057 1053/1053/1053 1522/1522/1522
f 1508/1508/1508 1511/1511/1511 1523/1523/1523 1522/1522/1522
f 1524/1524/1524 1058/1058/1058 1057/1057/1057 1523/2261/1523
f 1511/2257/1511 1513/1513/1513 1524/1524/1524 1523/2261/1523
f 1029/1029/1029 1039/1039/1039 1058/1058/1058 1524/1524/1524
f 1513/1513/1513 1030/1030/1030 1029/1029/1029 1524/1524/1524
f 1054/1054/1054 1046/1046/1046 1045/1045/1045 1520/1520/1520
f 1453/1453/1453 1452/1452/1452 1457/1457/1457 1463/2236/1463
f 1072/1072/1072 1075/1075/1075 1079/1079/1079 1455/1455/1455
f 1525/1525/1525 1526/1526/1526 1527/1527/1527 1528/1528/1528
f 1529/1529/1529 1530/1530/1530 1525/2262/1525 1528/2264/1528
f 1527/2263/1527 1531/1531/1531 1529/2266/1529 1528/2265/1528
f 1532/1532/1532 1533/1533/1533 1534/1534/1534 1535/1535/1535
f 1536/1536/1536 1537/1537/1537 1532/2267/1532 1535/2269/1535
f 1534/2268/1534 1538/1538/1538 1536/1536/1536 1535/2269/1535
f 1539/1539/1539 1540/1540/1540 1541/1541/1541 1542/1542/1542
f 1543/1543/1543 1544/1544/1544 1539/2270/1539 1542/2272/1542
f 1541/2271/1541 1545/1545/1545 1543/1543/1543 1542/2272/1542
f 1546/1546/1546 1547/1547/1547 1548/1548/1548 1549/1549/1549
f 1550/1550/1550 1551/1551/1551 1546/2273/1546 1549/2274/1549
f 1548/1548/1548 1552/1552/1552 1550/2275/1550 1549/1549/1549
f 1538/1538/1538 1534/2268/1534 1550/2275/1550 1552/1552/1552
f 1553/1553/1553 1554/1554/1554 1538/1538/1538 1552/1552/1552
f 1548/1548/1548 1555/1555/1555 1553/1553/1553 1552/1552/1552
f 1556/1556/1556 1557/1557/1557 1553/1553/1553 1555/1555/1555
f 1558/1558/1558 1559/1559/1559 1556/1556/1556 1555/1555/1555
f 1548/1548/1548 1547/1547/1547 1558/1558/1558 1555/1555/1555
f 1560/1560/1560 1561/1561/1561 1559/1559/1559 1558/1558/1558
f 1547/1547/1547 1531/1531/1531 1560/1560/1560 1558/1558/1558
f 1562/1562/1562 1563/1563/1563 1561/1561/1561 1560/1560/1560
f 1531/1531/1531 1527/2263/1527 1562/1562/1562 1560/1560/1560
f 1564/1564/1564 1565/1565/1565 1563/2277/1563 1562/2276/1562
f 1527/1527/1527 1526/1526/1526 1564/1564/1564 1562/2276/1562
f 1566/1566/1566 1567/1567/1567 1565/1565/1565 1564/1564/1564
f 1526/1526/1526 1544/1544/1544 1566/1566/1566 1564/1564/1564
f 1568/1568/1568 1569/1569/1569 1567/1567/1567 1566/1566/1566
f 1544/1544/1544 1543/1543/1543 1568/1568/1568 1566/1566/1566
f 1570/1570/1570 1571/1571/1571 1569/1569/1569 1568/1568/1568
f 1543/1543/1543 1545/1545/1545 1570/1570/1570 1568/1568/1568
f 1572/1572/1572 1573/1573/1573 1571/1571/1571 1570/1570/1570
f 1545/1545/1545 1537/1537/1537 1572/1572/1572 1570/1570/1570
f 1574/1574/1574 1575/1575/1575 1573/1573/1573 1572/1572/1572
f 1537/1537/1537 1536/1536/1536 1574/1574/1574 1572/1572/1572
f 1554/1554/1554 1576/1576/1576 1575/1575/1575 1574/1574/1574
f 1536/1536/1536 1538/1538/1538 1554/1554/1554 1574/1574/1574
f 1577/1577/1577 1578/1578/1578 1575/1575/1575 1576/1576/1576
f 1557/1557/1557 1579/1579/1579 1577/1577/1577 1576/1576/1576
f 1554/1554/1554 1553/1553/1553 1557/1557/1557 1576/1576/1576
f 1580/1580/1580 1581/1581/1581 1577/1577/1577 1579/1579/1579
f 1582/1582/1582 1583/1583/1583 1580/1580/1580 1579/1579/1579
f 1557/1557/1557 1556/1556/1556 1582/1582/1582 1579/1579/1579
f 1584/1584/1584 1585/1585/1585 1583/1583/1583 1582/1582/1582
f 1556/1556/1556 1559/1559/1559 1584/1584/1584 1582/1582/1582
f 1586/1586/1586 1587/1587/1587 1585/1585/1585 1584/1584/1584
f 1559/1559/1559 1561/1561/1561 1586/1586/1586 1584/1584/1584
f 1588/1588/1588 1589/1589/1589 1587/1587/1587 1586/1586/1586
f 1561/1561/1561 1563/1563/1563 1588/1588/1588 1586/1586/1586
f 1590/1590/1590 1591/1591/1591 1589/2279/1589 1588/2278/1588
f 1563/2277/1563 1565/1565/1565 1590/1590/1590 1588/2278/1588
f 1592/1592/1592 1593/1593/1593 1591/1591/1591 1590/1590/1590
f 1565/1565/1565 1567/1567/1567 1592/1592/1592 1590/1590/1590
f 1594/1594/1594 1595/1595/1595 1593/1593/1593 1592/1592/1592
f 1567/1567/1567 1569/1569/1569 1594/1594/1594 1592/1592/1592
f 1596/1596/1596 1597/1597/1597 1595/1595/1595 1594/1594/1594
f 1569/1569/1569 1571/1571/1571 1596/1596/1596 1594/1594/1594
f 1598/1598/1598 1599/1599/1599 1597/1597/1597 1596/1596/1596
f 1571/1571/1571 1573/1573/1573 1598/1598/1598 1596/1596/1596
f 1578/1578/1578 1600/1600/1600 1599/1599/1599 1598/1598/1598
f 1573/1573/1573 1575/1575/1575 1578/1578/1578 1598/1598/1598
f 1601/1601/1601 1602/1602/1602 1599/1599/1599 1600/1600/1600
f 1581/1581/1581 1603/1603/1603 1601/1601/1601 1600/1600/1600
f 1578/1578/1578 1577/1577/1577 1581/1581/1581 1600/1600/1600
f 1604/1604/1604 1605/1605/1605 1601/1601/1601 1603/1603/1603
f 1606/1606/1606 1607/1607/1607 1604/1604/1604 1603/1603/1603
f 1581/1581/1581 1580/1580/1580 1606/1606/1606 1603/1603/1603
f 1608/1608/1608 1609/1609/1609 1607/1607/1607 1606/1606/1606
f 1580/1580/1580 1583/1583/1583 1608/1608/1608 1606/1606/1606
f 1610/1610/1610 1611/1611/1611 1609/1609/1609 1608/1608/1608
f 1583/1583/1583 1585/1585/1585 1610/1610/1610 1608/1608/1608
f 1612/1612/1612 1613/1613/1613 1611/1611/1611 1610/1610/1610
f 1585/1585/1585 1587/1587/1587 1612/1612/1612 1610/1610/1610
f 1614/1614/1614 1615/1615/1615 1613/1613/1613 1612/1612/1612
f 1587/1587/1587 1589/1589/1589 1614/1614/1614 1612/1612/1612
f 1616/1616/1616 1617/1617/1617 1615/2281/1615 1614/2280/1614
f 1589/2279/1589 1591/1591/1591 1616/1616/1616 1614/2280/1614
f 1618/1618/1618 1619/1619/1619 1617/1617/1617 1616/1616/1616
f 1591/1591/1591 1593/1593/1593 1618/1618/1618 1616/1616/1616
f 1620/1620/1620 1621/1621/1621 1619/1619/1619 1618/1618/1618
f 1593/1593/1593 1595/1595/1595 1620/1620/1620 1618/1618/1618
f 1622/1622/1622 1623/1623/1623 1621/1621/1621 1620/1620/1620
f 1595/1595/1595 1597/1597/1597 1622/1622/1622 1620/1620/1620
f 1602/1602/1602 1624/1624/1624 1623/1623/1623 1622/1622/1622
f 1597/1597/1597 1599/1599/1599 1602/1602/1602 1622/1622/1622
f 968/968/968 967/967/967 1623/1623/1623 1624/1624/1624
f 1605/1605/1605 969/969/969 968/968/968 1624/1624/1624
f 1602/1602/1602 1601/1601/1601 1605/1605/1605 1624/1624/1624
f 1605/1605/1605 1604/1604/1604 970/970/970 969/969/969
f 1604/1604/1604 1607/1607/1607 971/971/971 970/970/970
f 1607/1607/1607 1609/1609/1609 972/972/972 971/971/971
f 1609/1609/1609 1611/1611/1611 973/973/973 972/972/972
f 1611/1611/1611 1613/1613/1613 974/974/974 973/973/973
f 1613/1613/1613 1615/1615/1615 975/975/975 974/974/974
f 1615/2281/1615 1617/1617/1617 976/976/976 975/1989/975
f 1617/1617/1617 1619/1619/1619 977/977/977 976/976/976
f 1619/1619/1619 1621/1621/1621 978/978/978 977/977/977
f 1621/1621/1621 1623/1623/1623 967/967/967 978/978/978
f 1534/1534/1534 1533/1533/1533 1551/1551/1551 1550/1550/1550
f 1530/1530/1530 1529/1529/1529 1546/2273/1546 1551/1551/1551
f 1533/1533/1533 1540/1540/1540 1530/1530/1530 1551/1551/1551
f 1529/2266/1529 1531/1531/1531 1547/1547/1547 1546/1546/1546
f 1541/2271/1541 1532/2267/1532 1537/1537/1537 1545/1545/1545
f 1526/1526/1526 1525/1525/1525 1539/2270/1539 1544/1544/1544
f 1525/2262/1525 1530/1530/1530 1540/1540/1540 1539/1539/1539
f 1533/1533/1533 1532/1532/1532 1541/1541/1541 1540/1540/1540
o Scarf
usemtl Scarf
v 0.768235147 -0.27629828 0.000384703
v 0.789036154 -0.24529362 0.00486397
v 0.761053264 -0.20204103 -0.01755277
v 0.742243886 -0.2140089 -0.01128808
v 0.721580982 -0.21209234 -0.00810926
v 0.748654961 -0.26525995 0.007552020
v 0.738051116 -0.28148514 -0.09762004
v 0.750553667 -0.27341533 -0.11402939
v 0.793256163 -0.29900894 -0.04009838
v 0.832147359 -0.31283495 0.008873045
v 0.819739818 -0.29472122 0.027770511
v 0.822259485 -0.27391064 0.036578059
v 0.718298316 -0.28494832 -0.09203975
v 0.778260231 -0.19232777 -0.02993443
v 0.808795690 -0.22787091 0.000370070
v 0.838223099 -0.25484407 0.035988889
v 0.752338469 -0.15310001 -0.04922262
v 0.734994888 -0.15680718 -0.03165514
v 0.716457665 -0.16165969 -0.03221649
v 0.698109448 -0.16498038 -0.03715245
v 0.703215181 -0.21199319 -0.00555222
v 0.726108551 -0.2558831 0.025057025
v 0.677001297 -0.1678762 -0.04561391
v 0.742490589 -0.2957758 0.064098902
v 0.751402556 -0.31186906 0.049385651
v 0.740202665 -0.3406944 0.035613909
v 0.727008342 -0.31785893 -0.02138166
v 0.699888646 -0.29298759 -0.0886946
v 0.654850125 -0.24040511 -0.15162279
v 0.669544458 -0.23433203 -0.15794769
v 0.683852076 -0.226753 -0.16414645
v 0.699174165 -0.21761122 -0.17064434
v 0.716182112 -0.2051972 -0.1749533
v 0.769603192 -0.2585288 -0.12800615
v 0.819140076 -0.29612541 -0.06210063
v 0.854405522 -0.31501621 -0.00609283
v 0.874901115 -0.32255322 0.040456004
v 0.859767198 -0.32134643 0.050500795
v 0.850836455 -0.30877405 0.060896702
v 0.852013051 -0.29287976 0.067948691
v 0.862346708 -0.27939132 0.068811819
v 0.858378112 -0.24788138 0.027257487
v 0.828375041 -0.22058019 -0.01469441
v 0.879141509 -0.27475229 0.063830062
v 0.793163597 -0.18869963 -0.05008753
v 0.875231802 -0.2523756 0.014906980
v 0.844024717 -0.22457179 -0.03379327
v 0.802608966 -0.19242203 -0.07523456
v 0.893030643 -0.27949947 0.057155579
v 0.877382814 -0.29597455 0.086717374
v 0.887856483 -0.30093974 0.085456118
v 0.892974257 -0.30447268 0.077424675
v 0.873517215 -0.30616561 0.089342638
v 0.870364248 -0.31582248 0.083703160
v 0.875411450 -0.32186493 0.075750961
v 0.885223507 -0.32049569 0.068853162
v 0.876034617 -0.30551475 -0.01445416
v 0.890037477 -0.31834307 0.037660501
v 0.894499242 -0.31206527 0.063808664
v 0.845396399 -0.2822257 -0.07246192
v 0.793297052 -0.24079156 -0.13666219
v 0.731510341 -0.19043139 -0.17228733
v 0.803249716 -0.21895795 -0.11778736
v 0.853666245 -0.25843585 -0.06254484
v 0.747862994 -0.16888154 -0.14946324
v 0.885038375 -0.28479365 -0.00801165
v 0.895964086 -0.30237669 0.031236648
v 0.898684859 -0.29236326 0.047694161
v 0.889049649 -0.31536758 0.083398520
v 0.884840786 -0.26516277 0.003452248
v 0.852500557 -0.23765099 -0.0504012
v 0.805343389 -0.20288223 -0.09749992
v 0.760081648 -0.15251772 -0.07245764
v 0.760386526 -0.15394673 -0.09645462
v 0.756120443 -0.15856612 -0.12420838
v 0.653884589 -0.17100763 -0.05739281
v 0.637027978 -0.17530733 -0.06869645
v 0.619731187 -0.18332374 -0.08352776
v 0.608291208 -0.1939763 -0.09738411
v 0.617253661 -0.2435219 -0.02931853
v 0.629421532 -0.22924402 -0.01870608
v 0.651871383 -0.21905878 -0.00947446
v 0.679195523 -0.21326721 -0.00383237
v 0.652398526 -0.26368713 0.039010815
v 0.675119578 -0.25380322 0.040378674
v 0.702750623 -0.25163531 0.036103896
v 0.637971699 -0.27932346 0.032260067
v 0.603227078 -0.20825076 -0.11079071
v 0.613020181 -0.25915742 -0.04128715
v 0.633583843 -0.2986896 0.020308904
v 0.605750620 -0.22246879 -0.12121198
v 0.617011547 -0.27453992 -0.05499403
v 0.638727605 -0.31683037 0.006301902
v 0.665345907 -0.34698465 0.064266592
v 0.660669684 -0.32979938 0.076526887
v 0.665736019 -0.31161141 0.086166627
v 0.679512202 -0.29599938 0.090270057
v 0.699230670 -0.28686425 0.087145701
v 0.721665680 -0.28676656 0.078059539
v 0.720799148 -0.31998366 0.132811561
v 0.738044083 -0.32323793 0.125361934
v 0.703329742 -0.3262735 0.135200083
v 0.690280616 -0.33908734 0.131949096
v 0.685369968 -0.35483074 0.124254748
v 0.68953228 -0.36930576 0.114656567
v 0.651973128 -0.33036774 -0.00769946
v 0.678610801 -0.35930443 0.052106224
v 0.700609505 -0.37951088 0.105372928
v 0.628627240 -0.28722548 -0.06857324
v 0.613869965 -0.23366943 -0.12943332
v 0.625780046 -0.24090007 -0.13722073
v 0.647585511 -0.2946012 -0.08017477
v 0.671905338 -0.33674914 -0.01884402
v 0.697532832 -0.36359432 0.042144097
v 0.716930389 -0.38301483 0.098004624
v 0.730671763 -0.39570528 0.140137255
v 0.715685248 -0.39276338 0.144755289
v 0.707480490 -0.38535351 0.150682002
v 0.70307374 -0.37345746 0.15808478
v 0.708789467 -0.36083102 0.163570970
v 0.719788432 -0.35265616 0.165618509
v 0.716631174 -0.38269955 0.173194855
v 0.722877383 -0.37621132 0.177952408
v 0.730297327 -0.37185144 0.177465304
v 0.724993944 -0.39068925 0.176659613
v 0.726414740 -0.39530602 0.173228204
v 0.735250890 -0.39378527 0.178888261
v 0.734013736 -0.37762138 0.095042258
v 0.741788327 -0.39104196 0.139855355
v 0.739936471 -0.39240742 0.179490715
v 0.718640744 -0.35798591 0.036169096
v 0.696742773 -0.33451664 -0.02420254
v 0.672508716 -0.29677242 -0.08743189
v 0.640183329 -0.24330983 -0.14492714
v 0.747712373 -0.36447853 0.097537972
v 0.751047253 -0.38208744 0.142817512
v 0.746554434 -0.38882056 0.172974571
v 0.745083570 -0.38005716 0.177626192
v 0.736678123 -0.38331535 0.182434350
v 0.731121361 -0.3858647 0.181075111
v 0.741570174 -0.36893341 0.175978407
v 0.733115911 -0.34918466 0.165345728
v 0.745993495 -0.34638482 0.153844431
v 0.752265512 -0.36121011 0.155553355
v 0.754384219 -0.37025934 0.149761810
v 0.753976821 -0.34659725 0.103232100
v 0.75048244 -0.33313096 0.115230351
v 0.883207023 -0.32042733 0.086208015
v 0.88116467 -0.31886688 0.092935860
v 0.887016356 -0.31221727 0.092121742
v 0.728339254 -0.05206273 -0.19481122
v 0.724368751 -0.10705328 -0.23279862
v 0.730401456 -0.04416639 -0.13374065
v 0.705566048 -0.15353167 -0.25339508
v 0.683326602 -0.18216713 -0.25639904
v 0.635318815 -0.16118537 -0.34501064
v 0.668020248 -0.12317735 -0.34403586
v 0.689050912 -0.07314472 -0.32984549
v 0.693180739 -0.0154189 -0.30050522
v 0.679313957 0.05564183 -0.26726949
v 0.702387809 0.049129553 -0.18419418
v 0.706383884 0.048680655 -0.13515432
v 0.702233076 0.045779623 -0.10573182
v 0.725223958 -0.04232011 -0.10462654
v 0.713421106 -0.04270358 -0.08222281
v 0.691618740 0.03973113 -0.08144355
v 0.671700894 0.142924845 -0.10801423
v 0.669283270 0.134181767 -0.07498123
v 0.661399841 0.121809430 -0.05146463
v 0.666839957 0.148615211 -0.16375682
v 0.649157285 0.148195594 -0.23429367
v 0.642782568 0.016530051 -0.39963463
v 0.635400116 0.07679528 -0.36425799
v 0.616074979 0.154713064 -0.31965846
v 0.635324478 -0.04017784 -0.42332855
v 0.611783504 -0.08961961 -0.43210024
v 0.574462890 -0.12994465 -0.42652234
v 0.603427648 -0.18670312 -0.33346331
v 0.535373210 -0.16117519 -0.40630141
v 0.659638762 -0.20374346 -0.25131962
v 0.637324035 -0.21975474 -0.23984748
v 0.577516555 -0.20772541 -0.3144899
v 0.507951021 -0.18662567 -0.38148525
v 0.464557349 -0.13372488 -0.47259885
v 0.505509257 -0.09555711 -0.50151342
v 0.436626553 -0.16451727 -0.44237339
v 0.544720113 -0.05275805 -0.51726079
v 0.570488274 -0.00205663 -0.5144732
v 0.582413435 0.052860483 -0.49459022
v 0.579549551 0.111979991 -0.45803541
v 0.567129850 0.179832473 -0.41007859
v 0.587671160 0.247775360 -0.28358826
v 0.611589431 0.253724426 -0.20726949
v 0.550534665 0.253434538 -0.36388218
v 0.624111592 0.249608367 -0.13593352
v 0.628225624 0.236879408 -0.07614727
v 0.579625487 0.351074188 -0.11646891
v 0.582228303 0.336288929 -0.05145016
v 0.569232463 0.355045735 -0.19261256
v 0.548514187 0.350772947 -0.26733974
v 0.520335912 0.345615327 -0.33449525
v 0.498343527 0.283825248 -0.43853098
v 0.482996940 0.352818638 -0.39919195
v 0.509070873 0.217180863 -0.49215806
v 0.515281438 0.154297635 -0.54358417
v 0.511095762 0.095585048 -0.5812645
v 0.493105530 0.038961619 -0.5977115
v 0.465733647 -0.01506156 -0.59496957
v 0.428687274 -0.06385064 -0.57110691
v 0.390325427 -0.11076932 -0.53281528
v 0.365174800 -0.14524311 -0.49849862
v 0.415320217 -0.18974759 -0.4153378
v 0.345508754 -0.17200807 -0.46962824
v 0.486645698 -0.20860346 -0.35744628
v 0.274361401 -0.15987112 -0.52123833
v 0.291160196 -0.13209695 -0.5506705
v 0.312650769 -0.09532975 -0.58659065
v 0.343034505 -0.04263574 -0.63133538
v 0.375831335 0.016870975 -0.66290569
v 0.406083941 0.078253567 -0.67143798
v 0.429868817 0.141597807 -0.65702438
v 0.441093087 0.202423483 -0.61818719
v 0.443985879 0.263370245 -0.56119549
v 0.440218806 0.324876248 -0.50263453
v 0.435043036 0.380583316 -0.45614946
v 0.424249768 0.428069144 -0.42997563
v 0.449856698 0.430382847 -0.38657165
v 0.474381297 0.440336793 -0.33058962
v 0.499132096 0.451005101 -0.26201439
v 0.517027974 0.455675929 -0.18512236
v 0.410613805 0.533026695 -0.34113517
v 0.435220092 0.545047581 -0.26816028
v 0.452493488 0.549894452 -0.1854919
v 0.388028234 0.514278411 -0.40515345
v 0.377211272 0.478832721 -0.4567166
v 0.374271571 0.430686801 -0.50634104
v 0.374781817 0.375027477 -0.55845499
v 0.373146057 0.316068887 -0.61839956
v 0.363276630 0.253654629 -0.67936051
v 0.340721070 0.184259906 -0.72126764
v 0.311319321 0.109767884 -0.73433435
v 0.280892729 0.034746885 -0.72000229
v 0.251879900 -0.0353938 -0.68027616
v 0.229110255 -0.08981372 -0.63541883
v 0.212339922 -0.12841667 -0.59975755
v 0.198324009 -0.15750419 -0.56975824
v 0.123428739 -0.13295758 -0.64507043
v 0.112871654 -0.1631766 -0.61515421
v 0.135242417 -0.09349421 -0.67953384
v 0.154387399 -0.03688572 -0.72436154
v 0.182307571 0.042874157 -0.76540709
v 0.215779081 0.131164819 -0.78345835
v 0.251962423 0.220106542 -0.77042729
v 0.281443864 0.300722360 -0.72625172
v 0.297416746 0.369317978 -0.66677159
v 0.301863342 0.430730015 -0.60798192
v 0.302159488 0.490212023 -0.55340827
v 0.304299950 0.548453509 -0.49688071
v 0.313603699 0.595699727 -0.4318347
v 0.337621659 0.620923936 -0.35325599
v 0.359573811 0.631163358 -0.26900882
v 0.381135195 0.624453246 -0.1716917
v 0.301254689 0.687508881 -0.14473213
v 0.280857026 0.696966290 -0.2512612
v 0.258457213 0.694431662 -0.35195169
v 0.236065551 0.665260911 -0.44668305
v 0.228784620 0.609459519 -0.5266391
v 0.225988477 0.547438085 -0.58987391
v 0.223051652 0.483786702 -0.6473248
v 0.216974601 0.418201804 -0.70534885
v 0.197903081 0.342855244 -0.76247847
v 0.163865789 0.251757711 -0.80572039
v 0.121473178 0.151080280 -0.81862098
v 0.080805592 0.053247183 -0.7992124
v 0.048040658 -0.0322192 -0.75723112
v 0.028660614 -0.0945031 -0.71625555
v 0.018209949 -0.13686286 -0.68371713
v -0.06321026 -0.0130817 -0.77508873
v -0.08771028 -0.07950306 -0.73810732
v -0.09970226 -0.12705579 -0.70869154
v -0.02197905 0.075327277 -0.8155694
v 0.026452599 0.176805138 -0.83668196
v 0.075518339 0.280860066 -0.82602537
v 0.113103874 0.378722548 -0.78542912
v 0.132329374 0.459679424 -0.73089647
v 0.140512585 0.529617786 -0.67293179
v 0.146153643 0.593866705 -0.612001
v 0.151689916 0.654601514 -0.54460466
v 0.155704259 0.710090816 -0.45775005
v 0.171613887 0.745872676 -0.34611589
v 0.189655259 0.747165501 -0.23365429
v 0.201214313 0.733487665 -0.12500012
v 0.086133249 0.777199626 -0.22736022
v 0.088082917 0.761797428 -0.11669809
v 0.080973327 0.771113812 -0.34958282
v 0.077580556 0.732543289 -0.46848679
v 0.070968017 0.681090176 -0.55300301
v 0.062809407 0.625748038 -0.62006223
v 0.054688517 0.563235998 -0.6819669
v 0.044947389 0.491758197 -0.74089277
v 0.026057656 0.407361328 -0.79336637
v -0.01381783 0.308722764 -0.82939517
v -0.06758356 0.20778355 -0.83401585
v -0.12331425 0.108973473 -0.8104341
v -0.17223984 0.021910399 -0.76985979
v -0.20437226 -0.04613413 -0.73503286
v -0.22095251 -0.09709401 -0.70940053
v 0.011426567 -0.16823587 -0.65659422
v -0.10561556 -0.16089767 -0.68461478
v -0.22831808 -0.13403413 -0.68620563
v -0.33620948 -0.05129364 -0.6746887
v -0.34702048 -0.09131731 -0.65347302
v -0.31443745 0.000550270 -0.70007324
v -0.27458826 0.068514645 -0.73493332
v -0.21794787 0.152651876 -0.77892607
v -0.15802236 0.243390321 -0.80908489
v -0.10034782 0.335535079 -0.81300855
v -0.05907187 0.426790714 -0.78468734
v -0.04196045 0.512576818 -0.73298001
v -0.03245223 0.583338916 -0.67360163
v -0.02217167 0.641921877 -0.6140359
v -0.01014283 0.691725254 -0.55353677
v -0.00111 0.736657559 -0.4810043
v -0.00475224 0.776425659 -0.36348194
v -0.10265356 0.688073575 -0.54025972
v -0.07833496 0.72980088 -0.48555565
v -0.08187871 0.766638577 -0.38185513
v -0.12139175 0.644244074 -0.58995628
v -0.12497063 0.589740872 -0.64824975
v -0.12464233 0.520592153 -0.71036637
v -0.1331273 0.438641130 -0.76084685
v -0.17496437 0.364823341 -0.77614897
v -0.23672171 0.283893942 -0.76335967
v -0.30131003 0.201250866 -0.72517371
v -0.36486766 0.121803104 -0.67560786
v -0.41251615 0.053370177 -0.63519895
v -0.43914938 0.001330390 -0.60713565
v -0.45399565 -0.03951865 -0.58572865
v -0.35266617 -0.12375532 -0.63120186
v -0.4625096 -0.07287042 -0.56462103
v -0.23263974 -0.16332948 -0.66265315
v -0.5548659 -0.01318969 -0.465339
v -0.54488957 0.019513189 -0.48917788
v -0.52676439 0.059591308 -0.51458639
v -0.49473685 0.112535342 -0.54879785
v -0.44131061 0.180864825 -0.597606
v -0.37454537 0.254821836 -0.65303344
v -0.30574769 0.331099867 -0.70027018
v -0.23495282 0.402324140 -0.72859949
v -0.18697566 0.447899341 -0.73206866
v -0.20613056 0.503519058 -0.68508053
v -0.23408683 0.562681198 -0.61172605
v -0.24419905 0.617371439 -0.53944802
v -0.22398648 0.668621480 -0.48332936
v -0.18310066 0.715903103 -0.43460393
v -0.15155631 0.747277915 -0.38293168
v -0.3251915 0.633722186 -0.40214592
v -0.27406877 0.691852688 -0.34344515
v -0.20368557 0.737837851 -0.29357734
v -0.34842649 0.568359732 -0.47907764
v -0.32990736 0.507321894 -0.57262212
v -0.28966561 0.452866494 -0.65823489
v -0.36581105 0.383864998 -0.61755073
v -0.43695715 0.314993768 -0.56445253
v -0.5043422 0.246459320 -0.50424683
v -0.55773944 0.179135352 -0.44651598
v -0.59039855 0.127922982 -0.40391424
v -0.60843521 0.089420855 -0.36986855
v -0.6180653 0.058910660 -0.34051833
v -0.61833459 0.032981604 -0.31375816
v -0.55838364 -0.04070877 -0.44139278
v -0.46343109 -0.09837425 -0.53975892
v -0.62829167 0.125764146 -0.17989846
v -0.63184559 0.149719208 -0.20724258
v -0.62703747 0.177732557 -0.24099177
v -0.61436105 0.210046187 -0.28031415
v -0.58903307 0.255018025 -0.32992178
v -0.54420483 0.317720651 -0.39531648
v -0.48112005 0.383227378 -0.46188894
v -0.41141254 0.443649351 -0.52125287
v -0.42748195 0.514609873 -0.41933942
v -0.40208465 0.588392794 -0.32771128
v -0.34203893 0.657387912 -0.25132582
v -0.25434417 0.714359819 -0.19114593
v -0.14706707 0.752125501 -0.14851718
v -0.11470857 0.769928455 -0.25918481
v -0.39168692 0.618807673 -0.166795
v -0.29248142 0.686090588 -0.09969091
v -0.17273137 0.729319512 -0.05323848
v -0.46167254 0.537982702 -0.25131223
v -0.49310848 0.458677858 -0.35244957
v -0.54586065 0.396322608 -0.27968466
v -0.57841867 0.342624664 -0.21075216
v -0.59356809 0.305504262 -0.15960962
v -0.60003585 0.277808636 -0.1207425
v -0.60045272 0.252246558 -0.08761426
v -0.59430224 0.229294061 -0.06177264
v -0.61437219 0.106386922 -0.15802763
v -0.58108813 0.208895415 -0.04271433
v -0.60656846 0.013761237 -0.28910828
v -0.52841812 0.335254430 0.032369941
v -0.51630121 0.313692033 0.049248129
v -0.53693348 0.358489185 0.009876750
v -0.53896958 0.382187277 -0.01965308
v -0.5359956 0.407811522 -0.0559343
v -0.52559984 0.439905226 -0.10461087
v -0.50290906 0.485742211 -0.17326377
v -0.42380643 0.574937641 -0.08392116
v -0.31753677 0.651736855 -0.01259246
v -0.19026338 0.702858209 0.035457760
v -0.03052524 0.768564820 -0.12418675
v -0.04426973 0.747079074 -0.02684936
v -0.05516898 0.724661171 0.061102122
v -0.0181963 0.784111678 -0.23686713
v 0.083610691 0.741979003 -0.01852676
v 0.078104376 0.721017360 0.068579644
v -0.20231035 0.675485789 0.103173524
v -0.06293482 0.700969278 0.128317624
v 0.074155829 0.698488593 0.133353889
v -0.33214149 0.617429375 0.053679034
v -0.4413923 0.535026371 -0.01680614
v -0.44870323 0.505465388 0.028145656
v -0.45060924 0.480288177 0.062157049
v -0.44854721 0.456625938 0.089184984
v -0.44120219 0.432060778 0.109861552
v -0.42880249 0.408971428 0.121484428
v -0.31979504 0.483555495 0.175820261
v -0.33324227 0.510760426 0.173103243
v -0.33968598 0.538392424 0.155009046
v -0.34101075 0.563449382 0.129881814
v -0.33856732 0.588759124 0.097329199
v -0.20899026 0.649261057 0.148027390
v -0.06807581 0.678398430 0.174228668
v 0.071731008 0.677396297 0.177145451
v 0.202904790 0.693493008 0.061140984
v 0.201334729 0.670835614 0.120919734
v 0.200183913 0.64955163 0.161503002
v 0.203994497 0.714848458 -0.02499217
v 0.311599284 0.667823910 -0.04386958
v 0.312408238 0.643874168 0.039896890
v 0.311128675 0.620467543 0.095317602
v 0.309436976 0.598561346 0.133659914
v 0.069863893 0.655571937 0.209762692
v 0.198261216 0.627117812 0.192908331
v 0.306406438 0.575568676 0.164365753
v -0.07104693 0.654864192 0.20711191
v -0.21229951 0.624153256 0.180722147
v -0.21257642 0.597707688 0.205691725
v -0.20770679 0.566385746 0.220508992
v -0.1989028 0.538657367 0.216470226
v -0.30470711 0.473142743 0.153659343
v -0.18952215 0.529136061 0.188212916
v -0.40670881 0.396608531 0.104679189
v -0.48987514 0.301067173 0.042502984
v -0.46596447 0.304216265 0.018700420
v -0.38693491 0.393590092 0.078693360
v -0.29082075 0.469771623 0.123910173
v -0.18090163 0.525729537 0.154172882
v -0.06317251 0.555047571 0.166441798
v -0.06629223 0.558809042 0.204543396
v -0.06895483 0.567449688 0.236771211
v -0.07157564 0.596337735 0.247277304
v -0.07229058 0.628082037 0.231329634
v 0.067647755 0.629544854 0.233750790
v 0.194598794 0.601512670 0.217659935
v 0.300302803 0.550843477 0.186838835
v 0.396227955 0.534822225 0.105859190
v 0.390906035 0.512301206 0.136181145
v 0.381115943 0.488756388 0.156221821
v 0.399345129 0.556939005 0.066625624
v 0.455738276 0.440953493 0.113261506
v 0.464305907 0.464658618 0.083612695
v 0.468275308 0.488415658 0.042622968
v 0.442891120 0.419699758 0.128579720
v 0.289060115 0.523547530 0.196769893
v 0.365874290 0.465857744 0.162463501
v 0.426242351 0.403147727 0.128216981
v 0.186752662 0.571019947 0.229450240
v 0.064441181 0.599820673 0.249129667
v 0.059540029 0.570002436 0.236352205
v 0.055637028 0.560450136 0.201725781
v 0.051947172 0.556694448 0.161711275
v -0.05956746 0.550729870 0.123283416
v 0.047296725 0.550930023 0.115864738
v -0.17153233 0.523882150 0.116272524
v -0.27746326 0.469845324 0.089650183
v -0.36947802 0.396817892 0.047112941
v -0.26038885 0.467510312 0.049242585
v -0.15783775 0.515739977 0.064676806
v -0.34919196 0.398726999 0.011671230
v -0.05561991 0.536506891 0.065027415
v 0.041259396 0.533593952 0.054255902
v 0.130069911 0.511265993 0.038371324
v 0.144724875 0.528698205 0.099937334
v 0.155724540 0.534541010 0.144399404
v 0.166050434 0.538444042 0.182146951
v 0.176043957 0.546223163 0.214503660
v 0.272480249 0.503441870 0.182290285
v 0.347368270 0.450447559 0.148730859
v 0.409015536 0.392303705 0.115883804
v 0.495295494 0.345919430 0.098271966
v 0.479653239 0.333899766 0.096118129
v 0.463500946 0.326805502 0.083172783
v 0.508863151 0.359232246 0.092147111
v 0.529837071 0.256329596 0.056139126
v 0.544973611 0.265012830 0.060336485
v 0.558646440 0.276013255 0.056964024
v 0.514205873 0.252103239 0.043630346
v 0.393593430 0.387924015 0.094306811
v 0.448114872 0.323796778 0.063352011
v 0.499279975 0.251158595 0.026551373
v 0.331669747 0.444949835 0.123642727
v 0.257916748 0.496668458 0.153583467
v 0.243995815 0.493470847 0.119682222
v 0.228955358 0.489027023 0.078801825
v 0.207205623 0.473319321 0.018719837
v 0.113015756 0.481861531 -0.03940205
v 0.183717593 0.447243779 -0.05835217
v 0.032802436 0.503206849 -0.02200986
v -0.05378574 0.509282052 -0.00809176
v -0.05630495 0.472527712 -0.10301812
v 0.022348307 0.465619504 -0.12177522
v 0.096178218 0.444555103 -0.14022537
v 0.164123952 0.410907268 -0.15619329
v 0.227710396 0.369009375 -0.16405205
v 0.244003415 0.404545366 -0.07669955
v 0.271713376 0.426315486 -0.00310385
v 0.298093617 0.438470035 0.053179368
v 0.316165894 0.442509174 0.091682195
v 0.376142561 0.385939478 0.063587620
v 0.429034650 0.323196291 0.033100038
v 0.479016482 0.252959191 -0.00100323
v 0.559629261 0.172542169 -0.00387092
v 0.544828474 0.172786906 -0.01889662
v 0.521928846 0.177145957 -0.04627885
v 0.574233532 0.174471020 0.007755734
v 0.578453779 0.096946783 -0.06826247
v 0.595489859 0.095692344 -0.05221488
v 0.611110568 0.096348904 -0.04029941
v 0.547865808 0.105439066 -0.10010303
v 0.483008027 0.189724043 -0.09088429
v 0.497941613 0.126816675 -0.14925215
v 0.451211482 0.256123006 -0.04065757
v 0.405406087 0.323156088 -0.00470109
v 0.355272024 0.382914513 0.025538012
v 0.325809240 0.374762356 -0.02761208
v 0.297526657 0.358742982 -0.09229019
v 0.289501726 0.327525109 -0.15869723
v 0.223058417 0.324415385 -0.24517924
v 0.292564868 0.285970926 -0.22511414
v 0.154706686 0.363983154 -0.2514028
v 0.084908902 0.398924529 -0.24622566
v 0.012125414 0.422861009 -0.23213583
v 0.071782909 0.331343084 -0.34275889
v 0.142948105 0.297122359 -0.33522522
v -0.00150039 0.359285414 -0.3374607
v 0.215455770 0.262719512 -0.31768203
v 0.290598958 0.229530423 -0.28889394
v 0.363243132 0.195732727 -0.24955754
v 0.360625892 0.249332606 -0.19194731
v 0.349248170 0.291945159 -0.13825263
v 0.339252203 0.322802066 -0.09893256
v 0.372104376 0.321586072 -0.05530354
v 0.407701045 0.266234844 -0.09306004
v 0.427502721 0.214117512 -0.14535631
v 0.434218198 0.160397186 -0.20234066
v 0.488831639 0.061346918 -0.19951159
v 0.552301585 0.035887662 -0.15011545
v 0.420269191 0.093030884 -0.24866197
v 0.598578810 0.024651683 -0.10593351
v 0.609733462 -0.0581126 -0.12181541
v 0.534795224 -0.03162178 -0.18042219
v 0.461731612 -0.01126947 -0.22902542
v 0.392074406 0.014384426 -0.27453762
v 0.348345488 0.123727135 -0.29433763
v 0.321879953 0.040310300 -0.31916657
v 0.272467136 0.151979595 -0.3345013
v 0.194480881 0.179120034 -0.36874968
v 0.118870765 0.207604765 -0.39489317
v 0.045456439 0.236975550 -0.41123387
v -0.02882782 0.265580654 -0.41573212
v -0.10404851 0.289136886 -0.40335864
v -0.07532752 0.374935746 -0.31873816
v -0.06244969 0.431342393 -0.21057986
v -0.14691299 0.190665781 -0.45250151
v -0.06851566 0.162218526 -0.46138
v 0.009595464 0.134146958 -0.45263657
v 0.087084755 0.109309196 -0.43167672
v 0.168390795 0.087519958 -0.40053552
v 0.246965706 0.065366089 -0.36126959
v 0.228159621 -0.0146293 -0.38076016
v 0.301743418 -0.03460929 -0.33585185
v 0.371594697 -0.05681397 -0.28932631
v 0.442437857 -0.07668404 -0.24242452
v 0.516910731 -0.08938115 -0.19191714
v 0.588542759 -0.10903037 -0.13712385
v 0.644043803 -0.04859207 -0.09095702
v 0.620787382 0.023240812 -0.08565887
v 0.507318437 -0.13204601 -0.19856505
v 0.572354614 -0.14274122 -0.14508098
v 0.435848444 -0.12257964 -0.24946871
v 0.363734781 -0.10561842 -0.29897565
v 0.293257266 -0.08580376 -0.3475295
v 0.220696687 -0.06939369 -0.394416
v 0.150534927 0.002978876 -0.42332956
v 0.142875582 -0.05893804 -0.43986711
v 0.065373785 0.018905520 -0.46008295
v -0.02076399 0.038049921 -0.485755
v -0.10450648 0.064649343 -0.49633369
v -0.18795843 0.092896595 -0.49044466
v -0.12082156 -0.015393 -0.52235174
v -0.03061005 -0.03764682 -0.50832009
v -0.2108169 0.010677367 -0.51825887
v 0.058383371 -0.05116367 -0.47969729
v 0.058270026 -0.09875004 -0.49154326
v 0.141814842 -0.10107483 -0.45031154
v 0.218255430 -0.11006583 -0.4049201
v 0.289932340 -0.12564453 -0.35739899
v 0.360309869 -0.14340994 -0.30795845
v 0.432716161 -0.15890567 -0.25691032
v 0.502847254 -0.16834345 -0.20543569
v 0.562953531 -0.17234801 -0.15317109
v 0.560304939 -0.19744164 -0.16066697
v 0.502455711 -0.19402453 -0.2131698
v 0.432103514 -0.18598835 -0.2650629
v 0.358961939 -0.17201704 -0.31701845
v 0.288721323 -0.15471409 -0.36690295
v 0.218559488 -0.14037634 -0.41459283
v 0.143780723 -0.13434367 -0.4595167
v 0.061607431 -0.13549325 -0.50054723
v 0.148126944 -0.15873905 -0.46995211
v 0.221553564 -0.16304599 -0.42584324
v 0.067134514 -0.16309854 -0.51039553
v 0.290484398 -0.17598671 -0.37859216
v 0.360831528 -0.19223553 -0.32784906
v 0.434353828 -0.20556818 -0.27467653
v 0.505155384 -0.21302511 -0.22167897
v 0.563363432 -0.21587464 -0.16827737
v 0.570895612 -0.23019719 -0.17790721
v 0.511062920 -0.22781304 -0.23267654
v 0.439816415 -0.22006258 -0.28727061
v 0.366385161 -0.20644368 -0.34179431
v 0.296174466 -0.19056372 -0.39330888
v 0.227968186 -0.17875873 -0.44059551
v 0.305466771 -0.1980813 -0.41076666
v 0.375319004 -0.21404575 -0.35838979
v 0.237427264 -0.18681705 -0.45856446
v 0.448653250 -0.2279031 -0.30291584
v 0.520126998 -0.23698026 -0.24641424
v 0.581683278 -0.23859702 -0.18933405
v 0.594242334 -0.24039584 -0.20237866
v 0.530972421 -0.23897919 -0.26161563
v 0.459382176 -0.22867651 -0.31971139
v 0.386434525 -0.21406975 -0.37587777
v 0.471492141 -0.22235397 -0.33724135
v 0.542935907 -0.23420379 -0.27737737
v 0.399252772 -0.20642221 -0.39407331
v 0.606723725 -0.23701999 -0.21522538
v 0.664194107 -0.05184813 -0.07795335
v 0.680578291 -0.04991312 -0.07065139
v 0.655180394 0.027240291 -0.06438902
v 0.638683795 0.024361878 -0.07211457
v 0.696488022 -0.04748776 -0.0702102
v 0.672746360 0.032235674 -0.06297366
v 0.627740323 0.100162997 -0.0321547
v 0.644886970 0.107568077 -0.03161326
v 0.589967489 0.180537596 0.013686917
v 0.604698717 0.190083801 0.012270294
v 0.618592143 0.207688823 -0.01059623
v 0.625759482 0.222532659 -0.03761651
v 0.572602868 0.299717217 0.025518737
v 0.579332709 0.318197995 -0.00705278
v 0.522295355 0.386707603 0.057837024
v 0.527347266 0.410358667 0.019228339
v 0.529129624 0.431847721 -0.03238751
v 0.526725649 0.449429750 -0.10310235
v 0.468708872 0.512699842 -0.01254739
v 0.464363426 0.536357343 -0.09092582
v 0.401004254 0.580496132 0.011636659
v 0.397470802 0.605098605 -0.06999665
v 0.620466768 -0.23028819 -0.22757185
v 0.557466864 -0.22393264 -0.29528147
v 0.316972434 -0.19764976 -0.42896149
v 0.330030918 -0.18940358 -0.44768453
v 0.248641744 -0.18643138 -0.47798371
v 0.260729640 -0.17782676 -0.49818689
v 0.186675384 -0.17612956 -0.5454371
v 0.175867974 -0.18530612 -0.52390194
v 0.165113300 -0.18526928 -0.50313401
v 0.155376553 -0.1761304 -0.48439425
v 0.094483457 -0.19297311 -0.56703794
v 0.084647715 -0.19333555 -0.54429859
v 0.075073875 -0.18259427 -0.52459854
v 0.103698037 -0.18323128 -0.59021157
v 0.004019651 -0.19028004 -0.63139969
v -0.00403725 -0.20192185 -0.60675001
v -0.01206342 -0.20212182 -0.58134222
v -0.01936501 -0.19021381 -0.55896628
v -0.02525198 -0.16758466 -0.54399633
v -0.12426983 -0.18735388 -0.58194357
v -0.12064495 -0.20146085 -0.60604465
v -0.12673332 -0.1619868 -0.56502342
v -0.11585748 -0.19933587 -0.63347447
v -0.11042885 -0.18542653 -0.66014868
v -0.23480509 -0.18038975 -0.63645518
v -0.23512901 -0.18421845 -0.60745251
v -0.23284526 -0.17009552 -0.58263409
v -0.22982505 -0.1420241 -0.56552935
v -0.12788804 -0.12632617 -0.55307972
v -0.22623438 -0.10450058 -0.55244631
v -0.02963662 -0.136094 -0.53379232
v -0.0324373 -0.09422326 -0.52345014
v -0.12736568 -0.07981578 -0.54064512
v -0.22081777 -0.05533345 -0.53849053
v -0.32298228 -0.073432 -0.52666724
v -0.3319155 -0.11046337 -0.53864968
v -0.31131238 -0.02516627 -0.51295894
v -0.34072146 -0.13880409 -0.55313462
v -0.34924528 -0.15478496 -0.57625443
v -0.35273001 -0.14527212 -0.6050328
v -0.45754719 -0.11290331 -0.51374787
v -0.44274929 -0.09987508 -0.49270532
v -0.42791012 -0.07105374 -0.48014703
v -0.4131037 -0.03557435 -0.47107726
v -0.39469138 0.008567392 -0.46089381
v -0.29485908 0.038926422 -0.49317122
v -0.37159812 0.066654369 -0.44481626
v -0.26682514 0.119845867 -0.46486682
v -0.33675498 0.143566027 -0.41858059
v -0.43200225 0.094806402 -0.37311739
v -0.46281537 0.044785812 -0.38086048
v -0.39146969 0.163590490 -0.35364679
v -0.48593169 0.007729768 -0.38473648
v -0.50648993 -0.0244406 -0.38880107
v -0.52837569 -0.05024755 -0.39701769
v -0.54927808 -0.05908822 -0.41504854
v -0.5784989 0.016642890 -0.27498722
v -0.55185491 0.037529476 -0.27376321
v -0.52657032 0.065148994 -0.2772505
v -0.49983546 0.096115544 -0.28131396
v -0.46154991 0.137674614 -0.28885984
v -0.42387512 0.175882667 -0.2971577
v -0.35401493 0.234523907 -0.31238553
v -0.41141054 0.21796 -0.2525866
v -0.29064241 0.231221199 -0.37748221
v -0.22247408 0.215734839 -0.42509338
v -0.17753811 0.302984118 -0.37226132
v -0.2472699 0.305070310 -0.32400447
v -0.31875932 0.294369339 -0.2585094
v -0.38292429 0.276065588 -0.19265118
v -0.45823619 0.191565305 -0.21504071
v -0.43116361 0.257153689 -0.14580989
v -0.49804541 0.162885993 -0.18839625
v -0.52738202 0.139458686 -0.17266333
v -0.55484456 0.118931219 -0.15989821
v -0.58336562 0.102956771 -0.15095365
v -0.55038911 0.200713813 -0.04357794
v -0.52293813 0.209712758 -0.06090729
v -0.49690646 0.223278075 -0.0826859
v -0.46893665 0.238543197 -0.10890138
v -0.34409726 0.334217041 -0.13759515
v -0.38502198 0.327658742 -0.08568273
v -0.41901374 0.319666594 -0.0418902
v -0.28690505 0.344252079 -0.20113742
v -0.21996145 0.362276852 -0.25089929
v -0.14852025 0.375799894 -0.28782621
v -0.13773164 0.425951212 -0.18466902
v -0.208194 0.409647941 -0.15678337
v -0.26016301 0.38739568 -0.14245453
v -0.28646091 0.396119862 -0.08758078
v -0.31974408 0.398416280 -0.03583527
v -0.44344532 0.311783492 -0.00957081
v -0.2355067 0.460195124 -0.00242393
v -0.21251033 0.442420125 -0.07130541
v -0.13559157 0.464763432 -0.08463334
v -0.14360873 0.496685981 0.001163736
vn -0.39053151 -0.70503294 0.591957449
vn -0.31222442 0.317414134 0.895412862
vn 0.031922500 0.413612902 0.909892976
vn -0.00028298 0.327623873 0.944808125
vn 0.166289135 0.497136861 0.851588428
vn 0.950451195 -0.28377864 0.126934304
vn -0.15727018 -0.95657593 -0.24541524
vn -0.08566213 -0.8909297 -0.44598916
vn -0.25605136 -0.96262592 -0.08825456
vn -0.38014618 -0.92247283 0.067326135
vn -0.65656656 -0.54158461 0.524982333
vn -0.57320029 0.207157850 0.792796909
vn 0.347470372 -0.84686339 -0.40259996
vn 0.334250986 0.681546032 0.650977134
vn -0.02068363 0.705007195 0.708898544
vn -0.23354043 0.672868192 0.701931119
vn 0.660962343 0.489205360 0.569040298
vn 0.255370199 0.415070831 0.873213768
vn -0.16027495 0.301060766 0.940039515
vn -0.32209632 0.294174730 0.899841725
vn 0.080632865 0.650093376 0.755563914
vn 0.515846729 0.651567518 0.556203126
vn -0.47410807 0.297661691 0.828624784
vn 0.735953092 0.584128260 0.342296987
vn 0.996553480 0.012883010 -0.08194668
vn 0.812633693 -0.46723303 -0.34830999
vn 0.730381012 -0.55136174 -0.40316734
vn 0.421988755 -0.71885562 -0.55242378
vn 0.120228797 -0.86874408 -0.48044652
vn 0.188517347 -0.85314333 -0.48642337
vn 0.194489121 -0.84892142 -0.49143305
vn 0.273618817 -0.78432596 -0.55674559
vn 0.429335653 -0.62825763 -0.64881682
vn 0.148545339 -0.71680838 -0.68126351
vn 0.096950464 -0.8839457 -0.45742831
vn 0.048612844 -0.95729476 -0.28499731
vn 0.10202308 -0.9855774 -0.13501246
vn -0.38935331 -0.9128806 0.122690416
vn -0.72662288 -0.4999654 0.471225827
vn -0.68220097 0.116517521 0.721820890
vn -0.26330096 0.630236685 0.730393290
vn 0.239294707 0.865173101 0.440696656
vn 0.347155958 0.860744595 0.372292131
vn 0.283394336 0.792478799 0.540060162
vn 0.543529093 0.789135813 0.286078065
vn 0.650810658 0.751611352 0.107358306
vn 0.630007147 0.776478052 0.013142323
vn 0.674947857 0.735470175 -0.05940476
vn 0.763316154 0.595131754 0.251329630
vn -0.14279591 0.561855137 0.814817845
vn 0.458350569 0.575145423 0.677585721
vn 0.915294051 0.159663409 0.369789570
vn -0.57025564 0.120300911 0.812610745
vn -0.6761077 -0.49341303 0.547194778
vn -0.22618984 -0.95787323 0.176966309
vn 0.380202621 -0.92379481 0.045267753
vn 0.599424123 -0.63985103 -0.4809171
vn 0.670390605 -0.69827962 -0.25096205
vn 0.910335481 -0.4057889 0.081392414
vn 0.577691674 -0.48787794 -0.65440625
vn 0.545647680 -0.23577389 -0.80416375
vn 0.741301119 -0.2361078 -0.628272
vn 0.746111095 0.308359324 -0.59011245
vn 0.837747216 0.15042077 -0.52493167
vn 0.896849215 0.091307714 -0.43281013
vn 0.912133038 -0.00789742 -0.40981808
vn 0.956367135 -0.15740781 -0.24613972
vn 0.981468915 0.185784995 -0.04693308
vn 0.806306600 -0.5451839 0.229443237
vn 0.889261961 0.407019108 -0.20868303
vn 0.806946396 0.498232811 -0.31717741
vn 0.748004734 0.560605883 -0.35526034
vn 0.851101040 0.473897546 0.225938469
vn 0.924096405 0.378777772 -0.05072763
vn 0.937552273 0.261044025 -0.22989486
vn -0.58929139 0.298264533 0.750848770
vn -0.65890974 0.327311307 0.677277803
vn -0.7436499 0.297288984 0.598835587
vn -0.86824352 0.107027523 0.484456747
vn -0.90054524 0.231687709 0.367884397
vn -0.6705721 0.521648466 0.527461826
vn -0.40164429 0.670062005 0.624258518
vn -0.14270177 0.707106649 0.692557871
vn -0.56182694 0.561255753 0.607735574
vn -0.19191046 0.748304963 0.634988188
vn 0.173217386 0.771518528 0.612172246
vn -0.85449982 0.197594925 0.480402112
vn -0.92707253 -0.15960486 0.339209109
vn -0.981098 -0.10736816 0.160992905
vn -0.94341016 -0.19527172 0.268041521
vn -0.87165141 -0.46482748 0.155432239
vn -0.90495753 -0.42005995 -0.06783337
vn -0.85170901 -0.52303648 0.032008957
vn -0.81135964 -0.57537305 0.103156775
vn -0.91443932 -0.21389386 0.343584477
vn -0.80693603 0.213411942 0.550735473
vn -0.47560054 0.598528087 0.644645750
vn -0.02986548 0.798356831 0.601443707
vn 0.387531995 0.782536983 0.487293303
vn 0.061954822 0.794382154 0.604250490
vn 0.516488134 0.738092303 0.434119641
vn -0.4137598 0.614264845 0.671923756
vn -0.76691192 0.255937367 0.588508307
vn -0.9052276 -0.19727394 0.376358807
vn -0.79670149 -0.59166759 0.123273000
vn -0.60933441 -0.76656038 -0.20272341
vn -0.53681582 -0.83362353 -0.13000271
vn -0.49329343 -0.86262608 -0.11197276
vn -0.69009346 -0.66067451 -0.29543233
vn -0.68152058 -0.7300787 -0.05014826
vn -0.39239341 -0.88432592 -0.25297257
vn -0.37582549 -0.79468167 -0.476693
vn -0.2420629 -0.88638294 -0.39462748
vn -0.12022924 -0.93928552 -0.32138398
vn -0.04364638 -0.95465076 -0.29451129
vn 0.039498362 -0.98135465 -0.18810378
vn -0.42873412 -0.90243822 -0.04233402
vn -0.77137136 -0.61040545 0.179976582
vn -0.86938024 -0.20881487 0.447855263
vn -0.68265575 0.270576477 0.678800046
vn -0.32032505 0.561906695 0.762661576
vn -0.73398948 -0.24694481 0.632674992
vn -0.50133777 0.177942693 0.846756637
vn -0.13387717 0.408887594 0.902711391
vn -0.6744293 -0.57526702 0.462831556
vn -0.33606765 -0.92419261 0.181456685
vn 0.089367039 -0.98633295 0.138422802
vn 0.459870994 -0.81055355 -0.36265892
vn 0.513778567 -0.82461363 -0.23673584
vn 0.530913412 -0.83366436 0.152100756
vn 0.363351345 -0.83544236 -0.41232497
vn 0.201606914 -0.85259306 -0.48212007
vn -0.01301488 -0.82059461 -0.5713625
vn -0.0909631 -0.90744573 -0.41020471
vn 0.836742460 -0.47290808 -0.27607951
vn 0.867550969 -0.47629562 -0.14317104
vn 0.856065571 -0.48678887 0.173747807
vn 0.872409045 0.016528584 0.488496899
vn 0.188846617 0.110738404 0.975742816
vn -0.32138577 -0.14389946 0.935950934
vn 0.503545641 0.425357848 0.752005636
vn 0.180426985 0.693971514 0.697029113
vn 0.604619503 0.637841224 0.477067798
vn 0.882649958 0.357383370 0.305296599
vn 0.997356236 -0.04509243 0.056984521
vn 0.997318387 -0.03092021 -0.06633367
vn 0.859055638 0.461181074 0.222116112
vn 0.218347698 -0.94872272 0.228581160
vn -0.22706516 -0.62043709 0.750665903
vn 0.339819610 0.045923467 0.939368784
vn 0.961379051 0.189396187 -0.19969827
vn 0.939666509 -0.04595556 -0.33899111
vn 0.968195736 0.249821558 -0.01365322
vn 0.823561787 -0.35485539 -0.44251961
vn 0.610955178 -0.64259666 -0.46238887
vn 0.531121432 -0.6480301 -0.54586345
vn 0.757614851 -0.37756976 -0.53241056
vn 0.900697648 -0.03985984 -0.432614
vn 0.922422170 0.213854610 -0.32156417
vn 0.899367213 0.340106308 -0.2747111
vn 0.935085356 0.314383834 -0.16364044
vn 0.955309927 0.295310765 0.013212579
vn 0.927060365 0.246628582 0.282371163
vn 0.918384254 0.302762955 0.254764467
vn 0.740094602 0.322281181 0.590249776
vn 0.799943804 0.139065235 0.583738625
vn 0.929187953 0.366850495 0.045060794
vn 0.916355252 0.289261668 0.276804655
vn 0.835337221 0.136133104 0.532615780
vn 0.913730025 0.384711563 -0.13074614
vn 0.885001421 0.387325167 -0.25836346
vn 0.876258730 0.214346349 -0.43153951
vn 0.864308655 0.362473279 -0.34868851
vn 0.857230663 0.396495342 -0.32855323
vn 0.827769935 -0.07177091 -0.55645829
vn 0.650903284 -0.41719094 -0.63425297
vn 0.420910328 -0.66467571 -0.61728507
vn 0.364830464 -0.78140271 -0.5062691
vn 0.282916665 -0.7707057 -0.57093853
vn 0.448898255 -0.78947151 -0.41859883
vn 0.357025057 -0.85728014 -0.37095007
vn 0.294622480 -0.83260119 -0.46901277
vn 0.243498861 -0.80536503 -0.54045862
vn 0.257661879 -0.75944805 -0.59736848
vn 0.348756045 -0.67695361 -0.64815366
vn 0.235272437 -0.78822553 -0.5686366
vn 0.548986733 -0.45761296 -0.69943118
vn 0.743368685 -0.12372098 -0.65734023
vn 0.829491317 0.184433758 -0.52718914
vn 0.835881054 0.365490049 -0.40953621
vn 0.830961048 0.414684832 -0.37086415
vn 0.859012663 0.392228901 -0.3290194
vn 0.889565289 0.396847486 -0.22624277
vn 0.830253720 0.407615453 -0.38016897
vn 0.911260724 0.405118435 -0.07404663
vn 0.915698766 0.392134159 0.087900921
vn 0.897192537 0.440908819 -0.0253966
vn 0.896457731 0.425329476 0.124332010
vn 0.882582545 0.432974010 -0.18325265
vn 0.853322625 0.413583785 -0.3174727
vn 0.824738502 0.406235635 -0.39341938
vn 0.799931526 0.433887124 -0.41454998
vn 0.799250364 0.417091876 -0.4327046
vn 0.797181665 0.434984833 -0.41867593
vn 0.793032705 0.363647073 -0.48873302
vn 0.758184135 0.150125250 -0.63452286
vn 0.639830589 -0.16587609 -0.75040114
vn 0.464415311 -0.4705213 -0.75028539
vn 0.320407003 -0.66841394 -0.67123926
vn 0.266331732 -0.74539137 -0.61111307
vn 0.253742635 -0.77576846 -0.57775247
vn 0.213309705 -0.81731367 -0.53525436
vn 0.233870834 -0.80662286 -0.54282969
vn 0.214760854 -0.84077728 -0.49696216
vn 0.280369639 -0.79676604 -0.53530985
vn 0.295798033 -0.75764006 -0.58179474
vn 0.295923352 -0.72449136 -0.62252855
vn 0.323883682 -0.64528996 -0.69188178
vn 0.413154542 -0.46401918 -0.78357494
vn 0.544532775 -0.18840745 -0.81730449
vn 0.668361008 0.120316945 -0.73404175
vn 0.735142231 0.356526553 -0.57658881
vn 0.757363498 0.448961406 -0.47416675
vn 0.766993463 0.456751197 -0.4506655
vn 0.769515633 0.439410567 -0.46342629
vn 0.764168679 0.439029395 -0.47254577
vn 0.780850529 0.443521261 -0.4399561
vn 0.799149394 0.457866907 -0.38951015
vn 0.823870539 0.484897226 -0.29344857
vn 0.845057725 0.515595078 -0.14155968
vn 0.757040679 0.539487719 -0.36856782
vn 0.767187297 0.589699268 -0.2523461
vn 0.772445857 0.628055989 -0.09419657
vn 0.745293319 0.500569164 -0.44041842
vn 0.736952185 0.470146209 -0.48565829
vn 0.736022055 0.462960988 -0.49390161
vn 0.729153573 0.472619861 -0.4949401
vn 0.707278072 0.457769066 -0.53870702
vn 0.659456014 0.350324332 -0.66512448
vn 0.570077717 0.107600867 -0.81451428
vn 0.461280226 -0.18832934 -0.86703664
vn 0.375867813 -0.44578078 -0.81240565
vn 0.331417232 -0.61525983 -0.71527475
vn 0.324493944 -0.69425583 -0.64242703
vn 0.333423763 -0.7284413 -0.5984996
vn 0.324395924 -0.77731752 -0.53902203
vn 0.308732420 -0.69151896 -0.65305871
vn 0.309648513 -0.74865431 -0.58620352
vn 0.289538532 -0.6554594 -0.69752455
vn 0.280858039 -0.57766157 -0.76643717
vn 0.304437130 -0.41776997 -0.85602933
vn 0.368704110 -0.17171593 -0.91354865
vn 0.465969443 0.113755531 -0.87745774
vn 0.565139293 0.348454743 -0.74779475
vn 0.634577989 0.465650945 -0.61683053
vn 0.669770777 0.492998957 -0.55530089
vn 0.682748198 0.494938999 -0.53748506
vn 0.684705317 0.522797465 -0.50780064
vn 0.685845375 0.580772697 -0.43854207
vn 0.688517510 0.649008154 -0.32362357
vn 0.680544436 0.710947394 -0.17723766
vn 0.671624481 0.740246474 -0.03091547
vn 0.530079901 0.846697092 0.046036124
vn 0.547421097 0.832744300 -0.08286745
vn 0.562027633 0.78568542 -0.25850233
vn 0.567812740 0.702247858 -0.429461
vn 0.578564941 0.611671030 -0.53955638
vn 0.581192433 0.552873313 -0.59711522
vn 0.567518055 0.529446363 -0.63056308
vn 0.527154445 0.482665658 -0.69938701
vn 0.448795825 0.355739861 -0.81977528
vn 0.342222005 0.133286938 -0.93011755
vn 0.237864151 -0.13825917 -0.96140784
vn 0.167117863 -0.37539878 -0.91167283
vn 0.144928753 -0.52241004 -0.8402878
vn 0.162070602 -0.59499323 -0.78722054
vn 0.191455379 -0.63826865 -0.74562597
vn -0.05097648 -0.43364999 -0.8996383
vn -0.03584352 -0.49514008 -0.86807346
vn -0.01030862 -0.54918671 -0.83563608
vn -0.02401819 -0.30451381 -0.95220506
vn 0.060308884 -0.08747447 -0.99433953
vn 0.181046068 0.164557412 -0.9696098
vn 0.293730258 0.378604978 -0.87771332
vn 0.372026473 0.515649735 -0.77181709
vn 0.409795612 0.584079384 -0.70065594
vn 0.418965727 0.63259238 -0.65137905
vn 0.414133906 0.710922122 -0.56840372
vn 0.39608711 0.818349361 -0.41643664
vn 0.382301062 0.901389062 -0.20333168
vn 0.368954598 0.929441154 -0.0034225
vn 0.346599578 0.930538952 0.118177808
vn 0.165619045 0.985464096 0.037826824
vn 0.146917998 0.975725710 0.162401571
vn 0.184992119 0.966333925 -0.17882012
vn 0.208442062 0.888655722 -0.40846398
vn 0.21886383 0.781763374 -0.5839048
vn 0.211417153 0.704052865 -0.67794716
vn 0.200549766 0.642201244 -0.73983598
vn 0.170672103 0.556043267 -0.81344146
vn 0.102966703 0.410653859 -0.90595871
vn -0.01298038 0.202842593 -0.97912538
vn -0.14868796 -0.02193285 -0.9886409
vn -0.24618401 -0.19941032 -0.9484877
vn -0.28257999 -0.29919139 -0.91139072
vn -0.27675137 -0.34829849 -0.89559859
vn -0.26483461 -0.41389784 -0.87094843
vn 0.202269107 -0.7081244 -0.67649609
vn -0.00050221 -0.63875365 -0.76941121
vn -0.26156271 -0.52076763 -0.81264132
vn -0.50216132 -0.25020772 -0.82778621
vn -0.50589448 -0.3603988 -0.78369862
vn -0.49710107 -0.18064892 -0.8486793
vn -0.4898811 -0.1413337 -0.86025649
vn -0.45293796 -0.07646517 -0.88825685
vn -0.36025152 0.057920623 -0.93105531
vn -0.22445436 0.246217995 -0.94286633
vn -0.10533004 0.441320061 -0.89114648
vn -0.05119055 0.587493956 -0.80760783
vn -0.0338749 0.681156873 -0.7313534
vn -0.02279875 0.743081986 -0.66881192
vn 0.006080702 0.807883441 -0.58931088
vn 0.029206225 0.909165918 -0.41540861
vn 0.001223009 0.983658194 -0.18004203
vn -0.25836459 0.797072351 -0.54582357
vn -0.19690219 0.883980751 -0.42403743
vn -0.18094347 0.963882088 -0.195425
vn -0.28044257 0.740639686 -0.6105774
vn -0.27632812 0.682906448 -0.6762259
vn -0.25967446 0.598130166 -0.75816196
vn -0.28392428 0.457567393 -0.84262627
vn -0.40898934 0.283196806 -0.86748326
vn -0.52938139 0.141567438 -0.83648914
vn -0.60331422 0.043538175 -0.79631418
vn -0.6352635 0.001840550 -0.77229327
vn -0.65468454 -0.03330403 -0.75516826
vn -0.67416489 -0.09913585 -0.73189729
vn -0.69142848 -0.20122477 -0.69385529
vn -0.50630867 -0.54171503 -0.6709668
vn -0.70151889 -0.37490645 -0.60606635
vn -0.26534152 -0.6882605 -0.67519742
vn -0.8566336 -0.22000955 -0.46666333
vn -0.83186388 -0.07474025 -0.5499239
vn -0.79750663 0.01963434 -0.60299051
vn -0.76219231 0.080091789 -0.6423769
vn -0.73048955 0.116150699 -0.67297393
vn -0.6976667 0.154312118 -0.69960636
vn -0.6404745 0.230718910 -0.73250341
vn -0.54514772 0.343284636 -0.76483315
vn -0.42365709 0.460767984 -0.77987653
vn -0.45639843 0.553223371 -0.69688195
vn -0.48491395 0.627032518 -0.60966283
vn -0.49447742 0.69297719 -0.52466607
vn -0.47164711 0.765670895 -0.43737522
vn -0.41729376 0.843617677 -0.33789822
vn -0.34591964 0.915473938 -0.20554103
vn -0.61365819 0.723496258 -0.31619135
vn -0.54215741 0.81855762 -0.18981215
vn -0.41060439 0.909392118 -0.06640767
vn -0.64716113 0.620589494 -0.44277671
vn -0.64326888 0.526456117 -0.55592179
vn -0.614066 0.436375349 -0.65764701
vn -0.70626247 0.328707158 -0.62701261
vn -0.75966036 0.263367146 -0.59460402
vn -0.80571473 0.220172941 -0.54986155
vn -0.851771 0.181589931 -0.49143794
vn -0.89744163 0.129192367 -0.42179123
vn -0.93920159 0.045713536 -0.3403098
vn -0.96818364 -0.07912403 -0.23740244
vn -0.94813353 -0.31232753 -0.05911341
vn -0.83222073 -0.47051185 -0.29330429
vn -0.65999281 -0.6275357 -0.4130477
vn -0.96929395 -0.14435704 0.199073731
vn -0.99798179 0.059911903 0.021046765
vn -0.97999042 0.172163575 -0.09989242
vn -0.9496485 0.242317378 -0.19862004
vn -0.91294008 0.287603288 -0.28952491
vn -0.8647595 0.330363690 -0.3782208
vn -0.80553484 0.377425432 -0.45679706
vn -0.74084538 0.435093998 -0.51170439
vn -0.74626029 0.554116249 -0.36885065
vn -0.70645875 0.675438106 -0.21142231
vn -0.60993379 0.788818180 -0.07580589
vn -0.45632812 0.889120221 0.035068068
vn -0.26924318 0.955889761 0.117400698
vn -0.23330338 0.972364068 0.008809573
vn -0.67433494 0.737835764 0.029508382
vn -0.50435418 0.854292273 0.125744625
vn -0.2935558 0.937244951 0.188140586
vn -0.7789309 0.618319213 -0.10463215
vn -0.82072932 0.497961729 -0.28006706
vn -0.87811804 0.444459945 -0.17709912
vn -0.91402632 0.397584736 -0.08051352
vn -0.93591177 0.352124571 0.008796421
vn -0.95174068 0.287043005 0.108609385
vn -0.95385706 0.181712180 0.239034414
vn -0.91277772 0.012473785 0.408266007
vn -0.63629782 -0.57240605 0.517181098
vn -0.5837968 -0.41912198 0.695354521
vn -0.60653776 -0.73059273 0.313602387
vn -0.81185424 0.127549603 0.569757580
vn -0.46015516 -0.32837152 0.824881494
vn -0.86640495 0.286362558 0.409070819
vn -0.8769902 0.396286904 0.271743953
vn -0.86960071 0.462983101 0.171584650
vn -0.85511082 0.510874450 0.088276766
vn -0.82894135 0.559333503 0.001478927
vn -0.72267228 0.678932428 0.129597663
vn -0.55206531 0.805871129 0.213998928
vn -0.32745308 0.908439874 0.259829431
vn -0.06503962 0.984470307 0.163058623
vn -0.08041991 0.972451329 0.218794673
vn -0.09920351 0.955399990 0.278153657
vn -0.04170069 0.998421847 0.037615254
vn 0.127418503 0.967107057 0.220155999
vn 0.115703605 0.951682388 0.284452825
vn -0.36434418 0.860864818 0.355197370
vn -0.11965852 0.919585049 0.374226301
vn 0.111818559 0.916921377 0.383081913
vn -0.58899194 0.748974561 0.303521931
vn -0.74989951 0.626215040 0.213319912
vn -0.76281065 0.573006689 0.299638539
vn -0.7656821 0.503318965 0.400500774
vn -0.74860156 0.381992310 0.541920125
vn -0.67295784 0.179425582 0.717589139
vn -0.27039447 -0.36784616 0.889705658
vn -0.09151479 -0.4964197 0.863245427
vn -0.4968558 0.163415178 0.852308511
vn -0.59556293 0.456754654 0.660817682
vn -0.61543709 0.604057192 0.506312310
vn -0.60985237 0.683740079 0.400723785
vn -0.39247999 0.790952742 0.46941787
vn -0.13802849 0.856422901 0.497481733
vn 0.112594045 0.857580125 0.501875400
vn 0.330133825 0.900429606 0.283263295
vn 0.339548915 0.857395291 0.386755377
vn 0.351001650 0.793249547 0.497546881
vn 0.330043882 0.922483682 0.200237110
vn 0.522882044 0.836951136 0.161576971
vn 0.526449024 0.806508541 0.269063949
vn 0.535569727 0.756679177 0.374968916
vn 0.539742946 0.691161274 0.480597406
vn 0.110119089 0.749946892 0.652267992
vn 0.352136761 0.688578128 0.633924186
vn 0.529281675 0.583546102 0.615901768
vn -0.14882809 0.748987138 0.645653605
vn -0.40352723 0.694986283 0.595113158
vn -0.3895534 0.516091764 0.762822151
vn -0.30502358 0.125350832 0.944059193
vn 0.008228712 -0.63125342 0.775533080
vn 0.334897041 -0.84047097 0.425972759
vn 0.259779721 -0.92380279 0.281252652
vn 0.325958699 -0.75096846 0.574279844
vn 0.267315208 -0.70958656 0.651942849
vn 0.581431567 -0.71806228 0.382523059
vn 0.536069393 -0.7782411 0.327063560
vn 0.451426178 -0.85942817 0.239995345
vn 0.311544776 -0.93741721 0.155527845
vn 0.119673721 -0.98635668 0.113043509
vn 0.107346199 -0.97407466 0.199136436
vn 0.024465937 -0.72317147 0.690234959
vn -0.10997982 0.094551928 0.989426314
vn -0.14822462 0.560700357 0.814643800
vn 0.099877849 0.554000973 0.826503038
vn 0.325694263 0.470588982 0.820042252
vn 0.469673514 0.343784213 0.813153922
vn 0.662290036 0.588432669 0.463809013
vn 0.630218446 0.464897811 0.621847808
vn 0.511925280 0.193510994 0.836950361
vn 0.670060813 0.654964685 0.349341809
vn 0.680695235 0.338253796 0.649798691
vn 0.746573925 0.480694830 0.459956318
vn 0.764031708 0.560556292 0.319424539
vn 0.45454669 0.018728597 0.890526056
vn 0.220004007 -0.21168183 0.952254712
vn 0.159686863 -0.32046914 0.933702111
vn 0.029901443 -0.41578782 0.908969998
vn 0.188583746 -0.09289476 0.977653682
vn 0.066745676 0.025881027 0.997434258
vn -0.01905402 -0.76636338 0.642124593
vn -0.0696062 -0.97951418 0.188963055
vn -0.08231705 -0.98885041 0.124091699
vn 0.112929798 -0.976215 0.185070633
vn -0.08400592 -0.97303647 0.214809656
vn 0.307312160 -0.93309593 0.186792045
vn 0.466654717 -0.85720676 0.217784225
vn 0.574597775 -0.77447301 0.264629483
vn 0.433843433 -0.85333741 0.289128512
vn 0.277820795 -0.91788548 0.283375561
vn 0.544761836 -0.77986079 0.308304548
vn 0.096664562 -0.94918412 0.299508750
vn -0.08073949 -0.94133806 0.327664107
vn -0.24684598 -0.90131652 0.355943262
vn -0.26344725 -0.92812759 0.263010740
vn -0.26896605 -0.94643611 0.178650781
vn -0.24025698 -0.94209611 0.233947977
vn -0.09926669 -0.77949899 0.618487894
vn -0.19557047 -0.75861245 0.621497631
vn -0.28118768 -0.71664703 0.638240158
vn -0.36314467 -0.67350578 0.643829047
vn 0.332341074 -0.17305937 0.927146136
vn -0.10223176 -0.49040261 0.865479111
vn -0.43519327 -0.64303869 0.630165040
vn 0.711358547 0.212463259 0.669946491
vn -0.19418055 -0.55518031 0.808745145
vn 0.215280011 -0.34148604 0.914899826
vn 0.720391035 0.091448254 0.687512934
vn -0.47545892 -0.63461816 0.609260618
vn -0.54014605 -0.72850162 0.421340316
vn -0.58390307 -0.67448455 0.451804846
vn -0.60636735 -0.64285541 0.468033641
vn -0.47513145 -0.79757559 0.371649354
vn -0.38078606 -0.87278694 0.305360287
vn -0.41760269 -0.87358731 0.249906420
vn -0.40612248 -0.85735703 0.316233336
vn -0.38666287 -0.83957207 0.381589680
vn -0.24402298 -0.89210796 0.380258202
vn -0.38669023 -0.83370709 0.394212245
vn -0.08243593 -0.9268561 0.366254270
vn 0.084088854 -0.93174303 0.353247880
vn 0.084668077 -0.93062073 0.356056779
vn -0.09009399 -0.92516863 0.368708670
vn -0.25884837 -0.88377184 0.389801234
vn -0.40018877 -0.81982368 0.409558504
vn -0.49368063 -0.76216823 0.418782830
vn -0.4855065 -0.7743538 0.405782938
vn -0.48450214 -0.77671123 0.402464151
vn -0.50192434 -0.78488505 0.363356083
vn -0.51519305 -0.79644787 0.316617965
vn -0.57827455 -0.72850233 0.367264092
vn -0.62152606 -0.67510515 0.397414386
vn -0.64816481 -0.63870215 0.414658874
vn -0.50175047 -0.62401628 0.599040985
vn -0.62003046 -0.61544669 0.486608237
vn -0.66722369 -0.60296464 0.437317103
vn -0.27771968 -0.59028542 0.757914841
vn -0.64447218 -0.53579724 0.545506060
vn -0.54069567 -0.55856264 0.629011809
vn -0.36533445 -0.54952967 0.751364052
vn -0.68386608 -0.50814706 0.523558735
vn -0.67473358 -0.60103852 0.428354173
vn -0.68955797 -0.48014039 0.542194604
vn -0.64824897 -0.64375538 0.406635284
vn -0.61226803 -0.67966628 0.403957426
vn -0.56395435 -0.72651565 0.392594814
vn -0.54471266 -0.72984093 0.413062214
vn -0.53957093 -0.73431581 0.411878138
vn -0.54597509 -0.72521937 0.419485330
vn -0.48957565 -0.69997066 0.519958376
vn -0.5493983 -0.66624784 0.504257321
vn -0.40882373 -0.75212592 0.516884625
vn -0.28016168 -0.82395208 0.492557078
vn -0.10333958 -0.88570952 0.452592045
vn -0.28583509 -0.6515519 0.702693641
vn -0.39669198 -0.57299715 0.717153906
vn -0.11532951 -0.74063748 0.661932885
vn -0.46718702 -0.5203796 0.714801549
vn -0.53557318 -0.48622581 0.690467834
vn -0.60553372 -0.46760234 0.643954217
vn -0.60742867 -0.63684767 0.474821329
vn -0.59305316 -0.69030696 0.414444446
vn -0.57568395 -0.70605177 0.412406235
vn -0.59315962 -0.69106346 0.413028806
vn -0.62988657 -0.66026378 0.409016668
vn -0.65316057 -0.61349702 0.443849861
vn -0.66211325 -0.4647646 0.587877571
vn -0.64788687 -0.24838601 0.720102131
vn -0.66845131 -0.29433727 0.683036148
vn -0.61538082 -0.21207012 0.759165704
vn -0.66440982 -0.32459778 0.673198282
vn -0.65454566 -0.01898517 0.755784094
vn -0.6152603 -0.0840028 0.783835649
vn -0.57837456 -0.06163119 0.813439846
vn -0.56206483 -0.05009664 0.825574636
vn -0.56165445 -0.21377358 0.799277901
vn -0.53237796 -0.0701993 0.843591094
vn -0.49992576 -0.24173236 0.831648707
vn -0.4373118 -0.28462532 0.853080749
vn -0.36843979 -0.33616629 0.866743564
vn -0.26874906 -0.40598086 0.873472094
vn -0.11325812 -0.50079107 0.858126401
vn 0.084899634 -0.60397935 0.792465090
vn 0.088949620 -0.80537361 0.586055576
vn 0.089420512 -0.90790457 0.409528344
vn 0.073727726 -0.43414471 0.897821128
vn -0.11203559 -0.33744511 0.934654355
vn -0.25870666 -0.26304325 0.929450988
vn -0.3583228 -0.21100669 0.909439921
vn -0.43420184 -0.16310133 0.885926961
vn -0.49111333 -0.11281249 0.863759815
vn -0.51204675 -0.11013003 0.851868212
vn -0.54612982 -0.0681722 0.834922075
vn -0.56019497 -0.03919843 0.827432751
vn -0.56128907 -0.01981829 0.827382564
vn -0.5860737 0.012508200 0.810161113
vn -0.6541214 0.093789100 0.750552296
vn -0.58802593 0.009668719 0.808784246
vn -0.59366 -0.36284429 0.718270003
vn -0.60401714 -0.02232763 0.796658515
vn -0.67740238 0.067368634 0.732521295
vn -0.5789814 -0.07192093 0.812162399
vn -0.57944244 -0.09760078 0.809148013
vn -0.56899726 -0.12197599 0.813242852
vn -0.53286368 -0.15316494 0.832224011
vn -0.45220789 -0.15785058 0.877833306
vn -0.46803987 -0.18637641 0.863830149
vn -0.36773458 -0.20188448 0.907752096
vn -0.26261169 -0.24190907 0.934085190
vn -0.11870028 -0.29421559 0.948339343
vn 0.063151516 -0.36395928 0.929271578
vn -0.12261841 -0.27527589 0.953513503
vn -0.26554775 -0.24261042 0.933072626
vn 0.060694381 -0.32126564 0.945042133
vn -0.37646192 -0.21647862 0.900784850
vn -0.37866047 -0.23609799 0.894915580
vn -0.47235844 -0.22681263 0.851723969
vn -0.54222429 -0.20977631 0.813625693
vn -0.58232296 -0.18718223 0.791114866
vn -0.59201747 -0.17126776 0.787516653
vn -0.59186047 -0.1581687 0.790369391
vn -0.62270463 -0.12567301 0.772298634
vn -0.71007299 -0.07547154 0.700071632
vn -0.70020694 -0.2777932 0.657678782
vn -0.61815178 -0.28965175 0.730746388
vn -0.58943522 -0.30642813 0.747440815
vn -0.59481901 -0.31007898 0.741647660
vn -0.58653194 -0.31939957 0.744287669
vn -0.53821021 -0.33106098 0.775066673
vn -0.45901725 -0.32700753 0.826056480
vn -0.36721629 -0.30677474 0.878089606
vn -0.40200287 -0.54167241 0.738230824
vn -0.49257436 -0.56193209 0.664532184
vn -0.31615004 -0.49760371 0.807737350
vn -0.55098885 -0.56229317 0.616634190
vn -0.5596981 -0.5559774 0.614513754
vn -0.54893458 -0.54171824 0.636562705
vn -0.56636667 -0.52384317 0.636252284
vn -0.62235904 -0.53183454 0.574300587
vn -0.46504125 -0.77988309 0.418949782
vn -0.43803239 -0.77800894 0.45036605
vn -0.43484613 -0.79753602 0.418144881
vn -0.4444856 -0.81305146 0.376005142
vn -0.43112728 -0.82113189 0.373994290
vn -0.36313114 -0.82565194 0.431780993
vn -0.23692523 -0.96948659 0.062945649
vn -0.2540949 -0.96469891 0.069222591
vn -0.16391303 -0.97977936 0.114739187
vn -0.24505495 -0.96221066 0.118737630
vn -0.22872941 -0.95737827 0.176379427
vn -0.22814937 -0.95593047 0.184782862
vn 0.017910962 -0.99831647 -0.05516683
vn -0.00092283 -0.99456763 -0.10408828
vn -0.0308238 -0.98361796 -0.17761046
vn -0.03895596 -0.97316045 -0.22680655
vn 0.133394137 -0.91152835 -0.38900128
vn 0.160862043 -0.93950963 -0.30239907
vn 0.132023349 -0.88933039 -0.43779132
vn 0.192540764 -0.95582074 -0.22211406
vn -0.448102 0.035526569 0.893276214
vn -0.22720565 0.098513267 0.968851208
vn -0.16343547 -0.30096468 0.939526021
vn -0.45229375 -0.36584413 0.813380837
vn 0.320857763 0.253789603 0.912491679
vn 0.457610666 -0.06126109 0.887039721
vn -0.03837543 -0.46201858 0.886039555
vn 0.580362439 -0.12204573 0.805161058
vn 0.096386335 -0.44809008 0.888777136
vn 0.675207674 -0.03056632 0.736994087
vn 0.848124325 0.206176549 0.488033264
vn 0.901034355 0.332554698 0.278467893
vn 0.843209505 0.279461652 0.459237277
vn 0.882208943 0.377462595 0.281477063
vn 0.808313608 0.3710832 0.457084476
vn 0.836216747 0.462380528 0.294865787
vn 0.846217811 0.508915960 0.157860651
vn 0.850264489 0.526142478 0.014981660
vn 0.771247386 0.605669021 0.195811942
vn 0.773716688 0.630823314 0.058518819
vn 0.671236157 0.702179491 0.237457156
vn 0.670837819 0.733541488 0.109056659
vn 0.290085703 -0.90401006 -0.31403226
vn 0.246146142 -0.87682086 -0.41303426
vn -0.02006985 -0.97167498 -0.23546733
vn 0.152748107 -0.88158196 -0.44663337
vn 0.046539600 -0.97924262 -0.19727641
vn 0.206446528 -0.88168329 -0.424281
vn 0.265938907 -0.87328976 -0.40821749
vn 0.129729852 -0.97957563 -0.15362813
vn -0.06548116 -0.97978836 0.189015775
vn -0.2648026 -0.81145495 0.520980298
vn 0.158526912 -0.97506124 -0.1553216
vn -0.01005243 -0.97359407 0.228064537
vn -0.19137859 -0.7812435 0.594165623
vn 0.268336385 -0.85760325 -0.43876216
vn 0.172463461 -0.83737028 -0.51871711
vn 0.091888174 -0.97250009 -0.21400954
vn -0.03385646 -0.97430521 0.222672835
vn -0.16455053 -0.75247842 0.637729883
vn -0.24011059 -0.45485666 0.857585191
vn -0.14031392 -0.72594088 0.673291742
vn -0.10844225 -0.97372484 0.200250402
vn -0.14084703 -0.43071017 0.891431987
vn -0.05707432 -0.95313174 -0.2971234
vn -0.01697011 -0.78923303 -0.61385942
vn -0.25646406 -0.89243364 -0.37119859
vn -0.18550116 -0.96605176 0.179814994
vn -0.05643779 -0.698376 0.713502526
vn 0.019756509 -0.4202224 0.907205939
vn -0.13110636 -0.28631556 0.949123084
vn 0.051078822 -0.30365703 0.951411247
vn -0.26311427 -0.28840527 0.920648217
vn -0.26614729 -0.24426465 0.932469964
vn -0.12515527 -0.26095292 0.957204163
vn 0.060005530 -0.29236934 0.954421043
vn 0.270617067 -0.3386651 0.901150643
vn 0.229427859 -0.42771477 0.874312877
vn 0.277688860 -0.33807307 0.899219393
vn 0.084319233 -0.68527937 0.723382592
vn -0.25797954 -0.95413667 0.151887476
vn -0.46540782 -0.77877069 -0.42060882
vn -0.35753188 -0.92633843 0.118609115
vn 0.211196601 -0.71675533 0.664573311
vn 0.429793447 -0.47171345 0.769911646
vn 0.482896357 -0.39494997 0.781553328
vn 0.488810330 -0.39941058 0.775587379
vn 0.273944795 -0.37876683 0.884019136
vn 0.480966001 -0.4431667 0.756488502
vn 0.269809693 -0.44408989 0.854392707
vn 0.465665340 -0.51897711 0.716811418
vn 0.624200224 -0.50082487 0.599623620
vn 0.637896060 -0.4731203 0.607655882
vn 0.593795180 -0.56621575 0.571670472
vn 0.630687058 -0.47042084 0.617201685
vn 0.557869434 -0.54547942 0.625487089
vn 0.248559191 -0.77649683 0.579026043
vn -0.49177504 -0.85630637 0.157786950
vn 0.205606982 -0.80548626 0.555803537
vn 0.601366043 -0.61412102 0.511091291
vn 0.686045944 -0.54848629 0.478020846
vn 0.696559667 -0.54658771 0.464808136
vn 0.687016189 -0.56151819 0.461200535
vn 0.659910261 -0.5929569 0.461433053
vn 0.566780984 -0.66045099 0.492507726
vn 0.634744226 -0.66005075 0.401787161
vn 0.454705476 -0.62035042 0.639068305
vn 0.275052011 -0.53756261 0.797102809
vn 0.282308369 -0.68587643 0.670727670
vn 0.442876368 -0.72691691 0.524835705
vn 0.543631553 -0.72895324 0.416043072
vn 0.600115835 -0.70957464 0.369276285
vn 0.677401185 -0.6302914 0.379289329
vn 0.640438556 -0.68131489 0.354469329
vn 0.694407224 -0.61126894 0.379669666
vn 0.682934224 -0.61406219 0.395636826
vn 0.602378606 -0.65972114 0.449341982
vn 0.176265746 -0.78112257 0.598980724
vn 0.203790843 -0.73465914 0.647105395
vn 0.596678197 -0.68697327 0.414780706
vn 0.665041029 -0.65897858 0.351379543
vn 0.666579306 -0.66132218 0.343984276
vn 0.554705143 -0.7512942 0.357574403
vn 0.587270438 -0.73113531 0.347209960
vn 0.619889378 -0.7135033 0.326573699
vn 0.511890411 -0.77388501 0.372921109
vn 0.419202804 -0.80495501 0.419900685
vn 0.276260107 -0.82365358 0.495252549
vn 0.259690076 -0.8888377 0.377529770
vn 0.390583246 -0.84745377 0.359537094
vn 0.477399557 -0.80467021 0.352980941
vn 0.489666312 -0.79852778 0.350114792
vn 0.511125803 -0.78882509 0.341328948
vn 0.636227905 -0.70534706 0.312569677
vn 0.401405841 -0.85170096 0.336866229
vn 0.381778210 -0.85698825 0.346145302
vn 0.246096238 -0.90400624 0.349584519
vn 0.252297908 -0.90530568 0.341712594
vt 0.162697851 0.287369072
vt 0.150892913 0.305228889
vt 0.117224589 0.316671788
vt 0.120022743 0.309590041
vt 0.070200651 0.274229466
vt 0.093115970 0.266937017
vt 0.185643106 0.237574338
vt 0.193605929 0.244285643
vt 0.187133967 0.291514515
vt 0.195282638 0.318630576
vt 0.182987153 0.320079386
vt 0.173910632 0.322379827
vt 0.179004386 0.233036816
vt 0.113710627 0.324080765
vt 0.144905313 0.315784335
vt 0.166938006 0.331890285
vt 0.086855635 0.339172661
vt 0.085797362 0.331096112
vt 0.050707384 0.281809449
vt 0.047757592 0.278854429
vt 0.065690420 0.268329501
vt 0.088496096 0.258638382
vt 0.042547825 0.276040434
vt 0.107273817 0.242839396
vt 0.113810055 0.250375807
vt 0.125998228 0.257818996
vt 0.120606780 0.281915307
vt 0.177076205 0.223639488
vt 0.197455897 0.184777379
vt 0.201988428 0.192869186
vt 0.208086982 0.201081097
vt 0.213853463 0.205061078
vt 0.223113477 0.209922432
vt 0.208229586 0.248598873
vt 0.203044056 0.296601355
vt 0.214160144 0.328852474
vt 0.217927470 0.349823415
vt 0.205923527 0.343569159
vt 0.194513097 0.341520428
vt 0.189639180 0.345454454
vt 0.185964316 0.351109027
vt 0.083608508 0.156936407
vt 0.104936756 0.151941239
vt 0.186743691 0.360436022
vt 0.127130970 0.149667263
vt 0.081842809 0.1483199
vt 0.104681462 0.142979443
vt 0.129145234 0.139925062
vt 0.063635908 0.152426958
vt 0.198648259 0.359919309
vt 0.204566657 0.368016600
vt 0.052211556 0.150476515
vt 0.202046394 0.357075750
vt 0.206610485 0.356138587
vt 0.211624234 0.358521640
vt 0.217850983 0.361391723
vt 0.075269222 0.121909141
vt 0.057985391 0.131611943
vt 0.221870482 0.363869547
vt 0.099012404 0.115085005
vt 0.131354704 0.108891785
vt 0.163658469 0.108442843
vt 0.131455749 0.120041370
vt 0.101513557 0.125637471
vt 0.159653708 0.123643159
vt 0.078044988 0.130546569
vt 0.063306145 0.137028098
vt 0.062264315 0.145334243
vt 0.211717248 0.367313444
vt 0.079886272 0.140005230
vt 0.103585183 0.134923040
vt 0.130567535 0.130484104
vt 0.14722462 0.153875231
vt 0.151043787 0.145216941
vt 0.155752033 0.134848177
vt 0.582943379 0.426924943
vt 0.589414894 0.428245127
vt 0.596736967 0.431412756
vt 0.603194892 0.435095965
vt 0.173586279 0.147110462
vt 0.172660127 0.136847138
vt 0.169606372 0.120175361
vt 0.170594498 0.106617391
vt 0.817265868 0.490878284
vt 0.818337202 0.482070624
vt 0.821856260 0.469342887
vt 0.158050477 0.160253524
vt 0.192895293 0.142394602
vt 0.174758747 0.156671822
vt 0.158070236 0.172532260
vt 0.610963583 0.445008814
vt 0.175260856 0.168573677
vt 0.159035101 0.184461355
vt 0.785199344 0.507519960
vt 0.788678705 0.499312102
vt 0.791756689 0.491069853
vt 0.793744921 0.482754945
vt 0.795359969 0.474260747
vt 0.100961953 0.234985292
vt 0.112546473 0.211851537
vt 0.117476314 0.217798173
vt 0.772735357 0.475578844
vt 0.771350503 0.483115196
vt 0.769193649 0.490182578
vt 0.766219735 0.497119784
vt 0.805905401 0.526743054
vt 0.780927419 0.515513241
vt 0.762372672 0.503359913
vt 0.176322951 0.180803418
vt 0.192520961 0.161565125
vt 0.471803873 0.469626367
vt 0.176978305 0.193145096
vt 0.159185186 0.210321009
vt 0.776401460 0.523221969
vt 0.757739961 0.509402692
vt 0.742456197 0.498909890
vt 0.749013781 0.495129287
vt 0.751931607 0.490673363
vt 0.754872024 0.485421419
vt 0.756439924 0.47954005
vt 0.756825506 0.473976492
vt 0.747343003 0.482360720
vt 0.747395575 0.478240728
vt 0.747635006 0.474474608
vt 0.743462443 0.483689189
vt 0.742211878 0.485727369
vt 0.739501655 0.483075201
vt 0.143303632 0.235768497
vt 0.149446263 0.218429684
vt 0.150555744 0.203753411
vt 0.137353867 0.260512292
vt 0.133661478 0.286952018
vt 0.177895769 0.206260085
vt 0.195408776 0.176719427
vt 0.135619163 0.232817113
vt 0.144315511 0.216346144
vt 0.147000581 0.206128120
vt 0.143129333 0.202595412
vt 0.147831112 0.198403775
vt 0.151075810 0.199098885
vt 0.747600197 0.469252467
vt 0.756737411 0.468509614
vt 0.128896430 0.208718121
vt 0.135629683 0.209994554
vt 0.139389231 0.213258624
vt 0.127855807 0.229386746
vt 0.122683830 0.223158478
vt 0.210607171 0.364583075
vt 0.207465633 0.362401604
vt 0.206474632 0.365450263
vt 0.510542094 0.382346749
vt 0.490530848 0.401361227
vt 0.534119308 0.380670249
vt 0.475793451 0.416194081
vt 0.467685520 0.427013814
vt 0.432514846 0.417938351
vt 0.442765682 0.403667390
vt 0.455643504 0.387214362
vt 0.470297277 0.367327392
vt 0.484811753 0.341350734
vt 0.517621636 0.346239268
vt 0.537169575 0.346677303
vt 0.548883557 0.347395181
vt 0.545442163 0.380629718
vt 0.555004775 0.379632711
vt 0.559572994 0.348497271
vt 0.545915484 0.309643685
vt 0.558909416 0.311711549
vt 0.569027125 0.314997196
vt 0.524405658 0.306957781
vt 0.496318727 0.305355548
vt 0.431273132 0.352045953
vt 0.445609748 0.328666985
vt 0.461362779 0.298618853
vt 0.418036848 0.371409952
vt 0.406260907 0.387871623
vt 0.395220816 0.405003070
vt 0.424790561 0.431530773
vt 0.386922597 0.421816825
vt 0.460701704 0.436764538
vt 0.455833435 0.445874095
vt 0.420488655 0.443258643
vt 0.382724553 0.436985552
vt 0.349007457 0.411202609
vt 0.357638806 0.389476478
vt 0.346453756 0.429295241
vt 0.368499994 0.369993686
vt 0.378971487 0.351677358
vt 0.391268432 0.332552015
vt 0.406061470 0.310542047
vt 0.423234909 0.283503830
vt 0.472494274 0.261010885
vt 0.503139615 0.262451469
vt 0.439146280 0.253863513
vt 0.531003356 0.26517874
vt 0.554336607 0.269640028
vt 0.534491062 0.222773909
vt 0.560024678 0.227179348
vt 0.504970431 0.220391154
vt 0.475543230 0.218220651
vt 0.447632759 0.215599954
vt 0.406455189 0.235227406
vt 0.420274078 0.207199215
vt 0.387725621 0.262387633
vt 0.368899226 0.287835955
vt 0.352059066 0.308729827
vt 0.339019209 0.328501522
vt 0.328512638 0.349493026
vt 0.320084124 0.373686492
vt 0.312903493 0.399638652
vt 0.310467213 0.420279860
vt 0.344500690 0.443697333
vt 0.309971094 0.436149179
vt 0.380810111 0.449594914
vt 0.275712996 0.429054617
vt 0.276133477 0.412305951
vt 0.277285099 0.390681266
vt 0.280941397 0.360478341
vt 0.288165509 0.330050945
vt 0.299359023 0.304789304
vt 0.314664691 0.281771779
vt 0.332894176 0.259690821
vt 0.355328768 0.236266255
vt 0.376924067 0.211445450
vt 0.394747883 0.189847290
vt 0.404494226 0.169932246
vt 0.423218578 0.173355042
vt 0.446802586 0.173942208
vt 0.474581241 0.175026297
vt 0.505599856 0.176287055
vt 0.440552502 0.128870964
vt 0.470977723 0.129818737
vt 0.504137933 0.131465077
vt 0.413627117 0.131468117
vt 0.391998916 0.142656207
vt 0.371495336 0.160501420
vt 0.350427448 0.181720078
vt 0.327212929 0.205170333
vt 0.301842182 0.228574752
vt 0.278684139 0.252815067
vt 0.260715186 0.280805766
vt 0.248675137 0.313615560
vt 0.243889376 0.348711729
vt 0.046713486 0.719546198
vt 0.248685225 0.421034991
vt 0.043888308 0.668538391
vt 0.074802354 0.685568213
vt 0.075812712 0.667822241
vt 0.079642094 0.707429528
vt 0.080669000 0.736860632
vt 0.075956761 0.770692586
vt 0.223639056 0.258931279
vt 0.246433153 0.224574804
vt 0.274057477 0.197277545
vt 0.301486879 0.172045588
vt 0.326015710 0.148658275
vt 0.348921239 0.125668823
vt 0.373513400 0.103122115
vt 0.401791691 0.087291955
vt 0.435262501 0.082857370
vt 0.469455957 0.083772599
vt 0.508259534 0.091035783
vt 0.519252538 0.050909340
vt 0.475720465 0.042960763
vt 0.434098571 0.039103925
vt 0.393406659 0.045633673
vt 0.357909709 0.065493404
vt 0.329878509 0.090030968
vt 0.303694039 0.114345252
vt 0.277910083 0.138647437
vt 0.249108567 0.165875613
vt 0.220219671 0.194961309
vt 0.117078132 0.808466434
vt 0.118981927 0.768829584
vt 0.119732447 0.731385827
vt 0.118457742 0.701683759
vt 0.116453900 0.680746078
vt 0.164394289 0.727262139
vt 0.163608670 0.696594297
vt 0.161454096 0.674940943
vt 0.162301346 0.766790449
vt 0.159030988 0.808289825
vt 0.154980421 0.850230157
vt 0.156589731 0.890832424
vt 0.257697850 0.105563044
vt 0.284976869 0.079988122
vt 0.313982605 0.056562662
vt 0.335303425 0.043857514
vt 0.686466574 0.496254742
vt 0.630209446 0.480476141
vt 0.483880519 0.000910341
vt 0.530298471 0.009139001
vt 0.582018017 0.507329165
vt 0.533718943 0.512197911
vt 0.634337306 0.510640025
vt 0.689500272 0.523430943
vt 0.730940222 0.539194941
vt 0.767247378 0.559490084
vt 0.796134173 0.581973254
vt 0.823686897 0.608210325
vt 0.850909769 0.647166848
vt 0.197591677 0.847998738
vt 0.202167198 0.806799352
vt 0.205509379 0.762609899
vt 0.209059968 0.721661925
vt 0.209713816 0.689637661
vt 0.206805050 0.666261375
vt 0.114211604 0.664569258
vt 0.159023940 0.659100890
vt 0.203912481 0.649076223
vt 0.251405119 0.653621196
vt 0.246725216 0.634802699
vt 0.253488868 0.678085863
vt 0.253503620 0.714055836
vt 0.249317944 0.758648872
vt 0.244277700 0.801683187
vt 0.239110991 0.844307065
vt 0.237947121 0.883353352
vt 0.812388062 0.640734493
vt 0.786277055 0.612104415
vt 0.757600367 0.588780999
vt 0.728653073 0.568175911
vt 0.695457875 0.550021171
vt 0.644764363 0.543745398
vt 0.724615693 0.601747334
vt 0.697661995 0.581199526
vt 0.654001593 0.571909427
vt 0.745454907 0.622899293
vt 0.771263539 0.645502328
vt 0.800796210 0.669746398
vt 0.823542177 0.698579430
vt 0.833913862 0.740694344
vt 0.832159102 0.788498222
vt 0.817297697 0.840485632
vt 0.794282794 0.887720763
vt 0.296834677 0.659820139
vt 0.293334096 0.632707595
vt 0.288450151 0.615136861
vt 0.242985934 0.618669688
vt 0.283785969 0.596142709
vt 0.200674668 0.634495198
vt 0.673981666 0.961385250
vt 0.688219904 0.949090719
vt 0.705948054 0.934173882
vt 0.724405825 0.911360502
vt 0.750302434 0.876732647
vt 0.779015183 0.837684869
vt 0.797622084 0.789998173
vt 0.807340025 0.746150434
vt 0.809173047 0.714626491
vt 0.786369085 0.700113534
vt 0.755435943 0.686804771
vt 0.724754154 0.667113542
vt 0.700610160 0.644031882
vt 0.679201483 0.61693573
vt 0.656559705 0.599066495
vt 0.670005798 0.681158661
vt 0.645715475 0.648176312
vt 0.622570097 0.614673256
vt 0.701326310 0.710400939
vt 0.738859713 0.731592059
vt 0.774926781 0.742641925
vt 0.758037209 0.784728884
vt 0.735975563 0.825494647
vt 0.706705510 0.860670268
vt 0.677021443 0.892501175
vt 0.654622614 0.915589571
vt 0.634974181 0.929096579
vt 0.618579447 0.938982844
vt 0.603824079 0.947905123
vt 0.659475624 0.969774127
vt 0.715186476 0.985335648
vt 0.560970723 0.911099374
vt 0.575773656 0.905242860
vt 0.591889619 0.895566403
vt 0.609840214 0.883479535
vt 0.632715284 0.865172863
vt 0.663006842 0.837343573
vt 0.691788613 0.804157793
vt 0.718236804 0.770459055
vt 0.677870154 0.745087087
vt 0.642338454 0.711954057
vt 0.610973238 0.676710367
vt 0.584740638 0.636347174
vt 0.562775492 0.594194293
vt 0.605246126 0.578309297
vt 0.578555107 0.699864029
vt 0.549659669 0.655259013
vt 0.525693118 0.610175728
vt 0.612135231 0.741430640
vt 0.649941861 0.776464343
vt 0.619410038 0.806657314
vt 0.590885758 0.829643845
vt 0.568851470 0.843744635
vt 0.551611661 0.853298187
vt 0.536702573 0.861715674
vt 0.524184227 0.868233680
vt 0.548256814 0.917040467
vt 0.512293815 0.872506916
vt 0.588955521 0.953846871
vt 0.490954488 0.820142447
vt 0.480387896 0.825543642
vt 0.502866625 0.813728988
vt 0.516485571 0.806685626
vt 0.532260000 0.798045694
vt 0.552703976 0.785697102
vt 0.580724299 0.766321122
vt 0.546550273 0.721586108
vt 0.516409456 0.673376083
vt 0.491008848 0.624066233
vt 0.544799149 0.551750361
vt 0.505073487 0.565415978
vt 0.471242457 0.578158438
vt 0.590997219 0.544239223
vt 0.491562992 0.521183371
vt 0.454389810 0.537006974
vt 0.464161932 0.638757228
vt 0.442616939 0.591188371
vt 0.426544696 0.547850489
vt 0.489527672 0.688453555
vt 0.518970489 0.737746298
vt 0.500514090 0.749210119
vt 0.485625803 0.757816255
vt 0.472935736 0.765003264
vt 0.461406439 0.771504223
vt 0.451623976 0.777646005
vt 0.423386663 0.731628894
vt 0.433252334 0.724537968
vt 0.444411784 0.716398716
vt 0.456891775 0.708362221
vt 0.471239537 0.699154734
vt 0.445445388 0.649700045
vt 0.423973381 0.603868782
vt 0.406461238 0.559982419
vt 0.445640534 0.496180176
vt 0.415669202 0.507093548
vt 0.396774351 0.519432306
vt 0.481614679 0.480232596
vt 0.561092734 0.060171842
vt 0.596556842 0.070039987
vt 0.621235430 0.076859533
vt 0.638221323 0.084588825
vt 0.391799598 0.572450339
vt 0.380781263 0.530136883
vt 0.652050435 0.093371093
vt 0.409764349 0.614653229
vt 0.431161314 0.658989787
vt 0.419300943 0.669078946
vt 0.407410919 0.678072810
vt 0.398768782 0.687890410
vt 0.414235204 0.739354968
vt 0.389050930 0.696013450
vt 0.441767066 0.784239232
vt 0.469618558 0.830670595
vt 0.458012521 0.836516261
vt 0.430903255 0.790919423
vt 0.404474169 0.747822403
vt 0.378950953 0.707254946
vt 0.356118619 0.671425104
vt 0.366781413 0.658048033
vt 0.375485271 0.645640075
vt 0.385443389 0.635751724
vt 0.396617233 0.624293625
vt 0.378989458 0.581385254
vt 0.36789307 0.542661428
vt 0.663986504 0.102381467
vt 0.623528540 0.123894095
vt 0.637201368 0.131012976
vt 0.648769140 0.138094961
vt 0.606209039 0.117293119
vt 0.626351833 0.167325317
vt 0.612365663 0.161028921
vt 0.595155477 0.153812289
vt 0.636712431 0.173282384
vt 0.674902856 0.109408438
vt 0.658762633 0.144543469
vt 0.644848585 0.178360641
vt 0.697082817 0.069262146
vt 0.367094487 0.594423770
vt 0.357143580 0.608145892
vt 0.346843808 0.623255729
vt 0.336020976 0.639845013
vt 0.344672709 0.687713801
vt 0.324625432 0.659626603
vt 0.368786066 0.719258844
vt 0.393421202 0.757135629
vt 0.419463753 0.799085557
vt 0.380779027 0.769350349
vt 0.354213088 0.735056400
vt 0.407350271 0.808136463
vt 0.331506758 0.709721744
vt 0.309470802 0.688096404
vt 0.757706582 0.136359036
vt 0.741414070 0.115396499
vt 0.728124022 0.101763427
vt 0.716534078 0.090346336
vt 0.70642066 0.079803407
vt 0.684761941 0.116590321
vt 0.667879581 0.150660812
vt 0.653063952 0.183123290
vt 0.625673770 0.208455085
vt 0.632328331 0.212295889
vt 0.639650344 0.216554105
vt 0.618562519 0.205212056
vt 0.618663907 0.248938143
vt 0.612606346 0.245887517
vt 0.606559455 0.242870628
vt 0.625508785 0.252153515
vt 0.661905467 0.188631892
vt 0.648089826 0.221129775
vt 0.633048415 0.255746483
vt 0.677657723 0.157509028
vt 0.695558190 0.124756753
vt 0.706993639 0.133787632
vt 0.720508635 0.144795656
vt 0.738592743 0.162807107
vt 0.779995858 0.162076771
vt 0.760700225 0.186749637
vt 0.800719559 0.138189196
vt 0.315534234 0.739353895
vt 0.298995673 0.783469617
vt 0.276619941 0.770622909
vt 0.804427504 0.196251153
vt 0.784962534 0.219419241
vt 0.763796865 0.241079866
vt 0.744132936 0.211391091
vt 0.721827566 0.189828991
vt 0.702649951 0.174849152
vt 0.689239382 0.165385365
vt 0.673722088 0.195833623
vt 0.659702837 0.227341055
vt 0.644584476 0.260722875
vt 0.611341416 0.289448380
vt 0.618751764 0.291862487
vt 0.631580948 0.295453012
vt 0.604824304 0.287061095
vt 0.608970999 0.326772570
vt 0.600414037 0.324637532
vt 0.593324422 0.322559595
vt 0.626185119 0.329133808
vt 0.653704941 0.299456358
vt 0.653758108 0.330411315
vt 0.661429584 0.267233014
vt 0.674332320 0.234896779
vt 0.687826573 0.204862654
vt 0.706945598 0.217059731
vt 0.727586805 0.234448194
vt 0.740753114 0.258720040
vt 0.777455031 0.273350238
vt 0.748879253 0.286847651
vt 0.802131831 0.255179941
vt 0.825064063 0.234747350
vt 0.848133325 0.213897168
vt 0.841503024 0.276978671
vt 0.816130518 0.293528914
vt 0.868581950 0.257543802
vt 0.787914216 0.306562900
vt 0.756541848 0.316565752
vt 0.722319364 0.323645591
vt 0.717720747 0.295419991
vt 0.715221405 0.270474672
vt 0.713408172 0.251072526
vt 0.694571256 0.244439542
vt 0.685960590 0.272218883
vt 0.684462904 0.300712049
vt 0.687270462 0.328617453
vt 0.659575581 0.359254777
vt 0.628404915 0.359380543
vt 0.694274246 0.356159746
vt 0.603785812 0.356385469
vt 0.600679516 0.385523617
vt 0.636467218 0.384218514
vt 0.669569194 0.386579215
vt 0.700977802 0.385201156
vt 0.727977991 0.353806316
vt 0.734419584 0.383503258
vt 0.762601435 0.348839461
vt 0.796652853 0.341982364
vt 0.828775644 0.333648324
vt 0.855554282 0.322070479
vt 0.081340156 0.446219325
vt 0.108688794 0.432524204
vt 0.085128910 0.392335951
vt 0.287492692 0.831120610
vt 0.13243635 0.467874825
vt 0.103560306 0.484758675
vt 0.073950067 0.499505400
vt 0.044453412 0.513010799
vt 0.803281903 0.378065526
vt 0.768809735 0.380111515
vt 0.772775590 0.408383846
vt 0.739105880 0.408910930
vt 0.706137418 0.409059524
vt 0.674278199 0.408445775
vt 0.641289949 0.404404878
vt 0.611018717 0.404252827
vt 0.583838403 0.381091237
vt 0.592168390 0.354404687
vt 0.645764291 0.418649137
vt 0.617342293 0.416195631
vt 0.675912737 0.422694265
vt 0.707680046 0.424515366
vt 0.740887999 0.425647079
vt 0.774187922 0.426530361
vt 0.806777238 0.406424641
vt 0.037467289 0.578915298
vt 0.060169253 0.545495808
vt 0.093354903 0.532547950
vt 0.125103384 0.518481969
vt 0.154956713 0.501502692
vt 0.137081235 0.547216057
vt 0.103364571 0.560347557
vt 0.170521661 0.531059622
vt 0.069042429 0.571407020
vt 0.073812931 0.589548707
vt 0.041394483 0.594844937
vt 0.011669290 0.600117921
vt 0.741906404 0.438624560
vt 0.710105419 0.436980545
vt 0.677948296 0.434098422
vt 0.648664414 0.430523455
vt 0.622849285 0.426724076
vt 0.626300573 0.435497820
vt 0.650726020 0.438974440
vt 0.680229783 0.443249523
vt 0.712055563 0.446391522
vt 0.742358744 0.447914481
vt 0.774694025 0.449581980
vt 0.043532967 0.607759475
vt 0.075350232 0.603611886
vt 0.044675845 0.617490589
vt 0.017882132 0.619704842
vt 0.076048888 0.615017890
vt 0.744311928 0.455542624
vt 0.713273763 0.453433752
vt 0.681947290 0.450096905
vt 0.652653634 0.445775628
vt 0.628158807 0.441910982
vt 0.445741236 0.475465536
vt 0.415521562 0.477992653
vt 0.379728317 0.478148937
vt 0.342156559 0.475817978
vt 0.306911438 0.470759391
vt 0.274110436 0.465700388
vt 0.307588070 0.463500976
vt 0.342484235 0.469101607
vt 0.274792105 0.458113431
vt 0.379709690 0.472181022
vt 0.416149169 0.472476601
vt 0.447943270 0.470086574
vt 0.449919194 0.464530944
vt 0.416459500 0.467034101
vt 0.380027174 0.465885460
vt 0.343065589 0.462300419
vt 0.380628168 0.458904624
vt 0.417080819 0.460755288
vt 0.343492895 0.454470634
vt 0.450851142 0.459218204
vt 0.575375616 0.381286978
vt 0.568826854 0.380984365
vt 0.576669156 0.351377010
vt 0.583674013 0.352593243
vt 0.562768638 0.380954444
vt 0.569791674 0.349792063
vt 0.586539149 0.320382714
vt 0.579728007 0.318204581
vt 0.598769247 0.284163713
vt 0.592699408 0.281391918
vt 0.581180930 0.277236461
vt 0.569696605 0.273403286
vt 0.591870963 0.236776769
vt 0.577826499 0.232306003
vt 0.602139532 0.197828471
vt 0.586020708 0.191082894
vt 0.565207004 0.185013413
vt 0.537491142 0.179390847
vt 0.572297692 0.146014332
vt 0.540898203 0.138181686
vt 0.582787573 0.109937846
vt 0.549162805 0.100310862
vt 0.452881604 0.453124523
vt 0.418470501 0.453059315
vt 0.308119803 0.455954253
vt 0.308888077 0.447391152
vt 0.275129020 0.449881553
vt 0.275430738 0.440728187
vt 0.044356431 0.655303835
vt 0.044976439 0.644871354
vt 0.045235727 0.635679543
vt 0.044983327 0.626715898
vt 0.075699314 0.643783330
vt 0.076065428 0.634191334
vt 0.076125107 0.624772429
vt 0.075958363 0.654523432
vt 0.113430626 0.651297569
vt 0.113392919 0.640288889
vt 0.112877011 0.629927039
vt 0.112715125 0.619986772
vt 0.11249125 0.609493613
vt 0.152922511 0.613142371
vt 0.154090151 0.623716950
vt 0.151059299 0.601831197
vt 0.155363082 0.634409427
vt 0.156942084 0.645996809
vt 0.197847440 0.622439980
vt 0.195063725 0.611426711
vt 0.192826956 0.600589811
vt 0.189213544 0.588314294
vt 0.148896962 0.588074922
vt 0.184820219 0.574061989
vt 0.110934719 0.597241461
vt 0.108109176 0.581073045
vt 0.144794613 0.570726156
vt 0.179172113 0.555671930
vt 0.220226690 0.555452108
vt 0.226489558 0.569784402
vt 0.211845159 0.537157893
vt 0.231079191 0.582169532
vt 0.235068559 0.593210279
vt 0.238653928 0.605271101
vt 0.274774640 0.569101929
vt 0.268558740 0.558071494
vt 0.261976093 0.545542180
vt 0.254043787 0.531637668
vt 0.243502557 0.515158414
vt 0.201118141 0.513465106
vt 0.230227023 0.492693305
vt 0.184323921 0.484004139
vt 0.211410418 0.463885426
vt 0.258973509 0.471344769
vt 0.274154931 0.488790035
vt 0.239437654 0.446174025
vt 0.285810709 0.501672625
vt 0.296444267 0.513175368
vt 0.308751553 0.522353828
vt 0.309937149 0.530699312
vt 0.355943292 0.495529830
vt 0.553789615 0.956956148
vt 0.535415887 0.958027184
vt 0.514142394 0.956697106
vt 0.486912459 0.956177771
vt 0.459587961 0.953319370
vt 0.417202532 0.945815742
vt 0.442084938 0.93435812
vt 0.392148345 0.960303008
vt 0.160619854 0.449612081
vt 0.138092130 0.415703833
vt 0.165524587 0.400181710
vt 0.390528231 0.916752576
vt 0.418222546 0.903724491
vt 0.466201663 0.929039061
vt 0.440268248 0.897131443
vt 0.487566858 0.927198827
vt 0.504034340 0.923800945
vt 0.520238161 0.922731101
vt 0.535137534 0.920653462
vt 0.500232338 0.877493977
vt 0.487655222 0.881222248
vt 0.473567158 0.885602653
vt 0.459402412 0.889636755
vt 0.396432161 0.871430516
vt 0.416106700 0.859469652
vt 0.432720392 0.849711179
vt 0.372879773 0.886295378
vt 0.343396931 0.887515425
vt 0.314523428 0.886109411
vt 0.313663780 0.837812662
vt 0.340111702 0.844596564
vt 0.361094743 0.851749658
vt 0.374954164 0.834762275
vt 0.391339242 0.821097493
vt 0.446003258 0.842409789
vt 0.366235941 0.784923672
vt 0.350076347 0.808960855
vt 0.324261218 0.794714629
vt 0.338626682 0.760003209
vt 0.095369741 0.277044415
vt 0.068857044 0.286466896
vt 0.068997517 0.281426787
vt 0.156409606 0.278778791
vt 0.126001477 0.158507883
vt 0.104806587 0.160581290
vt 0.085534781 0.164061904
vt 0.548763155 0.422725677
vt 0.144411921 0.161706507
vt 0.048543561 0.287384212
vt 0.556460738 0.423101604
vt 0.562200784 0.423887968
vt 0.567996978 0.424256384
vt 0.575004577 0.425230324
vt 0.158714145 0.243224024
vt 0.478747576 0.460131704
vt 0.482407510 0.455145955
vt 0.486033916 0.450043201
vt 0.490022301 0.444382071
vt 0.163314610 0.097962439
vt 0.494944512 0.438074171
vt 0.129349499 0.097324132
vt 0.095390081 0.103552758
vt 0.071574464 0.112034499
vt 0.056158840 0.124413907
vt 0.162109971 0.344482481
vt 0.066369265 0.159234762
vt 0.052183110 0.155980587
vt 0.212145656 0.371635377
vt 0.222441762 0.354022443
vt 0.053142722 0.142822265
vt 0.500502944 0.432202160
vt 0.512483656 0.425234377
vt 0.540817141 0.422346055
vt 0.533170044 0.421515703
vt 0.522938668 0.422906696
vt 0.187989875 0.101632058
vt 0.035922676 0.270825862
vt 0.190106958 0.110932827
vt 0.190354138 0.119337737
vt 0.192688882 0.131313979
vt 0.842676639 0.486052274
vt 0.838588237 0.480957746
vt 0.841754257 0.471894443
vt 0.063333958 0.262205958
vt 0.157658815 0.148594975
vt 0.081504114 0.244973480
vt 0.084486834 0.251376032
vt 0.815501332 0.499524712
vt 0.607728242 0.440057873
vt 0.812423467 0.508387446
vt 0.192502945 0.152811050
vt 0.466001510 0.479086160
vt 0.809139728 0.517917752
vt 0.095604598 0.227413237
vt 0.773646771 0.468139052
vt 0.159083560 0.197468936
vt 0.468692183 0.474315166
vt 0.193625852 0.170477449
vt 0.801294446 0.533841073
vt 0.143306478 0.288725018
vt 0.146566867 0.261813700
vt 0.150910139 0.237510919
vt 0.154176384 0.219536423
vt 0.153974086 0.203012108
vt 0.160154193 0.223646998
vt 0.475230217 0.464844644
vt 0.743218898 0.470641911
vt 0.742429077 0.476050198
vt 0.742450892 0.479179024
vt 0.139313340 0.200502812
vt 0.126899719 0.202119588
vt 0.015672659 0.666217565
vt 0.013130812 0.679294824
vt 0.016215713 0.712997794
vt 0.016133338 0.738645970
vt 0.036503162 0.767051696
vt 0.042043380 0.746540665
vt 0.248801916 0.406486809
vt 0.042016502 0.686025321
vt 0.210625916 0.296665132
vt 0.074684128 0.807484686
vt 0.069880701 0.842291653
vt 0.651728451 0.453605711
vt 0.694888949 0.471138656
vt 0.734554469 0.483118355
vt 0.113564729 0.885306119
vt 0.107436738 0.846620976
vt 0.227702289 0.132076621
vt 0.860387265 0.613435864
vt 0.835154652 0.577057123
vt 0.807060062 0.549502372
vt 0.771169662 0.529997706
vt 0.732380092 0.510841727
vt 0.442053765 0.001080036
vt 0.577310085 0.471084415
vt 0.526946485 0.472241163
vt 0.200862869 0.889361441
vt 0.837752640 0.885824441
vt 0.854996442 0.842238545
vt 0.861140012 0.785114586
vt 0.856603205 0.729101300
vt 0.839965224 0.678993701
vt 0.296315312 0.697789490
vt 0.770983934 0.922512888
vt 0.754991352 0.947155177
vt 0.740575969 0.964540481
vt 0.728097200 0.975489914
vt 0.278891950 0.581350565
vt 0.360254913 0.502977311
vt 0.610771179 0.027918577
vt 0.638345897 0.033436596
vt 0.657051742 0.041665554
vt 0.573182344 0.016472995
vt 0.672276735 0.050233423
vt 0.683855295 0.063439726
vt 0.357058942 0.554113149
vt 0.742158234 0.053541243
vt 0.746930718 0.061488032
vt 0.756488323 0.074112534
vt 0.767353475 0.088375151
vt 0.780842244 0.114859640
vt 0.347356557 0.565542936
vt 0.293233513 0.723973631
vt 0.824058234 0.173235058
vt 0.262948483 0.823086738
vt 0.039780307 0.421292185
vt 0.066412299 0.404058098
vt 0.261632114 0.873564720
vt 0.026045274 0.475882411
vt 0.056255254 0.461413562
vt 0.299066990 0.930582046
vt 0.286967635 0.882231891
vt 0.837025404 0.371518373
vt 0.014513246 0.525884985
vt 0.000141113 0.565980792
vt 0.007417660 0.585457623
vt 0.028280643 0.556269407
vt 0.774280786 0.439550161
vt 0.014100740 0.611234903
vt 0.775551855 0.456859290
vt 0.272582024 0.474223673
vt 0.306365966 0.478214740
vt 0.341869622 0.482507407
vt 0.379424095 0.484238266
vt 0.415114402 0.483593106
vt 0.444561064 0.480884432
vt 0.01704395 0.628495216
vt 0.017984176 0.636312127
vt 0.017373329 0.644731521
vt 0.015656774 0.653455495
vt 0.703095436 0.993013083
vt 0.425966471 0.987507283
vt 0.484760999 0.982485055
vt 0.511633753 0.987987220
vt 0.450376749 0.969471156
vt 0.530274331 0.991245448
vt 0.546891093 0.994092643
vt 0.554871499 0.999859690
vt 0.646920502 0.977515220
vt 0.573095142 0.956193685
vt 0.187435910 0.431419670
vt 0.32928285 0.931259512
vt 0.360376924 0.927863657
s 1
f 1625/2282/1625 1626/2283/1626 1627/2284/1627 1628/2285/1628
f 1625/3058/1625 1628/3060/1628 1629/2286/1629 1630/2287/1630
f 1625/2282/1625 1631/2288/1631 1632/2289/1632 1633/2290/1633
f 1625/2282/1625 1633/2290/1633 1634/2291/1634 1635/2292/1635
f 1625/2282/1625 1635/2292/1635 1636/2293/1636 1626/2283/1626
f 1625/2282/1625 1630/3061/1630 1637/2294/1637 1631/2288/1631
f 1638/2295/1638 1627/2284/1627 1626/2283/1626 1639/2296/1639
f 1640/2297/1640 1639/2296/1639 1626/2283/1626 1636/2293/1636
f 1638/2295/1638 1641/2298/1641 1642/2299/1642 1627/2284/1627
f 1642/3067/1642 1643/2300/1643 1628/3060/1628 1627/3059/1627
f 1643/2300/1643 1644/2301/1644 1629/2286/1629 1628/3060/1628
f 1630/2287/1630 1629/2286/1629 1645/2302/1645 1646/2303/1646
f 1644/2301/1644 1647/2304/1647 1645/2302/1645 1629/2286/1629
f 1630/2287/1630 1646/2303/1646 1648/2305/1648 1649/2306/1649
f 1630/2287/1630 1649/2306/1649 1650/2307/1650 1651/2308/1651
f 1630/3061/1630 1651/3072/1651 1652/2309/1652 1637/2294/1637
f 1653/2310/1653 1654/2311/1654 1637/2294/1637 1652/2309/1652
f 1654/2311/1654 1655/2312/1655 1631/2288/1631 1637/2294/1637
f 1655/2312/1655 1656/2313/1656 1632/2289/1632 1631/2288/1631
f 1656/2313/1656 1657/2314/1657 1658/2315/1658 1632/2289/1632
f 1658/2315/1658 1659/2316/1659 1633/2290/1633 1632/2289/1632
f 1660/2317/1660 1634/2291/1634 1633/2290/1633 1659/2316/1659
f 1660/2317/1660 1661/2318/1661 1662/2319/1662 1634/2291/1634
f 1662/2319/1662 1663/2320/1663 1635/2292/1635 1634/2291/1634
f 1663/2320/1663 1664/2321/1664 1636/2293/1636 1635/2292/1635
f 1640/2297/1640 1636/2293/1636 1664/2321/1664 1665/2322/1665
f 1666/2323/1666 1667/2324/1667 1639/3063/1639 1640/3064/1640
f 1666/3083/1666 1640/2297/1640 1665/2322/1665 1668/2325/1668
f 1638/3062/1638 1639/3063/1639 1667/2324/1667 1669/2326/1669
f 1670/2327/1670 1671/2328/1671 1667/2324/1667 1666/2323/1666
f 1671/2328/1671 1672/2329/1672 1669/2326/1669 1667/2324/1667
f 1670/2327/1670 1666/2323/1666 1668/3084/1668 1673/2330/1673
f 1674/2331/1674 1675/2332/1675 1668/2325/1668 1665/2322/1665
f 1673/2330/1673 1668/3084/1668 1675/3085/1675 1676/2333/1676
f 1674/2331/1674 1665/2322/1665 1664/2321/1664 1677/2334/1677
f 1663/2320/1663 1678/2335/1678 1677/2334/1677 1664/2321/1664
f 1662/2319/1662 1679/2336/1679 1678/2335/1678 1663/2320/1663
f 1662/2319/1662 1661/2318/1661 1680/2337/1680 1679/2336/1679
f 1660/3081/1660 1681/2338/1681 1682/2339/1682 1661/3082/1661
f 1661/2318/1661 1682/3087/1682 1683/2340/1683 1680/2337/1680
f 1684/2341/1684 1681/2338/1681 1660/3081/1660 1659/3080/1659
f 1658/3079/1658 1685/2342/1685 1684/2341/1684 1659/3080/1659
f 1658/3079/1658 1657/3077/1657 1686/2343/1686 1685/2342/1685
f 1684/2341/1684 1685/2342/1685 1687/2344/1687 1688/2345/1688
f 1687/2344/1687 1685/2342/1685 1686/2343/1686 1689/2346/1689
f 1684/2341/1684 1688/2345/1688 1690/2347/1690 1681/2338/1681
f 1691/2348/1691 1682/2339/1682 1681/2338/1681 1690/2347/1690
f 1691/2348/1691 1692/2349/1692 1683/3088/1683 1682/2339/1682
f 1673/2330/1673 1676/2333/1676 1683/3088/1683 1692/2349/1692
f 1676/3086/1676 1693/2350/1693 1680/2337/1680 1683/2340/1683
f 1670/2327/1670 1673/2330/1673 1692/2349/1692 1694/2351/1694
f 1695/2352/1695 1671/2328/1671 1670/2327/1670 1694/2351/1694
f 1695/2352/1695 1696/2353/1696 1672/2329/1672 1671/2328/1671
f 1697/2354/1697 1669/2326/1669 1672/2329/1672 1698/2355/1698
f 1696/2353/1696 1699/2356/1699 1698/2355/1698 1672/2329/1672
f 1688/2345/1688 1687/2344/1687 1696/2353/1696 1695/2352/1695
f 1696/2353/1696 1687/2344/1687 1689/2346/1689 1699/2356/1699
f 1688/2345/1688 1695/2352/1695 1694/2351/1694 1690/2347/1690
f 1691/2348/1691 1690/2347/1690 1694/2351/1694 1692/2349/1692
f 1775/2432/1775 1699/3093/1699 1689/3090/1689 1776/2433/1776
f 1775/2432/1775 1777/2434/1777 1698/3092/1698 1699/3093/1699
f 1686/3089/1686 1778/2435/1778 1776/2433/1776 1689/3090/1689
f 1686/3089/1686 1657/3078/1657 1779/2436/1779 1778/2435/1778
f 1778/2435/1778 1779/2436/1779 1780/2437/1780 1781/2438/1781
f 1778/2435/1778 1781/2438/1781 1782/2439/1782 1776/2433/1776
f 1775/2432/1775 1776/2433/1776 1782/2439/1782 1783/2440/1783
f 1775/2432/1775 1783/2440/1783 1784/2441/1784 1785/2442/1785
f 1775/2432/1775 1785/2442/1785 1786/2443/1786 1777/2434/1777
f 1787/2444/1787 1788/2445/1788 1777/2434/1777 1786/2443/1786
f 1788/2445/1788 1697/3091/1697 1698/3092/1698 1777/2434/1777
f 1788/2445/1788 1789/2446/1789 1641/3065/1641 1697/3091/1697
f 1697/2354/1697 1641/3066/1641 1638/3062/1638 1669/2326/1669
f 1787/2444/1787 1790/2447/1790 1789/2446/1789 1788/2445/1788
f 1791/2448/1791 1792/2449/1792 1787/2444/1787 1786/2443/1786
f 1787/2444/1787 1792/2449/1792 1793/2450/1793 1790/2447/1790
f 1791/2448/1791 1786/2443/1786 1785/2442/1785 1794/2451/1794
f 1795/2452/1795 1794/2451/1794 1785/2442/1785 1784/2441/1784
f 1796/2453/1796 1797/2454/1797 1784/2441/1784 1783/2440/1783
f 1797/2454/1797 1798/2455/1798 1795/2452/1795 1784/2441/1784
f 1796/2453/1796 1783/2440/1783 1782/2439/1782 1799/2456/1799
f 1781/2438/1781 1800/2457/1800 1799/2456/1799 1782/2439/1782
f 1781/2438/1781 1780/2437/1780 1801/2458/1801 1800/2457/1800
f 1801/2458/1801 1780/2437/1780 1802/2459/1802 1803/2460/1803
f 1802/2459/1802 1780/2437/1780 1779/2436/1779 1804/2461/1804
f 1656/3076/1656 1804/2461/1804 1779/2436/1779 1657/3078/1657
f 1655/3075/1655 1805/2462/1805 1804/2461/1804 1656/3076/1656
f 1806/2463/1806 1802/2459/1802 1804/2461/1804 1805/2462/1805
f 1806/2463/1806 1807/2464/1807 1803/2460/1803 1802/2459/1802
f 1801/2458/1801 1803/2460/1803 1808/2465/1808 1809/2466/1809
f 1808/2465/1808 1803/2460/1803 1807/2464/1807 1810/2467/1810
f 1801/2458/1801 1809/2466/1809 1811/2468/1811 1800/2457/1800
f 1812/2469/1812 1799/2456/1799 1800/2457/1800 1811/2468/1811
f 1812/2469/1812 1813/2470/1813 1796/2453/1796 1799/2456/1799
f 1796/2453/1796 1813/2470/1813 1814/2471/1814 1797/2454/1797
f 1797/2454/1797 1814/2471/1814 1815/2472/1815 1798/2455/1798
f 1795/2452/1795 1798/2455/1798 1816/2473/1816 1817/2474/1817
f 1816/2473/1816 1798/2455/1798 1815/2472/1815 1818/2475/1818
f 1795/2452/1795 1817/2474/1817 1819/2476/1819 1794/2451/1794
f 1820/2477/1820 1791/2448/1791 1794/2451/1794 1819/2476/1819
f 1821/2478/1821 1822/2479/1822 1820/2477/1820 1819/2476/1819
f 1821/2478/1821 1819/2476/1819 1817/2474/1817 1823/2480/1823
f 1816/2473/1816 1824/2481/1824 1823/2480/1823 1817/2474/1817
f 1816/2473/1816 1818/2475/1818 1825/2482/1825 1824/2481/1824
f 1825/2482/1825 1818/2475/1818 1826/2483/1826 1827/2484/1827
f 1826/2483/1826 1818/2475/1818 1815/2472/1815 1828/2485/1828
f 1829/2486/1829 1828/2485/1828 1815/2472/1815 1814/2471/1814
f 1829/2486/1829 1814/2471/1814 1813/2470/1813 1830/2487/1830
f 1812/2469/1812 1831/2488/1831 1830/2487/1830 1813/2470/1813
f 1832/2489/1832 1831/2488/1831 1812/2469/1812 1811/2468/1811
f 1832/2489/1832 1811/2468/1811 1809/2466/1809 1833/2490/1833
f 1808/2465/1808 1834/2491/1834 1833/2490/1833 1809/2466/1809
f 1808/2465/1808 1810/2467/1810 1835/2492/1835 1834/2491/1834
f 1835/2492/1835 1810/2467/1810 1836/2493/1836 1837/2494/1837
f 1838/2495/1838 1836/2493/1836 1810/2467/1810 1807/2464/1807
f 1835/2492/1835 1837/2494/1837 1839/2496/1839 1840/2497/1840
f 1835/2492/1835 1840/2497/1840 1841/2498/1841 1834/2491/1834
f 1842/2499/1842 1833/2490/1833 1834/2491/1834 1841/2498/1841
f 1842/2499/1842 1843/2500/1843 1832/2489/1832 1833/2490/1833
f 1832/2489/1832 1843/2500/1843 1844/2501/1844 1831/2488/1831
f 1845/2502/1845 1830/2487/1830 1831/2488/1831 1844/2501/1844
f 1846/2503/1846 1829/2486/1829 1830/2487/1830 1845/2502/1845
f 1846/2503/1846 1847/2504/1847 1828/2485/1828 1829/2486/1829
f 1826/2483/1826 1828/2485/1828 1847/2504/1847 1848/2505/1848
f 1826/2483/1826 1848/2505/1848 1849/2506/1849 1827/2484/1827
f 1850/2507/1850 1851/2508/1851 1827/2484/1827 1849/2506/1849
f 1825/2482/1825 1827/2484/1827 1851/2508/1851 1852/2509/1852
f 1825/2482/1825 1852/2509/1852 1853/2510/1853 1824/2481/1824
f 1854/2511/1854 1823/2480/1823 1824/2481/1824 1853/2510/1853
f 1855/2512/1855 1856/2513/1856 1853/2510/1853 1852/2509/1852
f 1856/2513/1856 1857/2514/1857 1854/2511/1854 1853/2510/1853
f 1855/2512/1855 1852/2509/1852 1851/2508/1851 1858/2515/1858
f 1850/2507/1850 1859/2516/1859 1858/2515/1858 1851/2508/1851
f 1850/2507/1850 1849/2506/1849 1860/2517/1860 1859/2516/1859
f 1848/2505/1848 1861/2518/1861 1860/2517/1860 1849/2506/1849
f 1848/2505/1848 1847/2504/1847 1862/2519/1862 1861/2518/1861
f 1846/2503/1846 1863/2520/1863 1862/2519/1862 1847/2504/1847
f 1864/2521/1864 1863/2520/1863 1846/2503/1846 1845/2502/1845
f 1864/2521/1864 1845/2502/1845 1844/2501/1844 1865/2522/1865
f 1865/2522/1865 1844/2501/1844 1843/2500/1843 1866/2523/1866
f 1842/2499/1842 1867/2524/1867 1866/2523/1866 1843/2500/1843
f 1868/2525/1868 1867/3135/1867 1842/3133/1842 1841/3132/1841
f 1868/3136/1868 1841/2498/1841 1840/2497/1840 1869/2526/1869
f 1839/3130/1839 1870/2527/1870 1869/3137/1869 1840/3131/1840
f 1871/2528/1871 1869/3137/1869 1870/2527/1870 1872/2529/1872
f 1871/2528/1871 1873/2530/1873 1868/2525/1868 1869/3137/1869
f 1868/2525/1868 1873/2530/1873 1874/2531/1874 1867/3135/1867
f 1875/2532/1875 1866/3134/1866 1867/3135/1867 1874/2531/1874
f 1876/2533/1876 1865/2522/1865 1866/2523/1866 1875/3138/1875
f 1876/2533/1876 1877/2534/1877 1864/2521/1864 1865/2522/1865
f 1864/2521/1864 1877/2534/1877 1878/2535/1878 1863/2520/1863
f 1863/2520/1863 1878/2535/1878 1879/2536/1879 1862/2519/1862
f 1861/2518/1861 1862/2519/1862 1879/2536/1879 1880/2537/1880
f 1861/2518/1861 1880/2537/1880 1881/2538/1881 1860/2517/1860
f 1881/2538/1881 1882/2539/1882 1859/2516/1859 1860/2517/1860
f 1882/2539/1882 1883/2540/1883 1858/2515/1858 1859/2516/1859
f 1883/2540/1883 1884/2541/1884 1855/2512/1855 1858/2515/1858
f 1855/2512/1855 1884/2541/1884 1885/2542/1885 1856/2513/1856
f 1856/2513/1856 1885/2542/1885 1886/2543/1886 1857/2514/1857
f 1887/2544/1887 1886/2543/1886 1885/2542/1885 1888/2545/1888
f 1888/2545/1888 1885/2542/1885 1884/2541/1884 1889/2546/1889
f 1883/2540/1883 1890/2547/1890 1889/2546/1889 1884/2541/1884
f 1882/2539/1882 1891/2548/1891 1890/2547/1890 1883/2540/1883
f 1881/2538/1881 1892/2549/1892 1891/2548/1891 1882/2539/1882
f 1881/2538/1881 1880/2537/1880 1893/2550/1893 1892/2549/1892
f 1894/2551/1894 1893/2550/1893 1880/2537/1880 1879/2536/1879
f 1878/2535/1878 1895/2552/1895 1894/2551/1894 1879/2536/1879
f 1878/2535/1878 1877/2534/1877 1896/2553/1896 1895/2552/1895
f 1876/3139/1876 1897/2554/1897 1896/3145/1896 1877/3140/1877
f 1898/2555/1898 1897/2554/1897 1876/3139/1876 1875/2532/1875
f 1898/2555/1898 1875/2532/1875 1874/2531/1874 1899/2556/1899
f 1899/2556/1899 1874/2531/1874 1873/2530/1873 1900/2557/1900
f 1871/2528/1871 1901/2558/1901 1900/2557/1900 1873/2530/1873
f 1902/2559/1902 1899/2556/1899 1900/2557/1900 1903/2560/1903
f 1903/2560/1903 1900/2557/1900 1901/2558/1901 1904/2561/1904
f 1902/2559/1902 1905/2562/1905 1898/2555/1898 1899/2556/1899
f 1898/2555/1898 1905/2562/1905 1906/2563/1906 1897/2554/1897
f 1907/2564/1907 1896/3145/1896 1897/2554/1897 1906/2563/1906
f 1907/2564/1907 1908/2565/1908 1895/3144/1895 1896/3145/1896
f 1894/2551/1894 1895/2552/1895 1908/3146/1908 1909/2566/1909
f 1894/2551/1894 1909/2566/1909 1910/2567/1910 1893/2550/1893
f 1910/2567/1910 1911/2568/1911 1892/2549/1892 1893/2550/1893
f 1911/2568/1911 1912/2569/1912 1891/2548/1891 1892/2549/1892
f 1912/3151/1912 1913/2570/1913 1890/3142/1890 1891/3143/1891
f 1913/2570/1913 1914/2571/1914 1889/3141/1889 1890/3142/1890
f 1915/2572/1915 1888/2545/1888 1889/2546/1889 1914/3152/1914
f 1887/2544/1887 1888/2545/1888 1915/2572/1915 1916/2573/1916
f 1915/3153/1915 1917/2574/1917 1918/2575/1918 1916/3154/1916
f 1915/3153/1915 1914/2571/1914 1919/2576/1919 1917/2574/1917
f 1919/2576/1919 1914/2571/1914 1913/2570/1913 1920/2577/1920
f 1912/3151/1912 1921/2578/1921 1920/2577/1920 1913/2570/1913
f 1911/3150/1911 1922/2579/1922 1921/2578/1921 1912/3151/1912
f 1910/3149/1910 1923/2580/1923 1922/2579/1922 1911/3150/1911
f 1910/3149/1910 1909/3148/1909 1924/2581/1924 1923/2580/1923
f 1925/2582/1925 1924/2581/1924 1909/3148/1909 1908/3147/1908
f 1907/2564/1907 1926/2583/1926 1925/3155/1925 1908/2565/1908
f 1927/2584/1927 1926/2583/1926 1907/2564/1907 1906/2563/1906
f 1927/2584/1927 1906/2563/1906 1905/2562/1905 1928/2585/1928
f 1902/2559/1902 1929/2586/1929 1928/2585/1928 1905/2562/1905
f 1930/2587/1930 1929/2586/1929 1902/2559/1902 1903/2560/1903
f 1930/2587/1930 1903/2560/1903 1904/2561/1904 1931/2588/1931
f 1932/2589/1932 1933/2590/1933 1904/2561/1904 1901/2558/1901
f 1931/2588/1931 1904/2561/1904 1933/2590/1933 1934/2591/1934
f 1935/2592/1935 1931/2588/1931 1934/2591/1934 1936/2593/1936
f 1935/2592/1935 1937/2594/1937 1930/2587/1930 1931/2588/1931
f 1930/2587/1930 1937/2594/1937 1938/2595/1938 1929/2586/1929
f 1939/2596/1939 1928/2585/1928 1929/2586/1929 1938/2595/1938
f 1939/2596/1939 1940/2597/1940 1927/2584/1927 1928/2585/1928
f 1927/2584/1927 1940/2597/1940 1941/2598/1941 1926/2583/1926
f 1925/3155/1925 1926/2583/1926 1941/2598/1941 1942/2599/1942
f 1925/2582/1925 1942/3160/1942 1943/2600/1943 1924/2581/1924
f 1944/2601/1944 1923/2580/1923 1924/2581/1924 1943/2600/1943
f 1922/2579/1922 1923/2580/1923 1944/2601/1944 1945/2602/1945
f 1922/2579/1922 1945/2602/1945 1946/2603/1946 1921/2578/1921
f 1947/2604/1947 1920/2577/1920 1921/2578/1921 1946/2603/1946
f 1919/2576/1919 1920/2577/1920 1947/2604/1947 1948/2605/1948
f 1947/2604/1947 1946/2603/1946 1949/2606/1949 1950/2607/1950
f 1947/2604/1947 1950/2607/1950 1951/2608/1951 1948/2605/1948
f 1949/2606/1949 1946/2603/1946 1945/2602/1945 1952/2609/1952
f 1944/2601/1944 1953/2610/1953 1952/2609/1952 1945/2602/1945
f 1944/2601/1944 1943/2600/1943 1954/2611/1954 1953/2610/1953
f 1942/3160/1942 1955/2612/1955 1954/2611/1954 1943/2600/1943
f 1942/3160/1942 1941/3159/1941 1956/2613/1956 1955/2612/1955
f 1941/3159/1941 1940/3158/1940 1957/2614/1957 1956/2613/1956
f 1939/3157/1939 1958/2615/1958 1957/2614/1957 1940/3158/1940
f 1959/2616/1959 1958/2615/1958 1939/3157/1939 1938/3156/1938
f 1959/3161/1959 1938/2595/1938 1937/2594/1937 1960/2617/1960
f 1935/2592/1935 1961/2618/1961 1960/2617/1960 1937/2594/1937
f 1962/2619/1962 1961/2618/1961 1935/2592/1935 1936/2593/1936
f 1962/2619/1962 1936/2593/1936 1963/2620/1963 1964/2621/1964
f 1936/2593/1936 1934/2591/1934 1965/2622/1965 1963/2620/1963
f 1966/2623/1966 1967/2624/1967 1962/3164/1962 1964/3165/1964
f 1962/3164/1962 1967/2624/1967 1968/2625/1968 1961/3163/1961
f 1969/2626/1969 1960/3162/1960 1961/3163/1961 1968/2625/1968
f 1969/2626/1969 1970/2627/1970 1959/2616/1959 1960/3162/1960
f 1959/2616/1959 1970/2627/1970 1971/2628/1971 1958/2615/1958
f 1957/2614/1957 1958/2615/1958 1971/2628/1971 1972/2629/1972
f 1957/2614/1957 1972/2629/1972 1973/2630/1973 1956/2613/1956
f 1974/2631/1974 1955/2612/1955 1956/2613/1956 1973/2630/1973
f 1974/2631/1974 1975/2632/1975 1954/2611/1954 1955/2612/1955
f 1953/2610/1953 1954/2611/1954 1975/2632/1975 1976/2633/1976
f 1953/2610/1953 1976/2633/1976 1977/2634/1977 1952/2609/1952
f 1949/2606/1949 1952/2609/1952 1977/2634/1977 1978/2635/1978
f 1949/2606/1949 1978/2635/1978 1979/2636/1979 1950/2607/1950
f 1980/2637/1980 1951/2608/1951 1950/2607/1950 1979/2636/1979
f 1978/2635/1978 1981/2638/1981 1982/2639/1982 1979/2636/1979
f 1982/2639/1982 1983/2640/1983 1980/2637/1980 1979/2636/1979
f 1978/2635/1978 1977/2634/1977 1984/2641/1984 1981/2638/1981
f 1976/2633/1976 1985/2642/1985 1984/2641/1984 1977/2634/1977
f 1976/2633/1976 1975/2632/1975 1986/2643/1986 1985/2642/1985
f 1974/2631/1974 1973/2630/1973 1986/2643/1986 1975/2632/1975
f 1972/2629/1972 1987/2644/1987 1986/2643/1986 1973/2630/1973
f 1972/2629/1972 1971/2628/1971 1988/2645/1988 1987/2644/1987
f 1988/2645/1988 1971/2628/1971 1970/2627/1970 1989/2646/1989
f 1969/2626/1969 1990/2647/1990 1989/2646/1989 1970/2627/1970
f 1991/2648/1991 1990/2647/1990 1969/2626/1969 1968/2625/1968
f 1991/2648/1991 1968/2625/1968 1967/2624/1967 1992/2649/1992
f 1966/2623/1966 1993/2650/1993 1992/2649/1992 1967/2624/1967
f 1994/2651/1994 1993/2650/1993 1966/2623/1966 1995/2652/1995
f 1966/2623/1966 1964/3165/1964 1996/2653/1996 1995/2652/1995
f 1994/2651/1994 1997/2654/1997 1998/2655/1998 1993/2650/1993
f 1999/2656/1999 1992/2649/1992 1993/2650/1993 1998/2655/1998
f 1999/2656/1999 2000/2657/2000 1991/2648/1991 1992/2649/1992
f 1991/2648/1991 2000/2657/2000 2001/2658/2001 1990/2647/1990
f 2002/2659/2002 1989/2646/1989 1990/2647/1990 2001/2658/2001
f 1988/2645/1988 1989/2646/1989 2002/2659/2002 2003/2660/2003
f 1988/2645/1988 2003/2660/2003 2004/2661/2004 1987/2644/1987
f 1985/2642/1985 1986/2643/1986 1987/2644/1987 2004/2661/2004
f 1985/2642/1985 2004/2661/2004 2005/2662/2005 1984/2641/1984
f 2005/2662/2005 2006/2663/2006 1981/2638/1981 1984/2641/1984
f 1982/2639/1982 1981/2638/1981 2006/2663/2006 2007/2664/2007
f 1982/2639/1982 2007/2664/2007 2008/2665/2008 1983/2640/1983
f 1983/2640/1983 2008/2665/2008 2009/2666/2009 2010/2667/2010
f 1983/2640/1983 2010/2667/2010 1951/2608/1951 1980/2637/1980
f 2011/2668/2011 2012/2669/2012 2008/2665/2008 2007/2664/2007
f 2012/2669/2012 2013/2670/2013 2009/2666/2009 2008/2665/2008
f 2014/2671/2014 2011/2668/2011 2007/2664/2007 2006/2663/2006
f 2005/2662/2005 2015/2672/2015 2014/2671/2014 2006/2663/2006
f 2005/2662/2005 2004/2661/2004 2003/2660/2003 2015/2672/2015
f 2002/2659/2002 2016/2673/2016 2015/2672/2015 2003/2660/2003
f 2002/2659/2002 2001/2658/2001 2017/2674/2017 2016/2673/2016
f 2017/2674/2017 2001/2658/2001 2000/2657/2000 2018/2675/2018
f 1999/2656/1999 2019/2676/2019 2018/2675/2018 2000/2657/2000
f 2020/2677/2020 2019/2676/2019 1999/2656/1999 1998/2655/1998
f 2020/2677/2020 1998/2655/1998 1997/2654/1997 2021/2678/2021
f 2022/2679/2022 2023/2680/2023 2021/2678/2021 1997/2654/1997
f 2022/2679/2022 1997/2654/1997 1994/2651/1994 2024/2681/2024
f 2025/2682/2025 2021/2678/2021 2023/2680/2023 2026/2683/2026
f 2025/2682/2025 2027/2684/2027 2020/2677/2020 2021/2678/2021
f 2020/2677/2020 2027/2684/2027 2028/2685/2028 2019/2676/2019
f 2029/2686/2029 2018/2675/2018 2019/2676/2019 2028/2685/2028
f 2017/2674/2017 2018/2675/2018 2029/2686/2029 2030/2687/2030
f 2017/2674/2017 2030/2687/2030 2031/2688/2031 2016/2673/2016
f 2014/2671/2014 2015/2672/2015 2016/2673/2016 2031/2688/2031
f 2014/2671/2014 2031/2688/2031 2032/2689/2032 2011/2668/2011
f 2011/2668/2011 2032/2689/2032 2033/2690/2033 2012/2669/2012
f 2012/2669/2012 2033/2690/2033 2034/2691/2034 2013/2670/2013
f 2035/2692/2035 2009/2666/2009 2013/2670/2013 2036/2693/2036
f 2034/2691/2034 2037/2694/2037 2036/2693/2036 2013/2670/2013
f 2010/2667/2010 2009/2666/2009 2035/2692/2035 2038/2695/2038
f 2010/2667/2010 2038/2695/2038 1948/2605/1948 1951/2608/1951
f 1919/2576/1919 1948/2605/1948 2038/2695/2038 1917/2574/1917
f 2035/2692/2035 1918/2575/1918 1917/2574/1917 2038/2695/2038
f 2035/2692/2035 2036/2693/2036 2039/2696/2039 1918/2575/1918
f 2039/2696/2039 2036/2693/2036 2037/2694/2037 2040/2697/2040
f 2034/2691/2034 2041/2698/2041 2042/2699/2042 2037/2694/2037
f 2042/2699/2042 2043/2700/2043 2040/2697/2040 2037/2694/2037
f 2034/2691/2034 2033/2690/2033 2044/2701/2044 2041/2698/2041
f 2045/2702/2045 2044/2701/2044 2033/2690/2033 2032/2689/2032
f 2030/2687/2030 2045/2702/2045 2032/2689/2032 2031/2688/2031
f 2030/2687/2030 2029/2686/2029 2046/2703/2046 2045/2702/2045
f 2047/2704/2047 2046/2703/2046 2029/2686/2029 2028/2685/2028
f 2047/2704/2047 2028/2685/2028 2027/2684/2027 2048/2705/2048
f 2025/2682/2025 2049/2706/2049 2048/2705/2048 2027/2684/2027
f 2050/2707/2050 2049/2706/2049 2025/2682/2025 2026/2683/2026
f 2050/2707/2050 2051/2708/2051 2052/2709/2052 2049/2706/2049
f 2053/2710/2053 2048/2705/2048 2049/2706/2049 2052/2709/2052
f 2053/2710/2053 2054/2711/2054 2047/2704/2047 2048/2705/2048
f 2055/2712/2055 2046/2703/2046 2047/2704/2047 2054/2711/2054
f 2045/2702/2045 2046/2703/2046 2055/2712/2055 2044/2701/2044
f 2055/2712/2055 2056/2713/2056 2041/2698/2041 2044/2701/2044
f 2042/2699/2042 2041/2698/2041 2056/2713/2056 2057/2714/2057
f 2042/2699/2042 2057/2714/2057 2058/2715/2058 2043/2700/2043
f 2059/2716/2059 2040/2697/2040 2043/2700/2043 2060/2717/2060
f 2058/2715/2058 2061/2718/2061 2060/2717/2060 2043/2700/2043
f 2039/2696/2039 2040/2697/2040 2059/2716/2059 2062/2719/2062
f 2039/2696/2039 2062/2719/2062 1916/3154/1916 1918/2575/1918
f 1887/2544/1887 1916/2573/1916 2062/3171/2062 2063/2720/2063
f 2059/3168/2059 2064/2721/2064 2063/2720/2063 2062/3171/2062
f 2059/3168/2059 2060/3169/2060 2065/2722/2065 2064/2721/2064
f 2065/2722/2065 2060/3169/2060 2061/3170/2061 2066/2723/2066
f 2058/2715/2058 2067/2724/2067 2068/2725/2068 2061/2718/2061
f 2068/3172/2068 2069/2726/2069 2066/2723/2066 2061/3170/2061
f 2058/2715/2058 2057/2714/2057 2070/2727/2070 2067/2724/2067
f 2071/2728/2071 2070/2727/2070 2057/2714/2057 2056/2713/2056
f 2055/2712/2055 2054/2711/2054 2071/2728/2071 2056/2713/2056
f 2071/2728/2071 2054/2711/2054 2053/2710/2053 2072/2729/2072
f 2073/2730/2073 2072/2729/2072 2053/2710/2053 2052/2709/2052
f 2073/2730/2073 2052/2709/2052 2051/2708/2051 2074/2731/2074
f 2075/2732/2075 2076/2733/2076 2074/2731/2074 2051/2708/2051
f 2075/2732/2075 2051/2708/2051 2050/2707/2050 2077/2734/2077
f 2050/2707/2050 2026/2683/2026 2078/2735/2078 2077/2734/2077
f 2079/2736/2079 2080/2737/2080 2077/2734/2077 2078/2735/2078
f 2075/2732/2075 2077/2734/2077 2080/2737/2080 2081/2738/2081
f 2082/2739/2082 2076/2733/2076 2075/2732/2075 2081/2738/2081
f 2082/2739/2082 2083/2740/2083 2084/2741/2084 2076/2733/2076
f 2085/2742/2085 2074/2731/2074 2076/2733/2076 2084/2741/2084
f 2085/2742/2085 2086/2743/2086 2073/2730/2073 2074/2731/2074
f 2087/2744/2087 2072/2729/2072 2073/2730/2073 2086/2743/2086
f 2071/2728/2071 2072/2729/2072 2087/2744/2087 2070/2727/2070
f 2087/2744/2087 2088/2745/2088 2067/2724/2067 2070/2727/2070
f 2068/2725/2068 2067/2724/2067 2088/2745/2088 2089/2746/2089
f 2068/3172/2068 2089/3173/2089 2090/2747/2090 2069/2726/2069
f 2091/2748/2091 2066/2723/2066 2069/2726/2069 2092/2749/2092
f 2090/2747/2090 2093/2750/2093 2092/2749/2092 2069/2726/2069
f 2065/2722/2065 2066/2723/2066 2091/2748/2091 2094/2751/2094
f 2091/2748/2091 2092/2749/2092 2095/2752/2095 2096/2753/2096
f 2091/2748/2091 2096/2753/2096 2097/2754/2097 2094/2751/2094
f 2095/2752/2095 2092/2749/2092 2093/2750/2093 2098/2755/2098
f 2090/2747/2090 2099/2756/2099 2100/2757/2100 2093/2750/2093
f 2100/2757/2100 2101/2758/2101 2098/2755/2098 2093/2750/2093
f 2090/2747/2090 2089/3173/2089 2102/2759/2102 2099/2756/2099
f 2103/2760/2103 2102/3174/2102 2089/2746/2089 2088/2745/2088
f 2087/2744/2087 2086/2743/2086 2103/2760/2103 2088/2745/2088
f 2103/2760/2103 2086/2743/2086 2085/2742/2085 2104/2761/2104
f 2105/2762/2105 2104/2761/2104 2085/2742/2085 2084/2741/2084
f 2105/2762/2105 2084/2741/2084 2083/2740/2083 2106/2763/2106
f 2107/2764/2107 2108/2765/2108 2106/2763/2106 2083/2740/2083
f 2107/2764/2107 2083/2740/2083 2082/2739/2082 2109/2766/2109
f 2082/2739/2082 2081/2738/2081 2110/2767/2110 2109/2766/2109
f 2111/2768/2111 2110/2767/2110 2081/2738/2081 2080/2737/2080
f 2112/2769/2112 2113/2770/2113 2109/2766/2109 2110/2767/2110
f 2112/2769/2112 2110/2767/2110 2111/2768/2111 2114/2771/2114
f 2107/2764/2107 2109/2766/2109 2113/2770/2113 2115/2772/2115
f 2116/2773/2116 2108/2765/2108 2107/2764/2107 2115/2772/2115
f 2116/3179/2116 2117/2774/2117 2118/2775/2118 2108/3178/2108
f 2119/2776/2119 2106/3177/2106 2108/3178/2108 2118/2775/2118
f 2119/2776/2119 2120/2777/2120 2105/3176/2105 2106/3177/2106
f 2121/2778/2121 2104/3175/2104 2105/3176/2105 2120/2777/2120
f 2103/2760/2103 2104/2761/2104 2121/3180/2121 2102/3174/2102
f 2121/2778/2121 2122/2779/2122 2099/2756/2099 2102/2759/2102
f 2100/2757/2100 2099/2756/2099 2122/2779/2122 2123/2780/2123
f 2100/2757/2100 2123/2780/2123 2124/2781/2124 2101/2758/2101
f 2125/2782/2125 2098/2755/2098 2101/2758/2101 2126/2783/2126
f 2124/2781/2124 2127/2784/2127 2126/2783/2126 2101/2758/2101
f 2095/2752/2095 2098/2755/2098 2125/2782/2125 2128/2785/2128
f 2125/2782/2125 2126/2783/2126 2129/2786/2129 2130/2787/2130
f 2125/2782/2125 2130/2787/2130 2131/2788/2131 2128/2785/2128
f 2129/2786/2129 2126/2783/2126 2127/2784/2127 2132/2789/2132
f 2124/2781/2124 2133/2790/2133 2134/2791/2134 2127/2784/2127
f 2134/2791/2134 2135/2792/2135 2132/2789/2132 2127/2784/2127
f 2124/2781/2124 2123/2780/2123 2136/2793/2136 2133/2790/2133
f 2137/2794/2137 2136/2793/2136 2123/2780/2123 2122/2779/2122
f 2121/2778/2121 2120/2777/2120 2137/2794/2137 2122/2779/2122
f 2137/2794/2137 2120/2777/2120 2119/2776/2119 2138/2795/2138
f 2139/2796/2139 2138/2795/2138 2119/2776/2119 2118/2775/2118
f 2139/2796/2139 2118/2775/2118 2117/2774/2117 2140/2797/2140
f 2141/2798/2141 2142/2799/2142 2140/2797/2140 2117/2774/2117
f 2141/2798/2141 2117/2774/2117 2116/3179/2116 2143/2800/2143
f 2116/2773/2116 2115/2772/2115 2144/2801/2144 2143/3181/2143
f 2145/2802/2145 2146/2803/2146 2143/3181/2143 2144/2801/2144
f 2141/2798/2141 2143/2800/2143 2146/3182/2146 2147/2804/2147
f 2148/2805/2148 2142/2799/2142 2141/2798/2141 2147/2804/2147
f 2148/2805/2148 2149/2806/2149 2150/2807/2150 2142/2799/2142
f 2151/2808/2151 2140/2797/2140 2142/2799/2142 2150/2807/2150
f 2151/2808/2151 2152/2809/2152 2139/2796/2139 2140/2797/2140
f 2153/2810/2153 2138/2795/2138 2139/2796/2139 2152/2809/2152
f 2137/2794/2137 2138/2795/2138 2153/2810/2153 2136/2793/2136
f 2153/2810/2153 2154/2811/2154 2133/2790/2133 2136/2793/2136
f 2134/2791/2134 2133/2790/2133 2154/2811/2154 2155/2812/2155
f 2134/2791/2134 2155/2812/2155 2156/2813/2156 2135/2792/2135
f 2157/2814/2157 2132/2789/2132 2135/2792/2135 2158/2815/2158
f 2156/2813/2156 2159/2816/2159 2158/2815/2158 2135/2792/2135
f 2129/2786/2129 2132/2789/2132 2157/2814/2157 2160/2817/2160
f 2157/2814/2157 2158/2815/2158 2161/2818/2161 2162/2819/2162
f 2157/2814/2157 2162/2819/2162 2163/2820/2163 2160/2817/2160
f 2161/2818/2161 2158/2815/2158 2159/2816/2159 2164/2821/2164
f 2164/2821/2164 2159/2816/2159 2165/2822/2165 2166/2823/2166
f 2156/2813/2156 2167/2824/2167 2165/2822/2165 2159/2816/2159
f 2156/2813/2156 2155/2812/2155 2168/2825/2168 2167/2824/2167
f 2169/2826/2169 2168/2825/2168 2155/2812/2155 2154/2811/2154
f 2153/2810/2153 2152/2809/2152 2169/2826/2169 2154/2811/2154
f 2169/2826/2169 2152/2809/2152 2151/2808/2151 2170/2827/2170
f 2151/2808/2151 2150/2807/2150 2171/2828/2171 2170/2827/2170
f 2150/2807/2150 2149/2806/2149 2172/2829/2172 2171/2828/2171
f 2173/2830/2173 2174/2831/2174 2172/2829/2172 2149/2806/2149
f 2173/2830/2173 2149/2806/2149 2148/2805/2148 2175/2832/2175
f 2148/2805/2148 2147/2804/2147 2176/2833/2176 2175/2832/2175
f 2177/2834/2177 2176/2833/2176 2147/2804/2147 2146/3182/2146
f 2178/2835/2178 2179/2836/2179 2175/2832/2175 2176/2833/2176
f 2178/2835/2178 2176/2833/2176 2177/2834/2177 2180/2837/2180
f 2173/2830/2173 2175/2832/2175 2179/2836/2179 2181/2838/2181
f 2182/2839/2182 2174/2831/2174 2173/2830/2173 2181/2838/2181
f 2183/2840/2183 2184/2841/2184 2174/2831/2174 2182/2839/2182
f 2174/2831/2174 2184/2841/2184 2185/2842/2185 2172/2829/2172
f 2186/2843/2186 2171/2828/2171 2172/2829/2172 2185/2842/2185
f 2186/2843/2186 2187/2844/2187 2170/2827/2170 2171/2828/2171
f 2169/2826/2169 2170/2827/2170 2187/2844/2187 2168/2825/2168
f 2167/2824/2167 2168/2825/2168 2187/2844/2187 2188/2845/2188
f 2167/2824/2167 2188/2845/2188 2189/2846/2189 2165/2822/2165
f 2189/2846/2189 2190/2847/2190 2166/2823/2166 2165/2822/2165
f 2164/2821/2164 2166/2823/2166 2191/2848/2191 2192/2849/2192
f 2191/2848/2191 2166/2823/2166 2190/2847/2190 2193/2850/2193
f 2161/2818/2161 2164/2821/2164 2192/2849/2192 2194/2851/2194
f 2195/2852/2195 2194/2851/2194 2192/2849/2192 2196/2853/2196
f 2191/2848/2191 2197/2854/2197 2196/2853/2196 2192/2849/2192
f 2191/2848/2191 2193/2850/2193 2198/2855/2198 2197/2854/2197
f 2183/2840/2183 2199/2856/2199 2193/2850/2193 2190/2847/2190
f 2199/2856/2199 2200/2857/2200 2198/2855/2198 2193/2850/2193
f 2189/2846/2189 2184/2841/2184 2183/2840/2183 2190/2847/2190
f 2183/2840/2183 2182/2839/2182 2201/2858/2201 2199/2856/2199
f 2182/2839/2182 2181/2838/2181 2202/2859/2202 2201/2858/2201
f 2203/2860/2203 2202/2859/2202 2181/2838/2181 2179/2836/2179
f 2203/2860/2203 2179/2836/2179 2178/2835/2178 2204/2861/2204
f 2178/3184/2178 2180/3185/2180 2205/2862/2205 2204/3188/2204
f 2206/2863/2206 2205/2862/2205 2180/3185/2180 2207/2864/2207
f 2177/3183/2177 2208/2865/2208 2207/3190/2207 2180/3186/2180
f 2206/2863/2206 2209/2866/2209 2210/2867/2210 2205/2862/2205
f 2210/2867/2210 2211/2868/2211 2204/3188/2204 2205/2862/2205
f 2203/3187/2203 2204/3188/2204 2211/2868/2211 2212/2869/2212
f 2213/2870/2213 2202/2859/2202 2203/2860/2203 2212/3191/2212
f 2213/2870/2213 2214/2871/2214 2201/2858/2201 2202/2859/2202
f 2199/2856/2199 2201/2858/2201 2214/2871/2214 2200/2857/2200
f 2215/2872/2215 2216/2873/2216 2200/2857/2200 2214/2871/2214
f 2200/2857/2200 2216/2873/2216 2217/2874/2217 2198/2855/2198
f 2197/2854/2197 2198/2855/2198 2217/2874/2217 2218/2875/2218
f 2197/2854/2197 2218/2875/2218 2219/2876/2219 2196/2853/2196
f 2219/2876/2219 2220/2877/2220 2195/2852/2195 2196/2853/2196
f 2195/2852/2195 2221/2878/2221 2222/2879/2222 2194/2851/2194
f 2195/2852/2195 1700/2357/1700 1647/3071/1647 2221/2878/2221
f 1701/2358/1701 1700/2357/1700 2195/2852/2195 2220/2877/2220
f 2219/2876/2219 2223/2880/2223 2224/2881/2224 2220/2877/2220
f 2224/2881/2224 1702/2359/1702 1701/2358/1701 2220/2877/2220
f 2219/2876/2219 2218/2875/2218 2225/2882/2225 2223/2880/2223
f 2226/2883/2226 2225/2882/2225 2218/2875/2218 2217/2874/2217
f 2227/2884/2227 2226/2883/2226 2217/2874/2217 2216/2873/2216
f 2227/2884/2227 2216/2873/2216 2215/2872/2215 2228/2885/2228
f 2215/2872/2215 2214/2871/2214 2213/2870/2213 2229/2886/2229
f 2215/3193/2215 2229/3195/2229 2230/2887/2230 2228/3194/2228
f 2213/3192/2213 2212/2869/2212 2231/2888/2231 2229/3195/2229
f 2232/2889/2232 2231/2888/2231 2212/2869/2212 2211/2868/2211
f 2210/2867/2210 2233/2890/2233 2232/2889/2232 2211/2868/2211
f 2210/2867/2210 2209/2866/2209 2234/2891/2234 2233/2890/2233
f 2232/2889/2232 2233/2890/2233 2235/2892/2235 2236/2893/2236
f 2237/2894/2237 2235/2892/2235 2233/2890/2233 2234/2891/2234
f 2232/2889/2232 2236/2893/2236 2238/2895/2238 2231/2888/2231
f 2238/2895/2238 2230/2887/2230 2229/3195/2229 2231/2888/2231
f 2238/2895/2238 2239/2896/2239 2240/2897/2240 2230/2887/2230
f 2240/2897/2240 2241/2898/2241 2228/3194/2228 2230/2887/2230
f 2227/2884/2227 2228/2885/2228 2241/3196/2241 2242/2899/2242
f 2243/2900/2243 2226/2883/2226 2227/2884/2227 2242/2899/2242
f 2243/2900/2243 2244/2901/2244 2225/2882/2225 2226/2883/2226
f 2244/2901/2244 2245/2902/2245 2223/2880/2223 2225/2882/2225
f 2224/2881/2224 2223/2880/2223 2245/2902/2245 2246/2903/2246
f 2224/2881/2224 2246/2903/2246 1703/2360/1703 1702/2359/1702
f 1703/3098/1703 1704/2361/1704 1705/2362/1705 1702/3097/1702
f 1706/2363/1706 1701/3096/1701 1702/3097/1702 1705/2362/1705
f 1706/2363/1706 1707/2364/1707 1700/3094/1700 1701/3096/1701
f 1708/2365/1708 1709/2366/1709 1706/3100/1706 1705/3099/1705
f 1706/3100/1706 1709/2366/1709 1710/2367/1710 1707/3101/1707
f 1708/3103/1708 1705/2362/1705 1704/2361/1704 1711/2368/1711
f 1703/3098/1703 1712/2369/1712 1713/2370/1713 1704/2361/1704
f 1713/2370/1713 1714/2371/1714 1711/2368/1711 1704/2361/1704
f 1703/2360/1703 2246/2903/2246 2247/2904/2247 1712/3107/1712
f 2248/2905/2248 2247/2904/2247 2246/2903/2246 2245/2902/2245
f 2249/2906/2249 2248/2905/2248 2245/2902/2245 2244/2901/2244
f 2249/2906/2249 2244/2901/2244 2243/2900/2243 2250/2907/2250
f 2243/2900/2243 2242/2899/2242 2251/2908/2251 2250/2907/2250
f 2252/2909/2252 2251/2908/2251 2242/2899/2242 2241/3196/2241
f 2240/2897/2240 2253/2910/2253 2252/3197/2252 2241/2898/2241
f 2240/2897/2240 2239/2896/2239 2254/2911/2254 2253/2910/2253
f 2252/3197/2252 2253/2910/2253 2255/2912/2255 2256/2913/2256
f 2257/2914/2257 2255/2912/2255 2253/2910/2253 2254/2911/2254
f 2252/2909/2252 2256/3198/2256 2258/2915/2258 2251/2908/2251
f 2258/2915/2258 2259/2916/2259 2250/2907/2250 2251/2908/2251
f 2249/2906/2249 2250/2907/2250 2259/2916/2259 2260/2917/2260
f 2261/2918/2261 2248/2905/2248 2249/2906/2249 2260/2917/2260
f 2261/2918/2261 2262/2919/2262 2247/2904/2247 2248/2905/2248
f 2262/2919/2262 1715/2372/1715 1712/3107/1712 2247/2904/2247
f 1713/2370/1713 1712/2369/1712 1715/3109/1715 1716/2373/1716
f 1713/2370/1713 1716/2373/1716 1717/2374/1717 1714/2371/1714
f 1717/3111/1717 1718/2375/1718 1719/2376/1719 1714/3108/1714
f 1720/2377/1720 1711/3106/1711 1714/3108/1714 1719/2376/1719
f 1720/2377/1720 1721/2378/1721 1708/2365/1708 1711/3106/1711
f 1708/2365/1708 1721/2378/1721 1722/2379/1722 1709/2366/1709
f 1710/3105/1710 1709/3104/1709 1722/3112/1722 1723/2380/1723
f 1723/2380/1723 1722/3112/1722 1724/2381/1724 1725/2382/1725
f 1722/2379/1722 1721/2378/1721 1726/2383/1726 1724/3113/1724
f 1720/2377/1720 1727/2384/1727 1726/2383/1726 1721/2378/1721
f 1728/2385/1728 1727/2384/1727 1720/2377/1720 1719/2376/1719
f 1729/2386/1729 1728/2385/1728 1719/2376/1719 1718/2375/1718
f 1717/3111/1717 1730/2387/1730 1731/2388/1731 1718/2375/1718
f 1731/2388/1731 1732/2389/1732 1729/2386/1729 1718/2375/1718
f 1717/2374/1717 1716/2373/1716 1733/2390/1733 1730/3114/1730
f 1734/2391/1734 1733/2390/1733 1716/2373/1716 1715/3109/1715
f 2263/2920/2263 1734/3115/1734 1715/3110/1715 2262/3204/2262
f 2263/2920/2263 2262/3204/2262 2261/3203/2261 2264/2921/2264
f 2261/3203/2261 2260/3202/2260 2265/2922/2265 2264/2921/2264
f 2266/2923/2266 2265/2922/2265 2260/3202/2260 2259/3201/2259
f 2258/3200/2258 2267/2924/2267 2266/2923/2266 2259/3201/2259
f 2258/3200/2258 2256/3199/2256 2268/2925/2268 2267/2924/2267
f 2266/2923/2266 2267/2924/2267 2269/2926/2269 2270/2927/2270
f 2271/2928/2271 2269/2926/2269 2267/2924/2267 2268/2925/2268
f 2266/2923/2266 2270/2927/2270 2272/2929/2272 2265/2922/2265
f 2272/2929/2272 2273/2930/2273 2264/2921/2264 2265/2922/2265
f 2274/2931/2274 2263/2920/2263 2264/2921/2264 2273/2930/2273
f 2274/2931/2274 1735/2392/1735 1734/3115/1734 2263/2920/2263
f 1734/2391/1734 1735/3116/1735 1736/2393/1736 1733/2390/1733
f 1736/2393/1736 1737/2394/1737 1730/3114/1730 1733/2390/1733
f 1731/2388/1731 1730/2387/1730 1737/3117/1737 1738/2395/1738
f 1731/2388/1731 1738/2395/1738 1739/2396/1739 1732/2389/1732
f 1739/2396/1739 1740/2397/1740 1741/2398/1741 1732/2389/1732
f 1729/2386/1729 1732/2389/1732 1741/2398/1741 1742/2399/1742
f 1729/2386/1729 1742/2399/1742 1743/2400/1743 1728/2385/1728
f 1728/2385/1728 1743/2400/1743 1744/2401/1744 1727/2384/1727
f 1726/2383/1726 1727/2384/1727 1744/2401/1744 1745/2402/1745
f 1746/2403/1746 1747/2404/1747 1744/2401/1744 1743/2400/1743
f 1745/2402/1745 1744/2401/1744 1747/2404/1747 1748/2405/1748
f 1746/2403/1746 1743/2400/1743 1742/2399/1742 1749/2406/1749
f 1750/2407/1750 1749/2406/1749 1742/2399/1742 1741/2398/1741
f 1750/2407/1750 1741/2398/1741 1740/2397/1740 1751/2408/1751
f 1739/3120/1739 1752/2409/1752 1753/2410/1753 1740/3121/1740
f 1751/3122/1751 1740/3121/1740 1753/2410/1753 1754/2411/1754
f 1739/3120/1739 1738/3119/1738 1755/2412/1755 1752/2409/1752
f 1755/2412/1755 1738/3119/1738 1737/3118/1737 1756/2413/1756
f 1756/3123/1756 1737/2394/1737 1736/2393/1736 1757/2414/1757
f 1757/2414/1757 1736/2393/1736 1735/3116/1735 1758/2415/1758
f 2274/2931/2274 2275/2932/2275 1758/3124/1758 1735/2392/1735
f 2276/2933/2276 2275/2932/2275 2274/2931/2274 2273/2930/2273
f 2272/2929/2272 2277/2934/2277 2276/2933/2276 2273/2930/2273
f 2272/2929/2272 2270/2927/2270 2278/2935/2278 2277/2934/2277
f 2276/2933/2276 2277/2934/2277 2279/2936/2279 2280/2937/2280
f 2281/2938/2281 2279/2936/2279 2277/2934/2277 2278/2935/2278
f 2276/2933/2276 2280/2937/2280 2282/2939/2282 2275/2932/2275
f 1653/3073/1653 1758/3124/1758 2275/2932/2275 2282/2939/2282
f 1757/2414/1757 1758/2415/1758 1653/2310/1653 1652/2309/1652
f 1756/3123/1756 1757/2414/1757 1652/2309/1652 1651/3072/1651
f 1755/2412/1755 1756/2413/1756 1651/2308/1651 1650/2307/1650
f 1752/2409/1752 1755/2412/1755 1650/2307/1650 1759/2416/1759
f 1752/2409/1752 1759/2416/1759 1760/2417/1760 1753/2410/1753
f 1761/2418/1761 1754/2411/1754 1753/2410/1753 1760/2417/1760
f 1761/2418/1761 1762/2419/1762 1763/2420/1763 1754/2411/1754
f 1751/3122/1751 1754/2411/1754 1763/2420/1763 1764/2421/1764
f 1750/2407/1750 1751/2408/1751 1764/3127/1764 1749/2406/1749
f 1746/2403/1746 1749/2406/1749 1764/3127/1764 1747/2404/1747
f 1748/2405/1748 1747/2404/1747 1764/3127/1764 1763/3126/1763
f 1748/2405/1748 1763/3126/1763 1762/3125/1762 1765/2422/1765
f 1745/2402/1745 1748/2405/1748 1765/2422/1765 1766/2423/1766
f 1767/2424/1767 1766/3129/1766 1765/3128/1765 1768/2425/1768
f 1762/2419/1762 1769/2426/1769 1768/2425/1768 1765/3128/1765
f 1761/2418/1761 1760/2417/1760 1769/2426/1769 1762/2419/1762
f 1759/2416/1759 1770/2427/1770 1769/2426/1769 1760/2417/1760
f 1759/2416/1759 1650/2307/1650 1649/2306/1649 1770/2427/1770
f 1770/2427/1770 1649/2306/1649 1648/2305/1648 1771/2428/1771
f 1770/2427/1770 1771/2428/1771 1768/2425/1768 1769/2426/1769
f 1767/2424/1767 1768/2425/1768 1771/2428/1771 1725/2382/1725
f 1767/2424/1767 1725/2382/1725 1724/2381/1724 1766/3129/1766
f 1726/2383/1726 1745/2402/1745 1766/2423/1766 1724/3113/1724
f 1723/2380/1723 1725/2382/1725 1771/2428/1771 1648/2305/1648
f 1710/3105/1710 1723/2380/1723 1648/2305/1648 1646/2303/1646
f 1707/3102/1707 1710/3105/1710 1646/2303/1646 1645/2302/1645
f 1707/3102/1707 1645/2302/1645 1647/2304/1647 1700/3095/1700
f 1644/3070/1644 2283/2940/2283 2221/2878/2221 1647/3071/1647
f 1643/3069/1643 2284/2941/2284 2283/2940/2283 1644/3070/1644
f 2283/2940/2283 2284/2941/2284 2285/2942/2285 2286/2943/2286
f 2283/2940/2283 2286/2943/2286 2222/2879/2222 2221/2878/2221
f 1642/3068/1642 2287/2944/2287 2284/2941/2284 1643/3069/1643
f 2288/2945/2288 2285/2942/2285 2284/2941/2284 2287/2944/2287
f 2286/2943/2286 2285/2942/2285 2289/2946/2289 2163/2820/2163
f 2289/2946/2289 2285/2942/2285 2288/2945/2288 2290/2947/2290
f 2286/2943/2286 2163/2820/2163 2162/2819/2162 2222/2879/2222
f 2161/2818/2161 2194/2851/2194 2222/2879/2222 2162/2819/2162
f 2289/2946/2289 2291/2948/2291 2160/2817/2160 2163/2820/2163
f 2289/2946/2289 2290/2947/2290 2292/2949/2292 2291/2948/2291
f 2292/2949/2292 2290/2947/2290 1793/2450/1793 2293/2950/2293
f 2290/2947/2290 2288/2945/2288 1790/2447/1790 1793/2450/1793
f 2288/2945/2288 2287/2944/2287 1789/2446/1789 1790/2447/1790
f 1642/3068/1642 1641/3065/1641 1789/2446/1789 2287/2944/2287
f 2293/2950/2293 1793/2450/1793 1792/2449/1792 2294/2951/2294
f 2292/2949/2292 2293/2950/2293 2295/2952/2295 2131/2788/2131
f 2295/2952/2295 2293/2950/2293 2294/2951/2294 2296/2953/2296
f 2292/2949/2292 2131/2788/2131 2130/2787/2130 2291/2948/2291
f 2129/2786/2129 2160/2817/2160 2291/2948/2291 2130/2787/2130
f 2295/2952/2295 2297/2954/2297 2128/2785/2128 2131/2788/2131
f 2295/2952/2295 2296/2953/2296 2298/2955/2298 2297/2954/2297
f 1820/2477/1820 1822/2479/1822 2296/2953/2296 2294/2951/2294
f 2298/2955/2298 2296/2953/2296 1822/2479/1822 2299/2956/2299
f 1820/2477/1820 2294/2951/2294 1792/2449/1792 1791/2448/1791
f 1821/2478/1821 2300/2957/2300 2299/2956/2299 1822/2479/1822
f 2298/2955/2298 2299/2956/2299 2301/2958/2301 2097/2754/2097
f 2301/2958/2301 2299/2956/2299 2300/2957/2300 2302/2959/2302
f 2298/2955/2298 2097/2754/2097 2096/2753/2096 2297/2954/2297
f 2095/2752/2095 2128/2785/2128 2297/2954/2297 2096/2753/2096
f 2301/2958/2301 2303/2960/2303 2094/2751/2094 2097/2754/2097
f 2301/2958/2301 2302/2959/2302 2304/2961/2304 2303/2960/2303
f 1854/2511/1854 1857/2514/1857 2302/2959/2302 2300/2957/2300
f 2304/2961/2304 2302/2959/2302 1857/2514/1857 1886/2543/1886
f 1854/2511/1854 2300/2957/2300 1821/2478/1821 1823/2480/1823
f 2304/2961/2304 1886/2543/1886 1887/2544/1887 2063/2720/2063
f 2304/2961/2304 2063/2720/2063 2064/2721/2064 2303/2960/2303
f 2065/2722/2065 2094/2751/2094 2303/2960/2303 2064/2721/2064
f 1653/3073/1653 2282/2939/2282 2305/2962/2305 1654/3074/1654
f 2280/2937/2280 2306/2963/2306 2305/2962/2305 2282/2939/2282
f 1654/3074/1654 2305/2962/2305 1805/2462/1805 1655/3075/1655
f 2306/2963/2306 1806/2463/1806 1805/2462/1805 2305/2962/2305
f 2280/2937/2280 2279/2936/2279 1838/2495/1838 2306/2963/2306
f 2306/2963/2306 1838/2495/1838 1807/2464/1807 1806/2463/1806
f 1838/2495/1838 2279/2936/2279 2281/2938/2281 1836/2493/1836
f 2281/2938/2281 2278/2935/2278 2307/2964/2307 2308/2965/2308
f 2281/2938/2281 2308/2965/2308 1837/2494/1837 1836/2493/1836
f 2307/2964/2307 2278/2935/2278 2270/2927/2270 2269/2926/2269
f 2307/2964/2307 2269/2926/2269 2271/2928/2271 2309/2966/2309
f 2307/2964/2307 2309/2966/2309 2310/2967/2310 2308/2965/2308
f 1839/2496/1839 1837/2494/1837 2308/2965/2308 2310/2967/2310
f 1839/3130/1839 2310/3208/2310 2311/2968/2311 1870/2527/1870
f 2311/2968/2311 2310/3208/2310 2309/3207/2309 2312/2969/2312
f 2271/3206/2271 2313/2970/2313 2312/2969/2312 2309/3207/2309
f 2271/3206/2271 2268/3205/2268 2314/2971/2314 2313/2970/2313
f 2315/2972/2315 2312/2969/2312 2313/2970/2313 2316/2973/2316
f 2314/2971/2314 2317/2974/2317 2316/2973/2316 2313/2970/2313
f 2311/2968/2311 2312/2969/2312 2315/2972/2315 2318/2975/2318
f 2311/2968/2311 2318/2975/2318 1872/2529/1872 1870/2527/1870
f 1932/2589/1932 1872/2529/1872 2318/2975/2318 2319/2976/2319
f 2315/2972/2315 2320/2977/2320 2319/2976/2319 2318/2975/2318
f 2315/2972/2315 2316/2973/2316 2321/2978/2321 2320/2977/2320
f 2321/2978/2321 2316/2973/2316 2317/2974/2317 2322/2979/2322
f 2314/2971/2314 2255/2912/2255 2257/2914/2257 2317/2974/2317
f 2257/2914/2257 2323/2980/2323 2322/2979/2322 2317/2974/2317
f 2314/2971/2314 2268/3205/2268 2256/2913/2256 2255/2912/2255
f 2321/2978/2321 2322/2979/2322 2324/2981/2324 2325/2982/2325
f 2324/2981/2324 2322/2979/2322 2323/2980/2323 2326/2983/2326
f 2321/2978/2321 2325/2982/2325 2327/2984/2327 2320/2977/2320
f 2328/2985/2328 2319/2976/2319 2320/2977/2320 2327/2984/2327
f 2328/2985/2328 1933/2590/1933 1932/2589/1932 2319/2976/2319
f 1932/2589/1932 1901/2558/1901 1871/2528/1871 1872/2529/1872
f 2328/2985/2328 1965/2622/1965 1934/2591/1934 1933/2590/1933
f 2329/2986/2329 1965/2622/1965 2328/2985/2328 2327/2984/2327
f 2329/2986/2329 2327/2984/2327 2325/2982/2325 2330/2987/2330
f 2324/2981/2324 2331/2988/2331 2330/2987/2330 2325/2982/2325
f 2324/2981/2324 2326/2983/2326 2332/2989/2332 2331/2988/2331
f 2332/2989/2332 2326/2983/2326 2333/2990/2333 2334/2991/2334
f 2335/2992/2335 2333/2990/2333 2326/2983/2326 2323/2980/2323
f 2257/2914/2257 2254/2911/2254 2335/2992/2335 2323/2980/2323
f 2335/2992/2335 2254/2911/2254 2239/2896/2239 2336/2993/2336
f 2335/2992/2335 2336/2993/2336 2337/2994/2337 2333/2990/2333
f 2337/2994/2337 2338/2995/2338 2334/2991/2334 2333/2990/2333
f 2332/2989/2332 2334/2991/2334 2339/2996/2339 2340/2997/2340
f 2339/2996/2339 2334/2991/2334 2338/2995/2338 2341/2998/2341
f 2332/2989/2332 2340/2997/2340 2342/2999/2342 2331/2988/2331
f 2343/3000/2343 2330/2987/2330 2331/2988/2331 2342/2999/2342
f 2343/3000/2343 2344/3001/2344 2329/2986/2329 2330/2987/2330
f 2329/2986/2329 2344/3001/2344 1963/2620/1963 1965/2622/1965
f 2343/3000/2343 2345/3002/2345 1996/3166/1996 2344/3001/2344
f 1964/2621/1964 1963/2620/1963 2344/3001/2344 1996/3166/1996
f 2346/3003/2346 2345/3002/2345 2343/3000/2343 2342/2999/2342
f 2346/3003/2346 2342/2999/2342 2340/2997/2340 2347/3004/2347
f 2339/2996/2339 2348/3005/2348 2347/3004/2347 2340/2997/2340
f 2339/2996/2339 2341/2998/2341 2349/3006/2349 2348/3005/2348
f 2349/3006/2349 2341/2998/2341 2350/3007/2350 2351/3008/2351
f 2237/2894/2237 2350/3007/2350 2341/2998/2341 2338/2995/2338
f 2337/2994/2337 2235/2892/2235 2237/2894/2237 2338/2995/2338
f 2337/2994/2337 2336/2993/2336 2236/2893/2236 2235/2892/2235
f 2238/2895/2238 2236/2893/2236 2336/2993/2336 2239/2896/2239
f 2237/2894/2237 2234/2891/2234 2352/3009/2352 2350/3007/2350
f 2351/3008/2351 2350/3007/2350 2352/3009/2352 2353/3010/2353
f 2349/3006/2349 2351/3008/2351 2354/3011/2354 2355/3012/2355
f 2351/3008/2351 2353/3010/2353 2356/3013/2356 2354/3011/2354
f 2349/3006/2349 2355/3012/2355 2357/3014/2357 2348/3005/2348
f 2358/3015/2358 2347/3004/2347 2348/3005/2348 2357/3014/2357
f 2358/3015/2358 2359/3016/2359 2346/3003/2346 2347/3004/2347
f 2346/3003/2346 2359/3016/2359 2360/3017/2360 2345/3002/2345
f 1995/2652/1995 1996/2653/1996 2345/3209/2345 2360/3217/2360
f 1994/2651/1994 1995/2652/1995 2360/3217/2360 2024/2681/2024
f 2024/3167/2024 2360/3017/2360 2359/3016/2359 2361/3018/2361
f 2358/3215/2358 2362/3019/2362 2361/3218/2361 2359/3216/2359
f 2363/3020/2363 2362/3019/2362 2358/3215/2358 2357/3214/2357
f 2363/3020/2363 2357/3214/2357 2355/3212/2355 2364/3021/2364
f 2355/3212/2355 2354/3211/2354 2365/3022/2365 2364/3021/2364
f 2366/3023/2366 2365/3022/2365 2354/3211/2354 2356/3213/2356
f 2366/3023/2366 2356/3213/2356 2367/3024/2367 2368/3025/2368
f 2353/3210/2353 2369/3026/2369 2367/3024/2367 2356/3213/2356
f 2353/3010/2353 2352/3009/2352 2370/3027/2370 2369/3219/2369
f 2234/2891/2234 2209/2866/2209 2370/3027/2370 2352/3009/2352
f 2369/3219/2369 2370/3027/2370 2371/3028/2371 2372/3029/2372
f 2206/2863/2206 2371/3028/2371 2370/3027/2370 2209/2866/2209
f 2369/3026/2369 2372/3221/2372 2373/3030/2373 2367/3024/2367
f 2373/3030/2373 2374/3031/2374 2368/3025/2368 2367/3024/2367
f 2366/3023/2366 2368/3025/2368 2375/3032/2375 2365/3022/2365
f 2376/3033/2376 2375/3032/2375 2368/3025/2368 2374/3031/2374
f 2377/3034/2377 2364/3021/2364 2365/3022/2365 2375/3032/2375
f 2377/3034/2377 2378/3035/2378 2363/3020/2363 2364/3021/2364
f 2363/3020/2363 2378/3035/2378 2379/3036/2379 2362/3019/2362
f 2380/3037/2380 2361/3218/2361 2362/3019/2362 2379/3036/2379
f 2022/2679/2022 2024/2681/2024 2361/3218/2361 2380/3037/2380
f 2381/3038/2381 2380/3037/2380 2379/3036/2379 2382/3039/2382
f 2381/3038/2381 2023/2680/2023 2022/2679/2022 2380/3037/2380
f 2382/3039/2382 2379/3036/2379 2378/3035/2378 2383/3040/2383
f 2377/3034/2377 2384/3041/2384 2383/3040/2383 2378/3035/2378
f 2376/3033/2376 2384/3041/2384 2377/3034/2377 2375/3032/2375
f 2385/3042/2385 2386/3043/2386 2376/3033/2376 2374/3031/2374
f 2376/3033/2376 2386/3043/2386 2387/3044/2387 2384/3041/2384
f 2385/3042/2385 2374/3031/2374 2373/3030/2373 2388/3045/2388
f 2372/3221/2372 2389/3046/2389 2388/3045/2388 2373/3030/2373
f 2372/3221/2372 2371/3220/2371 2390/3047/2390 2389/3046/2389
f 2390/3047/2390 2371/3220/2371 2206/3189/2206 2207/3190/2207
f 2390/3047/2390 2207/3190/2207 2208/2865/2208 2391/3048/2391
f 2390/3047/2390 2391/3048/2391 2392/3049/2392 2389/3046/2389
f 2393/3050/2393 2388/3045/2388 2389/3046/2389 2392/3049/2392
f 2393/3050/2393 2394/3051/2394 2385/3042/2385 2388/3045/2388
f 2385/3042/2385 2394/3051/2394 2395/3052/2395 2386/3043/2386
f 2114/2771/2114 2387/3044/2387 2386/3043/2386 2395/3052/2395
f 2111/2768/2111 2396/3053/2396 2387/3044/2387 2114/2771/2114
f 2396/3053/2396 2383/3040/2383 2384/3041/2384 2387/3044/2387
f 2079/2736/2079 2382/3039/2382 2383/3040/2383 2396/3053/2396
f 2079/2736/2079 2078/2735/2078 2381/3038/2381 2382/3039/2382
f 2381/3038/2381 2078/2735/2078 2026/2683/2026 2023/2680/2023
f 2111/2768/2111 2080/2737/2080 2079/2736/2079 2396/3053/2396
f 2112/2769/2112 2114/2771/2114 2395/3052/2395 2397/3054/2397
f 2397/3054/2397 2395/3052/2395 2394/3051/2394 2398/3055/2398
f 2393/3050/2393 2392/3049/2392 2398/3055/2398 2394/3051/2394
f 2399/3056/2399 2398/3055/2398 2392/3049/2392 2391/3048/2391
f 2145/2802/2145 2399/3056/2399 2391/3048/2391 2208/2865/2208
f 2177/3183/2177 2146/2803/2146 2145/2802/2145 2208/2865/2208
f 2145/2802/2145 2144/2801/2144 2400/3057/2400 2399/3056/2399
f 2400/3057/2400 2397/3054/2397 2398/3055/2398 2399/3056/2399
f 2400/3057/2400 2113/2770/2113 2112/2769/2112 2397/3054/2397
f 2400/3057/2400 2144/2801/2144 2115/2772/2115 2113/2770/2113
f 2189/2846/2189 2188/2845/2188 2185/2842/2185 2184/2841/2184
f 2186/2843/2186 2185/2842/2185 2188/2845/2188 2187/2844/2187
f 1772/2429/1772 1679/2336/1679 1680/2337/1680 1693/2350/1693
f 1772/2429/1772 1773/2430/1773 1678/2335/1678 1679/2336/1679
f 1772/2429/1772 1693/2350/1693 1774/2431/1774 1773/2430/1773
f 1676/3086/1676 1675/2332/1675 1774/2431/1774 1693/2350/1693
f 1674/2331/1674 1677/2334/1677 1774/2431/1774 1675/2332/1675
f 1773/2430/1773 1774/2431/1774 1677/2334/1677 1678/2335/1678
o Earrings
usemtl Earrings
v -0.56550109 0.000116486 -0.06794804
v -0.56862497 0.024547003 -0.07910574
v -0.55296504 0.045281101 -0.04691508
v -0.55555904 0.003604095 -0.04556151
v -0.56775993 -0.03156714 -0.04847545
v -0.5790574 -0.02399099 -0.0773255
v -0.58928025 -0.00375484 -0.09975476
v -0.60723817 0.025341337 -0.11900242
v -0.58388877 0.063221402 -0.0947741
v -0.56709456 0.093691512 -0.05094207
v -0.56348193 0.107006214 0.005985735
v -0.54502743 0.055605899 -0.00159963
v -0.54598546 0.005803695 -0.01190819
v -0.55891395 -0.03054386 -0.01683007
v -0.58937818 -0.06355646 -0.04860715
v -0.60468805 -0.0543254 -0.0823762
v -0.57796133 -0.06113862 -0.01245476
v -0.61884028 -0.03469198 -0.1076607
v -0.63523084 -0.0099764 -0.12671509
v -0.66073996 0.011557369 -0.13850364
v -0.63707024 0.053008861 -0.13328952
v -0.61564416 0.094146393 -0.10918581
v -0.60225987 0.132462456 -0.06238201
v -0.60723716 0.151696160 0.011707876
v -0.62344635 0.139041915 0.074537508
v -0.5736984 0.095599137 0.064482070
v -0.55061954 0.044994358 0.046281591
v -0.54778332 -0.00213433 0.022052915
v -0.55533963 -0.02778022 0.007838469
v -0.56797814 -0.04887623 0.020590212
v -0.60556531 -0.08748495 -0.0041744
v -0.61923259 -0.08916852 -0.04387917
v -0.59684205 -0.07612396 0.035896539
v -0.64017367 -0.08044144 -0.08019491
v -0.65934128 -0.06268186 -0.10657727
v -0.67105991 -0.03707599 -0.12586926
v -0.68077719 -0.0134305 -0.13706212
v -0.72884351 -0.00907726 -0.13369435
v -0.70312834 0.028062284 -0.14384554
v -0.67488933 0.072384774 -0.13949832
v -0.65603262 0.113954000 -0.11684147
v -0.6502499 0.150414854 -0.07646623
v -0.66547322 0.177139967 -0.01033602
v -0.69069171 0.164016336 0.062886148
v -0.64018625 0.092550829 0.125568896
v -0.59167963 0.053269859 0.109380692
v -0.71247995 0.115934297 0.117897614
v -0.56992352 0.013494825 0.083145238
v -0.56400639 -0.02393337 0.052430294
v -0.59565359 -0.05286543 0.074845053
v -0.63410139 -0.0964926 0.044160816
v -0.63806081 -0.1053335 0.003143431
v -0.63720971 -0.07356049 0.087889969
v -0.64952224 -0.10615213 -0.03623394
v -0.68118769 -0.09926554 -0.06563743
v -0.71951765 -0.07955758 -0.08967198
v -0.73640156 -0.04558304 -0.11259183
v -0.80033267 -0.03034115 -0.07282329
v -0.79131371 0.014546959 -0.1035738
v -0.75103754 0.045695189 -0.13068512
v -0.71483183 0.085414275 -0.1315808
v -0.69533902 0.126410290 -0.11372533
v -0.68545675 0.149719402 -0.08562385
v -0.71597993 0.171416729 -0.04158878
v -0.75193465 0.162366077 0.027849786
v -0.77877915 0.115642964 0.079815030
v -0.72168863 0.048397626 0.142803177
v -0.65153009 0.028764285 0.143625706
v -0.78461683 0.049573350 0.109264239
v -0.60963607 0.010023448 0.124476313
v -0.60189533 -0.02154699 0.107232794
v -0.64739484 -0.02984609 0.128482520
v -0.6809715 -0.08061501 0.092913024
v -0.67295527 -0.10567439 0.047344334
v -0.70846695 -0.02471966 0.13491337
v -0.673841 -0.11362436 0.007705161
v -0.67627138 -0.11333104 -0.02562465
v -0.71755254 -0.10934073 -0.03362374
v -0.77380651 -0.07876318 -0.04629708
v -0.8329348 0.000272394 -0.00528037
v -0.82709569 0.055777959 -0.04042853
v -0.8027876 -0.06372231 0.013981784
v -0.79364556 0.090854644 -0.08400492
v -0.75500637 0.104733191 -0.10988278
v -0.74581963 0.143308296 -0.07883588
v -0.78888077 0.138362214 -0.02133903
v -0.81845355 0.093884959 0.024807030
v -0.82347614 0.030416933 0.059801973
v -0.76247758 -0.02774026 0.113258935
v -0.79564625 -0.04345565 0.074153214
v -0.7198326 -0.08005837 0.088912338
v -0.7317574 -0.09767438 0.058035992
v -0.73672432 -0.10737503 0.014840599
v 0.555559039 0.003604095 -0.04556151
v 0.552965045 0.045281101 -0.04691508
v 0.568624973 0.024547003 -0.07910574
v 0.565501093 0.000116486 -0.06794804
v 0.579057395 -0.02399099 -0.0773255
v 0.567759931 -0.03156714 -0.04847545
v 0.589280247 -0.00375484 -0.09975476
v 0.545985460 0.005803695 -0.01190819
v 0.545027434 0.055605899 -0.00159963
v 0.558913946 -0.03054386 -0.01683007
v 0.563481926 0.107006214 0.005985735
v 0.567094564 0.093691512 -0.05094207
v 0.583888769 0.063221402 -0.0947741
v 0.607238173 0.025341337 -0.11900242
v 0.618840277 -0.03469198 -0.1076607
v 0.604688048 -0.0543254 -0.0823762
v 0.635230839 -0.0099764 -0.12671509
v 0.589378178 -0.06355646 -0.04860715
v 0.577961325 -0.06113862 -0.01245476
v 0.567978143 -0.04887623 0.020590212
v 0.555339634 -0.02778022 0.007838469
v 0.547783315 -0.00213433 0.022052915
v 0.550619542 0.044994358 0.046281591
v 0.573698401 0.095599137 0.064482070
v 0.607237160 0.151696160 0.011707876
v 0.602259874 0.132462456 -0.06238201
v 0.623446345 0.139041915 0.074537508
v 0.615644156 0.094146393 -0.10918581
v 0.637070238 0.053008861 -0.13328952
v 0.660739958 0.011557369 -0.13850364
v 0.671059906 -0.03707599 -0.12586926
v 0.680777192 -0.0134305 -0.13706212
v 0.659341275 -0.06268186 -0.10657727
v 0.640173673 -0.08044144 -0.08019491
v 0.619232595 -0.08916852 -0.04387917
v 0.605565309 -0.08748495 -0.0041744
v 0.596842050 -0.07612396 0.035896539
v 0.564006388 -0.02393337 0.052430294
v 0.595653593 -0.05286543 0.074845053
v 0.569923520 0.013494825 0.083145238
v 0.591679632 0.053269859 0.109380692
v 0.640186250 0.092550829 0.125568896
v 0.690691709 0.164016336 0.062886148
v 0.665473222 0.177139967 -0.01033602
v 0.712479949 0.115934297 0.117897614
v 0.650249898 0.150414854 -0.07646623
v 0.656032621 0.113954000 -0.11684147
v 0.674889326 0.072384774 -0.13949832
v 0.703128337 0.028062284 -0.14384554
v 0.728843510 -0.00907726 -0.13369435
v 0.736401557 -0.04558304 -0.11259183
v 0.719517648 -0.07955758 -0.08967198
v 0.681187689 -0.09926554 -0.06563743
v 0.649522244 -0.10615213 -0.03623394
v 0.638060808 -0.1053335 0.003143431
v 0.634101390 -0.0964926 0.044160816
v 0.637209713 -0.07356049 0.087889969
v 0.647394835 -0.02984609 0.128482520
v 0.601895332 -0.02154699 0.107232794
v 0.609636068 0.010023448 0.124476313
v 0.651530087 0.028764285 0.143625706
v 0.721688628 0.048397626 0.142803177
v 0.778779149 0.115642964 0.079815030
v 0.751934647 0.162366077 0.027849786
v 0.784616828 0.049573350 0.109264239
v 0.715979933 0.171416729 -0.04158878
v 0.685456752 0.149719402 -0.08562385
v 0.695339024 0.126410290 -0.11372533
v 0.714831829 0.085414275 -0.1315808
v 0.751037538 0.045695189 -0.13068512
v 0.791313707 0.014546959 -0.1035738
v 0.800332665 -0.03034115 -0.07282329
v 0.773806512 -0.07876318 -0.04629708
v 0.717552542 -0.10934073 -0.03362374
v 0.676271379 -0.11333104 -0.02562465
v 0.673840999 -0.11362436 0.007705161
v 0.672955274 -0.10567439 0.047344334
v 0.680971503 -0.08061501 0.092913024
v 0.708466947 -0.02471966 0.13491337
v 0.762477576 -0.02774026 0.113258935
v 0.823476135 0.030416933 0.059801973
v 0.818453550 0.093884959 0.024807030
v 0.795646250 -0.04345565 0.074153214
v 0.788880765 0.138362214 -0.02133903
v 0.745819628 0.143308296 -0.07883588
v 0.755006372 0.104733191 -0.10988278
v 0.793645560 0.090854644 -0.08400492
v 0.827095687 0.055777959 -0.04042853
v 0.832934796 0.000272394 -0.00528037
v 0.802787601 -0.06372231 0.013981784
v 0.736724317 -0.10737503 0.014840599
v 0.731757402 -0.09767438 0.058035992
v 0.719832599 -0.08005837 0.088912338
vn 0.870965123 -0.18093818 -0.45681626
vn 0.829629957 0.021179443 -0.55791181
vn 0.938876032 0.148564830 -0.31054839
vn 0.943719923 -0.14947447 -0.29504272
vn 0.840900898 -0.43252248 -0.32528451
vn 0.751342356 -0.38318238 -0.53726709
vn 0.664941072 -0.20810056 -0.71731979
vn 0.552506089 -0.0219421 -0.83321995
vn 0.720480203 0.234687089 -0.65255666
vn 0.820748746 0.457402467 -0.34227845
vn 0.835275173 0.547358632 0.052095972
vn 0.981997489 0.188818678 -0.00534059
vn 0.988585710 -0.11868282 -0.09280393
vn 0.891437232 -0.42489225 -0.15749973
vn 0.679073929 -0.65469992 -0.33200395
vn 0.568491816 -0.58513683 -0.57830101
vn 0.744679093 -0.66027564 -0.09741171
vn 0.462784767 -0.44244584 -0.76816142
vn 0.370215743 -0.26958916 -0.8889668
vn 0.182594880 -0.10955968 -0.97706485
vn 0.358597606 0.128728926 -0.92457378
vn 0.523844420 0.431252300 -0.73458046
vn 0.589716136 0.713042855 -0.3792159
vn 0.543630063 0.837708592 0.052064947
vn 0.427570849 0.746127903 0.510368824
vn 0.770282447 0.451610148 0.450236827
vn 0.940581381 0.109073258 0.321573823
vn 0.966336131 -0.1717831 0.191533774
vn 0.909695982 -0.41305551 0.042878516
vn 0.795613229 -0.5824554 0.166569128
vn 0.582929670 -0.81224978 -0.02105697
vn 0.485455781 -0.81774539 -0.30923325
vn 0.622851669 -0.73712087 0.262123227
vn 0.307625502 -0.75594831 -0.57784832
vn 0.144598722 -0.63382852 -0.75983733
vn 0.052979689 -0.49660841 -0.86635631
vn 0.005706985 -0.32962176 -0.94409585
vn -0.34006387 -0.29639238 -0.8924731
vn -0.14010422 -0.01605202 -0.99000669
vn 0.079440049 0.245644629 -0.96609944
vn 0.264599829 0.548213005 -0.79337853
vn 0.322817891 0.839454650 -0.43715492
vn 0.187231048 0.982177197 -0.01651001
vn -0.00466917 0.900384366 0.435070335
vn 0.289804697 0.468094408 0.834805965
vn 0.660511076 0.230689048 0.714498221
vn -0.15701154 0.586102724 0.794878006
vn 0.835530459 -0.09750304 0.540723562
vn 0.842210173 -0.36291111 0.398719996
vn 0.627902150 -0.57377672 0.525850892
vn 0.376073569 -0.86387777 0.335087865
vn 0.373603552 -0.92622894 0.050202403
vn 0.308664321 -0.70211816 0.641682446
vn 0.265422463 -0.93015569 -0.25369546
vn -0.01943987 -0.87033868 -0.4920699
vn -0.24874908 -0.73257536 -0.63360673
vn -0.36764714 -0.53622711 -0.75980002
vn -0.76077032 -0.42095816 -0.49398652
vn -0.72527802 -0.11123615 -0.67941028
vn -0.520787 0.122471846 -0.84485596
vn -0.25131503 0.370529323 -0.89417493
vn -0.08511467 0.660642981 -0.74585956
vn 0.030548691 0.857957422 -0.51281178
vn -0.18597616 0.962472796 -0.197634
vn -0.42193529 0.883295655 0.204351559
vn -0.59988862 0.575156211 0.556173563
vn -0.22885358 0.122624583 0.965706706
vn 0.175329774 0.052705749 0.983097970
vn -0.63791889 0.116735123 0.761204540
vn 0.519119381 -0.04791255 0.853357732
vn 0.598189353 -0.3518959 0.719957470
vn 0.200052559 -0.40787503 0.890851855
vn 0.003814747 -0.72889978 0.68460989
vn 0.064638651 -0.93323398 0.353406786
vn -0.15722619 -0.35842809 0.920222401
vn 0.032532408 -0.99358147 0.108339637
vn 0.025177441 -0.99333423 -0.11248633
vn -0.30023643 -0.92939627 -0.21466386
vn -0.59527397 -0.72933728 -0.33721817
vn -0.97262132 -0.22009178 -0.07461514
vn -0.93908846 0.161595776 -0.30331472
vn -0.76769358 -0.63759828 0.064149357
vn -0.75429273 0.389655023 -0.52840471
vn -0.4932214 0.513836264 -0.70192957
vn -0.42028862 0.771508932 -0.47763124
vn -0.71292448 0.686120331 -0.1448371
vn -0.89796752 0.414618849 0.147463440
vn -0.92279845 -0.01232921 0.385085851
vn -0.49908096 -0.36578113 0.785571396
vn -0.73296648 -0.49163502 0.470165103
vn -0.26092646 -0.71008617 0.653984010
vn -0.35220206 -0.84057307 0.411571085
vn -0.38843039 -0.91428232 0.114933490
vn -0.9437201 -0.14947422 -0.29504222
vn -0.93887633 0.148564577 -0.31054789
vn -0.82962203 0.021179888 -0.5579235
vn -0.8709662 -0.18093757 -0.45681474
vn -0.75134575 -0.38318023 -0.53726405
vn -0.84090233 -0.43252075 -0.32528317
vn -0.66494673 -0.20809911 -0.71731484
vn -0.98858571 -0.11868278 -0.09280389
vn -0.98199755 0.188818588 -0.00534059
vn -0.89143801 -0.42489102 -0.15749928
vn -0.83527666 0.547356367 0.052095755
vn -0.82074064 0.457411885 -0.34228551
vn -0.72046965 0.234690815 -0.65256703
vn -0.55251563 -0.02194193 -0.83321369
vn -0.46277368 -0.44244877 -0.76816648
vn -0.56848007 -0.58514267 -0.57830673
vn -0.370206 -0.26959029 -0.88897049
vn -0.67907923 -0.65469563 -0.33200178
vn -0.74468267 -0.66027188 -0.09741116
vn -0.79560435 -0.5824666 0.166572347
vn -0.90969634 -0.41305444 0.042878404
vn -0.96633613 -0.17178291 0.191533565
vn -0.94058162 0.109073080 0.321573287
vn -0.77027297 0.451618313 0.450244993
vn -0.54361844 0.837716162 0.052065420
vn -0.58972436 0.713037669 -0.37921315
vn -0.42758515 0.746122360 0.510365009
vn -0.5238328 0.431255877 -0.7345866
vn -0.35858807 0.128729432 -0.92457741
vn -0.18261899 -0.10955919 -0.97706044
vn -0.05297808 -0.49660847 -0.86635637
vn -0.00570681 -0.32962176 -0.94409585
vn -0.1445944 -0.63382888 -0.75983781
vn -0.30764467 -0.75594348 -0.57784462
vn -0.48546779 -0.81773919 -0.30923089
vn -0.58291793 -0.81225818 -0.02105719
vn -0.6228587 -0.73711562 0.262121349
vn -0.84221154 -0.36290964 0.398718386
vn -0.62789059 -0.57378364 0.525857210
vn -0.83553201 -0.09750264 0.540721297
vn -0.66051698 0.230687484 0.714493393
vn -0.28982455 0.468091428 0.834800720
vn 0.004669315 0.900384366 0.435070335
vn -0.18722554 0.982178270 -0.01651003
vn 0.157016217 0.586102306 0.794877409
vn -0.32280904 0.839457333 -0.43715632
vn -0.26462069 0.548209726 -0.79337382
vn -0.07943764 0.245644658 -0.96609956
vn 0.140108406 -0.01605201 -0.99000609
vn 0.340073049 -0.29639134 -0.89247
vn 0.367656856 -0.53622496 -0.75979698
vn 0.248727530 -0.73257947 -0.63361025
vn 0.019440466 -0.87033868 -0.4920699
vn -0.2654433 -0.93015015 -0.25369397
vn -0.37359375 -0.92623293 0.050202619
vn -0.37606373 -0.86388153 0.335089325
vn -0.30868343 -0.70211363 0.641678333
vn -0.20007598 -0.40787303 0.890847504
vn -0.59819728 -0.35189334 0.719952225
vn -0.51910782 -0.04791295 0.853364884
vn -0.17532459 0.052705798 0.983098924
vn 0.228831276 0.122625239 0.965711891
vn 0.599880814 0.575160443 0.556177675
vn 0.421920746 0.883302152 0.204353079
vn 0.637930452 0.116733670 0.761195123
vn 0.185981631 0.962471783 -0.19763379
vn -0.03054776 0.857957422 -0.51281178
vn 0.085117243 0.660642802 -0.74585938
vn 0.251322209 0.370528608 -0.89417326
vn 0.520798564 0.122470825 -0.84484893
vn 0.725274086 -0.11123684 -0.67941445
vn 0.760767340 -0.42096052 -0.49398926
vn 0.595285773 -0.72932941 -0.33721453
vn 0.300244778 -0.92939371 -0.21466328
vn -0.02517667 -0.99333423 -0.11248633
vn -0.03253142 -0.99358147 0.108339637
vn -0.06463668 -0.9332341 0.353406816
vn -0.00381463 -0.72889978 0.68460989
vn 0.157230868 -0.35842785 0.920221746
vn 0.499069482 -0.3657839 0.785577416
vn 0.922798156 -0.01232924 0.385086715
vn 0.897966980 0.414620041 0.147463858
vn 0.732962667 -0.49163795 0.470167905
vn 0.712935149 0.686109662 -0.14483486
vn 0.420274049 0.771514654 -0.47763476
vn 0.493209689 0.513840198 -0.70193487
vn 0.754289448 0.389657229 -0.52840763
vn 0.939088225 0.161596044 -0.30331522
vn 0.972621321 -0.22009195 -0.0746152
vn 0.767690658 -0.63760173 0.064149700
vn 0.388440489 -0.91427821 0.114932969
vn 0.352211475 -0.84056985 0.411569505
vn 0.260933876 -0.71008468 0.653982698
vt 0.448862373 0.708520650
vt 0.474673986 0.701611280
vt 0.484452992 0.735275447
vt 0.449372738 0.733380556
vt 0.420388072 0.730068266
vt 0.428494691 0.700453877
vt 0.453990429 0.677147388
vt 0.492094397 0.659593582
vt 0.518239200 0.694390595
vt 0.532677173 0.735157609
vt 0.535732209 0.788315475
vt 0.487101405 0.776506483
vt 0.445064127 0.766131341
vt 0.417892336 0.758932590
vt 0.391444563 0.729631841
vt 0.403893053 0.694072067
vt 0.390773683 0.769702911
vt 0.419643670 0.669135451
vt 0.533737719 0.389495670
vt 0.506333828 0.36345613
vt 0.535690248 0.340889990
vt 0.565166592 0.682575106
vt 0.583576619 0.732544660
vt 0.593572139 0.800384283
vt 0.579486608 0.858765184
vt 0.525789916 0.841690182
vt 0.475504308 0.821187377
vt 0.438558697 0.799568355
vt 0.417476624 0.785560846
vt 0.399848401 0.801186204
vt 0.362474441 0.786378979
vt 0.361278772 0.743076682
vt 0.380593389 0.833115160
vt 0.551945626 0.475497782
vt 0.531439542 0.444553554
vt 0.516593933 0.413211703
vt 0.498722940 0.389680445
vt 0.460182488 0.396790325
vt 0.463386923 0.355840683
vt 0.583056807 0.641584038
vt 0.608934700 0.681051492
vt 0.631756484 0.723366498
vt 0.651765704 0.790708184
vt 0.644830942 0.864091098
vt 0.542954444 0.919355392
vt 0.493720531 0.887478709
vt 0.609863519 0.935072600
vt 0.453975081 0.862600028
vt 0.421618551 0.835901379
vt 0.397608786 0.878998756
vt 0.364742815 0.865053951
vt 0.349293708 0.806165695
vt 0.374514460 0.919697105
vt 0.547655820 0.525518894
vt 0.521727502 0.500141859
vt 0.492218881 0.469509899
vt 0.471260041 0.432206928
vt 0.410249680 0.457864284
vt 0.396588534 0.409403801
vt 0.409659326 0.366409003
vt 0.399287462 0.323756039
vt 0.650054514 0.680924654
vt 0.659514188 0.71778965
vt 0.699436128 0.771983504
vt 0.709877848 0.862048864
vt 0.674973785 0.943165838
vt 0.547833621 0.995333254
vt 0.493243813 0.950003862
vt 0.615470409 0.999331474
vt 0.460301488 0.916349411
vt 0.432490706 0.902127265
vt 0.429366111 0.941980361
vt 0.457944333 0.643872618
vt 0.494229018 0.605259537
vt 0.458570241 0.994667649
vt 0.509603023 0.573193788
vt 0.523813843 0.541937708
vt 0.490139305 0.529845714
vt 0.445374041 0.500860333
vt 0.347054600 0.496176540
vt 0.328733027 0.441050231
vt 0.397327125 0.538355648
vt 0.334631860 0.378294348
vt 0.355993241 0.344180941
vt 0.316434979 0.324443519
vt 0.263382285 0.405100762
vt 0.262105375 0.469582974
vt 0.300681471 0.537156105
vt 0.350822448 0.621131658
vt 0.363768756 0.583057463
vt 0.423083275 0.630557656
vt 0.438788831 0.603431403
vt 0.461085766 0.570073604
vt 0.078975692 0.694469332
vt 0.081499144 0.727516114
vt 0.051609680 0.723860383
vt 0.059470828 0.700875401
vt 0.046989556 0.687015771
vt 0.075966477 0.668339014
vt 0.026664687 0.715999186
vt 0.114517904 0.691363334
vt 0.125312015 0.729159414
vt 0.111662216 0.661844730
vt 0.134899973 0.774624764
vt 0.086126469 0.776816070
vt 0.042526025 0.768640041
vt 0.010823743 0.755116820
vt 0.079015545 0.303510844
vt 0.106599777 0.328796267
vt 0.052216228 0.278434157
vt 0.138016402 0.350369870
vt 0.117961376 0.639455914
vt 0.151892662 0.645066618
vt 0.137282088 0.662692308
vt 0.148291409 0.681165456
vt 0.171352103 0.717897355
vt 0.188779845 0.767023086
vt 0.150664150 0.829725027
vt 0.083286032 0.828715682
vt 0.209838539 0.823910951
vt 0.040447548 0.815084576
vt 0.004019912 0.802539467
vt 0.036648772 0.242505669
vt 0.075989209 0.258967280
vt 0.060547310 0.238109469
vt 0.104401513 0.282783389
vt 0.131721317 0.304934978
vt 0.165219873 0.330669164
vt 0.200835719 0.348080277
vt 0.175369426 0.619781136
vt 0.183545649 0.664779841
vt 0.219570979 0.650747299
vt 0.213151201 0.699752926
vt 0.238942593 0.738920688
vt 0.263765394 0.792847037
vt 0.224409773 0.890815436
vt 0.145681440 0.892274498
vt 0.292354494 0.858078837
vt 0.082482621 0.879096448
vt 0.035848788 0.860067129
vt 0.000817102 0.848401606
vt 0.037880305 0.192001998
vt 0.073097281 0.197219073
vt 0.106567412 0.212945163
vt 0.137025624 0.240307569
vt 0.159505188 0.279302895
vt 0.186030268 0.311341047
vt 0.221366778 0.324052870
vt 0.259525477 0.322158753
vt 0.259785771 0.639022707
vt 0.314734429 0.669212162
vt 0.258330732 0.680496215
vt 0.266809791 0.712618351
vt 0.304522573 0.740888953
vt 0.341510355 0.805374920
vt 0.309003353 0.944687545
vt 0.213230013 0.946465075
vt 0.352240085 0.880096614
vt 0.128111362 0.944281697
vt 0.079743214 0.907854139
vt 0.047736290 0.909236908
vt 0.007973448 0.89498806
vt 0.054940074 0.140526354
vt 0.104248017 0.140853047
vt 0.148850008 0.153556585
vt 0.182980209 0.198376774
vt 0.196766331 0.255809068
vt 0.203681692 0.291986227
vt 0.233339652 0.296965777
vt 0.269262611 0.288582742
vt 0.323956608 0.250405788
vt 0.359688758 0.207436442
vt 0.328707724 0.163951337
vt 0.256309151 0.071166873
vt 0.202292203 0.017908632
vt 0.283957928 0.148225665
vt 0.174454048 0.999638199
vt 0.091210164 0.964908599
vt 0.040302507 0.947774767
vt 0.085628867 0.075129032
vt 0.148368790 0.066333174
vt 0.200667172 0.106704473
vt 0.236081972 0.165266931
vt 0.238608941 0.239080548
vt 0.278258949 0.236244559
vt 0.306595623 0.223887920
vt 0.553900003 0.366236865
vt 0.557785153 0.420082926
vt 0.577090680 0.394249200
vt 0.537032663 0.647248089
vt 0.589029371 0.487026095
vt 0.574299216 0.451504349
vt 0.570003747 0.513360679
vt 0.548765480 0.611212372
vt 0.584418416 0.602246522
vt 0.544184625 0.568870067
vt 0.571605682 0.551914513
vt 0.441256254 0.316793322
vt 0.625167369 0.641501307
vt 0.498466670 0.647103607
vt 0.526602864 0.608809590
vt 0.378006637 0.961903393
vt 0.362345635 0.302219629
vt 0.707849204 0.719400882
vt 0.195980459 0.420841932
vt 0.263865292 0.339215278
vt 0.221288085 0.518116474
vt 0.264317959 0.585791707
vt 0.287317007 0.645696520
vt 0.368729412 0.680028915
vt 0.052131675 0.317864716
vt 0.080630980 0.342135787
vt 0.022178201 0.284011602
vt 0.105118326 0.361826837
vt 0.084824629 0.638861537
vt 0.003205347 0.239735007
vt 0.170312732 0.365898728
vt 0.139626175 0.615161180
vt 0.000411536 0.188228607
vt 0.239608943 0.356045484
vt 0.228785187 0.611801683
vt 0.013016117 0.14076823
vt 0.305406451 0.305839180
vt 0.356497794 0.276230633
vt 0.348095804 0.726426243
vt 0.376314282 0.124753296
vt 0.321720629 0.069937706
vt 0.274067640 0.000965297
vt 0.251674711 0.997066378
vt 0.036429178 0.088524162
vt 0.118662484 0.006350398
vt 0.044848680 0.045161604
s 1
f 2401/3222/2401 2402/3223/2402 2403/3224/2403 2404/3225/2404
f 2401/3222/2401 2404/3225/2404 2405/3226/2405 2406/3227/2406
f 2401/3222/2401 2406/3227/2406 2407/3228/2407 2402/3223/2402
f 2408/3229/2408 2409/3230/2409 2402/3223/2402 2407/3228/2407
f 2410/3231/2410 2403/3224/2403 2402/3223/2402 2409/3230/2409
f 2410/3231/2410 2411/3232/2411 2412/3233/2412 2403/3224/2403
f 2412/3233/2412 2413/3234/2413 2404/3225/2404 2403/3224/2403
f 2413/3234/2413 2414/3235/2414 2405/3226/2405 2404/3225/2404
f 2415/3236/2415 2416/3237/2416 2406/3227/2406 2405/3226/2405
f 2415/3236/2415 2405/3226/2405 2414/3235/2414 2417/3238/2417
f 2416/3237/2416 2418/3239/2418 2407/3228/2407 2406/3227/2406
f 2418/3409/2418 2419/3240/2419 2408/3408/2408 2407/3410/2407
f 2408/3408/2408 2419/3240/2419 2420/3241/2420 2421/3242/2421
f 2408/3229/2408 2421/3411/2421 2422/3243/2422 2409/3230/2409
f 2422/3243/2422 2423/3244/2423 2410/3231/2410 2409/3230/2409
f 2410/3231/2410 2423/3244/2423 2424/3245/2424 2411/3232/2411
f 2424/3245/2424 2425/3246/2425 2426/3247/2426 2411/3232/2411
f 2426/3247/2426 2427/3248/2427 2412/3233/2412 2411/3232/2411
f 2427/3248/2427 2428/3249/2428 2413/3234/2413 2412/3233/2412
f 2429/3250/2429 2414/3235/2414 2413/3234/2413 2428/3249/2428
f 2429/3250/2429 2430/3251/2430 2417/3238/2417 2414/3235/2414
f 2415/3236/2415 2417/3238/2417 2431/3252/2431 2432/3253/2432
f 2431/3252/2431 2417/3238/2417 2430/3251/2430 2433/3254/2433
f 2434/3255/2434 2416/3413/2416 2415/3412/2415 2432/3414/2432
f 2434/3255/2434 2435/3256/2435 2418/3409/2418 2416/3413/2416
f 2418/3409/2418 2435/3256/2435 2436/3257/2436 2419/3240/2419
f 2437/3258/2437 2420/3241/2420 2419/3240/2419 2436/3257/2436
f 2437/3258/2437 2438/3259/2438 2439/3260/2439 2420/3241/2420
f 2440/3261/2440 2421/3411/2421 2420/3415/2420 2439/3416/2439
f 2422/3243/2422 2421/3411/2421 2440/3261/2440 2441/3262/2441
f 2422/3243/2422 2441/3262/2441 2442/3263/2442 2423/3244/2423
f 2424/3245/2424 2423/3244/2423 2442/3263/2442 2443/3264/2443
f 2424/3245/2424 2443/3264/2443 2444/3265/2444 2425/3246/2425
f 2426/3247/2426 2425/3246/2425 2445/3266/2445 2446/3267/2446
f 2425/3246/2425 2444/3265/2444 2447/3268/2447 2445/3266/2445
f 2426/3247/2426 2446/3267/2446 2448/3269/2448 2427/3248/2427
f 2427/3248/2427 2448/3269/2448 2449/3270/2449 2428/3249/2428
f 2429/3250/2429 2428/3249/2428 2449/3270/2449 2430/3251/2430
f 2450/3271/2450 2433/3254/2433 2430/3251/2430 2449/3270/2449
f 2431/3252/2431 2433/3254/2433 2451/3272/2451 2452/3273/2452
f 2451/3272/2451 2433/3254/2433 2450/3271/2450 2453/3274/2453
f 2431/3418/2431 2452/3417/2452 2454/3275/2454 2432/3414/2432
f 2434/3255/2434 2432/3414/2432 2454/3275/2454 2455/3276/2455
f 2456/3277/2456 2435/3256/2435 2434/3255/2434 2455/3276/2455
f 2456/3277/2456 2457/3278/2457 2436/3257/2436 2435/3256/2435
f 2437/3258/2437 2436/3257/2436 2457/3278/2457 2438/3259/2438
f 2458/3279/2458 2459/3280/2459 2438/3259/2438 2457/3278/2457
f 2459/3280/2459 2460/3281/2460 2439/3260/2439 2438/3259/2438
f 2440/3419/2440 2439/3260/2439 2460/3281/2460 2461/3282/2461
f 2440/3261/2440 2461/3420/2461 2462/3283/2462 2441/3262/2441
f 2463/3284/2463 2442/3263/2442 2441/3262/2441 2462/3283/2462
f 2463/3284/2463 2464/3285/2464 2443/3264/2443 2442/3263/2442
f 2465/3286/2465 2444/3265/2444 2443/3264/2443 2464/3285/2464
f 2465/3286/2465 2466/3287/2466 2447/3268/2447 2444/3265/2444
f 2467/3288/2467 2468/3289/2468 2445/3266/2445 2447/3268/2447
f 2467/3288/2467 2447/3268/2447 2466/3287/2466 2469/3290/2469
f 2470/3291/2470 2446/3267/2446 2445/3266/2445 2468/3289/2468
f 2470/3291/2470 2471/3292/2471 2448/3269/2448 2446/3267/2446
f 2450/3271/2450 2449/3270/2449 2448/3269/2448 2471/3292/2471
f 2450/3271/2450 2471/3292/2471 2472/3293/2472 2453/3274/2453
f 2451/3422/2451 2453/3421/2453 2473/3294/2473 2474/3295/2474
f 2453/3274/2453 2472/3293/2472 2475/3296/2475 2473/3423/2473
f 2451/3422/2451 2474/3295/2474 2476/3297/2476 2452/3417/2452
f 2477/3298/2477 2454/3275/2454 2452/3417/2452 2476/3297/2476
f 2477/3298/2477 2478/3299/2478 2455/3276/2455 2454/3275/2454
f 2479/3300/2479 2456/3277/2456 2455/3276/2455 2478/3299/2478
f 2479/3300/2479 2458/3279/2458 2457/3278/2457 2456/3277/2456
f 2480/3301/2480 2481/3302/2481 2459/3280/2459 2458/3279/2458
f 2480/3301/2480 2458/3279/2458 2479/3300/2479 2482/3303/2482
f 2459/3280/2459 2481/3302/2481 2483/3304/2483 2460/3281/2460
f 2484/3305/2484 2461/3282/2461 2460/3281/2460 2483/3304/2483
f 2485/3306/2485 2462/3424/2462 2461/3282/2461 2484/3305/2484
f 2463/3284/2463 2462/3283/2462 2485/3425/2485 2464/3285/2464
f 2485/3306/2485 2486/3307/2486 2465/3426/2465 2464/3427/2464
f 2465/3426/2465 2486/3307/2486 2487/3308/2487 2466/3428/2466
f 2487/3308/2487 2488/3309/2488 2469/3429/2469 2466/3428/2466
f 2475/3431/2475 2467/3430/2467 2469/3429/2469 2489/3310/2489
f 2489/3310/2489 2469/3429/2469 2488/3309/2488 2490/3311/2490
f 2475/3296/2475 2472/3293/2472 2468/3289/2468 2467/3288/2467
f 2470/3291/2470 2468/3289/2468 2472/3293/2472 2471/3292/2471
f 2475/3431/2475 2489/3310/2489 2491/3312/2491 2473/3294/2473
f 2491/3312/2491 2492/3313/2492 2474/3295/2474 2473/3294/2473
f 2474/3295/2474 2492/3313/2492 2493/3314/2493 2476/3297/2476
f 2477/3298/2477 2476/3297/2476 2493/3314/2493 2478/3299/2478
f 2479/3300/2479 2478/3299/2478 2493/3314/2493 2482/3303/2482
f 2480/3301/2480 2482/3303/2482 2490/3311/2490 2488/3309/2488
f 2490/3311/2490 2482/3303/2482 2493/3314/2493 2492/3313/2492
f 2487/3308/2487 2481/3302/2481 2480/3301/2480 2488/3309/2488
f 2487/3308/2487 2486/3307/2486 2483/3304/2483 2481/3302/2481
f 2485/3306/2485 2484/3305/2484 2483/3304/2483 2486/3307/2486
f 2489/3310/2489 2490/3311/2490 2492/3313/2492 2491/3312/2491
f 2494/3315/2494 2495/3316/2495 2496/3317/2496 2497/3318/2497
f 2498/3319/2498 2499/3320/2499 2494/3315/2494 2497/3318/2497
f 2496/3317/2496 2500/3321/2500 2498/3319/2498 2497/3318/2497
f 2495/3316/2495 2494/3315/2494 2501/3322/2501 2502/3323/2502
f 2494/3315/2494 2499/3320/2499 2503/3324/2503 2501/3322/2501
f 2495/3316/2495 2502/3323/2502 2504/3325/2504 2505/3326/2505
f 2506/3327/2506 2496/3317/2496 2495/3316/2495 2505/3326/2505
f 2500/3321/2500 2496/3317/2496 2506/3327/2506 2507/3328/2507
f 2498/3433/2498 2500/3432/2500 2508/3329/2508 2509/3330/2509
f 2500/3432/2500 2507/3434/2507 2510/3331/2510 2508/3329/2508
f 2499/3435/2499 2498/3433/2498 2509/3330/2509 2511/3332/2511
f 2512/3333/2512 2503/3324/2503 2499/3320/2499 2511/3436/2511
f 2503/3324/2503 2512/3333/2512 2513/3334/2513 2514/3335/2514
f 2515/3336/2515 2501/3322/2501 2503/3324/2503 2514/3335/2514
f 2502/3323/2502 2501/3322/2501 2515/3336/2515 2516/3337/2516
f 2504/3325/2504 2502/3323/2502 2516/3337/2516 2517/3338/2517
f 2504/3325/2504 2518/3339/2518 2519/3340/2519 2505/3326/2505
f 2504/3325/2504 2517/3338/2517 2520/3341/2520 2518/3339/2518
f 2506/3327/2506 2505/3326/2505 2519/3340/2519 2521/3342/2521
f 2506/3327/2506 2521/3342/2521 2522/3343/2522 2507/3328/2507
f 2522/3437/2522 2523/3344/2523 2510/3331/2510 2507/3434/2507
f 2524/3345/2524 2510/3331/2510 2523/3344/2523 2525/3346/2525
f 2510/3331/2510 2524/3345/2524 2526/3347/2526 2508/3329/2508
f 2509/3330/2509 2508/3329/2508 2526/3347/2526 2527/3348/2527
f 2528/3349/2528 2511/3332/2511 2509/3330/2509 2527/3348/2527
f 2528/3349/2528 2529/3350/2529 2512/3438/2512 2511/3332/2511
f 2530/3351/2530 2513/3334/2513 2512/3333/2512 2529/3439/2529
f 2513/3334/2513 2531/3352/2531 2515/3336/2515 2514/3335/2514
f 2531/3352/2531 2513/3334/2513 2530/3351/2530 2532/3353/2532
f 2515/3336/2515 2531/3352/2531 2533/3354/2533 2516/3337/2516
f 2516/3337/2516 2533/3354/2533 2534/3355/2534 2517/3338/2517
f 2534/3355/2534 2535/3356/2535 2520/3341/2520 2517/3338/2517
f 2520/3341/2520 2536/3357/2536 2537/3358/2537 2518/3339/2518
f 2535/3356/2535 2538/3359/2538 2536/3357/2536 2520/3341/2520
f 2537/3358/2537 2539/3360/2539 2519/3340/2519 2518/3339/2518
f 2519/3340/2519 2539/3360/2539 2540/3361/2540 2521/3342/2521
f 2540/3361/2540 2541/3362/2541 2522/3343/2522 2521/3342/2521
f 2542/3363/2542 2523/3344/2523 2522/3437/2522 2541/3440/2541
f 2523/3344/2523 2542/3363/2542 2543/3364/2543 2525/3346/2525
f 2543/3364/2543 2544/3365/2544 2524/3345/2524 2525/3346/2525
f 2526/3347/2526 2524/3345/2524 2544/3365/2544 2545/3366/2545
f 2546/3367/2546 2527/3348/2527 2526/3347/2526 2545/3366/2545
f 2546/3367/2546 2547/3368/2547 2528/3349/2528 2527/3348/2527
f 2528/3349/2528 2547/3368/2547 2548/3369/2548 2529/3350/2529
f 2548/3369/2548 2549/3370/2549 2530/3441/2530 2529/3350/2529
f 2550/3371/2550 2532/3353/2532 2530/3351/2530 2549/3442/2549
f 2550/3371/2550 2551/3372/2551 2552/3373/2552 2532/3353/2532
f 2552/3373/2552 2533/3354/2533 2531/3352/2531 2532/3353/2532
f 2534/3355/2534 2533/3354/2533 2552/3373/2552 2553/3374/2553
f 2554/3375/2554 2535/3356/2535 2534/3355/2534 2553/3374/2553
f 2538/3359/2538 2535/3356/2535 2554/3375/2554 2555/3376/2555
f 2536/3357/2536 2538/3359/2538 2556/3377/2556 2557/3378/2557
f 2558/3379/2558 2556/3377/2556 2538/3359/2538 2555/3376/2555
f 2559/3380/2559 2537/3358/2537 2536/3357/2536 2557/3378/2557
f 2539/3360/2539 2537/3358/2537 2559/3380/2559 2560/3381/2560
f 2561/3382/2561 2540/3361/2540 2539/3360/2539 2560/3381/2560
f 2540/3361/2540 2561/3382/2561 2562/3383/2562 2541/3362/2541
f 2562/3443/2562 2563/3384/2563 2542/3363/2542 2541/3440/2541
f 2543/3364/2543 2542/3363/2542 2563/3384/2563 2564/3385/2564
f 2544/3365/2544 2543/3364/2543 2564/3385/2564 2565/3386/2565
f 2545/3366/2545 2544/3365/2544 2565/3386/2565 2566/3387/2566
f 2567/3388/2567 2546/3367/2546 2545/3366/2545 2566/3387/2566
f 2547/3368/2547 2546/3367/2546 2567/3388/2567 2568/3389/2568
f 2569/3390/2569 2548/3369/2548 2547/3368/2547 2568/3389/2568
f 2548/3369/2548 2569/3390/2569 2570/3391/2570 2549/3370/2549
f 2570/3391/2570 2571/3392/2571 2550/3444/2550 2549/3370/2549
f 2571/3392/2571 2572/3393/2572 2551/3445/2551 2550/3444/2550
f 2552/3373/2552 2551/3372/2551 2554/3375/2554 2553/3374/2553
f 2555/3376/2555 2554/3375/2554 2551/3372/2551 2572/3446/2572
f 2573/3394/2573 2558/3448/2558 2555/3447/2555 2572/3393/2572
f 2556/3449/2556 2558/3448/2558 2574/3395/2574 2575/3396/2575
f 2576/3397/2576 2574/3395/2574 2558/3448/2558 2573/3394/2573
f 2556/3377/2556 2575/3450/2575 2577/3398/2577 2557/3378/2557
f 2559/3380/2559 2557/3378/2557 2577/3398/2577 2578/3399/2578
f 2559/3380/2559 2578/3399/2578 2561/3382/2561 2560/3381/2560
f 2579/3400/2579 2562/3383/2562 2561/3382/2561 2578/3399/2578
f 2580/3401/2580 2563/3384/2563 2562/3443/2562 2579/3451/2579
f 2563/3384/2563 2580/3401/2580 2581/3402/2581 2564/3385/2564
f 2565/3386/2565 2564/3385/2564 2581/3402/2581 2582/3403/2582
f 2583/3404/2583 2566/3387/2566 2565/3386/2565 2582/3403/2582
f 2583/3404/2583 2584/3405/2584 2567/3388/2567 2566/3387/2566
f 2567/3388/2567 2584/3405/2584 2569/3390/2569 2568/3389/2568
f 2569/3390/2569 2584/3405/2584 2585/3406/2585 2570/3391/2570
f 2571/3392/2571 2570/3391/2570 2585/3406/2585 2586/3407/2586
f 2571/3392/2571 2586/3407/2586 2573/3394/2573 2572/3393/2572
f 2586/3407/2586 2585/3406/2585 2576/3397/2576 2573/3394/2573
f 2574/3395/2574 2576/3397/2576 2583/3404/2583 2582/3403/2582
f 2585/3406/2585 2584/3405/2584 2583/3404/2583 2576/3397/2576
f 2574/3395/2574 2582/3403/2582 2581/3402/2581 2575/3396/2575
f 2581/3402/2581 2580/3401/2580 2577/3452/2577 2575/3396/2575
f 2577/3452/2577 2580/3401/2580 2579/3451/2579 2578/3453/2578
o Head
usemtl Head
v -0.24190371 0.127491265 0.482028484
v -0.25577953 0.076934069 0.506412863
v -0.19857478 0.090484246 0.547649800
v -0.18609674 0.144740000 0.525288641
v -0.30439755 0.085335031 0.432020515
v -0.31601876 0.058490388 0.448045402
v -0.1643461 0.213261961 0.489192187
v -0.20280002 0.203331336 0.464587122
v -0.24811688 0.138982608 0.433785170
v -0.29313597 0.101192310 0.403818219
v -0.21850778 0.198959589 0.430485338
v -0.32369447 0.028442896 0.452833026
v -0.2639274 0.034464754 0.514706313
v -0.20564434 0.040083311 0.559820652
v -0.1430103 0.043340288 0.595186114
v -0.13651612 0.098729424 0.576267182
v -0.12808616 0.156626135 0.545507311
v -0.11742676 0.220359206 0.500695169
v -0.10915349 0.284914970 0.448571771
v -0.15120377 0.277247667 0.443019568
v -0.18374984 0.267480820 0.428516507
v -0.20402169 0.254011124 0.403596907
v -0.20866993 0.237539202 0.369448006
v -0.21809995 0.192756295 0.384038090
v -0.23837636 0.146194741 0.384831517
v -0.2744306 0.114536643 0.364394992
v -0.31827742 0.106907710 0.328768372
v -0.34245718 0.094056233 0.355270534
v -0.3599247 0.079409316 0.372572630
v -0.37320548 0.059143528 0.381839066
v -0.38119045 0.034769125 0.383512049
v -0.38342625 0.007224977 0.378570646
v -0.32653168 -0.00404792 0.448141366
v -0.26880869 -0.00922388 0.512266993
v -0.21011232 -0.01272954 0.561880528
v -0.14624076 -0.01653054 0.599790990
v -0.0728621 0.045453332 0.617733240
v -0.06885197 0.104938536 0.593309104
v -0.07477563 -0.01805528 0.62305516
v -0.06482276 0.164478167 0.555068671
v -0.06118493 0.226894974 0.507084071
v -0.05787598 0.291300296 0.450669765
v -0.10690928 0.354435503 0.392710536
v -0.14734016 0.339984118 0.394138276
v -0.05797587 0.361503243 0.392990469
v -0.17970677 0.324636340 0.387416541
v -0.20183022 0.305280685 0.369371801
v -0.20644961 0.283388197 0.342718690
v -0.21224815 0.190509170 0.344838678
v -0.20499121 0.218133062 0.328440219
v -0.20205216 0.257257908 0.308005422
v -0.22515874 0.162153720 0.333169639
v -0.2542083 0.135257139 0.317947447
v -0.29190633 0.125638216 0.294712126
v -0.35844362 0.122382126 0.282476931
v -0.3873603 0.110470742 0.302102655
v -0.3267217 0.136539503 0.260786891
v -0.4088172 0.097855880 0.313663363
v -0.42522869 0.080449506 0.319320797
v -0.436097 0.057042814 0.319402724
v -0.43996793 0.027580276 0.313810825
v -0.49348471 0.059846065 0.253105104
v -0.48391381 0.100631281 0.256973773
v -0.46955311 0.119359031 0.257248789
v -0.44659507 0.134057849 0.254585027
v -0.41922143 0.144062042 0.248474240
v -0.38241082 0.152110904 0.237609222
v -0.34130469 0.160329565 0.225974261
v -0.29883769 0.150614440 0.246116593
v -0.26958942 0.153100684 0.260567247
v -0.2957983 0.168923854 0.223213508
v -0.23742458 0.167068466 0.278779476
v -0.21461911 0.192731916 0.299185276
v -0.20771377 0.227958053 0.274583190
v -0.21342716 0.325765252 0.307131081
v -0.20754084 0.295404672 0.276803225
v -0.2120079 0.261765062 0.244919613
v -0.21265043 0.35231179 0.331114590
v -0.24104585 0.389172673 0.291105121
v -0.23452157 0.357615917 0.268573463
v -0.2245747 0.320997774 0.240189820
v -0.22913368 0.290480077 0.212842091
v -0.22847219 0.232623696 0.223157957
v -0.22816682 0.200949490 0.250639855
v -0.24470919 0.263549447 0.194150850
v -0.25716415 0.181046545 0.234227895
v -0.25334057 0.209320172 0.210710749
v -0.28826696 0.194130182 0.201088935
v -0.34200332 0.190621405 0.195305347
v -0.38992134 0.192229837 0.199064314
v -0.42912087 0.192239135 0.201942771
v -0.45899963 0.189239829 0.200259044
v -0.48649615 0.182477921 0.193083912
v -0.50951266 0.171602606 0.183408990
v -0.4609614 0.260328114 0.154310807
v -0.47222865 0.263425797 0.142194330
v -0.44191965 0.256810158 0.165520086
v -0.41644186 0.251327276 0.170821830
v -0.37924913 0.241745322 0.171554505
v -0.33053717 0.228125870 0.173242434
v -0.28799701 0.217613518 0.185320630
v -0.26473686 0.236508786 0.185933560
v -0.28398937 0.301734447 0.172186315
v -0.30977017 0.267636746 0.164780452
v -0.25974086 0.323701024 0.191941306
v -0.24547762 0.336622953 0.216772556
v -0.26361161 0.372983455 0.231032013
v -0.28195995 0.410363853 0.250907123
v -0.29639679 0.374458491 0.199441060
v -0.32210749 0.440268397 0.227438524
v -0.32660058 0.338700532 0.169726193
v -0.35575947 0.294111907 0.161288395
v -0.40083027 0.316699981 0.163729667
v -0.43231469 0.331919848 0.161566257
v -0.44639841 0.340726316 0.151435181
v -0.44492218 0.345674574 0.136462137
v -0.48194239 0.271843910 0.115337222
v -0.52965415 0.194712191 0.132843270
v -0.43621534 0.349732637 0.115049876
v -0.56016856 0.126725971 0.139415100
v -0.53646952 0.103078678 0.191162601
v -0.48498544 0.279018700 0.085074864
v -0.53810608 0.206135451 0.090083040
v -0.57461894 0.139141276 0.089040398
v -0.43279716 0.357339799 0.090090520
v -0.39671671 0.415339231 0.152738243
v -0.38939553 0.422135651 0.133992552
v -0.38337636 0.432691454 0.112704634
v -0.39706355 0.405835151 0.166859552
v -0.38337582 0.388737201 0.173342973
v -0.35855725 0.365364849 0.173305898
v -0.33702153 0.458245635 0.228911757
v -0.28768316 0.436267912 0.257096141
v -0.23225729 0.418253183 0.299772203
v -0.21586642 0.444817662 0.295273482
v -0.28280029 0.462081372 0.252427935
v -0.34344521 0.457506537 0.210330575
v -0.34081069 0.463221728 0.192005351
v -0.3341116 0.476875305 0.172747165
v -0.32710624 0.490948975 0.147367045
v -0.31841838 0.503155171 0.110550344
v -0.37604374 0.443646192 0.085704460
v -0.42828155 0.366836905 0.062297675
v -0.48342985 0.286501288 0.049487181
v -0.53931499 0.213704288 0.043501932
v -0.58087385 0.147321373 0.034222707
v -0.56982577 0.058860361 0.134077459
v -0.58774716 0.070140026 0.080255560
v -0.59544706 0.079008653 0.020886087
v -0.53497231 0.218182146 -0.00578388
v -0.57426572 0.151510879 -0.02454476
v -0.58768278 0.088462457 -0.04336065
v -0.47857061 0.292972892 0.010592430
v -0.42125991 0.375377178 0.028429999
v -0.36749962 0.451865017 0.046695433
v -0.30723581 0.506282091 0.060881566
v -0.25556287 0.518603861 0.180942714
v -0.24740574 0.528234899 0.133672311
v -0.23953967 0.528136074 0.076569207
v -0.26406357 0.501304626 0.215541005
v -0.27256486 0.484150826 0.237836256
v -0.19652027 0.470203459 0.280499637
v -0.16280462 0.403577923 0.343206167
v -0.12012511 0.433597803 0.326805323
v -0.19355442 0.378218710 0.344217032
v -0.1102673 0.480316221 0.275837421
v -0.18635035 0.495223343 0.250804722
v -0.17999466 0.518206358 0.207876324
v -0.17533013 0.530159175 0.153892993
v -0.17291075 0.530988991 0.092369608
v -0.17003229 0.521443009 0.028926299
v -0.23331824 0.517518639 0.013273214
v -0.2975767 0.495585441 -0.00005035
v -0.35864821 0.447636365 -0.00537466
v -0.41413197 0.376752555 -0.01456872
v -0.47084209 0.295892298 -0.03252348
v -0.52360713 0.221195876 -0.05608401
v -0.55357403 0.158217966 -0.08504238
v -0.56209832 0.100910939 -0.10807696
v -0.55495423 0.042776666 -0.12092262
v -0.58000827 0.027936406 -0.0579436
v -0.58631402 0.015275627 0.005947372
v -0.52461761 0.113967463 -0.16455537
v -0.51917475 0.056767217 -0.17745577
v -0.51887649 0.170955106 -0.14131913
v -0.5005672 0.227621555 -0.10793509
v -0.45915076 0.296780377 -0.07755809
v -0.40505436 0.370182275 -0.0687064
v -0.35201696 0.432571172 -0.06478649
v -0.29184729 0.477392137 -0.06092621
v -0.22755627 0.500213265 -0.04768165
v -0.16607341 0.505969166 -0.03098445
v -0.11169514 0.527243793 0.103287316
v -0.11082343 0.519092023 0.040773510
v -0.10841535 0.505625128 -0.01881781
v -0.11057062 0.525277972 0.165498107
v -0.10899761 0.509382307 0.224945455
v -0.0522861 0.509688496 0.228770211
v -0.0535684 0.521541774 0.170295313
v -0.0545301 0.524266123 0.107825852
v -0.05451659 0.516785740 0.046037774
v -0.05346071 0.504191219 -0.01322998
v -0.0512706 0.490906715 -0.06874325
v -0.10409809 0.491522491 -0.07446241
v -0.16002288 0.490348160 -0.08596205
v -0.21978997 0.483380734 -0.10226914
v -0.28222373 0.460032403 -0.11581442
v -0.34059039 0.418668031 -0.12155028
v -0.39054787 0.363722026 -0.12427723
v -0.43720448 0.30081141 -0.13086645
v -0.46761045 0.239662379 -0.15927318
v -0.48010916 0.182399034 -0.19210775
v -0.48333219 0.124651148 -0.21485181
v -0.44179708 0.190106660 -0.24133626
v -0.44311827 0.131616085 -0.2630828
v -0.4329738 0.248879522 -0.20988902
v -0.40913004 0.303843706 -0.18873394
v -0.37026152 0.358912110 -0.18275841
v -0.32400256 0.408115029 -0.17731905
v -0.26891366 0.445938587 -0.16748896
v -0.20865805 0.467784345 -0.15245773
v -0.15094833 0.476203918 -0.13678488
v -0.09750736 0.478363573 -0.12625742
v -0.04772485 0.478369951 -0.12129419
v 0 0.503414034 -0.01186167
v 0 0.490335762 -0.06728766
v 0 0.477954626 -0.12042186
v 0 0.515614748 0.047117743
v 0 0.522965133 0.108556710
v 0 0.519971430 0.171188011
v 0.054530095 0.524266123 0.107825852
v 0.054516587 0.516785740 0.046037774
v 0.053568396 0.521541774 0.170295313
v 0.053460709 0.504191219 -0.01322998
v 0.051270600 0.490906715 -0.06874325
v 0.047724846 0.478369951 -0.12129419
v 0 0.466480612 -0.1724208
v -0.04358061 0.466702997 -0.17227784
v 0.043580606 0.466702997 -0.17227784
v -0.0888559 0.466527223 -0.17456849
v -0.13909777 0.464022278 -0.18302263
v -0.19359718 0.455256640 -0.19859053
v -0.2501879 0.434845387 -0.21712784
v -0.30305257 0.400846004 -0.23275556
v -0.34358755 0.352756917 -0.24130262
v -0.37545875 0.301681280 -0.24930732
v -0.39468831 0.251831829 -0.26517409
v -0.30944052 0.345306903 -0.2960493
v -0.33601665 0.296755731 -0.30707631
v -0.35243794 0.248743683 -0.32117715
v -0.27322948 0.391032755 -0.28260884
v -0.22561677 0.424473881 -0.26227739
v -0.17348935 0.444526970 -0.24061002
v -0.12443521 0.453010022 -0.2259519
v -0.08083075 0.455072283 -0.22190139
v -0.04021135 0.455349922 -0.2226906
v 0 0.455133974 -0.22358277
v 0.040211346 0.455349922 -0.2226906
v 0.097507357 0.478363573 -0.12625742
v 0.088855899 0.466527223 -0.17456849
v 0.080830752 0.455072283 -0.22190139
v 0.104098089 0.491522491 -0.07446241
v 0.108415350 0.505625128 -0.01881781
v 0.110823430 0.519092023 0.040773510
v 0.166073411 0.505969166 -0.03098445
v 0.160022884 0.490348160 -0.08596205
v 0.170032292 0.521443009 0.028926299
v 0.150948330 0.476203918 -0.13678488
v 0.139097765 0.464022278 -0.18302263
v 0.124435208 0.453010022 -0.2259519
v 0.075695909 0.442466855 -0.26892939
v 0.038424190 0.442338585 -0.27280733
v 0.110993556 0.441304147 -0.26740831
v 0 0.442039609 -0.27459598
v -0.03842419 0.442338585 -0.27280733
v -0.07569591 0.442466855 -0.26892939
v -0.11099356 0.441304147 -0.26740831
v -0.15007474 0.434201180 -0.27640742
v -0.19702162 0.413160443 -0.30120224
v -0.23773266 0.380170762 -0.32636032
v -0.26924902 0.336862087 -0.34538078
v -0.16544406 0.402798295 -0.33511171
v -0.19737566 0.369088977 -0.36473662
v -0.22333907 0.327852368 -0.38872549
v -0.13730624 0.424168407 -0.3048802
v -0.10756095 0.425526857 -0.30983451
v -0.07692441 0.423916339 -0.31910485
v -0.03951238 0.423101127 -0.32600468
v 0 0.42274791 -0.32858691
v 0.039512381 0.423101127 -0.32600468
v 0.076924406 0.423916339 -0.31910485
v 0.107560947 0.425526857 -0.30983451
v 0.150074735 0.434201180 -0.27640742
v 0.137306243 0.424168407 -0.3048802
v 0.173489347 0.444526970 -0.24061002
v 0.193597182 0.455256640 -0.19859053
v 0.208658054 0.467784345 -0.15245773
v 0.250187903 0.434845387 -0.21712784
v 0.268913656 0.445938587 -0.16748896
v 0.225616768 0.424473881 -0.26227739
v 0.197021618 0.413160443 -0.30120224
v 0.165444061 0.402798295 -0.33511171
v 0.127789750 0.395896673 -0.35985216
v 0.087369836 0.394677162 -0.37286645
v 0.044343020 0.394557893 -0.38055924
v 0 0.394344985 -0.38349399
v -0.04434302 0.394557893 -0.38055924
v -0.08736984 0.394677162 -0.37286645
v -0.12778975 0.395896673 -0.35985216
v -0.15089697 0.361308276 -0.39692354
v -0.17130889 0.321102976 -0.42602533
v -0.29174638 0.289889097 -0.3600485
v -0.24266064 0.282207906 -0.4077979
v -0.18751101 0.275341510 -0.44777867
v -0.10139892 0.358964413 -0.41709936
v -0.11590343 0.317548453 -0.45185277
v -0.12804477 0.271258533 -0.47796583
v -0.05128724 0.358468651 -0.42819583
v 0 0.358134746 -0.43215984
v 0.051287237 0.358468651 -0.42819583
v 0.101398922 0.358964413 -0.41709936
v 0.150896966 0.361308276 -0.39692354
v 0.197375655 0.369088977 -0.36473662
v 0.237732663 0.380170762 -0.32636032
v 0.273229479 0.391032755 -0.28260884
v 0.303052574 0.400846004 -0.23275556
v 0.324002564 0.408115029 -0.17731905
v 0.370261520 0.358912110 -0.18275841
v 0.343587547 0.352756917 -0.24130262
v 0.309440523 0.345306903 -0.2960493
v 0.269249022 0.336862087 -0.34538078
v 0.223339065 0.327852368 -0.38872549
v 0.17130889 0.321102976 -0.42602533
v 0.115903429 0.317548453 -0.45185277
v 0.058585338 0.316121816 -0.46677765
v 0 0.315339684 -0.47201771
v -0.05858534 0.316121816 -0.46677765
v -0.06499355 0.268865585 -0.49606812
v -0.19903237 0.225997954 -0.46449953
v -0.13692692 0.220764368 -0.49620813
v -0.06982606 0.218100279 -0.5159142
v -0.25540596 0.233578115 -0.42300278
v -0.30576843 0.241717815 -0.37406662
v -0.31264964 0.187999561 -0.38902792
v -0.26145908 0.179869413 -0.43502095
v -0.20503947 0.172184094 -0.47558132
v -0.14175074 0.166735261 -0.50746262
v -0.07234776 0.163748219 -0.52768648
v 0 0.267648071 -0.50209302
v 0 0.216663420 -0.52255654
v 0 0.162585273 -0.53438181
v 0.064993545 0.268865585 -0.49606812
v 0.128044769 0.271258533 -0.47796583
v 0.187511012 0.275341510 -0.44777867
v 0.242660641 0.282207906 -0.4077979
v 0.291746377 0.289889097 -0.3600485
v 0.336016655 0.296755731 -0.30707631
v 0.375458747 0.301681280 -0.24930732
v 0.409130036 0.303843706 -0.18873394
v 0.394688308 0.251831829 -0.26517409
v 0.432973802 0.248879522 -0.20988902
v 0.352437943 0.248743683 -0.32117715
v 0.305768430 0.241717815 -0.37406662
v 0.255405962 0.233578115 -0.42300278
v 0.199032366 0.225997954 -0.46449953
v 0.136926919 0.220764368 -0.49620813
v 0.069826059 0.218100279 -0.5159142
v 0.072347760 0.163748219 -0.52768648
v -0.07256074 0.106788188 -0.5321852
v 0 0.105611272 -0.53918433
v 0.072560742 0.106788188 -0.5321852
v -0.14220852 0.109361767 -0.51196057
v -0.20532215 0.114254683 -0.4808681
v -0.26139262 0.121314317 -0.44267243
v -0.31211871 0.128618016 -0.40058377
v -0.20128287 0.053800053 -0.48044148
v -0.25621909 0.060302674 -0.44413012
v -0.30585006 0.067872427 -0.40472874
v -0.13930254 0.049638859 -0.51099086
v -0.07120503 0.047201164 -0.53123283
v 0 0.045895941 -0.53841317
v 0.071205034 0.047201164 -0.53123283
v 0.142208516 0.109361767 -0.51196057
v 0.141750738 0.166735261 -0.50746262
v 0.139302536 0.049638859 -0.51099086
v 0.205039471 0.172184094 -0.47558132
v 0.261459082 0.179869413 -0.43502095
v 0.312649637 0.187999561 -0.38902792
v 0.359340637 0.193052902 -0.34061435
v 0.402388393 0.193730071 -0.2908996
v 0.401795983 0.134617984 -0.31004137
v 0.358385920 0.133535698 -0.35598192
v 0.312118709 0.128618016 -0.40058377
v 0.261392623 0.121314317 -0.44267243
v 0.205322146 0.114254683 -0.4808681
v 0.201282873 0.053800053 -0.48044148
v 0.195182442 -0.00864136 -0.47561875
v 0.135128274 -0.01305741 -0.50569695
v 0.069206461 -0.01596126 -0.52630967
v 0 -0.01751652 -0.53370106
v -0.06920646 -0.01596126 -0.52630967
v -0.13512827 -0.01305741 -0.50569695
v -0.19518244 -0.00864136 -0.47561875
v -0.24853148 -0.00169967 -0.44005406
v -0.29690084 0.007315874 -0.40243101
v -0.35232341 0.073723278 -0.36332315
v -0.35838592 0.133535698 -0.35598192
v -0.34238032 0.015589341 -0.36300117
v -0.2406888 -0.06523804 -0.43095297
v -0.28675646 -0.05301434 -0.39437056
v -0.33098701 -0.04048114 -0.35702059
v -0.18917514 -0.07384859 -0.46586055
v -0.13125797 -0.07963948 -0.4964841
v -0.06732115 -0.08359982 -0.5170601
v 0 -0.08568928 -0.5246262
v 0.067321151 -0.08359982 -0.5170601
v 0.131257966 -0.07963948 -0.4964841
v 0.189175143 -0.07384859 -0.46586055
v 0.248531475 -0.00169967 -0.44005406
v 0.240688800 -0.06523804 -0.43095297
v 0.256219089 0.060302674 -0.44413012
v 0.305850058 0.067872427 -0.40472874
v 0.296900838 0.007315874 -0.40243101
v 0.286756455 -0.05301434 -0.39437056
v 0.234652981 -0.13074265 -0.4134869
v 0.184712633 -0.14188112 -0.44879711
v 0.279263287 -0.11437304 -0.37856629
v 0.128166511 -0.15015988 -0.48005357
v 0.065959982 -0.15577938 -0.50084287
v 0 -0.15854116 -0.50840771
v -0.06595998 -0.15577938 -0.50084287
v -0.12816651 -0.15015988 -0.48005357
v -0.18471263 -0.14188112 -0.44879711
v -0.23465298 -0.13074265 -0.4134869
v -0.27926329 -0.11437304 -0.37856629
v -0.32174158 -0.09486516 -0.34440875
v -0.3735888 -0.03192389 -0.31831881
v -0.38590288 0.020219847 -0.32192603
v -0.3627536 -0.07850885 -0.30949283
v -0.27887097 -0.17061581 -0.3499501
v -0.32102919 -0.1436757 -0.31953782
v -0.36021298 -0.11856519 -0.29070774
v -0.23320501 -0.19299214 -0.38518941
v -0.1827784 -0.20863636 -0.42135945
v -0.12655154 -0.2203501 -0.45306599
v -0.0649365 -0.22824855 -0.47382107
v 0 -0.23173086 -0.48113906
v 0.064936496 -0.22824855 -0.47382107
v 0.126551538 -0.2203501 -0.45306599
v 0.182778403 -0.20863636 -0.42135945
v 0.233205005 -0.19299214 -0.38518941
v 0.27887097 -0.17061581 -0.3499501
v 0.330987006 -0.04048114 -0.35702059
v 0.321741581 -0.09486516 -0.34440875
v 0.321029186 -0.1436757 -0.31953782
v 0.283891469 -0.2174433 -0.3132748
v 0.235649317 -0.24680586 -0.34826827
v 0.327847421 -0.1848482 -0.28298074
v 0.184126645 -0.27014345 -0.38489807
v 0.126867294 -0.28719872 -0.41668603
v 0.064779914 -0.29819322 -0.43641675
v 0 -0.30281627 -0.44319746
v -0.06477991 -0.29819322 -0.43641675
v -0.12686729 -0.28719872 -0.41668603
v -0.18412665 -0.27014345 -0.38489807
v -0.23564932 -0.24680586 -0.34826827
v -0.28389147 -0.2174433 -0.3132748
v -0.32784742 -0.1848482 -0.28298074
v -0.36791992 -0.15343966 -0.25744787
v -0.38889676 -0.10213013 -0.2683703
v -0.40001827 -0.07196505 -0.27309185
v -0.40438047 -0.11854164 -0.23917027
v -0.33562249 -0.21908425 -0.24279359
v -0.37852219 -0.18187623 -0.21847366
v -0.42049783 -0.14046706 -0.20033705
v -0.29021096 -0.25654876 -0.27189755
v -0.24117471 -0.29269511 -0.30552429
v -0.18802844 -0.32325089 -0.34047103
v -0.12894326 -0.34753335 -0.37118426
v -0.06592948 -0.36366934 -0.39048091
v 0 -0.36996686 -0.3966977
v 0.065929479 -0.36366934 -0.39048091
v 0.128943264 -0.34753335 -0.37118426
v 0.188028439 -0.32325089 -0.34047103
v 0.241174712 -0.29269511 -0.30552429
v 0.290210962 -0.25654876 -0.27189755
v 0.296700745 -0.29032415 -0.22632371
v 0.246878251 -0.33104646 -0.2577157
v 0.192721322 -0.36750883 -0.28970322
v 0.132235437 -0.39809829 -0.31725994
v 0.067452371 -0.41913265 -0.33403137
v 0 -0.42721367 -0.33917925
v -0.06745237 -0.41913265 -0.33403137
v -0.13223544 -0.39809829 -0.31725994
v -0.19272132 -0.36750883 -0.28970322
v -0.24687825 -0.33104646 -0.2577157
v -0.29670075 -0.29032415 -0.22632371
v -0.34294483 -0.24899627 -0.19897218
v -0.38801911 -0.20667432 -0.17603014
v -0.43321568 -0.16258813 -0.15744823
v -0.45612615 -0.09535837 -0.19042432
v -0.4313693 -0.07933527 -0.233513
v -0.47381473 -0.11448152 -0.14398576
v -0.44065714 -0.18159737 -0.11054248
v -0.48388153 -0.13242222 -0.09467351
v -0.39493126 -0.22842412 -0.12973046
v -0.34873301 -0.27374506 -0.15146053
v -0.30181918 -0.31839031 -0.17657708
v -0.2514883 -0.36249804 -0.2049976
v -0.19663651 -0.40265983 -0.23346379
v -0.13580601 -0.43733931 -0.25656351
v -0.06911567 -0.46119601 -0.268758
v 0 -0.46940303 -0.27155259
v 0.069115668 -0.46119601 -0.268758
v 0.135806009 -0.43733931 -0.25656351
v 0.196636512 -0.40265983 -0.23346379
v 0.251488298 -0.36249804 -0.2049976
v 0.301819175 -0.31839031 -0.17657708
v 0.252669453 -0.3848083 -0.14815351
v 0.197502374 -0.42661941 -0.17196187
v 0.303100019 -0.33885813 -0.12279792
v 0.137054070 -0.46253073 -0.19017482
v 0.070293359 -0.48512894 -0.19764139
v 0 -0.49266934 -0.19902155
v -0.07029336 -0.48512894 -0.19764139
v -0.13705407 -0.46253073 -0.19017482
v -0.19750237 -0.42661941 -0.17196187
v -0.25266945 -0.3848083 -0.14815351
v -0.30310002 -0.33885813 -0.12279792
v -0.3503823 -0.29182088 -0.1000879
v -0.39673573 -0.24404009 -0.08009966
v -0.4419331 -0.1957631 -0.06071298
v -0.48546693 -0.14679904 -0.0426181
v -0.39223647 -0.25304246 -0.02848514
v -0.43650499 -0.20524739 -0.00917619
v -0.4782562 -0.15656216 0.010472985
v -0.34616783 -0.30170929 -0.04725465
v -0.29801589 -0.3503896 -0.06719855
v -0.24791653 -0.39673722 -0.08839636
v -0.19361785 -0.43860698 -0.10761154
v -0.13420425 -0.4719283 -0.12022847
v -0.0691774 -0.49277806 -0.12468927
v 0 -0.49999076 -0.12552294
v 0.069177396 -0.49277806 -0.12468927
v 0.134204253 -0.4719283 -0.12022847
v 0.193617850 -0.43860698 -0.10761154
v 0.247916534 -0.39673722 -0.08839636
v 0.298015892 -0.3503896 -0.06719855
v 0.348733007 -0.27374506 -0.15146053
v 0.350382298 -0.29182088 -0.1000879
v 0.346167832 -0.30170929 -0.04725465
v 0.335589766 -0.30323094 0.004353424
v 0.287604361 -0.35164708 -0.01205811
v 0.237489774 -0.39680719 -0.02777793
v 0.184431448 -0.43606621 -0.04108649
v 0.127502217 -0.46661109 -0.04971888
v 0.065813034 -0.4861331 -0.05298346
v 0 -0.49306273 -0.0531059
v -0.06581303 -0.4861331 -0.05298346
v -0.12750222 -0.46661109 -0.04971888
v -0.18443145 -0.43606621 -0.04108649
v -0.23748977 -0.39680719 -0.02777793
v -0.28760436 -0.35164708 -0.01205811
v -0.33558977 -0.30323094 0.004353424
v -0.38096616 -0.25525558 0.022454407
v -0.32177022 -0.29777008 0.054296057
v -0.36482862 -0.25157207 0.071041099
v -0.27455339 -0.34415829 0.041608195
v -0.22593419 -0.38688308 0.032237388
v -0.17371531 -0.42380393 0.023955216
v -0.11964078 -0.45189971 0.019159659
v -0.06132367 -0.46997046 0.017642410
v 0 -0.47670984 0.017863966
v 0.061323668 -0.46997046 0.017642410
v 0.119640775 -0.45189971 0.019159659
v 0.173715308 -0.42380393 0.023955216
v 0.225934192 -0.38688308 0.032237388
v 0.274553388 -0.34415829 0.041608195
v 0.321770221 -0.29777008 0.054296057
v 0.392236471 -0.25304246 -0.02848514
v 0.380966156 -0.25525558 0.022454407
v 0.364828616 -0.25157207 0.071041099
v 0.307161837 -0.28722525 0.101491160
v 0.261494934 -0.33074713 0.093302547
v 0.346131086 -0.24443759 0.117853738
v 0.214523106 -0.37118316 0.089434087
v 0.164995148 -0.40572542 0.087622739
v 0.112933382 -0.43267882 0.087462581
v 0.057822130 -0.4494192 0.088212847
v 0 -0.45583826 0.089291781
v -0.05782213 -0.4494192 0.088212847
v -0.11293338 -0.43267882 0.087462581
v -0.16499515 -0.40572542 0.087622739
v -0.21452311 -0.37118316 0.089434087
v -0.26149493 -0.33074713 0.093302547
v -0.30716184 -0.28722525 0.101491160
v -0.25117892 -0.3136549 0.142528206
v -0.29444274 -0.27485061 0.144170075
v -0.20566539 -0.35070986 0.145611688
v -0.15844667 -0.382218 0.150215759
v -0.1084672 -0.40727752 0.154809072
v -0.05539757 -0.42329973 0.158405855
v 0 -0.42958832 0.160527855
v 0.055397566 -0.42329973 0.158405855
v 0.108467198 -0.40727752 0.154809072
v 0.158446669 -0.382218 0.150215759
v 0.205665394 -0.35070986 0.145611688
v 0.251178920 -0.3136549 0.142528206
v 0.294442743 -0.27485061 0.144170075
v 0.324452400 -0.23843624 0.161886483
v 0.378693193 -0.20495419 0.139805167
v 0.403504103 -0.20756023 0.091533489
v 0.347576677 -0.20425306 0.187378898
v 0.292273223 -0.24256743 0.201970711
v 0.280710190 -0.26787084 0.176976904
v 0.304699301 -0.21060593 0.235727056
v 0.244725033 -0.29294264 0.188291132
v 0.200157403 -0.32439089 0.200777292
v 0.154133230 -0.35215563 0.211416274
v 0.105709426 -0.37445426 0.220046758
v 0.054014943 -0.38856244 0.225478857
v 0 -0.39364839 0.228070035
v -0.05401494 -0.38856244 0.225478857
v -0.10570943 -0.37445426 0.220046758
v -0.15413323 -0.35215563 0.211416274
v -0.2001574 -0.32439089 0.200777292
v -0.24472503 -0.29294264 0.188291132
v -0.199654 -0.29072672 0.255905121
v -0.24424297 -0.26439792 0.235945180
v -0.15327474 -0.31571168 0.271600067
v -0.10471343 -0.33590758 0.283054024
v -0.05382494 -0.34855253 0.289848327
v 0 -0.3529768 0.292652308
v 0.053824935 -0.34855253 0.289848327
v 0.104713432 -0.33590758 0.283054024
v 0.153274744 -0.31571168 0.271600067
v 0.199653998 -0.29072672 0.255905121
v 0.244242966 -0.26439792 0.235945180
v 0.253682822 -0.22949912 0.279283911
v 0.320614934 -0.17541425 0.268031001
v 0.371077656 -0.16838004 0.216555476
v 0.268158137 -0.192477 0.317571222
v 0.411585211 -0.16684805 0.164618209
v 0.454686254 -0.13178216 0.187874928
v 0.392340570 -0.12606944 0.244468748
v 0.339585870 -0.1362489 0.299882054
v 0.295352876 -0.17651738 0.356709212
v 0.231131762 -0.17672278 0.399773985
v 0.217096194 -0.21654834 0.357655525
v 0.206302627 -0.25478983 0.309133529
v 0.157873556 -0.27804941 0.329985886
v 0.106984958 -0.29532832 0.344447344
v 0.054410848 -0.30848897 0.353587508
v 0 -0.31339061 0.356877595
v -0.05441085 -0.30848897 0.353587508
v -0.10698496 -0.29532832 0.344447344
v -0.15787356 -0.27804941 0.329985886
v -0.20630263 -0.25478983 0.309133529
v -0.1118008 -0.2550171 0.403916955
v -0.16836339 -0.25052506 0.387404799
v -0.21709619 -0.21654834 0.357655525
v -0.05668987 -0.26991552 0.416683286
v 0 -0.27408206 0.420970320
v 0.056689873 -0.26991552 0.416683286
v 0.111800797 -0.2550171 0.403916955
v 0.168363392 -0.25052506 0.387404799
v 0.177297383 -0.20506571 0.435832560
v 0.246982023 -0.13708474 0.439183116
v 0.303484529 -0.11639337 0.388169258
v 0.188415661 -0.15612228 0.479747235
v 0.358765810 -0.09613144 0.329537719
v 0.415873527 -0.08486815 0.271784842
v 0.462393730 -0.0740989 0.212026
v 0.480600148 -0.02704526 0.230603143
v 0.429896414 -0.04267468 0.290259629
v 0.371989637 -0.05825083 0.351581692
v 0.315515518 -0.0763697 0.414868831
v 0.259355813 -0.09451719 0.472178965
v 0.200682520 -0.11167689 0.518583178
v 0.129206165 -0.1733744 0.510894954
v 0.119114674 -0.21472986 0.459792941
v 0.138964563 -0.12715967 0.554473817
v 0.054787766 -0.23667227 0.465937286
v 0 -0.25264567 0.460471600
v -0.05478777 -0.23667227 0.465937286
v -0.11911467 -0.21472986 0.459792941
v -0.17729738 -0.20506571 0.435832560
v -0.23113176 -0.17672278 0.399773985
v -0.29535288 -0.17651738 0.356709212
v -0.26815814 -0.192477 0.317571222
v -0.25368282 -0.22949912 0.279283911
v -0.30348453 -0.11639337 0.388169258
v -0.24698202 -0.13708474 0.439183116
v -0.18841566 -0.15612228 0.479747235
v -0.12920617 -0.1733744 0.510894954
v -0.06593295 -0.18542422 0.530723571
v 0 -0.18719126 0.536603450
v 0.065932951 -0.18542422 0.530723571
v 0.091373004 -0.14488019 0.574033916
v 0.144714385 -0.07401848 0.585068404
v 0.215053871 -0.06892361 0.546598255
v 0.076289519 -0.08069283 0.608215689
v 0.272834688 -0.05599813 0.496526181
v 0.323707282 -0.03884625 0.434957504
v 0.380081594 -0.02379486 0.367643028
v 0.383426249 0.007224977 0.378570646
v 0.326531678 -0.00404792 0.448141366
v 0.268808692 -0.00922388 0.512266993
v 0.210112318 -0.01272954 0.561880528
v 0.146240755 -0.01653054 0.599790990
v 0.074775628 -0.01805528 0.62305516
v 0 -0.01793957 0.632089495
v 0 -0.08068907 0.616112053
v 0 -0.13800023 0.583321750
v -0.091373 -0.14488019 0.574033916
v -0.13896456 -0.12715967 0.554473817
v -0.20068252 -0.11167689 0.518583178
v -0.25935581 -0.09451719 0.472178965
v -0.31551552 -0.0763697 0.414868831
v -0.33958587 -0.1362489 0.299882054
v -0.35876581 -0.09613144 0.329537719
v -0.37198964 -0.05825083 0.351581692
v -0.38008159 -0.02379486 0.367643028
v -0.32370728 -0.03884625 0.434957504
v -0.27283469 -0.05599813 0.496526181
v -0.21505387 -0.06892361 0.546598255
v -0.14471439 -0.07401848 0.585068404
v -0.07628952 -0.08069283 0.608215689
v 0 0.048147685 0.630219876
v 0.072862103 0.045453332 0.617733240
v 0.143010303 0.043340288 0.595186114
v 0.205644339 0.040083311 0.559820652
v 0.263927400 0.034464754 0.514706313
v 0.323694467 0.028442896 0.452833026
v 0.316018760 0.058490388 0.448045402
v 0.255779534 0.076934069 0.506412863
v 0.198574781 0.090484246 0.547649800
v 0.136516124 0.098729424 0.576267182
v 0.068851970 0.104938536 0.593309104
v 0 0.110898479 0.602744817
v 0 0.232529327 0.545794487
v 0.064822763 0.164478167 0.555068671
v 0.128086164 0.156626135 0.545507311
v 0.186096742 0.144740000 0.525288641
v 0.241903707 0.127491265 0.482028484
v 0.304397553 0.085335031 0.432020515
v 0.381190449 0.034769125 0.383512049
v 0.373205483 0.059143528 0.381839066
v 0.359924703 0.079409316 0.372572630
v 0.439967930 0.027580276 0.313810825
v 0.436096996 0.057042814 0.319402724
v 0.425228685 0.080449506 0.319320797
v 0.408817201 0.097855880 0.313663363
v 0.387360304 0.110470742 0.302102655
v 0.342457175 0.094056233 0.355270534
v 0.293135970 0.101192310 0.403818219
v 0.248116880 0.138982608 0.433785170
v 0.202800020 0.203331336 0.464587122
v 0.164346098 0.213261961 0.489192187
v 0.218507781 0.198959589 0.430485338
v 0.117426760 0.220359206 0.500695169
v 0.061184927 0.226894974 0.507084071
v 0 0.232699066 0.512384712
v 0 0.340272486 0.442628830
v 0.057875976 0.291300296 0.450669765
v 0.109153494 0.284914970 0.448571771
v 0.151203766 0.277247667 0.443019568
v 0.183749839 0.267480820 0.428516507
v 0.204021692 0.254011124 0.403596907
v 0.218099951 0.192756295 0.384038090
v 0.208669930 0.237539202 0.369448006
v 0.238376364 0.146194741 0.384831517
v 0.274430602 0.114536643 0.364394992
v 0.318277418 0.106907710 0.328768372
v 0.358443617 0.122382126 0.282476931
v 0.419221431 0.144062042 0.248474240
v 0.382410824 0.152110904 0.237609222
v 0.446595072 0.134057849 0.254585027
v 0.469553113 0.119359031 0.257248789
v 0.483913809 0.100631281 0.256973773
v 0.486496150 0.182477921 0.193083912
v 0.509512662 0.171602606 0.183408990
v 0.458999633 0.189239829 0.200259044
v 0.429120868 0.192239135 0.201942771
v 0.389921337 0.192229837 0.199064314
v 0.342003315 0.190621405 0.195305347
v 0.341304689 0.160329565 0.225974261
v 0.326721698 0.136539503 0.260786891
v 0.291906327 0.125638216 0.294712126
v 0.254208296 0.135257139 0.317947447
v 0.225158736 0.162153720 0.333169639
v 0.212248146 0.190509170 0.344838678
v 0.204991206 0.218133062 0.328440219
v 0.206449613 0.283388197 0.342718690
v 0.201830223 0.305280685 0.369371801
v 0.202052161 0.257257908 0.308005422
v 0.179706767 0.324636340 0.387416541
v 0.147340163 0.339984118 0.394138276
v 0.162804618 0.403577923 0.343206167
v 0.193554416 0.378218710 0.344217032
v 0.212650433 0.35231179 0.331114590
v 0.213427156 0.325765252 0.307131081
v 0.207540839 0.295404672 0.276803225
v 0.207713767 0.227958053 0.274583190
v 0.212007895 0.261765062 0.244919613
v 0.214619115 0.192731916 0.299185276
v 0.237424582 0.167068466 0.278779476
v 0.269589424 0.153100684 0.260567247
v 0.298837691 0.150614440 0.246116593
v 0.295798301 0.168923854 0.223213508
v 0.288266956 0.194130182 0.201088935
v 0.330537170 0.228125870 0.173242434
v 0.287997007 0.217613518 0.185320630
v 0.379249125 0.241745322 0.171554505
v 0.416441857 0.251327276 0.170821830
v 0.400830268 0.316699981 0.163729667
v 0.355759471 0.294111907 0.161288395
v 0.309770166 0.267636746 0.164780452
v 0.264736861 0.236508786 0.185933560
v 0.253340572 0.209320172 0.210710749
v 0.257164150 0.181046545 0.234227895
v 0.228166818 0.200949490 0.250639855
v 0.228472188 0.232623696 0.223157957
v 0.229133680 0.290480077 0.212842091
v 0.244709193 0.263549447 0.194150850
v 0.2245747 0.320997774 0.240189820
v 0.234521567 0.357615917 0.268573463
v 0.241045847 0.389172673 0.291105121
v 0.232257291 0.418253183 0.299772203
v 0.215866416 0.444817662 0.295273482
v 0.287683159 0.436267912 0.257096141
v 0.282800287 0.462081372 0.252427935
v 0.281959950 0.410363853 0.250907123
v 0.263611614 0.372983455 0.231032013
v 0.245477616 0.336622953 0.216772556
v 0.259740859 0.323701024 0.191941306
v 0.283989369 0.301734447 0.172186315
v 0.326600581 0.338700532 0.169726193
v 0.358557254 0.365364849 0.173305898
v 0.441919654 0.256810158 0.165520086
v 0.432314693 0.331919848 0.161566257
v 0.383375823 0.388737201 0.173342973
v 0.460961401 0.260328114 0.154310807
v 0.446398407 0.340726316 0.151435181
v 0.397063553 0.405835151 0.166859552
v 0.337021529 0.458245635 0.228911757
v 0.322107493 0.440268397 0.227438524
v 0.343445211 0.457506537 0.210330575
v 0.296396791 0.374458491 0.199441060
v 0.340810686 0.463221728 0.192005351
v 0.272564858 0.484150826 0.237836256
v 0.196520268 0.470203459 0.280499637
v 0.120125114 0.433597803 0.326805323
v 0.186350345 0.495223343 0.250804722
v 0.110267296 0.480316221 0.275837421
v 0.264063566 0.501304626 0.215541005
v 0.334111601 0.476875305 0.172747165
v 0.396716713 0.415339231 0.152738243
v 0.389395535 0.422135651 0.133992552
v 0.444922179 0.345674574 0.136462137
v 0.472228646 0.263425797 0.142194330
v 0.529654145 0.194712191 0.132843270
v 0.481942385 0.271843910 0.115337222
v 0.436215341 0.349732637 0.115049876
v 0.432797163 0.357339799 0.090090520
v 0.383376359 0.432691454 0.112704634
v 0.327106237 0.490948975 0.147367045
v 0.255562871 0.518603861 0.180942714
v 0.179994657 0.518206358 0.207876324
v 0.108997613 0.509382307 0.224945455
v 0.054806914 0.475742995 0.285624057
v 0.057416662 0.429961264 0.334955960
v 0.052286099 0.509688496 0.228770211
v 0.057975865 0.361503243 0.392990469
v 0.106909282 0.354435503 0.392710536
v 0 0.481255650 0.324174881
v 0 0.481345713 0.285574555
v 0 0.365995973 0.395093113
v 0 0.524011492 0.223086029
v 0.110570624 0.525277972 0.165498107
v 0.175330132 0.530159175 0.153892993
v 0.247405737 0.528234899 0.133672311
v 0.318418383 0.503155171 0.110550344
v 0.376043736 0.443646192 0.085704460
v 0.428281545 0.366836905 0.062297675
v 0.484985441 0.279018700 0.085074864
v 0.483429849 0.286501288 0.049487181
v 0.538106083 0.206135451 0.090083040
v 0.539314985 0.213704288 0.043501932
v 0.478570610 0.292972892 0.010592430
v 0.421259909 0.375377178 0.028429999
v 0.534972310 0.218182146 -0.00578388
v 0.367499619 0.451865017 0.046695433
v 0.307235807 0.506282091 0.060881566
v 0.239539668 0.528136074 0.076569207
v 0.172910749 0.530988991 0.092369608
v 0.111695140 0.527243793 0.103287316
v 0.233318239 0.517518639 0.013273214
v 0.297576695 0.495585441 -0.00005035
v 0.358648210 0.447636365 -0.00537466
v 0.414131969 0.376752555 -0.01456872
v 0.470842093 0.295892298 -0.03252348
v 0.523607134 0.221195876 -0.05608401
v 0.574265718 0.151510879 -0.02454476
v 0.580873847 0.147321373 0.034222707
v 0.553574025 0.158217966 -0.08504238
v 0.574618935 0.139141276 0.089040398
v 0.560168564 0.126725971 0.139415100
v 0.587747156 0.070140026 0.080255560
v 0.569825768 0.058860361 0.134077459
v 0.595447063 0.079008653 0.020886087
v 0.587682783 0.088462457 -0.04336065
v 0.562098324 0.100910939 -0.10807696
v 0.518876493 0.170955106 -0.14131913
v 0.500567197 0.227621555 -0.10793509
v 0.524617612 0.113967463 -0.16455537
v 0.459150761 0.296780377 -0.07755809
v 0.405054360 0.370182275 -0.0687064
v 0.352016955 0.432571172 -0.06478649
v 0.291847288 0.477392137 -0.06092621
v 0.227556273 0.500213265 -0.04768165
v 0.219789966 0.483380734 -0.10226914
v 0.282223731 0.460032403 -0.11581442
v 0.340590387 0.418668031 -0.12155028
v 0.390547871 0.363722026 -0.12427723
v 0.437204480 0.30081141 -0.13086645
v 0.467610448 0.239662379 -0.15927318
v 0.480109155 0.182399034 -0.19210775
v 0.483332186 0.124651148 -0.21485181
v 0.519174754 0.056767217 -0.17745577
v 0.554954230 0.042776666 -0.12092262
v 0.478643536 0.067619577 -0.22775054
v 0.580008268 0.027936406 -0.0579436
v 0.586314022 0.015275627 0.005947372
v 0.577121615 0.005661964 0.065877236
v 0.556253254 -0.00313482 0.120704181
v 0.551175177 -0.05244289 0.048209756
v 0.559465169 -0.04213323 -0.00968252
v 0.534240722 -0.06122129 0.103736199
v 0.555748224 -0.02886969 -0.06966702
v 0.536354184 -0.01246688 -0.12843265
v 0.505276143 0.002574801 -0.18328315
v 0.467458963 0.013874203 -0.23312958
v 0.437770217 0.074183501 -0.27491528
v 0.443118274 0.131616085 -0.2630828
v 0.427139133 0.019973471 -0.2786718
v 0.441797077 0.190106660 -0.24133626
v 0.39582479 0.076163411 -0.31983608
v 0.385902881 0.020219847 -0.32192603
v 0.413822531 -0.03002901 -0.27756819
v 0.451263636 -0.03536986 -0.23375525
v 0.373588800 -0.03192389 -0.31831881
v 0.483980327 -0.04772009 -0.18617828
v 0.508746624 -0.06460567 -0.1352351
v 0.522836089 -0.08201604 -0.08133856
v 0.524749517 -0.09581205 -0.02587588
v 0.483881533 -0.13242222 -0.09467351
v 0.473814725 -0.11448152 -0.14398576
v 0.485466927 -0.14679904 -0.0426181
v 0.456126153 -0.09535837 -0.19042432
v 0.431369304 -0.07933527 -0.233513
v 0.400018274 -0.07196505 -0.27309185
v 0.362753599 -0.07850885 -0.30949283
v 0.342380315 0.015589341 -0.36300117
v 0.352323412 0.073723278 -0.36332315
v 0.360212981 -0.11856519 -0.29070774
v 0.388896763 -0.10213013 -0.2683703
v 0.404380470 -0.11854164 -0.23917027
v 0.420497834 -0.14046706 -0.20033705
v 0.433215677 -0.16258813 -0.15744823
v 0.440657138 -0.18159737 -0.11054248
v 0.441933095 -0.1957631 -0.06071298
v 0.478256195 -0.15656216 0.010472985
v 0.436504989 -0.20524739 -0.00917619
v 0.516812443 -0.10605998 0.029557483
v 0.501036465 -0.11407448 0.083766937
v 0.462862461 -0.16188945 0.062811151
v 0.423234581 -0.20870103 0.042015075
v 0.396735727 -0.24404009 -0.08009966
v 0.394931256 -0.22842412 -0.12973046
v 0.388019114 -0.20667432 -0.17603014
v 0.378522187 -0.18187623 -0.21847366
v 0.367919921 -0.15343966 -0.25744787
v 0.335622489 -0.21908425 -0.24279359
v 0.342944830 -0.24899627 -0.19897218
v 0.439578115 -0.16369258 0.113664910
v 0.47368294 -0.1178662 0.136466786
v 0.503570616 -0.06773786 0.157754614
v 0.528913795 -0.02263865 0.171962872
v 0.491220057 0.018359214 0.243925035
v 0.542714655 0.032830789 0.183845296
v 0.436998158 -0.00512435 0.303183972
v 0.536469519 0.103078678 0.191162601
v 0.493484705 0.059846065 0.253105104
v -0.05480691 0.475742995 0.285624057
v -0.05741666 0.429961264 0.334955960
v -0.42989641 -0.04267468 0.290259629
v -0.43699816 -0.00512435 0.303183972
v -0.46239373 -0.0740989 0.212026
v -0.41587353 -0.08486815 0.271784842
v -0.48060015 -0.02704526 0.230603143
v -0.49122006 0.018359214 0.243925035
v -0.54271466 0.032830789 0.183845296
v -0.5289138 -0.02263865 0.171962872
v -0.50357062 -0.06773786 0.157754614
v -0.47368294 -0.1178662 0.136466786
v -0.45468625 -0.13178216 0.187874928
v -0.39234057 -0.12606944 0.244468748
v -0.41158521 -0.16684805 0.164618209
v -0.37107766 -0.16838004 0.216555476
v -0.32061493 -0.17541425 0.268031001
v -0.43957812 -0.16369258 0.113664910
v -0.50103647 -0.11407448 0.083766937
v -0.46286246 -0.16188945 0.062811151
v -0.53424072 -0.06122129 0.103736199
v -0.55625325 -0.00313482 0.120704181
v -0.57712162 0.005661964 0.065877236
v -0.55117518 -0.05244289 0.048209756
v -0.51681244 -0.10605998 0.029557483
v -0.42323458 -0.20870103 0.042015075
v -0.4035041 -0.20756023 0.091533489
v -0.37869319 -0.20495419 0.139805167
v -0.34757668 -0.20425306 0.187378898
v -0.3046993 -0.21060593 0.235727056
v -0.29227322 -0.24256743 0.201970711
v -0.3244524 -0.23843624 0.161886483
v -0.34613109 -0.24443759 0.117853738
v -0.28071019 -0.26787084 0.176976904
v -0.52474952 -0.09581205 -0.02587588
v -0.55946517 -0.04213323 -0.00968252
v -0.52283609 -0.08201604 -0.08133856
v -0.55574822 -0.02886969 -0.06966702
v -0.50874662 -0.06460567 -0.1352351
v -0.53635418 -0.01246688 -0.12843265
v -0.50527614 0.002574801 -0.18328315
v -0.48398033 -0.04772009 -0.18617828
v -0.46745896 0.013874203 -0.23312958
v -0.45126364 -0.03536986 -0.23375525
v -0.47864354 0.067619577 -0.22775054
v -0.43777022 0.074183501 -0.27491528
v -0.42713913 0.019973471 -0.2786718
v -0.41382253 -0.03002901 -0.27756819
v -0.39582479 0.076163411 -0.31983608
v -0.40179598 0.134617984 -0.31004137
v -0.40238839 0.193730071 -0.2908996
v -0.35934064 0.193052902 -0.34061435
vn -0.69286841 0.52437675 0.494936734
vn -0.6603781 0.383071929 0.645876705
vn -0.521613 0.375847667 0.765936315
vn -0.49322698 0.489988267 0.718775868
vn -0.63460624 0.659071326 0.403608590
vn -0.69647801 0.419607341 0.582106530
vn -0.43271616 0.554078340 0.711163878
vn -0.69523239 0.499358385 0.517003893
vn -0.79023165 0.604509770 0.100508138
vn -0.53583783 0.828429281 0.163041606
vn -0.90339446 0.404773414 0.141551733
vn -0.74179757 0.130697667 0.657764852
vn -0.67270654 0.151063352 0.724324345
vn -0.54892176 0.177872359 0.816729009
vn -0.38526082 0.210577175 0.898460507
vn -0.3363817 0.413840264 0.845921754
vn -0.2794019 0.532765626 0.798808813
vn -0.22017784 0.603514850 0.766349554
vn -0.16659014 0.627687215 0.760431885
vn -0.34433511 0.592673659 0.728128612
vn -0.64259738 0.500435829 0.580200433
vn -0.92112559 0.301449567 0.246283888
vn -0.99158823 0.122499793 -0.04179073
vn -0.94268495 0.320791780 -0.09185765
vn -0.79161888 0.609161496 -0.04755971
vn -0.51117486 0.853025019 0.105111941
vn -0.22599447 0.926722824 0.300185620
vn -0.26978314 0.904801011 0.32947281
vn -0.45757306 0.745841562 0.484094202
vn -0.64199156 0.454689234 0.61733675
vn -0.74805516 0.117578588 0.653137564
vn -0.77162623 -0.16789816 0.613516986
vn -0.76242036 -0.13470788 0.632905244
vn -0.69752592 -0.08170277 0.711886465
vn -0.57273507 -0.06538365 0.817128837
vn -0.4089126 -0.06920739 0.909945547
vn -0.22470212 0.225662767 0.947937369
vn -0.23180956 0.433542668 0.870807170
vn -0.22042438 -0.08089361 0.972043871
vn -0.2593866 0.558328747 0.788027644
vn -0.23585311 0.631782770 0.738392651
vn -0.20005175 0.635415911 0.745805621
vn -0.12815861 0.623594164 0.771171629
vn -0.28170225 0.583024799 0.762053728
vn -0.17118031 0.629727661 0.757720589
vn -0.59536755 0.456496179 0.661172151
vn -0.91505873 0.192705899 0.354304909
vn -0.99895841 -0.03408469 0.030336994
vn -0.94591641 0.313003003 -0.08527143
vn -0.98755449 0.152885958 -0.03690477
vn -0.99961632 -0.00614462 0.027009373
vn -0.82089978 0.568649411 0.052548792
vn -0.58072019 0.784595847 0.217194914
vn -0.30753183 0.878052115 0.366672396
vn -0.05797155 0.880104661 0.471227288
vn -0.12113383 0.860019862 0.495673626
vn -0.11050388 0.857430219 0.502595663
vn -0.3220422 0.739606678 0.590991377
vn -0.55447865 0.487916350 0.674159586
vn -0.72071588 0.152467295 0.676256179
vn -0.77048731 -0.12145393 0.625778079
vn -0.78331518 0.033689975 0.620711207
vn -0.70237464 0.280891239 0.654041290
vn -0.48070458 0.540957152 0.690136671
vn -0.24666077 0.692806243 0.677626788
vn -0.04644901 0.761765062 0.646186053
vn 0.030639829 0.772382140 0.634418666
vn -0.02476192 0.757688641 0.652146339
vn -0.23802301 0.802809774 0.546663999
vn -0.4437865 0.765176117 0.466432213
vn -0.23870978 0.721973002 0.649440288
vn -0.68761092 0.636519789 0.349333494
vn -0.8956694 0.405971109 0.181558817
vn -0.94945508 0.211874038 0.231612786
vn -0.959481 -0.23590302 0.154096826
vn -0.96986639 -0.1835199 0.160248592
vn -0.93669003 0.035909652 0.348313361
vn -0.88918865 0.006979887 0.457487583
vn -0.80359459 -0.24415591 0.542792439
vn -0.8426196 -0.43603209 0.316019654
vn -0.87268227 -0.34969497 0.340791612
vn -0.81336856 -0.12958716 0.567132115
vn -0.79192156 0.286743193 0.539109051
vn -0.77819175 0.461116671 0.426367282
vn -0.63156182 0.073454618 0.771838009
vn -0.53786403 0.630386054 0.559746205
vn -0.56759101 0.494216322 0.658476114
vn -0.24132392 0.613333046 0.752054035
vn -0.00209237 0.605915069 0.795526742
vn 0.076439186 0.586944758 0.806010544
vn -0.00705501 0.588423788 0.808521986
vn -0.22286239 0.582773208 0.781477987
vn -0.45000544 0.540673553 0.710751235
vn -0.70387566 0.418244421 0.574134647
vn -0.56005031 0.388781398 0.731568634
vn -0.76037163 0.474718421 0.443257629
vn -0.25369182 0.317391932 0.913730084
vn 0.000375567 0.285807579 0.958287060
vn 0.067835554 0.307590931 0.949097573
vn -0.03552327 0.368670910 0.928880989
vn -0.23184317 0.440691202 0.867202282
vn -0.42643806 0.263968765 0.865142226
vn -0.37463585 -0.14882486 0.915149748
vn -0.17661503 0.100986607 0.979085683
vn -0.56977773 -0.35216278 0.742519140
vn -0.7171644 -0.47195482 0.512770831
vn -0.69026828 -0.52842861 0.494260042
vn -0.6908474 -0.43377107 0.578422486
vn -0.45906347 -0.48208895 0.746224403
vn -0.45401913 -0.47046721 0.756655275
vn -0.21785307 -0.30238488 0.927956581
vn -0.01794707 0.011017764 0.999778270
vn -0.03616732 -0.01632999 0.999212265
vn -0.25744966 0.046961732 0.965149819
vn -0.68606162 0.267933130 0.676410675
vn -0.87582618 0.468994915 0.113895379
vn -0.80130154 0.523379981 0.289809018
vn -0.78124291 0.474182397 0.405968546
vn -0.85477322 0.517075419 0.044673487
vn -0.87428975 0.250691413 0.415657311
vn -0.81381756 0.166230708 0.556837916
vn -0.81240082 0.564695060 0.145342603
vn -0.8269189 0.523331880 0.205740392
vn -0.92255032 0.308402240 0.231924504
vn -0.83730382 0.542608261 0.067071847
vn -0.77766931 0.623465716 0.080752775
vn -0.78466147 0.618853867 0.036418773
vn -0.79006904 0.609676778 0.063916117
vn -0.73673069 0.366512835 0.568239510
vn -0.40355772 -0.12974007 0.905708909
vn -0.2195202 -0.31433594 0.923582136
vn -0.56251955 -0.14163236 0.814562499
vn -0.58777744 0.108620628 0.801697790
vn -0.580046 0.218453928 0.784744858
vn -0.31800124 0.537533104 0.780982255
vn -0.40165463 0.588573157 0.701608955
vn -0.6373328 0.561076343 0.528204739
vn -0.60719663 0.733014226 0.306598067
vn -0.60682553 0.754855692 0.248908951
vn -0.58327734 0.794434487 0.169296279
vn -0.53332567 0.845443725 0.028085086
vn -0.76714426 0.641407311 -0.00928829
vn -0.82552654 0.564338743 0.005283256
vn -0.81077343 0.584304451 0.035139616
vn -0.82943046 0.556763827 0.045379079
vn -0.93174064 0.361341625 0.035939250
vn -0.92696142 -0.08126115 0.366249948
vn -0.97554195 -0.02865694 0.217937469
vn -0.99940711 0.033325869 0.008643898
vn -0.81906265 0.565849721 -0.09460595
vn -0.90579563 0.392601609 -0.15936841
vn -0.96934545 0.094750493 -0.22669777
vn -0.80186254 0.593729794 -0.06709208
vn -0.80553621 0.586558878 -0.08402469
vn -0.72541171 0.677733957 -0.12022728
vn -0.47829869 0.868608474 -0.1294203
vn -0.26062298 0.924712538 0.277456909
vn -0.20154984 0.976230561 0.079697296
vn -0.16029416 0.982149958 -0.09842336
vn -0.31066403 0.842952489 0.439225405
vn -0.34831685 0.751081287 0.560849607
vn -0.16286989 0.708697795 0.686455249
vn -0.26361093 0.566821098 0.780527412
vn -0.10079909 0.674490273 0.731370210
vn -0.57103014 0.366644918 0.734503865
vn -0.03353692 0.807830870 0.588459551
vn -0.08598739 0.832528054 0.547268807
vn -0.03861075 0.939002573 0.341735780
vn -0.00008048 0.993263244 0.115879692
vn 0.021006507 0.997485041 -0.06769335
vn 0.029539406 0.980046987 -0.19655891
vn -0.14324947 0.962830245 -0.22899197
vn -0.44104496 0.863421440 -0.24491364
vn -0.68250793 0.698728501 -0.21438605
vn -0.77736866 0.605019450 -0.17219031
vn -0.78594959 0.595374584 -0.16677013
vn -0.80042332 0.556621253 -0.22247536
vn -0.8555488 0.401615500 -0.32671267
vn -0.89426398 0.143988549 -0.4237442
vn -0.87897867 -0.11102813 -0.46375546
vn -0.9443084 -0.19417433 -0.26566532
vn -0.96168405 -0.27267841 -0.02846567
vn -0.81778651 0.172841027 -0.54895467
vn -0.81028253 -0.04603557 -0.58422846
vn -0.80302745 0.390233784 -0.45040452
vn -0.77947617 0.533055961 -0.32904133
vn -0.76971507 0.586073339 -0.2530942
vn -0.75086188 0.614604592 -0.24180104
vn -0.65006703 0.708661913 -0.27424663
vn -0.42119625 0.853937029 -0.30558982
vn -0.14432929 0.944793403 -0.29416755
vn 0.020603589 0.965628504 -0.25910857
vn 0.063616678 0.996701717 -0.05038475
vn 0.064476579 0.982394099 -0.17534146
vn 0.053754810 0.970827043 -0.23367769
vn 0.045860618 0.990126490 0.132462576
vn 0.009415979 0.929381728 0.368999928
vn -0.06597844 0.931283533 0.358270585
vn -0.00115348 0.995320618 0.096620626
vn 0.041241865 0.998322784 -0.04062888
vn 0.039739158 0.985561013 -0.16459094
vn 0.034907542 0.974706411 -0.22074601
vn 0.027285123 0.972028911 -0.23327126
vn 0.035792287 0.968643784 -0.24586208
vn -0.00104619 0.962157666 -0.2724916
vn -0.153815 0.938077211 -0.31040645
vn -0.40364921 0.854242980 -0.32762218
vn -0.62000525 0.720692038 -0.31015566
vn -0.72949922 0.617322564 -0.29452303
vn -0.76046777 0.565047144 -0.32001638
vn -0.76967221 0.494255930 -0.40412334
vn -0.7772215 0.357923477 -0.51751101
vn -0.77915162 0.173447832 -0.60236079
vn -0.76630801 0.318079769 -0.558209
vn -0.76202226 0.152298972 -0.62938637
vn -0.76224852 0.445798844 -0.46929801
vn -0.7510469 0.530846297 -0.39259481
vn -0.71309543 0.607742428 -0.34949115
vn -0.59327358 0.733943641 -0.33068612
vn -0.38067931 0.865930736 -0.3244181
vn -0.16070242 0.938828647 -0.30459076
vn -0.02422532 0.963063955 -0.26818103
vn 0.017625404 0.970188856 -0.24170817
vn 0.017786311 0.973390281 -0.22846232
vn 0 0.976087093 -0.21737973
vn 0 0.973195791 -0.22997835
vn 0 0.974533975 -0.22424003
vn 0 0.986852765 -0.16162212
vn 0 0.999310135 -0.03714034
vn 0 0.998329818 0.057772018
vn -0.0412674 0.998321712 -0.04062884
vn -0.03973795 0.985561132 -0.16459095
vn 0.001153511 0.995320618 0.096620626
vn -0.03490648 0.974706530 -0.22074604
vn -0.02728429 0.972028911 -0.23327126
vn -0.01778577 0.973390281 -0.22846232
vn 0 0.975841939 -0.21847816
vn 0.006679817 0.974747657 -0.22320946
vn -0.00667961 0.974747657 -0.22320946
vn 0.000670646 0.971517503 -0.23696688
vn -0.0419392 0.964064121 -0.26233858
vn -0.15904672 0.939761996 -0.3025746
vn -0.34385455 0.872886300 -0.34616986
vn -0.55333734 0.733106017 -0.39544073
vn -0.68442023 0.581439495 -0.43988311
vn -0.72676051 0.490120887 -0.48124918
vn -0.74132735 0.401071220 -0.5381223
vn -0.62804502 0.559532582 -0.54081661
vn -0.68247473 0.456508666 -0.57081366
vn -0.70310742 0.362653732 -0.61165535
vn -0.49110836 0.719129204 -0.49159521
vn -0.30015814 0.861932277 -0.40862927
vn -0.15036976 0.931359052 -0.33160111
vn -0.05318895 0.959854543 -0.27540901
vn -0.01523728 0.968446016 -0.24875717
vn -0.00423842 0.971440672 -0.23724513
vn 0 0.972344934 -0.23354974
vn 0.004238551 0.971440672 -0.23724513
vn -0.01762487 0.970188975 -0.2417082
vn -0.00067063 0.971517503 -0.23696688
vn 0.015237743 0.968446016 -0.24875717
vn -0.03581799 0.968642950 -0.24586187
vn -0.05377993 0.970825612 -0.23367736
vn -0.06450135 0.982392549 -0.17534119
vn -0.02060296 0.965628504 -0.25910857
vn 0.001046218 0.962157666 -0.2724916
vn -0.0295385 0.980046987 -0.19655891
vn 0.024226060 0.963063955 -0.26818103
vn 0.041940476 0.964064121 -0.26233858
vn 0.053190570 0.959854483 -0.27540898
vn 0.033430900 0.952122509 -0.30388364
vn 0.016928039 0.954295873 -0.29838383
vn 0.063615553 0.945748984 -0.31860915
vn 0 0.955151915 -0.29611644
vn -0.01692752 0.954295873 -0.29838383
vn -0.03342988 0.952122509 -0.30388364
vn -0.06361362 0.945749104 -0.31860918
vn -0.14752479 0.915135443 -0.3751846
vn -0.27102765 0.840752959 -0.46869868
vn -0.42339751 0.709273219 -0.56361872
vn -0.55120558 0.558609426 -0.61978054
vn -0.23598979 0.823039591 -0.51663774
vn -0.35551018 0.707339048 -0.6109696
vn -0.46491787 0.569244980 -0.67809397
vn -0.14579368 0.892762482 -0.42628551
vn -0.10117559 0.900852024 -0.42217171
vn -0.07068323 0.907986462 -0.41299447
vn -0.03737567 0.912699878 -0.40691742
vn 0 0.914292454 -0.40505469
vn 0.037376813 0.912699878 -0.40691742
vn 0.070685371 0.907986342 -0.41299441
vn 0.101178661 0.900851845 -0.42217162
vn 0.147529214 0.915134906 -0.37518436
vn 0.145771697 0.892765462 -0.42628691
vn 0.150347948 0.931362152 -0.33160222
vn 0.159051463 0.939761340 -0.30257437
vn 0.160707205 0.938827872 -0.30459049
vn 0.343863785 0.872883141 -0.34616861
vn 0.380665838 0.865936040 -0.32442006
vn 0.300166457 0.861929833 -0.40862811
vn 0.271035313 0.840751051 -0.46869764
vn 0.235996618 0.823038220 -0.51663685
vn 0.180213332 0.82402879 -0.53712171
vn 0.123489409 0.835671424 -0.53516698
vn 0.06334804 0.842730522 -0.53459555
vn 0 0.844766736 -0.53513485
vn -0.06337284 0.842729151 -0.53459466
vn -0.1234857 0.835671782 -0.53516722
vn -0.18020801 0.824029564 -0.53712225
vn -0.27789819 0.715769588 -0.64066094
vn -0.36799458 0.582412898 -0.72482759
vn -0.62098372 0.440220862 -0.64852506
vn -0.53848976 0.439989060 -0.71863645
vn -0.43329236 0.443570494 -0.78454006
vn -0.18627645 0.728768885 -0.6589362
vn -0.25024813 0.595150589 -0.76365674
vn -0.30272925 0.447396487 -0.84154111
vn -0.09339274 0.737796485 -0.6685313
vn 0 0.740572810 -0.67197627
vn 0.093395575 0.737796306 -0.66853112
vn 0.186281934 0.728768110 -0.65893549
vn 0.277906000 0.71576792 -0.64065945
vn 0.355495810 0.707343220 -0.61097318
vn 0.423408061 0.709269285 -0.56361562
vn 0.491098612 0.719133675 -0.49159828
vn 0.553329646 0.733110487 -0.39544317
vn 0.593267083 0.733947932 -0.33068806
vn 0.713091969 0.607745468 -0.34949288
vn 0.684416115 0.581442534 -0.43988541
vn 0.628039538 0.559535861 -0.54081976
vn 0.551197826 0.558612883 -0.61978436
vn 0.464929044 0.569241225 -0.6780895
vn 0.367980629 0.582416415 -0.72483194
vn 0.250255286 0.595149457 -0.7636553
vn 0.124567702 0.603926301 -0.78724581
vn 0 0.606311440 -0.79522735
vn -0.12456395 0.603926599 -0.78724617
vn -0.15193994 0.450902134 -0.87954617
vn -0.47476232 0.302475661 -0.82650417
vn -0.33590302 0.296344697 -0.89406317
vn -0.17096293 0.292547732 -0.940844
vn -0.58155018 0.312103658 -0.75125945
vn -0.65354079 0.331657767 -0.68035847
vn -0.66524643 0.206866845 -0.7173934
vn -0.59979105 0.175903543 -0.78058225
vn -0.49698117 0.156586065 -0.85351652
vn -0.35327086 0.148625820 -0.92363948
vn -0.1814622 0.146676778 -0.97239774
vn 0 0.451857268 -0.89209026
vn 0 0.291510969 -0.95656759
vn 0 0.146794155 -0.98916709
vn 0.151918202 0.450903683 -0.87954921
vn 0.302737653 0.447395205 -0.84153873
vn 0.433303058 0.443567931 -0.78453547
vn 0.538481593 0.439991831 -0.71864098
vn 0.620977997 0.440223455 -0.64852887
vn 0.682470560 0.456511050 -0.5708167
vn 0.726757347 0.490123212 -0.48125148
vn 0.751044273 0.530848681 -0.3925966
vn 0.741324544 0.401073098 -0.5381248
vn 0.762258231 0.445790946 -0.46928969
vn 0.703103721 0.36265558 -0.61165845
vn 0.653535842 0.331659585 -0.68036222
vn 0.581543326 0.312105536 -0.75126398
vn 0.474752068 0.302477568 -0.82650936
vn 0.335887908 0.296346396 -0.8940683
vn 0.170941844 0.292548805 -0.94084746
vn 0.181467562 0.146676629 -0.97239685
vn -0.18818396 0.028652017 -0.9817158
vn 0 0.032166551 -0.99948251
vn 0.188189506 0.028651988 -0.98171473
vn -0.36146984 0.022920731 -0.93210208
vn -0.50283074 0.024389373 -0.86404073
vn -0.60012877 0.038513757 -0.79897565
vn -0.66256624 0.063139818 -0.74633723
vn -0.50310332 -0.07557331 -0.86091566
vn -0.59479892 -0.07622219 -0.8002528
vn -0.65198666 -0.06707076 -0.7552582
vn -0.36765689 -0.06612653 -0.92760742
vn -0.19541138 -0.05327541 -0.9792732
vn 0 -0.04717947 -0.99888647
vn 0.195417106 -0.05327535 -0.97927207
vn 0.361479431 0.022920640 -0.93209833
vn 0.353280305 0.148625269 -0.92363602
vn 0.367642968 -0.06612693 -0.92761296
vn 0.496971696 0.156587049 -0.85352188
vn 0.599784672 0.175904601 -0.7805869
vn 0.665241837 0.206867978 -0.71739733
vn 0.710841536 0.242304071 -0.66029769
vn 0.745436608 0.279585570 -0.60510838
vn 0.738253772 0.123343788 -0.66314983
vn 0.706225395 0.092618189 -0.70190293
vn 0.662561595 0.063140168 -0.74634135
vn 0.600122511 0.038513992 -0.79898041
vn 0.502821445 0.024389525 -0.8640461
vn 0.503114759 -0.07557271 -0.86090893
vn 0.508973598 -0.14249733 -0.84890544
vn 0.377863794 -0.12660003 -0.91716492
vn 0.204341903 -0.11262269 -0.97239935
vn 0 -0.10714839 -0.99424309
vn -0.20436178 -0.11262222 -0.97239518
vn -0.37785393 -0.12660058 -0.91716886
vn -0.50896204 -0.14249845 -0.84891206
vn -0.59591872 -0.15513325 -0.78791779
vn -0.64715296 -0.16268635 -0.74479944
vn -0.69146341 -0.0496721 -0.72070175
vn -0.70622897 0.092617720 -0.70189935
vn -0.67760623 -0.16230966 -0.71729034
vn -0.60706758 -0.21999134 -0.76359195
vn -0.65313655 -0.23229983 -0.72072846
vn -0.67372072 -0.24083047 -0.69864231
vn -0.52410275 -0.20489155 -0.82664126
vn -0.39344624 -0.1902554 -0.89944589
vn -0.21399331 -0.18108045 -0.95990455
vn 0 -0.17864911 -0.98391289
vn 0.213999539 -0.18108018 -0.95990318
vn 0.393433183 -0.19025655 -0.89945132
vn 0.52411443 -0.20488983 -0.82663435
vn 0.595912277 -0.15513417 -0.78792256
vn 0.607079327 -0.21998888 -0.76358342
vn 0.594792425 -0.07622264 -0.8002575
vn 0.651998162 -0.0670699 -0.75524843
vn 0.647147953 -0.16268726 -0.74480367
vn 0.653147935 -0.23229678 -0.72071898
vn 0.624340057 -0.29207274 -0.72449505
vn 0.544062614 -0.28544202 -0.78899848
vn 0.665465712 -0.29881826 -0.68400508
vn 0.410912692 -0.28273806 -0.8667236
vn 0.223477855 -0.28441799 -0.93228972
vn 0 -0.28622499 -0.95816243
vn -0.2234714 -0.28441843 -0.93229115
vn -0.41090229 -0.28273955 -0.86672813
vn -0.54405099 -0.28544462 -0.7890057
vn -0.62434578 -0.29207107 -0.72449088
vn -0.6654703 -0.29881665 -0.68400139
vn -0.67952794 -0.30547696 -0.66702741
vn -0.6895811 -0.24492505 -0.68153483
vn -0.70261019 -0.15516096 -0.69445229
vn -0.6863786 -0.31118202 -0.6573053
vn -0.68044072 -0.36816579 -0.63360429
vn -0.69077432 -0.37291726 -0.61948651
vn -0.69182891 -0.37784839 -0.61530745
vn -0.64389849 -0.36666709 -0.67152798
vn -0.56455106 -0.37115777 -0.73724079
vn -0.42543158 -0.38605109 -0.81851852
vn -0.23016784 -0.40402928 -0.8853153
vn 0 -0.41217214 -0.91110611
vn 0.230174481 -0.40402862 -0.88531387
vn 0.425442218 -0.38604891 -0.81851393
vn 0.564562797 -0.37115416 -0.73723364
vn 0.643893420 -0.36666918 -0.67153186
vn 0.680436492 -0.36816773 -0.63360763
vn 0.673731982 -0.24082714 -0.69863266
vn 0.679539144 -0.30547267 -0.66701806
vn 0.690770328 -0.3729192 -0.61948973
vn 0.6966362 -0.42799225 -0.57577831
vn 0.663795113 -0.43139634 -0.61096102
vn 0.703596174 -0.43355879 -0.56300908
vn 0.585168898 -0.44995317 -0.67462558
vn 0.440622955 -0.48183325 -0.75742203
vn 0.237454399 -0.51078212 -0.826267
vn 0 -0.52255565 -0.85260528
vn -0.23747307 -0.51077968 -0.82626307
vn -0.44063431 -0.48183024 -0.75741732
vn -0.58517557 -0.44995046 -0.67462152
vn -0.6637997 -0.43139398 -0.61095768
vn -0.69664001 -0.42799005 -0.57577533
vn -0.70359981 -0.43355656 -0.56300616
vn -0.70041305 -0.43993524 -0.56203067
vn -0.69405907 -0.37917578 -0.61197037
vn -0.69795555 -0.32654399 -0.63735956
vn -0.7037254 -0.42546225 -0.5689925
vn -0.71587986 -0.48658004 -0.50075543
vn -0.71008706 -0.49387795 -0.50185746
vn -0.71716136 -0.47722477 -0.50787407
vn -0.71185046 -0.48095888 -0.51180804
vn -0.68052787 -0.49296963 -0.54209095
vn -0.60199803 -0.52970338 -0.59750539
vn -0.45877641 -0.58133006 -0.67199677
vn -0.25002617 -0.62591648 -0.73872554
vn 0 -0.64364791 -0.76532185
vn 0.250033319 -0.62591529 -0.73872417
vn 0.458765596 -0.5813337 -0.67200094
vn 0.602009713 -0.52969754 -0.59749883
vn 0.680539071 -0.49296269 -0.54208332
vn 0.711847007 -0.48096129 -0.5118106
vn 0.723138749 -0.53610623 -0.43550023
vn 0.690537035 -0.55894488 -0.45906344
vn 0.611800491 -0.61077881 -0.50264251
vn 0.469576567 -0.68355894 -0.55878884
vn 0.256517738 -0.75294262 -0.60603297
vn 0 -0.78164834 -0.62371951
vn -0.25653574 -0.75293899 -0.60603005
vn -0.46956539 -0.68356353 -0.55879253
vn -0.61180645 -0.61077517 -0.50263953
vn -0.69054097 -0.55894202 -0.45906109
vn -0.72314191 -0.53610361 -0.43549812
vn -0.72762746 -0.53788781 -0.42571712
vn -0.72364873 -0.54763347 -0.4200359
vn -0.73620707 -0.53565377 -0.41361105
vn -0.73929602 -0.42572212 -0.52172989
vn -0.71713936 -0.36880976 -0.5913465
vn -0.76447648 -0.49251655 -0.41593665
vn -0.75393707 -0.59463406 -0.27926534
vn -0.78350025 -0.56061661 -0.26802295
vn -0.73956788 -0.60356688 -0.29790345
vn -0.73772353 -0.59813231 -0.31305227
vn -0.72877473 -0.60223097 -0.32589123
vn -0.69144696 -0.63443863 -0.34552705
vn -0.61145747 -0.69677722 -0.37499481
vn -0.46476671 -0.7857427 -0.408167
vn -0.24666806 -0.87015593 -0.4265953
vn 0 -0.90320772 -0.42920372
vn 0.246675118 -0.87015426 -0.4265945
vn 0.464777797 -0.78573751 -0.40816432
vn 0.611469149 -0.69676936 -0.37499058
vn 0.691457927 -0.63442934 -0.34552199
vn 0.728771686 -0.60223389 -0.32589281
vn 0.677287817 -0.71151197 -0.18716812
vn 0.592451036 -0.77927554 -0.20428295
vn 0.721040666 -0.6716888 -0.17010131
vn 0.440098673 -0.87195766 -0.2144832
vn 0.225534930 -0.95061642 -0.21321921
vn 0 -0.97778821 -0.2095958
vn -0.22555402 -0.95061207 -0.21321823
vn -0.44011006 -0.87195218 -0.21448186
vn -0.59243929 -0.77928388 -0.20428514
vn -0.67727661 -0.71152198 -0.18717076
vn -0.72103012 -0.67169946 -0.17010401
vn -0.73625535 -0.65850246 -0.15589279
vn -0.743141 -0.6544224 -0.13954474
vn -0.75634503 -0.6430037 -0.12036734
vn -0.7843321 -0.61234826 -0.09926117
vn -0.72185773 -0.6911689 0.034741401
vn -0.73458433 -0.67679429 0.048325151
vn -0.75990993 -0.64697629 0.062917061
vn -0.71244192 -0.70129383 0.024767698
vn -0.69075769 -0.72293693 0.014698395
vn -0.64138252 -0.76721001 0.004136029
vn -0.5512377 -0.83434337 -0.00283487
vn -0.40266642 -0.91533715 -0.00421699
vn -0.20720704 -0.9782874 -0.00436077
vn 0 -0.99998856 -0.0047912
vn 0.207213088 -0.97828609 -0.00436077
vn 0.402676671 -0.91533256 -0.00421697
vn 0.551249444 -0.83433568 -0.00283484
vn 0.641377389 -0.76721442 0.004136052
vn 0.690768659 -0.72292638 0.014698181
vn 0.737720608 -0.59813505 -0.31305373
vn 0.736252427 -0.65850562 -0.15589353
vn 0.712452650 -0.70128304 0.024767315
vn 0.670814395 -0.71720421 0.188748821
vn 0.647275626 -0.74048561 0.180873677
vn 0.594420552 -0.78514183 0.173829272
vn 0.504511952 -0.84654069 0.169813215
vn 0.369781315 -0.91401082 0.166870817
vn 0.196565419 -0.96691847 0.162574946
vn 0 -0.98710543 0.160071909
vn -0.19655967 -0.9669196 0.162575125
vn -0.3697952 -0.9140054 0.166869834
vn -0.50450051 -0.84654719 0.169814512
vn -0.59442699 -0.78513706 0.173828229
vn -0.64728063 -0.74048144 0.180872663
vn -0.67080319 -0.71721405 0.188751429
vn -0.67913318 -0.70723975 0.196443423
vn -0.63251638 -0.71302772 0.302513659
vn -0.63665175 -0.70642745 0.309249013
vn -0.61453176 -0.73247594 0.292967140
vn -0.56601423 -0.77531731 0.280197948
vn -0.48120415 -0.83451432 0.268381238
vn -0.35565007 -0.89756614 0.260553568
vn -0.19320074 -0.94726217 0.255671322
vn 0 -0.96715522 0.254186600
vn 0.193180471 -0.9472661 0.255672365
vn 0.355659574 -0.89756262 0.260552555
vn 0.481215387 -0.83450836 0.268379330
vn 0.566006958 -0.77532208 0.280199676
vn 0.614525854 -0.73248023 0.292968869
vn 0.632510900 -0.71303183 0.302515417
vn 0.721854507 -0.6911723 0.034741573
vn 0.679144382 -0.70722985 0.196440681
vn 0.636663258 -0.70641863 0.309245139
vn 0.611480891 -0.70295602 0.363240927
vn 0.601989626 -0.71657807 0.352312535
vn 0.609364628 -0.70118868 0.370147407
vn 0.561746478 -0.75491828 0.338436305
vn 0.481432884 -0.81366873 0.325830698
vn 0.357586324 -0.87774742 0.318891078
vn 0.196129486 -0.92835039 0.315751284
vn 0 -0.9489547 0.315412342
vn -0.19612373 -0.92835152 0.315751671
vn -0.35757679 -0.87775081 0.318892300
vn -0.48144293 -0.81366366 0.325828671
vn -0.56175399 -0.75491375 0.338434249
vn -0.60197794 -0.71658605 0.352316439
vn -0.61148685 -0.70295185 0.363238781
vn -0.60112953 -0.70190996 0.382054567
vn -0.60524935 -0.69385701 0.390173971
vn -0.56543911 -0.73248595 0.379134565
vn -0.48624519 -0.78584206 0.382122993
vn -0.36086971 -0.84642506 0.391583442
vn -0.19800442 -0.89397329 0.402002513
vn 0 -0.91322839 0.407448083
vn 0.198010236 -0.89397222 0.402002036
vn 0.360879272 -0.84642172 0.391581893
vn 0.486235290 -0.78584695 0.382125377
vn 0.565431773 -0.73249036 0.379136860
vn 0.601123273 -0.70191419 0.382056862
vn 0.605243206 -0.69386107 0.390176296
vn 0.597346186 -0.6943984 0.401233762
vn 0.599235892 -0.71096015 0.368038028
vn 0.640863120 -0.70313883 0.308042556
vn 0.577933311 -0.70335591 0.413864255
vn 0.600121259 -0.68411458 0.414538085
vn 0.603590428 -0.68600667 0.406292229
vn 0.594568967 -0.68305558 0.424173086
vn 0.600086331 -0.68847162 0.407312154
vn 0.565698742 -0.71156847 0.416719675
vn 0.485909909 -0.75728399 0.436362892
vn 0.357359826 -0.81126738 0.462751716
vn 0.191735848 -0.85195404 0.487249016
vn 0 -0.86703593 0.498245775
vn -0.19173023 -0.85195506 0.487249583
vn -0.3573741 -0.81126261 0.462749004
vn -0.48591974 -0.75727928 0.436360180
vn -0.56568706 -0.71157539 0.416723728
vn -0.60007465 -0.68847919 0.407316625
vn -0.5671947 -0.70609039 0.423941761
vn -0.60222191 -0.68305832 0.413231402
vn -0.48020113 -0.74856853 0.457221955
vn -0.35137495 -0.7942276 0.495720028
vn -0.18908466 -0.83234215 0.521012008
vn 0 -0.84842455 0.529316365
vn 0.189090237 -0.83234125 0.521011412
vn 0.351360410 -0.79423225 0.495722919
vn 0.48021245 -0.74856335 0.457218796
vn 0.567187368 -0.70609468 0.423944324
vn 0.602233588 -0.68305069 0.413226813
vn 0.611156880 -0.67657709 0.410768508
vn 0.609935343 -0.69605285 0.378800064
vn 0.553802609 -0.69746894 0.454796284
vn 0.580977559 -0.73976427 0.339431643
vn 0.582164466 -0.72938538 0.359279125
vn 0.661533534 -0.61240172 0.432825088
vn 0.587766826 -0.63081926 0.506554305
vn 0.669959366 -0.62866396 0.394887447
vn 0.629661679 -0.65816343 0.412731260
vn 0.572933673 -0.66538745 0.478546440
vn 0.583081543 -0.71728206 0.381473809
vn 0.591595828 -0.70534307 0.390519499
vn 0.467193365 -0.77493453 0.425683915
vn 0.327640742 -0.80902576 0.487984418
vn 0.200547114 -0.83184111 0.517514348
vn 0 -0.85144997 0.524435937
vn -0.20057228 -0.83182824 0.517525494
vn -0.3276318 -0.80902845 0.487986028
vn -0.46718219 -0.77493972 0.425686776
vn -0.59160239 -0.70533884 0.390517145
vn -0.30934951 -0.7983309 0.516692042
vn -0.47541058 -0.75191021 0.456744700
vn -0.58306986 -0.71728957 0.381477803
vn -0.22846226 -0.82289946 0.520232200
vn 0 -0.85214651 0.523303449
vn 0.228468880 -0.82289815 0.520231425
vn 0.309358030 -0.79832858 0.516690552
vn 0.475400388 -0.75191498 0.456747591
vn 0.503677129 -0.6893748 0.520645558
vn 0.604593098 -0.59256214 0.532294452
vn 0.682202816 -0.53069484 0.502953589
vn 0.529289901 -0.65092528 0.544195354
vn 0.696702718 -0.53702825 0.475611239
vn 0.664871811 -0.53381747 0.522479057
vn 0.720883905 -0.48470315 0.495367854
vn 0.737123906 -0.41224533 0.535445570
vn 0.725836932 -0.42771617 0.538720428
vn 0.711628258 -0.46522835 0.526448369
vn 0.704359710 -0.50500512 0.498845815
vn 0.643407702 -0.55947196 0.522510826
vn 0.5420295 -0.59126508 0.597167909
vn 0.408212304 -0.71397257 0.568863630
vn 0.343103915 -0.75412554 0.559977173
vn 0.447587221 -0.58479851 0.676517844
vn 0.228166118 -0.78899175 0.570466637
vn 0 -0.80228156 0.596945762
vn -0.22815952 -0.78899306 0.570467591
vn -0.34309462 -0.75412816 0.559979140
vn -0.50366563 -0.68938011 0.520649552
vn -0.57292187 -0.66539413 0.478551238
vn -0.62966716 -0.65815961 0.412728905
vn -0.58096576 -0.73977184 0.339435100
vn -0.61116284 -0.6765731 0.410766094
vn -0.68219173 -0.53070241 0.502960741
vn -0.6045993 -0.59255862 0.532291233
vn -0.52929831 -0.65092117 0.544191956
vn -0.40820196 -0.71397626 0.568866550
vn -0.20584017 -0.75475013 0.622882068
vn 0 -0.74647582 0.665412485
vn 0.205846190 -0.75474918 0.622881293
vn 0.206285223 -0.59546155 0.776448309
vn 0.426168322 -0.3480888 0.834993839
vn 0.568985045 -0.37204239 0.733376085
vn 0.211017891 -0.35072988 0.912392437
vn 0.696311116 -0.36448622 0.618304669
vn 0.747861445 -0.36011454 0.557692408
vn 0.749279618 -0.34795773 0.563476145
vn 0.771635770 -0.16789512 0.613505840
vn 0.762430071 -0.13470548 0.632894039
vn 0.697522044 -0.08170318 0.711890041
vn 0.572746813 -0.06538299 0.817120611
vn 0.408900082 -0.06920782 0.909951150
vn 0.220405057 -0.08089397 0.972048163
vn 0 -0.09225538 0.995735347
vn 0 -0.36965969 0.929167211
vn 0 -0.59450543 0.804091572
vn -0.20627919 -0.59546232 0.776449263
vn -0.44757634 -0.58480209 0.676521956
vn -0.54203767 -0.59126145 0.597164273
vn -0.64339626 -0.55947906 0.522517502
vn -0.70436341 -0.50500262 0.498843312
vn -0.66996384 -0.62866056 0.394885301
vn -0.69670647 -0.53702539 0.475608736
vn -0.71161759 -0.46523553 0.526456475
vn -0.74926966 -0.34796372 0.563485860
vn -0.74785131 -0.36012068 0.557701885
vn -0.69631499 -0.36448434 0.618301510
vn -0.56897324 -0.37204608 0.733383357
vn -0.42618021 -0.34808666 0.834988713
vn -0.21101175 -0.35073039 0.912393689
vn 0 0.228464335 0.973552286
vn 0.224708631 0.225662425 0.947935879
vn 0.385270804 0.210576206 0.898456454
vn 0.548933506 0.177870720 0.816721499
vn 0.672702074 0.151064172 0.724328279
vn 0.741794765 0.130698278 0.657767891
vn 0.696474194 0.419609546 0.582109570
vn 0.660373330 0.383073985 0.645880162
vn 0.521624505 0.375844568 0.765929997
vn 0.336390793 0.413838803 0.845918774
vn 0.231790676 0.433544665 0.870811164
vn 0 0.439592182 0.898197531
vn 0 0.588690519 0.808358490
vn 0.25939399 0.558327615 0.788026034
vn 0.279409736 0.532764315 0.798806846
vn 0.493238359 0.489984601 0.718770444
vn 0.692864537 0.524379491 0.494939327
vn 0.634600877 0.659075081 0.403610855
vn 0.748052477 0.117579132 0.653140604
vn 0.642002999 0.454683512 0.617328941
vn 0.457584142 0.745836794 0.484091132
vn 0.770485043 -0.12145445 0.625780761
vn 0.720712602 0.152468040 0.676259458
vn 0.554490387 0.487911790 0.674153268
vn 0.322050988 0.739604353 0.590989470
vn 0.121137477 0.860019445 0.495673388
vn 0.269790738 0.904798984 0.329472065
vn 0.535849511 0.828422009 0.163040176
vn 0.790229678 0.604512214 0.100508540
vn 0.695228576 0.499361008 0.517006635
vn 0.432726889 0.554075121 0.711159765
vn 0.903399527 0.404763311 0.141548201
vn 0.220184207 0.603513896 0.766348362
vn 0.235859900 0.631781756 0.738391399
vn 0 0.670914948 0.741534352
vn 0 0.654628396 0.755950868
vn 0.200031712 0.635418534 0.745808661
vn 0.166595056 0.627686619 0.760431110
vn 0.344320297 0.592677056 0.728132784
vn 0.642608821 0.500429570 0.580193162
vn 0.921125352 0.301450103 0.246284335
vn 0.94268471 0.320792168 -0.09185777
vn 0.991588234 0.122499816 -0.04179074
vn 0.791616916 0.609163880 -0.04755989
vn 0.511165857 0.853030443 0.105112604
vn 0.226001024 0.926721394 0.300185143
vn 0.057973314 0.880104541 0.471227228
vn 0.046423640 0.761765956 0.646186828
vn -0.03063889 0.772382140 0.634418666
vn 0.246642395 0.692809522 0.677629947
vn 0.480715811 0.540953278 0.690131723
vn 0.702370882 0.2808927 0.654044628
vn 0.450016349 0.540670156 0.710746824
vn 0.703871965 0.418246507 0.574137568
vn 0.222868859 0.582772314 0.781476795
vn 0.007055223 0.588423788 0.808521986
vn -0.07643686 0.586944818 0.806010663
vn 0.002092438 0.605915069 0.795526742
vn 0.024762673 0.757688581 0.652146279
vn 0.110507212 0.857429921 0.502595484
vn 0.307515740 0.878057003 0.366674423
vn 0.580713212 0.784600496 0.217196196
vn 0.820898354 0.568651437 0.052548974
vn 0.945916295 0.313003391 -0.08527152
vn 0.987554550 0.152886003 -0.03690478
vn 0.998958408 -0.03408469 0.030336994
vn 0.915058374 0.192706257 0.354305565
vn 0.999616324 -0.00614462 0.027009373
vn 0.595361113 0.456498920 0.661176145
vn 0.281710147 0.583023369 0.762051880
vn 0.263618409 0.566819906 0.780525744
vn 0.571041882 0.366641283 0.734496593
vn 0.889188051 0.006979904 0.457488656
vn 0.959481000 -0.23590325 0.154096975
vn 0.969866335 -0.18352003 0.160248711
vn 0.949454963 0.211874261 0.23161304
vn 0.936689794 0.035909701 0.348313838
vn 0.895669043 0.405972063 0.181559249
vn 0.687606871 0.636523127 0.349335312
vn 0.443797439 0.765171587 0.466429442
vn 0.238004341 0.802813470 0.546666503
vn 0.238691151 0.721976399 0.649443328
vn 0.241330876 0.613331973 0.752052664
vn 0.035524345 0.368670880 0.928880870
vn 0.231849893 0.440690547 0.867200970
vn -0.06783349 0.307590961 0.949097693
vn -0.00037556 0.285807579 0.958287060
vn 0.036168426 -0.01632999 0.999212265
vn 0.017947614 0.011017764 0.999778270
vn 0.176594167 0.100986987 0.979089379
vn 0.426426172 0.263970375 0.865147531
vn 0.567602694 0.494211435 0.658469557
vn 0.537875652 0.630380511 0.559741258
vn 0.778201043 0.461108118 0.426359355
vn 0.791919708 0.286744326 0.539111197
vn 0.813367009 -0.12958764 0.567134141
vn 0.631556391 0.073455050 0.771842539
vn 0.872681558 -0.34969592 0.340792536
vn 0.842618405 -0.43603346 0.316020637
vn 0.803592920 -0.24415685 0.542794525
vn 0.580057799 0.218451693 0.784736812
vn 0.318009972 0.537531435 0.780979871
vn 0.587770700 0.108621284 0.801702618
vn 0.401664942 0.588570296 0.701605558
vn 0.690843462 -0.43377334 0.578425526
vn 0.690279305 -0.52842093 0.494252890
vn 0.717160999 -0.47195715 0.512773335
vn 0.569789409 -0.35215929 0.742511808
vn 0.37464571 -0.14882423 0.915145933
vn 0.217833682 -0.30238625 0.927960753
vn 0.219526544 -0.31433547 0.923580706
vn 0.253699094 0.317391306 0.913728416
vn 0.257457017 0.046961639 0.965147912
vn 0.403545051 -0.12974086 0.905714511
vn 0.560042738 0.388783812 0.731573104
vn 0.686072707 0.267929256 0.676400899
vn 0.736727774 0.366514563 0.568242192
vn 0.562512099 -0.14163323 0.814567506
vn 0.454030156 -0.47046426 0.756650567
vn 0.637327432 0.561079502 0.528207719
vn 0.459074497 -0.48208588 0.746219635
vn 0.607208311 0.733005940 0.306594610
vn 0.348302245 0.751085698 0.560852885
vn 0.162874713 0.708697199 0.686454713
vn 0.100802138 0.674490034 0.731369972
vn 0.085989996 0.832527875 0.547268688
vn 0.033537939 0.807830750 0.588459491
vn 0.310672611 0.842950046 0.439224094
vn 0.606837213 0.754847228 0.248906150
vn 0.777667224 0.623468339 0.080753110
vn 0.784659385 0.618856310 0.036418914
vn 0.875825524 0.468996107 0.113895677
vn 0.760369181 0.474720567 0.443259626
vn 0.781240880 0.474184393 0.405970245
vn 0.801310241 0.523369669 0.289803296
vn 0.854772210 0.517076909 0.044673617
vn 0.837302625 0.542610049 0.067072071
vn 0.790078103 0.609665155 0.063914902
vn 0.583270609 0.794439375 0.169297307
vn 0.260605156 0.924717128 0.277458280
vn 0.038611922 0.939002454 0.341735720
vn -0.00941569 0.929381728 0.368999928
vn 0.135136067 0.823946833 0.550317883
vn 0.168552368 0.675254881 0.718067407
vn 0.065980434 0.931283354 0.358270496
vn 0.171185359 0.629727065 0.757719874
vn 0.128162458 0.623593866 0.771171271
vn 0 0.686630725 0.727006375
vn 0 0.864338457 0.502910554
vn 0 0.642418086 0.766354382
vn 0 0.938498377 0.345283925
vn -0.04585922 0.990126490 0.132462576
vn 0.000080479 0.993263244 0.115879692
vn 0.201529845 0.976234614 0.079697631
vn 0.533337295 0.845436334 0.028084842
vn 0.767141938 0.641410172 -0.00928833
vn 0.825525105 0.564340651 0.005283274
vn 0.812399148 0.564697086 0.145343124
vn 0.810771882 0.584306597 0.035139747
vn 0.826917469 0.523333609 0.205741092
vn 0.829429149 0.556765735 0.045379232
vn 0.801871299 0.593718171 -0.06709076
vn 0.805534541 0.586561024 -0.084025
vn 0.819070935 0.565838217 -0.09460403
vn 0.725408494 0.677737176 -0.12022786
vn 0.478288590 0.868614018 -0.12942111
vn 0.160298943 0.982149243 -0.09842329
vn -0.02100587 0.997485041 -0.06769335
vn -0.06361475 0.996701836 -0.05038475
vn 0.143227398 0.962833464 -0.22899273
vn 0.441055804 0.863416373 -0.24491219
vn 0.682503819 0.698732197 -0.21438721
vn 0.777378082 0.605008363 -0.17218715
vn 0.785947620 0.595376968 -0.1667708
vn 0.800421536 0.556623339 -0.2224762
vn 0.905795157 0.392602384 -0.15936871
vn 0.931740403 0.361342161 0.035939306
vn 0.855547905 0.401616722 -0.32671365
vn 0.922550082 0.308402746 0.231924891
vn 0.874289155 0.250692129 0.415658503
vn 0.975541949 -0.02865696 0.217937603
vn 0.926961183 -0.08126128 0.366250544
vn 0.999407112 0.033325869 0.008643898
vn 0.969345331 0.094750553 -0.22669791
vn 0.894263505 0.143988877 -0.42374519
vn 0.803025901 0.390235304 -0.45040631
vn 0.77947402 0.533058166 -0.3290427
vn 0.817785024 0.172841653 -0.54895663
vn 0.769724726 0.586062789 -0.25308967
vn 0.750859201 0.614607393 -0.24180213
vn 0.650062084 0.708665907 -0.27424815
vn 0.421184212 0.853942394 -0.30559173
vn 0.144333601 0.944792747 -0.29416734
vn 0.153819590 0.938076496 -0.31040624
vn 0.403659522 0.854238688 -0.32762054
vn 0.620016932 0.720683574 -0.31015202
vn 0.729496121 0.617325484 -0.29452443
vn 0.760465323 0.565049707 -0.32001781
vn 0.76966995 0.494258076 -0.40412506
vn 0.777219295 0.357924908 -0.5175131
vn 0.779149532 0.173448547 -0.60236329
vn 0.810281038 -0.04603575 -0.58423066
vn 0.878978073 -0.11102842 -0.46375665
vn 0.768430948 -0.01339032 -0.63979262
vn 0.944308221 -0.19417456 -0.26566562
vn 0.961683988 -0.27267861 -0.02846569
vn 0.931052029 -0.32134134 0.172864273
vn 0.883730948 -0.35809231 0.301313042
vn 0.860598921 -0.49569201 0.116870760
vn 0.884038448 -0.46380475 -0.05797559
vn 0.812480092 -0.51891929 0.265704125
vn 0.879966318 -0.39064288 -0.2702916
vn 0.838635981 -0.29791909 -0.45599791
vn 0.788578510 -0.21940221 -0.57446206
vn 0.749408602 -0.16922836 -0.6401161
vn 0.745859921 -0.0142217 -0.66595101
vn 0.762019813 0.152299627 -0.62938905
vn 0.724787771 -0.15191965 -0.67201412
vn 0.766317606 0.318074077 -0.55819899
vn 0.721671819 -0.02979003 -0.69159412
vn 0.702606558 -0.15516175 -0.6944558
vn 0.707972407 -0.25351447 -0.65917027
vn 0.731610536 -0.28505677 -0.6192646
vn 0.689577102 -0.24492633 -0.6815384
vn 0.763014495 -0.34352505 -0.54753947
vn 0.797930181 -0.41899893 -0.43329811
vn 0.825338304 -0.49822703 -0.26568097
vn 0.826546728 -0.55738229 -0.07839338
vn 0.783498287 -0.56061894 -0.26802406
vn 0.764474093 -0.49251866 -0.41593841
vn 0.78433007 -0.6123507 -0.09926157
vn 0.739293158 -0.42572409 -0.52173233
vn 0.717135965 -0.36881155 -0.59134936
vn 0.697966396 -0.3265391 -0.63735002
vn 0.686374485 -0.31118363 -0.65730864
vn 0.677617371 -0.1623074 -0.71728033
vn 0.691459417 -0.04967236 -0.72070551
vn 0.691825032 -0.37785038 -0.61531067
vn 0.694055199 -0.37917775 -0.61197358
vn 0.703721761 -0.42546442 -0.56899536
vn 0.717158019 -0.47722715 -0.50787657
vn 0.736204147 -0.53565633 -0.41361302
vn 0.753947019 -0.59462374 -0.27926052
vn 0.756342589 -0.64300662 -0.12036788
vn 0.759919762 -0.64696491 0.062915958
vn 0.734581351 -0.67679751 0.048325382
vn 0.801350176 -0.59304005 0.078366734
vn 0.749233305 -0.61900741 0.235540300
vn 0.709319293 -0.67113119 0.215520605
vn 0.689384043 -0.69445246 0.206119924
vn 0.743138253 -0.65442544 -0.1395454
vn 0.739564955 -0.60356969 -0.29790485
vn 0.723645567 -0.54763615 -0.42003796
vn 0.710083603 -0.49388042 -0.50185996
vn 0.700409352 -0.4399375 -0.56203353
vn 0.715876460 -0.4865824 -0.50075787
vn 0.727624356 -0.53789043 -0.4257192
vn 0.659825563 -0.70047933 0.271954149
vn 0.731510281 -0.60937047 0.305876523
vn 0.767668664 -0.50686634 0.392136693
vn 0.795617997 -0.40194577 0.453245669
vn 0.777548015 -0.22889455 0.585684537
vn 0.844293415 -0.14903046 0.514741420
vn 0.757886886 -0.30534226 0.576518535
vn 0.813816011 0.166231304 0.556839883
vn 0.783324360 0.033689342 0.620699584
vn -0.13513203 0.823947370 0.550318241
vn -0.16854739 0.675255537 0.718068122
vn -0.72584003 -0.42771405 0.538717746
vn -0.75788933 -0.30534086 0.576515913
vn -0.72088718 -0.4847008 0.495365440
vn -0.66486043 -0.53382468 0.522486090
vn -0.73712689 -0.41224349 0.535443127
vn -0.77753872 -0.22889878 0.585695326
vn -0.84429437 -0.14902997 0.514739692
vn -0.795609 -0.40195352 0.453254401
vn -0.76765919 -0.50687551 0.392143815
vn -0.73151326 -0.60936749 0.305875033
vn -0.66153824 -0.61239839 0.432822704
vn -0.58777356 -0.63081551 0.506551265
vn -0.58215272 -0.72939295 0.359282821
vn -0.55381036 -0.69746464 0.454793483
vn -0.60994136 -0.69604868 0.378797799
vn -0.65981406 -0.70048863 0.271957755
vn -0.74923599 -0.61900455 0.235539242
vn -0.70930856 -0.67114145 0.215523913
vn -0.81248164 -0.51891744 0.265703171
vn -0.88373154 -0.35809144 0.301312297
vn -0.93105221 -0.32134086 0.172864019
vn -0.86059988 -0.49569061 0.116870433
vn -0.80134141 -0.59305167 0.078368268
vn -0.68938798 -0.69444877 0.206118837
vn -0.64085162 -0.70314771 0.308046460
vn -0.59922415 -0.71096796 0.368042081
vn -0.57794029 -0.70335168 0.413861751
vn -0.59457546 -0.68305159 0.424170583
vn -0.60012758 -0.68411046 0.414535582
vn -0.59733438 -0.69440585 0.401238083
vn -0.60935295 -0.70119667 0.370151579
vn -0.60357875 -0.68601435 0.406296789
vn -0.82654804 -0.55738032 -0.0783931
vn -0.88403904 -0.46380362 -0.05797545
vn -0.82533967 -0.4982253 -0.26568004
vn -0.87996686 -0.39064187 -0.27029091
vn -0.79793203 -0.41899735 -0.43329644
vn -0.83863711 -0.29791811 -0.45599645
vn -0.78858048 -0.21940131 -0.57445973
vn -0.76301694 -0.34352356 -0.54753715
vn -0.74941123 -0.1692276 -0.64011317
vn -0.73161364 -0.2850554 -0.61926168
vn -0.76843315 -0.01339026 -0.63978976
vn -0.7458626 -0.01422164 -0.66594791
vn -0.72477734 -0.15192209 -0.67202491
vn -0.70797598 -0.25351319 -0.65916699
vn -0.7216751 -0.02978989 -0.69159079
vn -0.73825663 0.123343199 -0.66314667
vn -0.74543941 0.279584318 -0.60510564
vn -0.71084499 0.242302849 -0.66029435
vt 0.208840981 0.518104195
vt 0.190673217 0.508236706
vt 0.214477613 0.494076013
vt 0.234126225 0.506082594
vt 0.171258285 0.531768441
vt 0.162288621 0.526412367
vt 0.261587798 0.521385967
vt 0.246279999 0.528330326
vt 0.205591589 0.531056404
vt 0.177745059 0.538506746
vt 0.237744823 0.535923063
vt 0.151991084 0.522979140
vt 0.176823869 0.501462519
vt 0.198266327 0.484044492
vt 0.220740258 0.469839334
vt 0.238237202 0.482404351
vt 0.257181763 0.497398853
vt 0.279855459 0.515059649
vt 0.302751064 0.537567019
vt 0.286453127 0.540527701
vt 0.273166537 0.544817328
vt 0.261894077 0.549269020
vt 0.250472366 0.554581821
vt 0.231368273 0.545777499
vt 0.208004057 0.542907416
vt 0.184232756 0.547890424
vt 0.166837930 0.562556028
vt 0.156603813 0.558488845
vt 0.148517638 0.555750846
vt 0.140924558 0.553260326
vt 0.132454320 0.551444053
vt 0.122904360 0.549436092
vt 0.140824973 0.520686268
vt 0.161411777 0.496653437
vt 0.180926337 0.476005435
vt 0.201676443 0.458162486
vt 0.245223656 0.457001388
vt 0.262856096 0.472028017
vt 0.227154165 0.442253053
vt 0.281310886 0.48919487
vt 0.301719188 0.510368824
vt 0.322376906 0.533934950
vt 0.323249191 0.563170433
vt 0.306312590 0.563791513
vt 0.342713624 0.560641706
vt 0.292100697 0.564751148
vt 0.279140085 0.566164135
vt 0.266081601 0.567476034
vt 0.226746738 0.554371058
vt 0.236620798 0.561251044
vt 0.248673498 0.570729494
vt 0.210894271 0.555592417
vt 0.192131444 0.558943152
vt 0.176937490 0.569158434
vt 0.155963271 0.585265755
vt 0.145691737 0.585390448
vt 0.168151006 0.586857736
vt 0.137937992 0.585105776
vt 0.130628734 0.585390329
vt 0.122364968 0.583998441
vt 0.112358592 0.582623958
vt 0.109900958 0.617078661
vt 0.123238563 0.619781971
vt 0.130679443 0.619605064
vt 0.139334231 0.617908656
vt 0.147672444 0.614663600
vt 0.158256471 0.609267473
vt 0.170202940 0.602684915
vt 0.178931057 0.585626244
vt 0.189127892 0.576943993
vt 0.184216871 0.592965066
vt 0.202833667 0.569016337
vt 0.220670208 0.564579069
vt 0.229299172 0.574412345
vt 0.271707356 0.585808634
vt 0.254783779 0.58493191
vt 0.234895870 0.586564779
vt 0.285385966 0.586399793
vt 0.282275021 0.606880247
vt 0.268562436 0.602825939
vt 0.250691175 0.599434912
vt 0.234807401 0.600605726
vt 0.218890234 0.589885950
vt 0.212095722 0.579082131
vt 0.221031472 0.603125453
vt 0.197809368 0.583975195
vt 0.204939782 0.593205809
vt 0.192042678 0.600762784
vt 0.178533121 0.616151809
vt 0.168019786 0.629257082
vt 0.160033687 0.639427483
vt 0.153171852 0.646634697
vt 0.145658686 0.652452707
vt 0.138990506 0.658369898
vt 0.176479041 0.673311114
vt 0.175921484 0.679897069
vt 0.178903564 0.665349960
vt 0.181348145 0.655794382
vt 0.185770586 0.641980707
vt 0.191882237 0.624234676
vt 0.197683870 0.608026206
vt 0.208522081 0.605359196
vt 0.222233906 0.622794866
vt 0.207289576 0.625691175
vt 0.236035376 0.615698993
vt 0.247299909 0.610292136
vt 0.258197695 0.618616938
vt 0.271162658 0.626604974
vt 0.245335772 0.631624937
vt 0.262138724 0.644933342
vt 0.226623758 0.641503572
vt 0.206967651 0.645337700
vt 0.206634402 0.662945270
vt 0.206552177 0.675413191
vt 0.206681847 0.682361602
vt 0.208210766 0.688043355
vt 0.176871493 0.691407918
vt 0.144232377 0.681807994
vt 0.210870221 0.696471631
vt 0.118964910 0.675945758
vt 0.116475701 0.651813864
vt 0.178712636 0.703850269
vt 0.146150976 0.699163258
vt 0.121373146 0.697454690
vt 0.213830843 0.706021606
vt 0.239926219 0.681820392
vt 0.243025034 0.688873052
vt 0.247033208 0.696907997
vt 0.238063916 0.675911784
vt 0.235143974 0.668126583
vt 0.230803668 0.656518757
vt 0.265635490 0.651124835
vt 0.278856188 0.632151246
vt 0.293691158 0.611104905
vt 0.304667949 0.615864813
vt 0.285475522 0.638609528
vt 0.265810549 0.657957673
vt 0.267131984 0.665387332
vt 0.271743476 0.672839343
vt 0.276766270 0.682243943
vt 0.281851619 0.695442915
vt 0.251809328 0.707051873
vt 0.217495113 0.716822743
vt 0.181611582 0.718256652
vt 0.149167358 0.717706084
vt 0.122485093 0.719256758
vt 0.097162470 0.671590328
vt 0.099677816 0.697871387
vt 0.101221732 0.720260620
vt 0.152089372 0.737836778
vt 0.126592427 0.742490112
vt 0.106088616 0.748920977
vt 0.184246584 0.733725786
vt 0.222018674 0.729915261
vt 0.25679636 0.721167028
vt 0.286273568 0.713231682
vt 0.303847312 0.667051851
vt 0.308783948 0.683793664
vt 0.311944991 0.704468786
vt 0.298403590 0.654062151
vt 0.292496979 0.645533204
vt 0.315798908 0.623663008
vt 0.315565526 0.591009020
vt 0.337154835 0.597404003
vt 0.299769550 0.587536692
vt 0.349125802 0.621010124
vt 0.324235290 0.635398387
vt 0.329333454 0.652687907
vt 0.333493620 0.672488093
vt 0.33519122 0.695248007
vt 0.335947811 0.71878016
vt 0.313465535 0.727497279
vt 0.288658231 0.735735535
vt 0.259421825 0.740501284
vt 0.225464776 0.745801687
vt 0.188136741 0.750607132
vt 0.155856013 0.758146464
vt 0.133645862 0.767950058
vt 0.116348974 0.777623057
vt 0.098928108 0.784157633
vt 0.091052942 0.755364835
vt 0.084869615 0.727955937
vt 0.128857791 0.802854180
vt 0.112134702 0.810299694
vt 0.145354479 0.792967379
vt 0.164600566 0.779410839
vt 0.192437768 0.768288493
vt 0.227314889 0.766297996
vt 0.259317606 0.763071775
vt 0.288836181 0.758581101
vt 0.313611149 0.750231862
vt 0.336316764 0.741437435
vt 0.356107145 0.687924861
vt 0.356503099 0.711412429
vt 0.356607705 0.734102070
vt 0.355332136 0.664091885
vt 0.353716999 0.641479253
vt 0.373305022 0.636731684
vt 0.374804884 0.659083008
vt 0.375398278 0.683275044
vt 0.376078039 0.706684231
vt 0.375443100 0.729476809
vt 0.375268340 0.750730156
vt 0.357005059 0.755142390
vt 0.337222367 0.761810421
vt 0.314900606 0.770902454
vt 0.289161235 0.778834223
vt 0.261308401 0.784044504
vt 0.232161670 0.786808073
vt 0.200784385 0.789517402
vt 0.177401691 0.801020026
vt 0.159673601 0.815622806
vt 0.142107650 0.827529609
vt 0.173400223 0.837661922
vt 0.157150209 0.850651621
vt 0.190794527 0.822111308
vt 0.212163567 0.811505198
vt 0.238656193 0.808120667
vt 0.265686273 0.804536879
vt 0.292326837 0.798019647
vt 0.316573441 0.789318501
vt 0.338243812 0.780843854
vt 0.357626706 0.774641513
vt 0.374970614 0.770744323
vt 0.393364548 0.726535201
vt 0.392881631 0.747891902
vt 0.391119152 0.768458128
vt 0.394050359 0.703543067
vt 0.393484652 0.680067181
vt 0.392797321 0.656080365
vt 0.411572963 0.677335619
vt 0.411983698 0.701169252
vt 0.410727560 0.653485655
vt 0.411075741 0.724399209
vt 0.409605056 0.746185183
vt 0.407061696 0.766940593
vt 0.389569819 0.788234114
vt 0.374566108 0.789978742
vt 0.404201716 0.786641538
vt 0.358864903 0.792580246
vt 0.340925693 0.797844529
vt 0.319897234 0.806043386
vt 0.297417461 0.816058993
vt 0.272706389 0.823769211
vt 0.247346952 0.830214440
vt 0.223664194 0.835060238
vt 0.205182179 0.844456434
vt 0.258309125 0.850348293
vt 0.237000808 0.858528435
vt 0.219808250 0.867666363
vt 0.280712574 0.841798543
vt 0.303833752 0.832039237
vt 0.325334280 0.821178972
vt 0.343881994 0.813656806
vt 0.359361350 0.810189604
vt 0.373414248 0.808993697
vt 0.387196987 0.807817041
vt 0.400884628 0.806186437
vt 0.423241078 0.766779780
vt 0.419072389 0.785994350
vt 0.414487958 0.804749906
vt 0.426802992 0.746143221
vt 0.428891718 0.724034547
vt 0.430329889 0.700528264
vt 0.447232157 0.726431965
vt 0.444476693 0.748572349
vt 0.449358642 0.702506303
vt 0.440154165 0.769148707
vt 0.434758067 0.787805557
vt 0.428585916 0.805313587
vt 0.410313338 0.823174715
vt 0.397792875 0.825540542
vt 0.422069340 0.822006642
vt 0.384576499 0.827387690
vt 0.371578544 0.827920436
vt 0.358448088 0.827976882
vt 0.345650315 0.828938484
vt 0.331442296 0.833829522
vt 0.311849385 0.845947206
vt 0.291430205 0.858832001
vt 0.271255940 0.869276404
vt 0.320451051 0.858075857
vt 0.303621351 0.873208344
vt 0.286116212 0.886203527
vt 0.334295362 0.844656646
vt 0.344833791 0.845010280
vt 0.355000317 0.847824573
vt 0.367437094 0.848904013
vt 0.380913496 0.848635017
vt 0.394591927 0.846417784
vt 0.407652616 0.843150377
vt 0.418461859 0.839176714
vt 0.434211969 0.825305998
vt 0.428094804 0.837011098
vt 0.442862898 0.810123622
vt 0.451365143 0.792794525
vt 0.457829892 0.773888945
vt 0.467420101 0.801261484
vt 0.475281208 0.780909538
vt 0.457469940 0.819472968
vt 0.446894913 0.836221277
vt 0.434817969 0.850492835
vt 0.420579105 0.860807657
vt 0.406646966 0.866133928
vt 0.391573846 0.869440972
vt 0.376484662 0.871462583
vt 0.361093848 0.871926188
vt 0.346134692 0.870180964
vt 0.332739353 0.866320729
vt 0.318335145 0.884435296
vt 0.303319752 0.900844991
vt 0.252145260 0.879650414
vt 0.269073665 0.898752331
vt 0.287938624 0.914621472
vt 0.334680765 0.890830338
vt 0.322597503 0.910289585
vt 0.308717757 0.926507473
vt 0.352385878 0.893664181
vt 0.370402246 0.894195675
vt 0.388876944 0.891781091
vt 0.406896203 0.887603759
vt 0.424418836 0.879574775
vt 0.442426025 0.865584373
vt 0.456932336 0.850195229
vt 0.470249384 0.832230925
vt 0.482424527 0.812331318
vt 0.492657244 0.789658665
vt 0.506645321 0.806286454
vt 0.494304448 0.826969206
vt 0.481498807 0.846198022
vt 0.465921551 0.865266144
vt 0.447636365 0.882724344
vt 0.427254289 0.897735476
vt 0.405766338 0.907683193
vt 0.385536313 0.912963926
vt 0.363739699 0.915772676
vt 0.342791855 0.914215028
vt 0.332322627 0.933942437
vt 0.272197902 0.929555356
vt 0.294582009 0.942517340
vt 0.319642871 0.950957715
vt 0.252453625 0.910923659
vt 0.235103607 0.890389025
vt 0.218351706 0.903324306
vt 0.235863745 0.923413038
vt 0.256154567 0.942403137
vt 0.279941648 0.959134042
vt 0.307513773 0.96807307
vt 0.355977416 0.936007440
vt 0.346521914 0.955245196
vt 0.336995333 0.974020600
vt 0.380294472 0.933065652
vt 0.405176341 0.927049756
vt 0.429295361 0.915525555
vt 0.45154199 0.899484932
vt 0.471850425 0.880538165
vt 0.488796323 0.861594736
vt 0.505085051 0.841847419
vt 0.518825471 0.824469447
vt 0.511176228 0.859432995
vt 0.525478661 0.845383644
vt 0.494257092 0.877509117
vt 0.474718898 0.897880137
vt 0.452466547 0.917172670
vt 0.428426414 0.933247685
vt 0.402857273 0.946347534
vt 0.375663340 0.952813446
vt 0.367774695 0.972613573
vt 0.292764246 0.985335886
vt 0.322418093 0.990131795
vt 0.557852685 0.542114853
vt 0.262323170 0.972529470
vt 0.238663479 0.955374598
vt 0.218206539 0.937016785
vt 0.201106190 0.916041076
vt 0.218576371 0.967379152
vt 0.200067713 0.946522772
vt 0.183181807 0.925157785
vt 0.242553412 0.982114970
vt 0.531839549 0.611806392
vt 0.543700575 0.586040377
vt 0.560052812 0.563425242
vt 0.576233327 0.524637401
vt 0.573255658 0.504694342
vt 0.578499317 0.545664906
vt 0.426831007 0.953061580
vt 0.452225416 0.936109840
vt 0.474861860 0.917444229
vt 0.494797408 0.897301912
vt 0.511217832 0.883314788
vt 0.691146194 0.489018559
vt 0.667126536 0.492153704
vt 0.643437147 0.496347904
vt 0.620874345 0.503188490
vt 0.597653627 0.511739969
vt 0.600072205 0.533942222
vt 0.601699769 0.556457161
vt 0.582642257 0.568576037
vt 0.563905239 0.585343718
vt 0.550476849 0.607206344
vt 0.540007114 0.631884992
vt 0.528459608 0.665402412
vt 0.514455497 0.684974849
vt 0.179584905 0.952954232
vt 0.163040325 0.932069718
vt 0.168247118 0.904372990
vt 0.186042964 0.893988668
vt 0.148730933 0.909338235
vt 0.153335824 0.952768087
vt 0.141750514 0.932400643
vt 0.130648449 0.911103248
vt 0.167908027 0.972006440
vt 0.541532695 0.683930218
vt 0.547231614 0.655191302
vt 0.558186113 0.628764867
vt 0.571863532 0.608695805
vt 0.586460530 0.591991663
vt 0.605302035 0.580362916
vt 0.622778594 0.547882676
vt 0.62546134 0.572377264
vt 0.621165037 0.524968624
vt 0.643268585 0.518395543
vt 0.643472492 0.541218876
vt 0.644451320 0.564066827
vt 0.630272328 0.597361683
vt 0.612593710 0.607062697
vt 0.648536562 0.587993085
vt 0.594198048 0.617949962
vt 0.579775929 0.633495092
vt 0.567013859 0.656915545
vt 0.558798670 0.682080507
vt 0.552909851 0.706358790
vt 0.547014594 0.733053326
vt 0.125654652 0.946535706
vt 0.116226621 0.927598416
vt 0.109234817 0.908473849
vt 0.119530707 0.890275657
vt 0.136526912 0.887480497
vt 0.103065073 0.88804847
vt 0.089206673 0.917122185
vt 0.087361753 0.897998511
vt 0.086488388 0.880808353
vt 0.096094206 0.937143445
vt 0.562171697 0.768584609
vt 0.563362181 0.729263424
vt 0.569882094 0.707162141
vt 0.578954517 0.683910369
vt 0.588987767 0.661376118
vt 0.604059159 0.645463287
vt 0.621512591 0.632471621
vt 0.639888763 0.621240854
vt 0.657990276 0.609895169
vt 0.663880348 0.557009935
vt 0.666392743 0.578433394
vt 0.674156665 0.597662210
vt 0.670427084 0.628011226
vt 0.653000831 0.642694234
vt 0.686925470 0.614076376
vt 0.634377956 0.655967593
vt 0.617399215 0.671064257
vt 0.603531539 0.687911093
vt 0.592422425 0.711037993
vt 0.583800911 0.733280301
vt 0.578089416 0.757738173
vt 0.576764524 0.793674647
vt 0.573474645 0.824790060
vt 0.065163895 0.900225520
vt 0.066446840 0.882217943
vt 0.067346632 0.865092158
vt 0.084208235 0.866924941
vt 0.094452187 0.867221474
vt 0.073390953 0.853017091
vt 0.047361243 0.863700032
vt 0.052679475 0.847582876
vt 0.059174776 0.833574473
vt 0.042686317 0.881096899
vt 0.044103276 0.903885781
vt 0.591571688 0.816907048
vt 0.593104302 0.784157693
vt 0.600914955 0.761070132
vt 0.609457075 0.735634565
vt 0.618863523 0.713737130
vt 0.632876396 0.694464325
vt 0.650669038 0.676586449
vt 0.668336451 0.661169290
vt 0.684735417 0.644085645
vt 0.701343655 0.658229053
vt 0.685194671 0.676290988
vt 0.667363405 0.694578051
vt 0.651468753 0.714571476
vt 0.637780010 0.733878850
vt 0.629116952 0.759233415
vt 0.620144367 0.782787025
vt 0.612147986 0.8071208
vt 0.610510528 0.835279107
vt 0.608743131 0.861038029
vt 0.028628472 0.863379538
vt 0.032839831 0.840676605
vt 0.040997590 0.825231552
vt 0.048556659 0.809743940
vt 0.069965690 0.825300812
vt 0.082834169 0.846476674
vt 0.059384241 0.803131997
vt 0.042146708 0.785779476
vt 0.052553013 0.773382723
vt 0.031323939 0.801511645
vt 0.021385297 0.817297518
vt 0.016557872 0.841733396
vt 0.009451036 0.866019845
vt 0.633691489 0.852607846
vt 0.633919954 0.826294124
vt 0.642890632 0.802431404
vt 0.651693761 0.778488457
vt 0.659485697 0.753299415
vt 0.671797752 0.730680525
vt 0.686250746 0.710094332
vt 0.702898085 0.690437674
vt 0.718620479 0.671035051
vt 0.721919119 0.702238917
vt 0.706791102 0.722862601
vt 0.737337768 0.682165741
vt 0.693828463 0.744582772
vt 0.683343350 0.768104016
vt 0.675892174 0.792018532
vt 0.667779028 0.815351605
vt 0.659533143 0.839590132
vt 0.658414721 0.862922310
vt 0.658375322 0.886234521
vt 0.660623371 0.908577084
vt 0.012617076 0.788061738
vt 0.023500129 0.775435149
vt 0.035987597 0.764204025
vt 0.046523843 0.749565482
vt 0.013979766 0.759030103
vt 0.029443705 0.744553625
vt 0.042568795 0.721580743
vt 0.000940185 0.779011070
vt 0.688135981 0.909701824
vt 0.683623790 0.889964878
vt 0.683637857 0.868945777
vt 0.687398612 0.846015334
vt 0.693600595 0.824002981
vt 0.700747609 0.801248908
vt 0.708617806 0.777543783
vt 0.717196047 0.754830718
vt 0.728565990 0.733099460
vt 0.742300510 0.712248563
vt 0.756569743 0.691882133
vt 0.733665406 0.652748107
vt 0.751747846 0.662725806
vt 0.770241677 0.671578228
vt 0.788699805 0.679508924
vt 0.776106596 0.700036644
vt 0.763592958 0.720608234
vt 0.751865804 0.741450309
vt 0.741966903 0.762345552
vt 0.733608007 0.783999025
vt 0.727069199 0.806361496
vt 0.720743656 0.828733265
vt 0.715118587 0.849514961
vt 0.713632285 0.869507134
vt 0.712483882 0.890002429
vt 0.714133203 0.908262908
vt 0.717078149 0.926511585
vt 0.721601545 0.943494379
vt 0.742073595 0.923849999
vt 0.746567010 0.939424336
vt 0.740206360 0.906805336
vt 0.740138948 0.888579189
vt 0.740911543 0.869438171
vt 0.743950605 0.850937068
vt 0.748148322 0.830443322
vt 0.753381848 0.809977173
vt 0.759573817 0.789086997
vt 0.766370594 0.768217086
vt 0.775283575 0.748035788
vt 0.785304904 0.727378726
vt 0.795701384 0.706738531
vt 0.807033062 0.686443984
vt 0.783391058 0.651857912
vt 0.801536321 0.659952998
vt 0.819500088 0.667660951
vt 0.824690759 0.692530036
vt 0.815157115 0.712465882
vt 0.836850523 0.675289273
vt 0.806355834 0.732733786
vt 0.798218727 0.752946138
vt 0.791411519 0.772606670
vt 0.785473227 0.792324006
vt 0.780174672 0.812132298
vt 0.775298953 0.831921458
vt 0.771416366 0.850631773
vt 0.768211782 0.869345068
vt 0.765370965 0.887131691
vt 0.764827311 0.904203057
vt 0.766006052 0.921288847
vt 0.788108348 0.902657389
vt 0.787241458 0.918347179
vt 0.791514754 0.886039614
vt 0.794782280 0.868244111
vt 0.799106061 0.85027951
vt 0.802935421 0.832433104
vt 0.807461202 0.813465535
vt 0.812097251 0.793976068
vt 0.816807866 0.775207579
vt 0.822277367 0.755781352
vt 0.827427923 0.736211538
vt 0.833978116 0.716305136
vt 0.841173112 0.697338283
vt 0.852798998 0.68339324
vt 0.850171029 0.660791695
vt 0.832581579 0.650634527
vt 0.867196679 0.672517001
vt 0.865322411 0.696350991
vt 0.852904081 0.702369153
vt 0.882050097 0.689378261
vt 0.852149188 0.717905581
vt 0.849278271 0.737414658
vt 0.846018314 0.756797552
vt 0.842230022 0.775817036
vt 0.838646709 0.794907093
vt 0.834589898 0.813679337
vt 0.830181896 0.832068979
vt 0.826184928 0.850243926
vt 0.821697533 0.867830634
vt 0.816232144 0.884756565
vt 0.809485435 0.901451587
vt 0.840785265 0.885058641
vt 0.831482827 0.902220428
vt 0.848349273 0.867916941
vt 0.852789461 0.849947929
vt 0.857432484 0.831692099
vt 0.861479580 0.812924981
vt 0.864911377 0.793758511
vt 0.868194401 0.775007009
vt 0.870365023 0.755739688
vt 0.872090756 0.736117243
vt 0.871700763 0.716558873
vt 0.891278684 0.711082220
vt 0.898602306 0.680628716
vt 0.882340490 0.661342859
vt 0.910074114 0.703393816
vt 0.863761067 0.646457433
vt 0.876376628 0.629974305
vt 0.898592948 0.649172663
vt 0.915397048 0.669568896
vt 0.926496744 0.694984197
vt 0.936921000 0.718075513
vt 0.916279614 0.726061940
vt 0.894511461 0.731989502
vt 0.894654989 0.752560854
vt 0.893550634 0.772594213
vt 0.891185343 0.792460501
vt 0.887708187 0.812056481
vt 0.883757829 0.831371069
vt 0.879457712 0.850659072
vt 0.873045206 0.869083046
vt 0.864100158 0.887806296
vt 0.904184520 0.851730167
vt 0.895983099 0.871568799
vt 0.884680688 0.892880022
vt 0.909387886 0.831704735
vt 0.913424968 0.811237871
vt 0.916247189 0.790605187
vt 0.918527066 0.769586086
vt 0.916935503 0.749192118
vt 0.940107822 0.742872417
vt 0.956526160 0.708278536
vt 0.946984529 0.682736992
vt 0.962488114 0.734045982
vt 0.932184577 0.658613205
vt 0.913743495 0.636174559
vt 0.894224882 0.616479396
vt 0.907758891 0.602968812
vt 0.926309287 0.624357223
vt 0.945294439 0.648340821
vt 0.962351381 0.673478126
vt 0.973570227 0.700211405
vt 0.982463002 0.726956486
vt 0.964731812 0.758774936
vt 0.942554354 0.765047609
vt 0.986016929 0.75281322
vt 0.936406791 0.789739668
vt 0.928584218 0.810534656
vt 0.929402947 0.830298006
vt 0.928007245 0.853851318
vt 0.918223857 0.874612987
vt 0.904787778 0.897423267
vt 0.882980823 0.918135404
vt 0.867597639 0.913004577
vt 0.851276993 0.906545758
vt 0.902724921 0.926427722
vt 0.923070788 0.902641773
vt 0.940254092 0.879101395
vt 0.950162351 0.855382859
vt 0.956578612 0.831049859
vt 0.962346494 0.807402372
vt 0.964603841 0.782941818
vt 0.984915375 0.772285342
vt 0.302391916 0.404522836
vt 0.339726984 0.405303180
vt 0.270333498 0.407939136
vt 0.987328469 0.690853357
vt 0.975083887 0.664212048
vt 0.955698847 0.639080166
vt 0.964372634 0.630851388
vt 0.983702123 0.654641926
vt 0.385309964 0.419242441
vt 0.349391639 0.419194042
vt 0.317362248 0.419696867
vt 0.286032140 0.424238681
vt 0.255830675 0.429972589
vt 0.235004589 0.417222857
vt 0.220317915 0.402228772
vt 0.974374711 0.838714718
vt 0.970985651 0.859132707
vt 0.958025753 0.884399831
vt 0.938704073 0.9081285
vt 0.916333437 0.932393789
vt 0.859604954 0.941680252
vt 0.875294506 0.948994100
vt 0.888709962 0.955412268
vt 0.898055851 0.962229371
vt 0.928333044 0.937630415
vt 0.950362801 0.913550794
vt 0.973244071 0.891328215
vt 0.983536839 0.874982893
vt 0.207566633 0.430883884
vt 0.271485716 0.446184754
vt 0.300602138 0.439346134
vt 0.331446081 0.435853004
vt 0.364478945 0.434025406
vt 0.393095850 0.431411802
vt 0.426203012 0.425104618
vt 0.428625822 0.434900701
vt 0.399502426 0.443953990
vt 0.372172504 0.448246836
vt 0.344340324 0.451813221
vt 0.316914111 0.455905556
vt 0.288345396 0.462603747
vt 0.319862484 0.494413316
vt 0.334702551 0.474953174
vt 0.359775513 0.469985365
vt 0.383360862 0.465786159
vt 0.408593088 0.461097538
vt 0.432772904 0.445068717
vt 0.455330967 0.418758928
vt 0.456355989 0.426936805
vt 0.457965225 0.434998869
vt 0.945566058 0.605750203
vt 0.952164053 0.597981333
vt 0.958133101 0.592105984
vt 0.963201046 0.586020469
vt 0.968902885 0.579226672
vt 0.985037863 0.598733186
vt 0.440650075 0.453894197
vt 0.425116747 0.469096779
vt 0.406591385 0.488114237
vt 0.388739138 0.489785134
vt 0.420698434 0.489774644
vt 0.370332419 0.493329763
vt 0.349258273 0.498483479
vt 0.324341803 0.504164695
vt 0.353811293 0.538537502
vt 0.36812976 0.522434532
vt 0.386223018 0.51777035
vt 0.401080161 0.514530658
vt 0.414250910 0.512136519
vt 0.426533073 0.510666489
vt 0.437858283 0.493519425
vt 0.439935684 0.509345829
vt 0.440843313 0.477225899
vt 0.451761007 0.464267313
vt 0.467954695 0.454596817
vt 0.976221025 0.568717479
vt 0.956839025 0.554245233
vt 0.965581953 0.547812640
vt 0.949261367 0.558198809
vt 0.942831158 0.562483429
vt 0.937128424 0.567564725
vt 0.927521169 0.528437376
vt 0.918676018 0.529973089
vt 0.937008202 0.528769493
vt 0.945827186 0.527446568
vt 0.957091569 0.526601791
vt 0.971137881 0.526468396
vt 0.975942313 0.542540073
vt 0.983493387 0.558275580
vt 0.995635449 0.570623159
vt 0.465147614 0.477077245
vt 0.456501215 0.487512230
vt 0.451171845 0.496209502
vt 0.455124884 0.506267607
vt 0.447537243 0.525884151
vt 0.437088042 0.530584454
vt 0.460415124 0.520050168
vt 0.426224082 0.534972846
vt 0.415161281 0.539866685
vt 0.434222996 0.565884470
vt 0.442595571 0.556883812
vt 0.451179623 0.549900054
vt 0.459730804 0.542405605
vt 0.470471769 0.533632099
vt 0.472653776 0.512278497
vt 0.481808155 0.524075627
vt 0.466149419 0.499654352
vt 0.475665301 0.491210758
vt 0.485794514 0.483286380
vt 0.989590287 0.549675107
vt 0.987895131 0.538298964
vt 0.986085653 0.525113582
vt 0.968258738 0.509016990
vt 0.982581257 0.515004873
vt 0.951830327 0.505303740
vt 0.938711464 0.502458453
vt 0.938004553 0.479859232
vt 0.954364657 0.486759126
vt 0.971521616 0.494792103
vt 0.987916886 0.509450018
vt 0.996737241 0.523087620
vt 0.999369800 0.537711501
vt 0.483432412 0.504159212
vt 0.491843670 0.515778422
vt 0.491697937 0.535493969
vt 0.501238524 0.528891325
vt 0.482336759 0.544861495
vt 0.472930401 0.556570649
vt 0.466375082 0.567678332
vt 0.461562484 0.577107012
vt 0.456773370 0.586898386
vt 0.488230496 0.596160233
vt 0.480804771 0.601302623
vt 0.483807802 0.581058323
vt 0.486315250 0.564695417
vt 0.490215599 0.551385402
vt 0.499669998 0.548851728
vt 0.510429263 0.542904138
vt 0.959232866 0.470783114
vt 0.945762276 0.462261021
vt 0.929197073 0.499923646
vt 0.925996482 0.474322974
vt 0.935067534 0.454935193
vt 0.920422613 0.496420681
vt 0.919053375 0.470696866
vt 0.927357912 0.449135839
vt 0.501901269 0.582633137
vt 0.498135209 0.578082680
vt 0.940028071 0.426515519
vt 0.500632345 0.562834560
vt 0.933788299 0.421784997
vt 0.947807252 0.400374174
vt 0.452142953 0.598064124
vt 0.422953248 0.579367518
vt 0.450902879 0.613637983
vt 0.425441026 0.605945408
vt 0.476988375 0.623387873
vt 0.926388621 0.417378962
vt 0.921243488 0.445064902
vt 0.913342118 0.439076960
vt 0.913492560 0.467021405
vt 0.913991332 0.493858695
vt 0.899047195 0.512830913
vt 0.900456666 0.486299693
vt 0.904338479 0.461606323
vt 0.893432676 0.455003678
vt 0.904607415 0.432826340
vt 0.917545020 0.411425888
vt 0.935266554 0.393728733
vt 0.450402379 0.63224262
vt 0.427330792 0.628567695
vt 0.406258732 0.605236768
vt 0.400965601 0.579474091
vt 0.408772975 0.630339384
vt 0.384935677 0.550953984
vt 0.402178913 0.545782983
vt 0.385197252 0.596225857
vt 0.386960208 0.609976530
vt 0.363714247 0.555383086
vt 0.392260074 0.63697505
vt 0.429456889 0.652370870
vt 0.450462609 0.653785705
vt 0.472290486 0.658252298
vt 0.494648337 0.666417837
vt 0.893422842 0.425575673
vt 0.880910635 0.447795569
vt 0.886240541 0.478872835
vt 0.870583117 0.469887316
vt 0.880600452 0.502242803
vt 0.860428571 0.491669535
vt 0.852325558 0.462713599
vt 0.865107476 0.44013381
vt 0.838367342 0.482965767
vt 0.876975715 0.418432235
vt 0.883408844 0.396151423
vt 0.470554441 0.680829465
vt 0.449793428 0.677525043
vt 0.430166900 0.676172912
vt 0.469074398 0.706146955
vt 0.488167703 0.711371600
vt 0.852887272 0.41233778
vt 0.844079196 0.433611750
vt 0.831022679 0.455608487
vt 0.814961612 0.477077603
vt 0.825532794 0.502348721
vt 0.849581539 0.511934280
vt 0.798995852 0.492784321
vt 0.871875286 0.521292448
vt 0.890541195 0.534068822
vt 0.860239207 0.540509641
vt 0.878831923 0.552855849
vt 0.838023662 0.529256582
vt 0.813819587 0.520325958
vt 0.787204146 0.509295821
vt 0.773364901 0.484383463
vt 0.789784252 0.468410372
vt 0.761954903 0.500364780
vt 0.808074235 0.450552940
vt 0.817542016 0.429358601
vt 0.824281692 0.409382522
vt 0.835511446 0.389436006
vt 0.466418504 0.731329619
vt 0.462432265 0.753467321
vt 0.481003969 0.760078191
vt 0.499470084 0.767740547
vt 0.791474402 0.425585329
vt 0.783289790 0.444491565
vt 0.764831006 0.459737777
vt 0.747639894 0.47544837
vt 0.738076090 0.494913160
vt 0.754605829 0.519443154
vt 0.779134213 0.528242766
vt 0.731340706 0.513904571
vt 0.803452491 0.537300944
vt 0.826713442 0.547905027
vt 0.848008036 0.558692932
vt 0.867814362 0.570441722
vt 0.835298180 0.576931774
vt 0.814978301 0.566530108
vt 0.854585468 0.588170647
vt 0.793573141 0.556248307
vt 0.771445512 0.546856164
vt 0.749300181 0.539035081
vt 0.726868748 0.533621907
vt 0.709282100 0.511373043
vt 0.714354157 0.490384995
vt 0.705387890 0.531211316
vt 0.723594129 0.470371902
vt 0.687340319 0.510726928
vt 0.684836149 0.532032191
vt 0.703119874 0.550662279
vt 0.723351061 0.552612304
vt 0.683488428 0.552348613
vt 0.743666410 0.557791650
vt 0.763644456 0.566066622
vt 0.783678591 0.575587153
vt 0.802961468 0.585444927
vt 0.772637069 0.595050454
vt 0.754996895 0.585522592
vt 0.791148483 0.604502201
vt 0.737097144 0.576630473
vt 0.719515979 0.569913148
vt 0.701764941 0.567125558
vt 0.684091746 0.570803165
vt 0.663944065 0.535350799
vt 0.665811359 0.513368606
vt 0.689583063 0.586552143
vt 0.701367676 0.579372882
vt 0.712938785 0.585803508
vt 0.728084981 0.595076203
vt 0.744015336 0.604969382
vt 0.760905504 0.614751517
vt 0.778538167 0.623797595
vt 0.809619426 0.614041566
vt 0.796492934 0.632943630
vt 0.822213530 0.595420241
vt 0.840875387 0.606026649
vt 0.827952206 0.624055504
vt 0.814703404 0.641669631
vt 0.765213012 0.643199205
vt 0.747712194 0.633977949
vt 0.730967640 0.623472452
vt 0.715627610 0.612543106
vt 0.701446890 0.600717306
vt 0.701139390 0.628231942
vt 0.716855049 0.641257405
vt 0.846248209 0.634310245
vt 0.860028266 0.617682218
vt 0.873997032 0.601118087
vt 0.884900152 0.586122572
vt 0.918826699 0.589876294
vt 0.895440876 0.569877922
vt 0.937267899 0.614564180
vt 0.909409523 0.551072478
vt 0.927394151 0.578213810
vt 0.367098093 0.612968146
vt 0.357762724 0.589436948
vt 0.864936232 0.975283324
vt 0.868861973 0.984179616
vt 0.850123047 0.992316246
vt 0.845082163 0.968981027
vt 0.859056651 0.999996364
vt 0.096523135 0.615362763
vt 0.095677018 0.645521104
vt 0.079546779 0.645951747
vt 0.065500065 0.648461103
vt 0.052150115 0.661464095
vt 0.050937484 0.639259815
vt 0.039878938 0.624072790
vt 0.788417160 0.958941757
vt 0.817668557 0.948321223
vt 0.845042049 0.932667136
vt 0.039133548 0.675628304
vt 0.052065540 0.686747252
vt 0.038172930 0.702677488
vt 0.066181093 0.676395177
vt 0.081447616 0.669010818
vt 0.080660775 0.699717164
vt 0.066969148 0.703065097
vt 0.054761555 0.713428497
vt 0.023865336 0.723522782
vt 0.023454573 0.697555720
vt 0.779189705 0.947273969
vt 0.805251777 0.939004838
vt 0.830486238 0.925167977
vt 0.814958453 0.919573366
vt 0.794158101 0.930013120
vt 0.771009922 0.935402631
vt 0.803367734 0.914585828
vt 0.058234896 0.740252852
vt 0.070297651 0.732896924
vt 0.063097402 0.765858948
vt 0.076001353 0.761593699
vt 0.071124061 0.795499980
vt 0.084229789 0.786289453
vt 0.095014967 0.813927710
vt 0.082259990 0.819032549
vt 0.110053047 0.840906739
vt 0.095228157 0.843998313
vt 0.125517264 0.834732711
vt 0.140143558 0.860260546
vt 0.123321794 0.864040136
vt 0.107900187 0.867585897
vt 0.155213952 0.883490026
vt 0.170613318 0.872235536
vt 0.187687411 0.859532952
vt 0.203375712 0.881402790
vt 0.554001927 0.522842407
vt 0.536891162 0.541804432
vt 0.540525555 0.563725233
vt 0.522673547 0.637767374
vt 0.518414676 0.588801085
vt 0.505522608 0.613441228
vt 0.397858887 0.965251207
vt 0.670716464 0.471430122
vt 0.698130011 0.468554854
vt 0.646344423 0.474785268
vt 0.620538055 0.481679439
vt 0.595202446 0.490839779
vt 0.511834859 0.661239981
vt 0.194551438 0.971957385
vt 0.537113964 0.709961235
vt 0.138565480 0.968342542
vt 0.557382226 0.788136005
vt 0.539601743 0.767245650
vt 0.068407841 0.922265052
vt 0.586783111 0.843451142
vt 0.023062344 0.886215865
vt 0.631162166 0.879851818
vt 0.637589931 0.904487729
vt 0.002101152 0.812659263
vt 0.691332995 0.929082393
vt 0.668975055 0.930086851
vt 0.700314462 0.948267698
vt 0.324422538 0.390322864
vt 0.288076043 0.389515936
vt 0.258983761 0.390833795
vt 0.995242714 0.715185642
vt 0.376815974 0.406506657
vt 0.421726673 0.416002631
vt 0.413799107 0.407054483
vt 0.984616398 0.806190490
vt 0.185391336 0.417916476
vt 0.176898092 0.428069591
vt 0.182692781 0.448070108
vt 0.971554398 0.623841524
vt 0.990016639 0.647061109
vt 0.976400792 0.616061508
vt 0.981033802 0.607970356
vt 0.461301714 0.443585395
vt 0.990344762 0.586272239
vt 0.476923376 0.468290686
vt 0.999263405 0.553106904
vt 0.492869138 0.495933949
vt 0.994251787 0.498455047
vt 0.977079331 0.483213067
vt 0.507758498 0.519585490
vt 0.499970644 0.507692575
vt 0.524025499 0.569220900
vt 0.518229961 0.562945485
vt 0.946411430 0.426807224
vt 0.513604700 0.556658387
vt 0.951764285 0.406049192
vt 0.959003210 0.407541751
vt 0.478407800 0.611943006
vt 0.943250119 0.396559476
vt 0.474758148 0.638470888
vt 0.497250318 0.654208898
vt 0.903670430 0.404014587
vt 0.491328865 0.686409950
vt 0.859925746 0.391013979
vt 0.485638767 0.736858844
vt 0.50334692 0.751275360
vt 0.797437787 0.406935334
vt 0.739087998 0.452951312
vt 0.754707634 0.438008606
vt 0.765514195 0.420813143
vt 0.775241613 0.403015554
vt 0.710327208 0.449686944
vt 0.160406485 0.469277143
vt 0.145180136 0.492331028
vt 0.128355354 0.517874836
vt 0.111714094 0.547204494
vt 0.101056613 0.580848574
vt 0.086999759 0.583132684
vt 0.080884404 0.614263176
vt 0.066161409 0.623624324
vt 0.045842777 0.613398551
vt 0.830078542 0.958710610
vt 0.798192262 0.974389433
vt 0.037510015 0.653365373
vt 0.753379464 0.953694760
vt 0.764697670 0.968194186
vt 0.731664836 0.960391163
vt 0.010540411 0.739697337
s 1
f 2587/3454/2587 2588/3455/2588 2589/3456/2589 2590/3457/2590
f 2587/3454/2587 2591/3458/2591 2592/3459/2592 2588/3455/2588
f 2587/3454/2587 2590/3457/2590 2593/3460/2593 2594/3461/2594
f 2587/3454/2587 2595/3462/2595 2596/3463/2596 2591/3458/2591
f 2587/3454/2587 2594/3461/2594 2597/3464/2597 2595/3462/2595
f 2598/3465/2598 2599/3466/2599 2588/3455/2588 2592/3459/2592
f 2599/3466/2599 2600/3467/2600 2589/3456/2589 2588/3455/2588
f 2600/3467/2600 2601/3468/2601 2602/3469/2602 2589/3456/2589
f 2602/3469/2602 2603/3470/2603 2590/3457/2590 2589/3456/2589
f 2604/3471/2604 2593/3460/2593 2590/3457/2590 2603/3470/2603
f 2604/3471/2604 2605/3472/2605 2606/3473/2606 2593/3460/2593
f 2606/3473/2606 2607/3474/2607 2594/3461/2594 2593/3460/2593
f 2607/3474/2607 2608/3475/2608 2597/3464/2597 2594/3461/2594
f 2608/3475/2608 2609/3476/2609 2610/3477/2610 2597/3464/2597
f 2611/3478/2611 2595/3462/2595 2597/3464/2597 2610/3477/2610
f 2612/3479/2612 2596/3463/2596 2595/3462/2595 2611/3478/2611
f 2612/3479/2612 2613/3480/2613 2614/3481/2614 2596/3463/2596
f 2614/3481/2614 2615/3482/2615 2591/3458/2591 2596/3463/2596
f 2616/3483/2616 2592/3459/2592 2591/3458/2591 2615/3482/2615
f 2616/3483/2616 2617/3484/2617 2598/3465/2598 2592/3459/2592
f 2598/3465/2598 2617/3484/2617 2618/3485/2618 2619/3486/2619
f 2598/3465/2598 2619/3486/2619 2620/3487/2620 2599/3466/2599
f 2599/3466/2599 2620/3487/2620 2621/3488/2621 2600/3467/2600
f 2600/3467/2600 2621/3488/2621 2622/3489/2622 2601/3468/2601
f 2602/3469/2602 2601/3468/2601 2623/3490/2623 2624/3491/2624
f 2625/3492/2625 2623/3490/2623 2601/3468/2601 2622/3489/2622
f 2602/3469/2602 2624/3491/2624 2626/3493/2626 2603/3470/2603
f 2626/3493/2626 2627/3494/2627 2604/3471/2604 2603/3470/2603
f 2604/3471/2604 2627/3494/2627 2628/3495/2628 2605/3472/2605
f 2606/3473/2606 2605/3472/2605 2629/3496/2629 2630/3497/2630
f 2605/3472/2605 2628/3495/2628 2631/3498/2631 2629/3496/2629
f 2606/3473/2606 2630/3497/2630 2632/3499/2632 2607/3474/2607
f 2607/3474/2607 2632/3499/2632 2633/3500/2633 2608/3475/2608
f 2608/3475/2608 2633/3500/2633 2634/3501/2634 2609/3476/2609
f 2635/3502/2635 2610/3477/2610 2609/3476/2609 2636/3503/2636
f 2634/3501/2634 2637/3504/2637 2636/3503/2636 2609/3476/2609
f 2635/3502/2635 2638/3505/2638 2611/3478/2611 2610/3477/2610
f 2639/3506/2639 2612/3479/2612 2611/3478/2611 2638/3505/2638
f 2639/3506/2639 2640/3507/2640 2613/3480/2613 2612/3479/2612
f 2614/3481/2614 2613/3480/2613 2641/3508/2641 2642/3509/2642
f 2641/3508/2641 2613/3480/2613 2640/3507/2640 2643/3510/2643
f 2614/3481/2614 2642/3509/2642 2644/3511/2644 2615/3482/2615
f 2616/3483/2616 2615/3482/2615 2644/3511/2644 2645/3512/2645
f 2646/3513/2646 2617/3484/2617 2616/3483/2616 2645/3512/2645
f 2646/3513/2646 2647/3514/2647 2618/3485/2618 2617/3484/2617
f 2648/3515/2648 2647/3514/2647 2646/3513/2646 2649/3516/2649
f 2646/3513/2646 2645/3512/2645 2650/3517/2650 2649/3516/2649
f 2651/3518/2651 2650/3517/2650 2645/3512/2645 2644/3511/2644
f 2642/3509/2642 2652/3519/2652 2651/3518/2651 2644/3511/2644
f 2642/3509/2642 2641/3508/2641 2653/3520/2653 2652/3519/2652
f 2653/3520/2653 2641/3508/2641 2643/3510/2643 2654/3521/2654
f 2655/3522/2655 2643/3510/2643 2640/3507/2640 2656/3523/2656
f 2655/3522/2655 2657/3524/2657 2654/3521/2654 2643/3510/2643
f 2658/3525/2658 2656/3523/2656 2640/3507/2640 2639/3506/2639
f 2658/3525/2658 2639/3506/2639 2638/3505/2638 2659/3526/2659
f 2635/3502/2635 2636/3503/2636 2659/3526/2659 2638/3505/2638
f 2637/3504/2637 2660/3527/2660 2659/3526/2659 2636/3503/2636
f 2634/3501/2634 2661/3528/2661 2662/3529/2662 2637/3504/2637
f 2637/3504/2637 2662/3529/2662 2663/3530/2663 2660/3527/2660
f 2634/3501/2634 2633/3500/2633 2664/3531/2664 2661/3528/2661
f 2665/3532/2665 2666/3533/2666 2661/3528/2661 2664/3531/2664
f 2662/3529/2662 2661/3528/2661 2666/3533/2666 2667/3534/2667
f 2663/3530/2663 2662/3529/2662 2667/3534/2667 2668/3535/2668
f 2660/3527/2660 2663/3530/2663 2669/3536/2669 2670/3537/2670
f 2671/3538/2671 2669/3536/2669 2663/3530/2663 2668/3535/2668
f 2660/3527/2660 2670/3537/2670 2658/3525/2658 2659/3526/2659
f 2658/3525/2658 2670/3537/2670 2672/3539/2672 2656/3523/2656
f 2655/3522/2655 2656/3523/2656 2672/3539/2672 2657/3524/2657
f 2673/3540/2673 2674/3541/2674 2657/3524/2657 2672/3539/2672
f 2674/3541/2674 2675/3542/2675 2654/3521/2654 2657/3524/2657
f 2676/3543/2676 2653/3520/2653 2654/3521/2654 2675/3542/2675
f 2676/3543/2676 2677/3544/2677 2652/3519/2652 2653/3520/2653
f 2651/3518/2651 2652/3519/2652 2677/3544/2677 2678/3545/2678
f 2651/3518/2651 2678/3545/2678 2679/3546/2679 2650/3517/2650
f 2680/3547/2680 2649/3516/2649 2650/3517/2650 2679/3546/2679
f 2680/3547/2680 2679/3546/2679 2681/3548/2681 2682/3549/2682
f 2678/3545/2678 2683/3550/2683 2681/3548/2681 2679/3546/2679
f 2678/3545/2678 2677/3544/2677 2684/3551/2684 2683/3550/2683
f 2684/3551/2684 2677/3544/2677 2676/3543/2676 2685/3552/2685
f 2685/3552/2685 2676/3543/2676 2675/3542/2675 2686/3553/2686
f 2687/3554/2687 2686/3553/2686 2675/3542/2675 2674/3541/2674
f 2687/3554/2687 2674/3541/2674 2673/3540/2673 2688/3555/2688
f 2671/3538/2671 2688/3555/2688 2673/3540/2673 2669/3536/2669
f 2670/3537/2670 2669/3536/2669 2673/3540/2673 2672/3539/2672
f 2689/3556/2689 2690/3557/2690 2688/3555/2688 2671/3538/2671
f 2689/3556/2689 2671/3538/2671 2668/3535/2668 2691/3558/2691
f 2692/3559/2692 2691/3558/2691 2668/3535/2668 2667/3534/2667
f 2692/3559/2692 2667/3534/2667 2666/3533/2666 2693/3560/2693
f 2665/3532/2665 2694/3561/2694 2693/3560/2693 2666/3533/2666
f 2692/3559/2692 2693/3560/2693 2695/3562/2695 2691/3558/2691
f 2694/3561/2694 2696/3563/2696 2695/3562/2695 2693/3560/2693
f 2689/3556/2689 2691/3558/2691 2695/3562/2695 2697/3564/2697
f 2698/3565/2698 2690/3557/2690 2689/3556/2689 2697/3564/2697
f 2687/3554/2687 2688/3555/2688 2690/3557/2690 2686/3553/2686
f 2698/3565/2698 2685/3552/2685 2686/3553/2686 2690/3557/2690
f 2684/3551/2684 2685/3552/2685 2698/3565/2698 2699/3566/2699
f 2684/3551/2684 2699/3566/2699 2700/3567/2700 2683/3550/2683
f 2701/3568/2701 2681/3548/2681 2683/3550/2683 2700/3567/2700
f 2701/3568/2701 2702/3569/2702 2682/3549/2682 2681/3548/2681
f 2680/3547/2680 2682/3549/2682 2703/3570/2703 2704/3571/2704
f 2702/3569/2702 2705/3572/2705 2703/3570/2703 2682/3549/2682
f 2680/3547/2680 2704/3571/2704 2706/3573/2706 2707/3574/2707
f 2648/3515/2648 2649/3516/2649 2680/3547/2680 2707/3574/2707
f 2708/3575/2708 2709/3576/2709 2704/3571/2704 2703/3570/2703
f 2709/3576/2709 2710/3577/2710 2706/3573/2706 2704/3571/2704
f 2705/3572/2705 2711/3578/2711 2708/3575/2708 2703/3570/2703
f 2702/3569/2702 2712/3579/2712 2713/3580/2713 2705/3572/2705
f 2705/3572/2705 2713/3580/2713 2714/3581/2714 2711/3578/2711
f 2701/3568/2701 2715/3582/2715 2712/3579/2712 2702/3569/2702
f 2716/3583/2716 2715/3582/2715 2701/3568/2701 2700/3567/2700
f 2717/3584/2717 2716/3583/2716 2700/3567/2700 2699/3566/2699
f 2698/3565/2698 2697/3564/2697 2717/3584/2717 2699/3566/2699
f 2717/3584/2717 2697/3564/2697 2695/3562/2695 2696/3563/2696
f 2717/3584/2717 2696/3563/2696 2718/3585/2718 2716/3583/2716
f 2694/3561/2694 2719/3586/2719 2718/3585/2718 2696/3563/2696
f 2665/3532/2665 2720/3587/2720 2719/3586/2719 2694/3561/2694
f 2721/3588/2721 2722/3589/2722 2719/3586/2719 2720/3587/2720
f 2719/3586/2719 2722/3589/2722 2723/3590/2723 2718/3585/2718
f 2716/3583/2716 2718/3585/2718 2723/3590/2723 2715/3582/2715
f 2724/3591/2724 2712/3579/2712 2715/3582/2715 2723/3590/2723
f 2724/3591/2724 2725/3592/2725 2713/3580/2713 2712/3579/2712
f 2725/3592/2725 2726/3593/2726 2714/3581/2714 2713/3580/2713
f 2726/3593/2726 2727/3594/2727 2728/3595/2728 2714/3581/2714
f 2728/3595/2728 2729/3596/2729 2711/3578/2711 2714/3581/2714
f 2708/3575/2708 2711/3578/2711 2729/3596/2729 2730/3597/2730
f 2708/3575/2708 2730/3597/2730 2731/3598/2731 2709/3576/2709
f 2709/3576/2709 2731/3598/2731 2732/3599/2732 2710/3577/2710
f 2733/3600/2733 2706/3573/2706 2710/3577/2710 2734/3601/2734
f 2732/3599/2732 2735/3602/2735 2734/3601/2734 2710/3577/2710
f 2732/3599/2732 2731/3598/2731 2736/3603/2736 2737/3604/2737
f 2732/3599/2732 2737/3604/2737 2738/3605/2738 2735/3602/2735
f 2739/3606/2739 2736/3603/2736 2731/3598/2731 2730/3597/2730
f 2740/3607/2740 2739/3606/2739 2730/3597/2730 2729/3596/2729
f 2728/3595/2728 2741/3608/2741 2740/3607/2740 2729/3596/2729
f 2728/3595/2728 2727/3594/2727 2742/3609/2742 2741/3608/2741
f 2726/3593/2726 2743/3610/2743 2744/3611/2744 2727/3594/2727
f 2745/3612/2745 2742/3609/2742 2727/3594/2727 2744/3611/2744
f 2746/3613/2746 2743/3610/2743 2726/3593/2726 2725/3592/2725
f 2746/3613/2746 2725/3592/2725 2724/3591/2724 2747/3614/2747
f 2747/3614/2747 2724/3591/2724 2723/3590/2723 2722/3589/2722
f 2747/3614/2747 2722/3589/2722 2721/3588/2721 2748/3615/2748
f 2721/3588/2721 2749/3616/2749 2750/3617/2750 2748/3615/2748
f 2721/3588/2721 2720/3587/2720 2751/3618/2751 2749/3616/2749
f 2750/3617/2750 2752/3619/2752 2753/3620/2753 2748/3615/2748
f 2746/3613/2746 2747/3614/2747 2748/3615/2748 2753/3620/2753
f 2754/3621/2754 2743/3610/2743 2746/3613/2746 2753/3620/2753
f 2754/3621/2754 2755/3622/2755 2744/3611/2744 2743/3610/2743
f 2756/3623/2756 2745/3612/2745 2744/3611/2744 2755/3622/2755
f 2756/3623/2756 2757/3624/2757 2758/3625/2758 2745/3612/2745
f 2745/3612/2745 2758/3625/2758 2759/3626/2759 2742/3609/2742
f 2759/3626/2759 2760/3627/2760 2741/3608/2741 2742/3609/2742
f 2740/3607/2740 2741/3608/2741 2760/3627/2760 2761/3628/2761
f 2740/3607/2740 2761/3628/2761 2762/3629/2762 2739/3606/2739
f 2739/3606/2739 2762/3629/2762 2763/3630/2763 2736/3603/2736
f 2763/3630/2763 2764/3631/2764 2737/3604/2737 2736/3603/2736
f 2738/3605/2738 2737/3604/2737 2764/3631/2764 2765/3632/2765
f 2738/3605/2738 2765/3632/2765 2766/3633/2766 2767/3634/2767
f 2738/3605/2738 2767/3634/2767 2768/3635/2768 2735/3602/2735
f 2766/3633/2766 2765/3632/2765 2769/3636/2769 2770/3637/2770
f 2771/3638/2771 2769/3636/2769 2765/3632/2765 2764/3631/2764
f 2763/3630/2763 2772/3639/2772 2771/3638/2771 2764/3631/2764
f 2763/3630/2763 2762/3629/2762 2773/3640/2773 2772/3639/2772
f 2774/3641/2774 2773/3640/2773 2762/3629/2762 2761/3628/2761
f 2775/3642/2775 2774/3641/2774 2761/3628/2761 2760/3627/2760
f 2759/3626/2759 2776/3643/2776 2775/3642/2775 2760/3627/2760
f 2759/3626/2759 2758/3625/2758 2777/3644/2777 2776/3643/2776
f 2778/3645/2778 2777/3644/2777 2758/3625/2758 2757/3624/2757
f 2779/3646/2779 2780/3647/2780 2757/3624/2757 2756/3623/2756
f 2781/3648/2781 2778/3645/2778 2757/3624/2757 2780/3647/2780
f 2779/3646/2779 2756/3623/2756 2755/3622/2755 2782/3649/2782
f 2783/3650/2783 2782/3649/2782 2755/3622/2755 2754/3621/2754
f 2784/3651/2784 2785/3652/2785 2782/3649/2782 2783/3650/2783
f 2786/3653/2786 2779/3646/2779 2782/3649/2782 2785/3652/2785
f 2786/3653/2786 2787/3654/2787 2780/3647/2780 2779/3646/2779
f 2788/3655/2788 2781/3648/2781 2780/3647/2780 2787/3654/2787
f 2788/3655/2788 2789/3656/2789 2790/3657/2790 2781/3648/2781
f 2781/3648/2781 2790/3657/2790 2791/3658/2791 2778/3645/2778
f 2778/3645/2778 2791/3658/2791 2792/3659/2792 2777/3644/2777
f 2792/3659/2792 2793/3660/2793 2776/3643/2776 2777/3644/2777
f 2775/3642/2775 2776/3643/2776 2793/3660/2793 2794/3661/2794
f 2775/3642/2775 2794/3661/2794 2795/3662/2795 2774/3641/2774
f 2774/3641/2774 2795/3662/2795 2796/3663/2796 2773/3640/2773
f 2796/3663/2796 2797/3664/2797 2772/3639/2772 2773/3640/2773
f 2771/3638/2771 2772/3639/2772 2797/3664/2797 2798/3665/2798
f 2771/3638/2771 2798/3665/2798 2799/3666/2799 2769/3636/2769
f 2799/3666/2799 2798/3665/2798 2800/3667/2800 2801/3668/2801
f 2802/3669/2802 2800/3667/2800 2798/3665/2798 2797/3664/2797
f 2796/3663/2796 2803/3670/2803 2802/3669/2802 2797/3664/2797
f 2796/3663/2796 2795/3662/2795 2804/3671/2804 2803/3670/2803
f 2805/3672/2805 2804/3671/2804 2795/3662/2795 2794/3661/2794
f 2806/3673/2806 2805/3672/2805 2794/3661/2794 2793/3660/2793
f 2792/3659/2792 2807/3674/2807 2806/3673/2806 2793/3660/2793
f 2792/3659/2792 2791/3658/2791 2808/3675/2808 2807/3674/2807
f 2809/3676/2809 2808/3675/2808 2791/3658/2791 2790/3657/2790
f 2810/3677/2810 2809/3676/2809 2790/3657/2790 2789/3656/2789
f 2811/3678/2811 2812/3679/2812 2789/3656/2789 2788/3655/2788
f 2813/3680/2813 2810/3677/2810 2789/3656/2789 2812/3679/2812
f 2811/3678/2811 2788/3655/2788 2787/3654/2787 2814/3681/2814
f 2815/3682/2815 2814/3681/2814 2787/3654/2787 2786/3653/2786
f 2815/3682/2815 2786/3653/2786 2785/3652/2785 2816/3683/2816
f 2817/3684/2817 2818/3685/2818 2814/3681/2814 2815/3682/2815
f 2816/3683/2816 2819/3686/2819 2817/3684/2817 2815/3682/2815
f 2814/3681/2814 2818/3685/2818 2820/3687/2820 2811/3678/2811
f 2820/3687/2820 2821/3688/2821 2812/3679/2812 2811/3678/2811
f 2812/3679/2812 2821/3688/2821 2822/3689/2822 2813/3680/2813
f 2813/3680/2813 2823/3690/2823 2824/3691/2824 2810/3677/2810
f 2822/3689/2822 2825/3692/2825 2823/3690/2823 2813/3680/2813
f 2810/3677/2810 2824/3691/2824 2826/3693/2826 2809/3676/2809
f 2809/3676/2809 2826/3693/2826 2827/3694/2827 2808/3675/2808
f 2827/3694/2827 2828/3695/2828 2807/3674/2807 2808/3675/2808
f 2806/3673/2806 2807/3674/2807 2828/3695/2828 2829/3696/2829
f 2806/3673/2806 2829/3696/2829 2830/3697/2830 2805/3672/2805
f 2805/3672/2805 2830/3697/2830 2831/3698/2831 2804/3671/2804
f 2831/3698/2831 2832/3699/2832 2803/3670/2803 2804/3671/2804
f 2802/3669/2802 2803/3670/2803 2832/3699/2832 2833/3700/2833
f 2831/3698/2831 2834/3701/2834 2835/3702/2835 2832/3699/2832
f 2835/3702/2835 2836/3703/2836 2833/3700/2833 2832/3699/2832
f 2831/3698/2831 2830/3697/2830 2837/3704/2837 2834/3701/2834
f 2838/3705/2838 2837/3704/2837 2830/3697/2830 2829/3696/2829
f 2839/3706/2839 2838/3705/2838 2829/3696/2829 2828/3695/2828
f 2827/3694/2827 2840/3707/2840 2839/3706/2839 2828/3695/2828
f 2827/3694/2827 2826/3693/2826 2841/3708/2841 2840/3707/2840
f 2842/3709/2842 2841/3708/2841 2826/3693/2826 2824/3691/2824
f 2843/3710/2843 2842/3709/2842 2824/3691/2824 2823/3690/2823
f 2823/3690/2823 2825/3692/2825 2844/3711/2844 2843/3710/2843
f 2845/3712/2845 2846/3713/2846 2825/3692/2825 2822/3689/2822
f 2825/3692/2825 2846/3713/2846 2847/3714/2847 2844/3711/2844
f 2821/3688/2821 2848/3715/2848 2845/3712/2845 2822/3689/2822
f 2849/3716/2849 2848/3715/2848 2821/3688/2821 2820/3687/2820
f 2818/3685/2818 2850/3717/2850 2849/3716/2849 2820/3687/2820
f 2851/3718/2851 2852/3719/2852 2848/3715/2848 2849/3716/2849
f 2850/3717/2850 2853/3720/2853 2851/3718/2851 2849/3716/2849
f 2848/3715/2848 2852/3719/2852 2854/3721/2854 2845/3712/2845
f 2854/3721/2854 2855/3722/2855 2846/3713/2846 2845/3712/2845
f 2856/3723/2856 2847/3714/2847 2846/3713/2846 2855/3722/2855
f 2847/3714/2847 2857/3724/2857 2858/3725/2858 2844/3711/2844
f 2847/3714/2847 2856/3723/2856 2859/3726/2859 2857/3724/2857
f 2844/3711/2844 2858/3725/2858 2860/3727/2860 2843/3710/2843
f 2843/3710/2843 2860/3727/2860 2861/3728/2861 2842/3709/2842
f 2842/3709/2842 2861/3728/2861 2862/3729/2862 2841/3708/2841
f 2862/3729/2862 2863/3730/2863 2840/3707/2840 2841/3708/2841
f 2839/3706/2839 2840/3707/2840 2863/3730/2863 2864/3731/2864
f 2839/3706/2839 2864/3731/2864 2865/3732/2865 2838/3705/2838
f 2838/3705/2838 2865/3732/2865 2866/3733/2866 2837/3704/2837
f 2866/3733/2866 2867/3734/2867 2834/3701/2834 2837/3704/2837
f 2866/3733/2866 2865/3732/2865 2868/3735/2868 2869/3736/2869
f 2866/3733/2866 2869/3736/2869 2870/3737/2870 2867/3734/2867
f 2871/3738/2871 2868/3735/2868 2865/3732/2865 2864/3731/2864
f 2871/3738/2871 2864/3731/2864 2863/3730/2863 2872/3739/2872
f 2862/3729/2862 2873/3740/2873 2872/3739/2872 2863/3730/2863
f 2862/3729/2862 2861/3728/2861 2874/3741/2874 2873/3740/2873
f 2875/3742/2875 2874/3741/2874 2861/3728/2861 2860/3727/2860
f 2860/3727/2860 2858/3725/2858 2876/3743/2876 2875/3742/2875
f 2877/3744/2877 2876/3743/2876 2858/3725/2858 2857/3724/2857
f 2859/3726/2859 2878/3745/2878 2877/3744/2877 2857/3724/2857
f 2878/3745/2878 2859/3726/2859 2879/3746/2879 2880/3747/2880
f 2879/3746/2879 2859/3726/2859 2856/3723/2856 2881/3748/2881
f 2882/3749/2882 2881/3748/2881 2856/3723/2856 2855/3722/2855
f 2854/3721/2854 2883/3750/2883 2882/3749/2882 2855/3722/2855
f 2884/3751/2884 2882/3749/2882 2883/3750/2883 2885/3752/2885
f 2882/3749/2882 2884/3751/2884 2886/3753/2886 2881/3748/2881
f 2886/3753/2886 2887/3754/2887 2879/3746/2879 2881/3748/2881
f 2879/3746/2879 2887/3754/2887 2888/3755/2888 2880/3747/2880
f 2888/3755/2888 2889/3756/2889 2878/3745/2878 2880/3747/2880
f 2878/3745/2878 2889/3756/2889 2890/3757/2890 2877/3744/2877
f 2890/3757/2890 2891/3758/2891 2876/3743/2876 2877/3744/2877
f 2892/3759/2892 2875/3742/2875 2876/3743/2876 2891/3758/2891
f 2893/3760/2893 2874/3741/2874 2875/3742/2875 2892/3759/2892
f 2873/3740/2873 2874/3741/2874 2893/3760/2893 2894/3761/2894
f 2873/3740/2873 2894/3761/2894 2895/3762/2895 2872/3739/2872
f 2871/3738/2871 2872/3739/2872 2895/3762/2895 2868/3735/2868
f 2869/3736/2869 2868/3735/2868 2895/3762/2895 2896/3763/2896
f 2869/3736/2869 2896/3763/2896 2897/3764/2897 2870/3737/2870
f 2898/3765/2898 2867/3734/2867 2870/3737/2870 2899/3766/2899
f 2899/3766/2899 2870/3737/2870 2897/3764/2897 2900/3767/2900
f 2896/3763/2896 2901/3768/2901 2902/3769/2902 2897/3764/2897
f 2902/3769/2902 2903/3770/2903 2900/3767/2900 2897/3764/2897
f 2896/3763/2896 2895/3762/2895 2894/3761/2894 2901/3768/2901
f 2893/3760/2893 2904/3771/2904 2901/3768/2901 2894/3761/2894
f 2893/3760/2893 2892/3759/2892 2905/3772/2905 2904/3771/2904
f 2906/3773/2906 2905/3772/2905 2892/3759/2892 2891/3758/2891
f 2890/3757/2890 2907/3774/2907 2906/3773/2906 2891/3758/2891
f 2907/3774/2907 2890/3757/2890 2889/3756/2889 2908/3775/2908
f 2908/3775/2908 2889/3756/2889 2888/3755/2888 2909/3776/2909
f 2909/3776/2909 2888/3755/2888 2887/3754/2887 2910/3777/2910
f 2911/3778/2911 2910/3777/2910 2887/3754/2887 2886/3753/2886
f 2884/3751/2884 2912/3779/2912 2911/3778/2911 2886/3753/2886
f 2913/3780/2913 2912/3779/2912 2884/3751/2884 2885/3752/2885
f 2914/3781/2914 2915/3782/2915 2912/3779/2912 2913/3780/2913
f 2916/3783/2916 2911/3778/2911 2912/3779/2912 2915/3782/2915
f 2911/3778/2911 2916/3783/2916 2917/3784/2917 2910/3777/2910
f 2917/3784/2917 2918/3785/2918 2909/3776/2909 2910/3777/2910
f 2918/3785/2918 2919/3786/2919 2908/3775/2908 2909/3776/2909
f 2919/3786/2919 2920/3787/2920 2907/3774/2907 2908/3775/2908
f 2921/3788/2921 2906/3773/2906 2907/3774/2907 2920/3787/2920
f 2906/3773/2906 2921/3788/2921 2922/3789/2922 2905/3772/2905
f 2905/3772/2905 2922/3789/2922 2923/3790/2923 2904/3771/2904
f 2902/3769/2902 2901/3768/2901 2904/3771/2904 2923/3790/2923
f 2902/3769/2902 2923/3790/2923 2924/3791/2924 2903/3770/2903
f 2925/3792/2925 2900/3767/2900 2903/3770/2903 2926/3793/2926
f 2924/3791/2924 2927/3794/2927 2926/3793/2926 2903/3770/2903
f 2899/3766/2899 2900/3767/2900 2925/3792/2925 2928/3795/2928
f 2898/3765/2898 2899/3766/2899 2928/3795/2928 2929/3796/2929
f 2930/3797/2930 2929/3796/2929 2928/3795/2928 2931/3798/2931
f 2925/3792/2925 2932/3799/2932 2931/3798/2931 2928/3795/2928
f 2925/3792/2925 2926/3793/2926 2933/3800/2933 2932/3799/2932
f 2933/3800/2933 2926/3793/2926 2927/3794/2927 2934/3801/2934
f 2924/3791/2924 2935/3802/2935 2936/3803/2936 2927/3794/2927
f 2936/3803/2936 2937/3804/2937 2934/3801/2934 2927/3794/2927
f 2924/3791/2924 2923/3790/2923 2922/3789/2922 2935/3802/2935
f 2935/3802/2935 2922/3789/2922 2921/3788/2921 2938/3805/2938
f 2939/3806/2939 2938/3805/2938 2921/3788/2921 2920/3787/2920
f 2919/3786/2919 2940/3807/2940 2939/3806/2939 2920/3787/2920
f 2940/3807/2940 2919/3786/2919 2918/3785/2918 2941/3808/2941
f 2941/3808/2941 2918/3785/2918 2917/3784/2917 2942/3809/2942
f 2942/3809/2942 2917/3784/2917 2916/3783/2916 2943/3810/2943
f 2944/3811/2944 2943/3810/2943 2916/3783/2916 2915/3782/2915
f 2914/3781/2914 2945/3812/2945 2944/3811/2944 2915/3782/2915
f 2946/3813/2946 2944/3811/2944 2945/3812/2945 2947/3814/2947
f 2944/3811/2944 2946/3813/2946 2948/3815/2948 2943/3810/2943
f 2948/3815/2948 2949/3816/2949 2942/3809/2942 2943/3810/2943
f 2949/3816/2949 2950/3817/2950 2941/3808/2941 2942/3809/2942
f 2950/3817/2950 2951/3818/2951 2940/3807/2940 2941/3808/2941
f 2952/3819/2952 2939/3806/2939 2940/3807/2940 2951/3818/2951
f 2939/3806/2939 2952/3819/2952 2953/3820/2953 2938/3805/2938
f 2953/3820/2953 2936/3803/2936 2935/3802/2935 2938/3805/2938
f 2953/3820/2953 2954/3821/2954 2937/3804/2937 2936/3803/2936
f 2955/3822/2955 2934/3801/2934 2937/3804/2937 2956/3823/2956
f 2956/4502/2956 2937/4501/2937 2954/4500/2954 2957/3824/2957
f 2933/3800/2933 2934/3801/2934 2955/3822/2955 2958/3825/2958
f 2933/3800/2933 2958/3825/2958 2959/3826/2959 2932/3799/2932
f 2960/3827/2960 2931/3798/2931 2932/3799/2932 2959/3826/2959
f 2930/3797/2930 2931/3798/2931 2960/3827/2960 2961/3828/2961
f 2960/3827/2960 2959/3826/2959 2962/3829/2962 2963/3830/2963
f 2960/3827/2960 2963/3830/2963 2964/3831/2964 2961/3828/2961
f 2962/3829/2962 2959/3826/2959 2958/3825/2958 2965/3832/2965
f 2955/4504/2955 2966/3833/2966 2965/4503/2965 2958/4505/2958
f 2955/4504/2955 2956/4502/2956 2967/3834/2967 2966/3833/2966
f 2968/3835/2968 2967/3834/2967 2956/4502/2956 2957/3824/2957
f 2969/3836/2969 2957/3824/2957 2954/4500/2954 2970/3837/2970
f 2969/3836/2969 2971/3838/2971 2968/3835/2968 2957/3824/2957
f 2954/3821/2954 2953/3820/2953 2952/3819/2952 2970/4506/2970
f 2972/3839/2972 2970/4506/2970 2952/3819/2952 2951/3818/2951
f 2950/3817/2950 2973/3840/2973 2972/3839/2972 2951/3818/2951
f 2973/3840/2973 2950/3817/2950 2949/3816/2949 2974/3841/2974
f 2974/3841/2974 2949/3816/2949 2948/3815/2948 2975/3842/2975
f 2975/3842/2975 2948/3815/2948 2946/3813/2946 2976/3843/2976
f 2977/3844/2977 2978/3845/2978 2975/4507/2975 2976/4508/2976
f 2978/3845/2978 2979/3846/2979 2974/4509/2974 2975/4507/2975
f 2979/3846/2979 2980/3847/2980 2973/4510/2973 2974/4509/2974
f 2981/3848/2981 2972/4511/2972 2973/4510/2973 2980/3847/2980
f 2972/4511/2972 2981/3848/2981 2969/3836/2969 2970/3837/2970
f 2971/3838/2971 2969/3836/2969 2981/3848/2981 2982/3849/2982
f 2983/3850/2983 2984/3851/2984 2971/3838/2971 2982/3849/2982
f 2985/3852/2985 2968/3835/2968 2971/3838/2971 2984/3851/2984
f 2968/3835/2968 2985/3852/2985 2986/3853/2986 2967/3834/2967
f 2967/3834/2967 2986/3853/2986 2987/3854/2987 2966/3833/2966
f 2988/3855/2988 2965/4503/2965 2966/3833/2966 2987/3854/2987
f 2962/4512/2962 2965/4503/2965 2988/3855/2988 2989/3856/2989
f 2962/3829/2962 2989/4513/2989 2990/3857/2990 2963/3830/2963
f 2991/3858/2991 2964/3831/2964 2963/3830/2963 2990/3857/2990
f 2992/3859/2992 2993/3860/2993 2961/3828/2961 2964/3831/2964
f 2992/3859/2992 2964/3831/2964 2991/3858/2991 2994/3861/2994
f 2991/3858/2991 2990/3857/2990 2995/3862/2995 2996/3863/2996
f 2991/3858/2991 2996/3863/2996 2997/3864/2997 2994/3861/2994
f 2995/3862/2995 2990/3857/2990 2989/4513/2989 2998/3865/2998
f 2988/3855/2988 2999/3866/2999 2998/4514/2998 2989/3856/2989
f 2988/3855/2988 2987/3854/2987 3000/3867/3000 2999/3866/2999
f 3000/3867/3000 2987/3854/2987 2986/3853/2986 3001/3868/3001
f 3001/3868/3001 2986/3853/2986 2985/3852/2985 3002/3869/3002
f 3003/3870/3003 3002/3869/3002 2985/3852/2985 2984/3851/2984
f 2983/3850/2983 3004/3871/3004 3003/3870/3003 2984/3851/2984
f 3004/3871/3004 2983/3850/2983 3005/3872/3005 3006/3873/3006
f 3007/3874/3007 3005/3872/3005 2983/3850/2983 2982/3849/2982
f 3007/3874/3007 2982/3849/2982 2981/3848/2981 2980/3847/2980
f 2979/3846/2979 3008/3875/3008 3007/3874/3007 2980/3847/2980
f 3005/3872/3005 3007/3874/3007 3008/3875/3008 3009/3876/3009
f 3010/3877/3010 3006/3873/3006 3005/3872/3005 3009/3876/3009
f 3011/3878/3011 3012/3879/3012 3004/3871/3004 3006/3873/3006
f 3010/3877/3010 3013/3880/3013 3011/3878/3011 3006/3873/3006
f 3014/3881/3014 3003/3870/3003 3004/3871/3004 3012/3879/3012
f 3003/3870/3003 3014/3881/3014 3015/3882/3015 3002/3869/3002
f 3015/3882/3015 3016/3883/3016 3001/3868/3001 3002/3869/3002
f 3000/3867/3000 3001/3868/3001 3016/3883/3016 3017/3884/3017
f 3000/3867/3000 3017/3884/3017 3018/3885/3018 2999/3866/2999
f 3019/3886/3019 2998/4514/2998 2999/3866/2999 3018/3885/3018
f 2995/3862/2995 2998/3865/2998 3019/4515/3019 3020/3887/3020
f 2995/3862/2995 3020/3887/3020 3021/3888/3021 2996/3863/2996
f 3022/3889/3022 2997/3864/2997 2996/3863/2996 3021/3888/3021
f 3023/3890/3023 3024/3891/3024 2994/3861/2994 2997/3864/2997
f 3023/3890/3023 2997/3864/2997 3022/3889/3022 3025/3892/3025
f 3022/3889/3022 3021/3888/3021 3026/3893/3026 3027/3894/3027
f 3022/3889/3022 3027/3894/3027 3028/3895/3028 3025/3892/3025
f 3026/3893/3026 3021/3888/3021 3020/3887/3020 3029/3896/3029
f 3019/3886/3019 3030/3897/3030 3029/4516/3029 3020/4517/3020
f 3019/3886/3019 3018/3885/3018 3031/3898/3031 3030/3897/3030
f 3017/3884/3017 3032/3899/3032 3031/3898/3031 3018/3885/3018
f 3017/3884/3017 3016/3883/3016 3033/3900/3033 3032/3899/3032
f 3034/3901/3034 3033/3900/3033 3016/3883/3016 3015/3882/3015
f 3014/3881/3014 3035/3902/3035 3034/3901/3034 3015/3882/3015
f 3036/3903/3036 3035/3902/3035 3014/3881/3014 3012/3879/3012
f 3011/3878/3011 3037/3904/3037 3036/3903/3036 3012/3879/3012
f 3037/3904/3037 3011/3878/3011 3013/3880/3013 3038/3905/3038
f 3013/3880/3013 3010/3877/3010 3039/3906/3039 3040/3907/3040
f 3041/3908/3041 3038/3905/3038 3013/3880/3013 3040/3907/3040
f 3042/3909/3042 3043/3910/3043 3037/3904/3037 3038/3905/3038
f 3041/3908/3041 3044/3911/3044 3042/3909/3042 3038/3905/3038
f 3037/3904/3037 3043/3910/3043 3045/3912/3045 3036/3903/3036
f 3045/3912/3045 3046/3913/3046 3035/3902/3035 3036/3903/3036
f 3035/3902/3035 3046/3913/3046 3047/3914/3047 3034/3901/3034
f 3047/3914/3047 3048/3915/3048 3033/3900/3033 3034/3901/3034
f 3032/3899/3032 3033/3900/3033 3048/3915/3048 3049/3916/3049
f 3032/3899/3032 3049/3916/3049 3050/3917/3050 3031/3898/3031
f 3030/3897/3030 3031/3898/3031 3050/3917/3050 3051/3918/3051
f 3030/3897/3030 3051/3918/3051 3052/3919/3052 3029/4516/3029
f 3026/3893/3026 3029/3896/3029 3052/4518/3052 3053/3920/3053
f 3026/3893/3026 3053/3920/3053 3054/3921/3054 3027/3894/3027
f 3055/3922/3055 3028/3895/3028 3027/3894/3027 3054/3921/3054
f 3056/3923/3056 3057/3924/3057 3025/3892/3025 3028/3895/3028
f 3056/3923/3056 3028/3895/3028 3055/3922/3055 3058/3925/3058
f 3055/3922/3055 3054/3921/3054 3059/3926/3059 3060/3927/3060
f 3055/3922/3055 3060/3927/3060 3061/3928/3061 3058/3925/3058
f 3053/3920/3053 3062/3929/3062 3059/3926/3059 3054/3921/3054
f 3053/3920/3053 3052/4518/3052 3063/3930/3063 3062/3929/3062
f 3051/3918/3051 3064/3931/3064 3063/4519/3063 3052/3919/3052
f 3051/3918/3051 3050/3917/3050 3065/3932/3065 3064/3931/3064
f 3049/3916/3049 3066/3933/3066 3065/3932/3065 3050/3917/3050
f 3049/3916/3049 3048/3915/3048 3067/3934/3067 3066/3933/3066
f 3068/3935/3068 3067/3934/3067 3048/3915/3048 3047/3914/3047
f 3046/3913/3046 3069/3936/3069 3068/3935/3068 3047/3914/3047
f 3070/3937/3070 3069/3936/3069 3046/3913/3046 3045/3912/3045
f 3043/3910/3043 3071/3938/3071 3070/3937/3070 3045/3912/3045
f 3072/3939/3072 3071/3938/3071 3043/3910/3043 3042/3909/3042
f 3073/3940/3073 3074/3941/3074 3071/3938/3071 3072/3939/3072
f 3071/3938/3071 3074/3941/3074 3075/3942/3075 3070/3937/3070
f 3075/3942/3075 3076/3943/3076 3069/3936/3069 3070/3937/3070
f 3069/3936/3069 3076/3943/3076 3077/3944/3077 3068/3935/3068
f 3077/3944/3077 3078/3945/3078 3067/3934/3067 3068/3935/3068
f 3066/3933/3066 3067/3934/3067 3078/3945/3078 3079/3946/3079
f 3066/3933/3066 3079/3946/3079 3080/3947/3080 3065/3932/3065
f 3064/3931/3064 3065/3932/3065 3080/3947/3080 3081/3948/3081
f 3064/3931/3064 3081/3948/3081 3082/3949/3082 3063/4519/3063
f 3062/3929/3062 3063/3930/3063 3082/4520/3082 3083/3950/3083
f 3062/3929/3062 3083/3950/3083 3084/3951/3084 3059/3926/3059
f 3084/3951/3084 3085/3952/3085 3060/3927/3060 3059/3926/3059
f 3061/3928/3061 3060/3927/3060 3085/3952/3085 3086/3953/3086
f 3061/3928/3061 3087/3954/3087 3088/3955/3088 3058/3925/3058
f 3061/3928/3061 3086/3953/3086 3089/3956/3089 3087/3954/3087
f 3089/3956/3089 3086/3953/3086 3090/3957/3090 3091/3958/3091
f 3092/3959/3092 3090/3957/3090 3086/3953/3086 3085/3952/3085
f 3084/3951/3084 3093/3960/3093 3092/3959/3092 3085/3952/3085
f 3084/3951/3084 3083/3950/3083 3094/3961/3094 3093/3960/3093
f 3095/3962/3095 3094/3961/3094 3083/3950/3083 3082/4520/3082
f 3081/3948/3081 3096/3963/3096 3095/4521/3095 3082/3949/3082
f 3081/3948/3081 3080/3947/3080 3097/3964/3097 3096/3963/3096
f 3079/3946/3079 3098/3965/3098 3097/3964/3097 3080/3947/3080
f 3079/3946/3079 3078/3945/3078 3099/3966/3099 3098/3965/3098
f 3100/3967/3100 3099/3966/3099 3078/3945/3078 3077/3944/3077
f 3076/3943/3076 3101/3968/3101 3100/3967/3100 3077/3944/3077
f 3102/3969/3102 3101/3968/3101 3076/3943/3076 3075/3942/3075
f 3074/3941/3074 3103/3970/3103 3102/3969/3102 3075/3942/3075
f 3074/3941/3074 3073/3940/3073 3104/3971/3104 3103/3970/3103
f 3105/3972/3105 3106/3973/3106 3102/3969/3102 3103/3970/3103
f 3104/3971/3104 3107/3974/3107 3105/3972/3105 3103/3970/3103
f 3101/3968/3101 3102/3969/3102 3106/3973/3106 3108/3975/3108
f 3101/3968/3101 3108/3975/3108 3109/3976/3109 3100/3967/3100
f 3109/3976/3109 3110/3977/3110 3099/3966/3099 3100/3967/3100
f 3098/3965/3098 3099/3966/3099 3110/3977/3110 3111/3978/3111
f 3098/3965/3098 3111/3978/3111 3112/3979/3112 3097/3964/3097
f 3112/3979/3112 3113/3980/3113 3096/3963/3096 3097/3964/3097
f 3095/4521/3095 3096/3963/3096 3113/3980/3113 3114/3981/3114
f 3095/4521/3095 3114/3981/3114 3115/3982/3115 3094/4522/3094
f 3115/4523/3115 3116/3983/3116 3093/3960/3093 3094/3961/3094
f 3092/3959/3092 3093/3960/3093 3116/3983/3116 3117/3984/3117
f 3092/3959/3092 3117/3984/3117 3118/3985/3118 3090/3957/3090
f 3118/3985/3118 3119/3986/3119 3091/3958/3091 3090/3957/3090
f 3118/3985/3118 3117/3984/3117 3120/3987/3120 3121/3988/3121
f 3118/3985/3118 3121/3988/3121 3122/3989/3122 3119/3986/3119
f 3123/3990/3123 3120/3987/3120 3117/3984/3117 3116/3983/3116
f 3115/3982/3115 3124/3991/3124 3123/4524/3123 3116/4525/3116
f 3115/3982/3115 3114/3981/3114 3125/3992/3125 3124/3991/3124
f 3126/3993/3126 3125/3992/3125 3114/3981/3114 3113/3980/3113
f 3112/3979/3112 3127/3994/3127 3126/3993/3126 3113/3980/3113
f 3112/3979/3112 3111/3978/3111 3128/3995/3128 3127/3994/3127
f 3129/3996/3129 3128/3995/3128 3111/3978/3111 3110/3977/3110
f 3110/3977/3110 3109/3976/3109 3130/3997/3130 3129/3996/3129
f 3131/3998/3131 3130/3997/3130 3109/3976/3109 3108/3975/3108
f 3106/3973/3106 3132/3999/3132 3131/3998/3131 3108/3975/3108
f 3106/3973/3106 3105/3972/3105 3133/4000/3133 3132/3999/3132
f 3134/4001/3134 3133/4000/3133 3105/3972/3105 3107/3974/3107
f 3104/3971/3104 3135/4002/3135 3136/4003/3136 3107/3974/3107
f 3136/4003/3136 3137/4004/3137 3134/4001/3134 3107/3974/3107
f 3138/4005/3138 3139/4006/3139 3134/4001/3134 3137/4004/3137
f 3133/4000/3133 3134/4001/3134 3139/4006/3139 3140/4007/3140
f 3133/4000/3133 3140/4007/3140 3141/4008/3141 3132/3999/3132
f 3141/4008/3141 3142/4009/3142 3131/3998/3131 3132/3999/3132
f 3130/3997/3130 3131/3998/3131 3142/4009/3142 3143/4010/3143
f 3130/3997/3130 3143/4010/3143 3144/4011/3144 3129/3996/3129
f 3129/3996/3129 3144/4011/3144 3145/4012/3145 3128/3995/3128
f 3145/4012/3145 3146/4013/3146 3127/3994/3127 3128/3995/3128
f 3126/3993/3126 3127/3994/3127 3146/4013/3146 3147/4014/3147
f 3126/3993/3126 3147/4014/3147 3148/4015/3148 3125/3992/3125
f 3148/4015/3148 3149/4016/3149 3124/3991/3124 3125/3992/3125
f 3123/4524/3123 3124/3991/3124 3149/4016/3149 3150/4017/3150
f 3123/4524/3123 3150/4017/3150 3151/4018/3151 3120/4526/3120
f 3151/4018/3151 3150/4017/3150 3152/4019/3152 3153/4020/3153
f 3154/4021/3154 3152/4019/3152 3150/4017/3150 3149/4016/3149
f 3148/4015/3148 3155/4022/3155 3154/4021/3154 3149/4016/3149
f 3148/4015/3148 3147/4014/3147 3156/4023/3156 3155/4022/3155
f 3157/4024/3157 3156/4023/3156 3147/4014/3147 3146/4013/3146
f 3145/4012/3145 3158/4025/3158 3157/4024/3157 3146/4013/3146
f 3159/4026/3159 3158/4025/3158 3145/4012/3145 3144/4011/3144
f 3144/4011/3144 3143/4010/3143 3160/4027/3160 3159/4026/3159
f 3142/4009/3142 3161/4028/3161 3160/4027/3160 3143/4010/3143
f 3142/4009/3142 3141/4008/3141 3162/4029/3162 3161/4028/3161
f 3163/4030/3163 3162/4029/3162 3141/4008/3141 3140/4007/3140
f 3139/4006/3139 3164/4031/3164 3163/4030/3163 3140/4007/3140
f 3139/4006/3139 3138/4005/3138 3165/4032/3165 3164/4031/3164
f 3166/4033/3166 3167/4034/3167 3138/4005/3138 3137/4004/3137
f 3168/4035/3168 3165/4032/3165 3138/4005/3138 3167/4034/3167
f 3165/4032/3165 3169/4036/3169 3170/4037/3170 3164/4031/3164
f 3165/4032/3165 3168/4035/3168 3171/4038/3171 3169/4036/3169
f 3170/4037/3170 3172/4039/3172 3163/4030/3163 3164/4031/3164
f 3162/4029/3162 3163/4030/3163 3172/4039/3172 3173/4040/3173
f 3162/4029/3162 3173/4040/3173 3174/4041/3174 3161/4028/3161
f 3160/4027/3160 3161/4028/3161 3174/4041/3174 3175/4042/3175
f 3176/4043/3176 3159/4026/3159 3160/4027/3160 3175/4042/3175
f 3177/4044/3177 3158/4025/3158 3159/4026/3159 3176/4043/3176
f 3177/4044/3177 3178/4045/3178 3157/4024/3157 3158/4025/3158
f 3157/4024/3157 3178/4045/3178 3179/4046/3179 3156/4023/3156
f 3179/4046/3179 3180/4047/3180 3155/4022/3155 3156/4023/3156
f 3154/4021/3154 3155/4022/3155 3180/4047/3180 3181/4048/3181
f 3154/4021/3154 3181/4048/3181 3182/4049/3182 3152/4019/3152
f 3182/4049/3182 3181/4048/3181 3183/4050/3183 3184/4051/3184
f 3181/4048/3181 3180/4047/3180 3185/4052/3185 3183/4050/3183
f 3185/4052/3185 3180/4047/3180 3179/4046/3179 3186/4053/3186
f 3178/4045/3178 3187/4054/3187 3186/4053/3186 3179/4046/3179
f 3188/4055/3188 3187/4054/3187 3178/4045/3178 3177/4044/3177
f 3188/4055/3188 3177/4044/3177 3176/4043/3176 3189/4056/3189
f 3189/4056/3189 3176/4043/3176 3175/4042/3175 3190/4057/3190
f 3175/4042/3175 3174/4041/3174 3191/4058/3191 3190/4057/3190
f 3173/4040/3173 3192/4059/3192 3191/4058/3191 3174/4041/3174
f 3192/4059/3192 3173/4040/3173 3172/4039/3172 3193/4060/3193
f 3194/4061/3194 3193/4060/3193 3172/4039/3172 3170/4037/3170
f 3195/4062/3195 3194/4061/3194 3170/4037/3170 3169/4036/3169
f 3171/4038/3171 3196/4063/3196 3195/4062/3195 3169/4036/3169
f 3197/4064/3197 3171/4038/3171 3168/4035/3168 3198/4065/3198
f 3196/4063/3196 3171/4038/3171 3197/4064/3197 3199/4066/3199
f 3195/4062/3195 3196/4063/3196 3200/4067/3200 3201/4068/3201
f 3200/4067/3200 3196/4063/3196 3199/4066/3199 3202/4069/3202
f 3203/4070/3203 3194/4061/3194 3195/4062/3195 3201/4068/3201
f 3194/4061/3194 3203/4070/3203 3204/4071/3204 3193/4060/3193
f 3204/4071/3204 3205/4072/3205 3192/4059/3192 3193/4060/3193
f 3192/4059/3192 3205/4072/3205 3206/4073/3206 3191/4058/3191
f 3191/4058/3191 3206/4073/3206 3207/4074/3207 3190/4057/3190
f 3189/4056/3189 3190/4057/3190 3207/4074/3207 3208/4075/3208
f 3208/4075/3208 3209/4076/3209 3188/4055/3188 3189/4056/3189
f 3188/4055/3188 3209/4076/3209 3210/4077/3210 3187/4054/3187
f 3187/4054/3187 3210/4077/3210 3211/4078/3211 3186/4053/3186
f 3185/4052/3185 3186/4053/3186 3211/4078/3211 3212/4079/3212
f 3185/4052/3185 3212/4079/3212 3213/4080/3213 3183/4050/3183
f 3212/4079/3212 3214/4081/3214 3215/4082/3215 3213/4080/3213
f 3212/4079/3212 3211/4078/3211 3216/4083/3216 3214/4081/3214
f 3216/4083/3216 3211/4078/3211 3210/4077/3210 3217/4084/3217
f 3209/4076/3209 3218/4085/3218 3217/4084/3217 3210/4077/3210
f 3208/4075/3208 3219/4086/3219 3218/4085/3218 3209/4076/3209
f 3207/4074/3207 3220/4087/3220 3219/4086/3219 3208/4075/3208
f 3206/4073/3206 3221/4088/3221 3220/4087/3220 3207/4074/3207
f 3221/4088/3221 3206/4073/3206 3205/4072/3205 3222/4089/3222
f 3223/4090/3223 3222/4089/3222 3205/4072/3205 3204/4071/3204
f 3203/4070/3203 3224/4091/3224 3223/4090/3223 3204/4071/3204
f 3200/4067/3200 3224/4091/3224 3203/4070/3203 3201/4068/3201
f 3224/4091/3224 3200/4067/3200 3202/4069/3202 3225/4092/3225
f 3226/4093/3226 3202/4069/3202 3199/4066/3199 3227/4094/3227
f 3202/4069/3202 3226/4093/3226 3228/4095/3228 3225/4092/3225
f 3227/4094/3227 3199/4066/3199 3197/4064/3197 3229/4096/3229
f 3230/4097/3230 3231/4098/3231 3227/4094/3227 3229/4096/3229
f 3231/4098/3231 3232/4099/3232 3226/4093/3226 3227/4094/3227
f 3233/4100/3233 3228/4095/3228 3226/4093/3226 3232/4099/3232
f 3228/4095/3228 3233/4100/3233 3234/4101/3234 3235/4102/3235
f 3236/4103/3236 3225/4092/3225 3228/4095/3228 3235/4102/3235
f 3236/4103/3236 3223/4090/3223 3224/4091/3224 3225/4092/3225
f 3223/4090/3223 3236/4103/3236 3237/4104/3237 3222/4089/3222
f 3237/4104/3237 3238/4105/3238 3221/4088/3221 3222/4089/3222
f 3239/4106/3239 3220/4087/3220 3221/4088/3221 3238/4105/3238
f 3220/4087/3220 3239/4106/3239 3240/4107/3240 3219/4086/3219
f 3219/4086/3219 3240/4107/3240 3241/4108/3241 3218/4085/3218
f 3242/4109/3242 3217/4084/3217 3218/4085/3218 3241/4108/3241
f 3216/4083/3216 3217/4084/3217 3242/4109/3242 3243/4110/3243
f 3216/4083/3216 3243/4110/3243 3244/4111/3244 3214/4081/3214
f 3242/4109/3242 3245/4112/3245 3246/4113/3246 3243/4110/3243
f 3246/4113/3246 3247/4114/3247 3244/4111/3244 3243/4110/3243
f 3242/4109/3242 3241/4108/3241 3248/4115/3248 3245/4112/3245
f 3248/4115/3248 3241/4108/3241 3240/4107/3240 3249/4116/3249
f 3249/4116/3249 3240/4107/3240 3239/4106/3239 3250/4117/3250
f 3251/4118/3251 3250/4117/3250 3239/4106/3239 3238/4105/3238
f 3237/4104/3237 3252/4119/3252 3251/4118/3251 3238/4105/3238
f 3237/4104/3237 3236/4103/3236 3235/4102/3235 3252/4119/3252
f 3235/4102/3235 3234/4101/3234 3253/4120/3253 3252/4119/3252
f 3254/4121/3254 3234/4101/3234 3233/4100/3233 3255/4122/3255
f 3256/4123/3256 3253/4120/3253 3234/4101/3234 3254/4121/3254
f 3257/4124/3257 3255/4122/3255 3233/4100/3233 3232/4099/3232
f 3231/4098/3231 3258/4125/3258 3257/4124/3257 3232/4099/3232
f 3258/4125/3258 3231/4098/3231 3230/4097/3230 3259/4126/3259
f 3260/4127/3260 3261/4128/3261 3258/4125/3258 3259/4126/3259
f 3262/4129/3262 3257/4124/3257 3258/4125/3258 3261/4128/3261
f 3257/4124/3257 3262/4129/3262 3263/4130/3263 3255/4122/3255
f 3263/4130/3263 3264/4131/3264 3254/4121/3254 3255/4122/3255
f 3264/4131/3264 3265/4132/3265 3256/4123/3256 3254/4121/3254
f 3266/4133/3266 3267/4134/3267 3253/4120/3253 3256/4123/3256
f 3265/4132/3265 3268/4135/3268 3266/4133/3266 3256/4123/3256
f 3253/4120/3253 3267/4134/3267 3251/4118/3251 3252/4119/3252
f 3251/4118/3251 3267/4134/3267 3269/4136/3269 3250/4117/3250
f 3269/4136/3269 3270/4137/3270 3249/4116/3249 3250/4117/3250
f 3248/4115/3248 3249/4116/3249 3270/4137/3270 3271/4138/3271
f 3248/4115/3248 3271/4138/3271 3272/4139/3272 3245/4112/3245
f 3246/4113/3246 3245/4112/3245 3272/4139/3272 3273/4140/3273
f 3246/4113/3246 3273/4140/3273 3274/4141/3274 3247/4114/3247
f 3247/4114/3247 3274/4141/3274 3275/4142/3275 3276/4143/3276
f 3247/4114/3247 3276/4143/3276 3277/4144/3277 3244/4111/3244
f 3278/4145/3278 3275/4142/3275 3274/4141/3274 3279/4146/3279
f 3279/4146/3279 3274/4141/3274 3273/4140/3273 3280/4147/3280
f 3280/4147/3280 3273/4140/3273 3272/4139/3272 3281/4148/3281
f 3281/4148/3281 3272/4139/3272 3271/4138/3271 3282/4149/3282
f 3282/4149/3282 3271/4138/3271 3270/4137/3270 3283/4150/3283
f 3283/4150/3283 3270/4137/3270 3269/4136/3269 3284/4151/3284
f 3284/4151/3284 3269/4136/3269 3267/4134/3267 3266/4133/3266
f 3268/4135/3268 3285/4152/3285 3284/4151/3284 3266/4133/3266
f 3286/4153/3286 3268/4528/3268 3265/4527/3265 3287/4154/3287
f 3288/4155/3288 3285/4529/3285 3268/4528/3268 3286/4153/3286
f 3287/4530/3287 3265/4132/3265 3264/4131/3264 3289/4156/3289
f 3289/4156/3289 3264/4131/3264 3263/4130/3263 3290/4157/3290
f 3290/4157/3290 3263/4130/3263 3262/4129/3262 3291/4158/3291
f 3292/4159/3292 3293/4160/3293 3290/4157/3290 3291/4158/3291
f 3293/4532/3293 3294/4161/3294 3289/4531/3289 3290/4533/3290
f 3294/4161/3294 3295/4162/3295 3287/4154/3287 3289/4531/3289
f 3295/4162/3295 3296/4163/3296 3286/4153/3286 3287/4154/3287
f 3296/4163/3296 3297/4164/3297 3288/4155/3288 3286/4153/3286
f 3298/4165/3298 3299/4166/3299 3288/4155/3288 3297/4164/3297
f 3285/4529/3285 3288/4155/3288 3299/4166/3299 3300/4167/3300
f 3285/4152/3285 3300/4534/3300 3283/4150/3283 3284/4151/3284
f 3282/4149/3282 3283/4150/3283 3300/4534/3300 3301/4168/3301
f 3281/4148/3281 3282/4149/3282 3301/4168/3301 3302/4169/3302
f 3280/4147/3280 3281/4148/3281 3302/4169/3302 3303/4170/3303
f 3279/4146/3279 3280/4147/3280 3303/4170/3303 3304/4171/3304
f 3278/4145/3278 3279/4146/3279 3304/4171/3304 3305/4172/3305
f 3306/4173/3306 3275/4142/3275 3278/4145/3278 3307/4174/3307
f 3278/4145/3278 3305/4172/3305 3308/4175/3308 3307/4174/3307
f 3309/4176/3309 3308/4175/3308 3305/4172/3305 3310/4177/3310
f 3310/4177/3310 3305/4172/3305 3304/4171/3304 3311/4178/3311
f 3311/4178/3311 3304/4171/3304 3303/4170/3303 3312/4179/3312
f 3312/4179/3312 3303/4170/3303 3302/4169/3302 3313/4180/3313
f 3313/4537/3313 3302/4536/3302 3301/4535/3301 3314/4181/3314
f 3300/4167/3300 3299/4166/3299 3314/4181/3314 3301/4535/3301
f 2625/3492/2625 3314/4181/3314 3299/4166/3299 3298/4165/3298
f 2625/3492/2625 3298/4165/3298 3315/4182/3315 2623/3490/2623
f 3316/4183/3316 3315/4182/3315 3298/4165/3298 3297/4164/3297
f 3296/4163/3296 3317/4184/3317 3316/4183/3316 3297/4164/3297
f 3317/4184/3317 3296/4163/3296 3295/4162/3295 3318/4185/3318
f 3318/4185/3318 3295/4162/3295 3294/4161/3294 3319/4186/3319
f 3319/4186/3319 3294/4161/3294 3293/4532/3293 3320/4187/3320
f 3321/4188/3321 3322/4189/3322 3319/4186/3319 3320/4187/3320
f 3322/4189/3322 3323/4190/3323 3318/4185/3318 3319/4186/3319
f 3323/4190/3323 3324/4191/3324 3317/4184/3317 3318/4185/3318
f 3325/4192/3325 3316/4183/3316 3317/4184/3317 3324/4191/3324
f 3316/4183/3316 3325/4192/3325 3326/4193/3326 3315/4182/3315
f 3315/4182/3315 3326/4193/3326 2624/3491/2624 2623/3490/2623
f 2626/3493/2626 2624/3491/2624 3326/4193/3326 3327/4194/3327
f 3327/4194/3327 3326/4193/3326 3325/4192/3325 3328/4195/3328
f 3329/4196/3329 3328/4195/3328 3325/4192/3325 3324/4191/3324
f 3323/4190/3323 3330/4197/3330 3329/4196/3329 3324/4191/3324
f 3330/4197/3330 3323/4190/3323 3322/4189/3322 3331/4198/3331
f 3322/4189/3322 3321/4188/3321 3332/4199/3332 3331/4198/3331
f 3321/4188/3321 3320/4187/3320 3333/4200/3333 3334/4201/3334
f 3335/4202/3335 3332/4199/3332 3321/4188/3321 3334/4201/3334
f 3293/4160/3293 3292/4159/3292 3333/4538/3333 3320/4539/3320
f 3333/4538/3333 3292/4159/3292 3336/4203/3336 3337/4204/3337
f 3338/4205/3338 3334/4540/3334 3333/4538/3333 3337/4204/3337
f 3338/4205/3338 3339/4206/3339 3335/4541/3335 3334/4540/3334
f 3335/4541/3335 3339/4206/3339 3340/4207/3340 3341/4208/3341
f 3342/4209/3342 3332/4199/3332 3335/4202/3335 3341/4542/3341
f 3332/4199/3332 3342/4209/3342 3343/4210/3343 3331/4198/3331
f 3344/4211/3344 3345/4212/3345 3330/4197/3330 3331/4198/3331
f 3343/4210/3343 3346/4213/3346 3344/4211/3344 3331/4198/3331
f 3329/4196/3329 3330/4197/3330 3345/4212/3345 3347/4214/3347
f 3329/4196/3329 3347/4214/3347 3348/4215/3348 3328/4195/3328
f 3348/4215/3348 3349/4216/3349 3327/4194/3327 3328/4195/3328
f 2626/3493/2626 3327/4194/3327 3349/4216/3349 2627/3494/2627
f 3350/4217/3350 2628/3495/2628 2627/3494/2627 3349/4216/3349
f 3349/4216/3349 3348/4215/3348 3351/4218/3351 3350/4217/3350
f 3352/4219/3352 3351/4218/3351 3348/4215/3348 3347/4214/3347
f 3345/4212/3345 3353/4220/3353 3352/4219/3352 3347/4214/3347
f 3345/4212/3345 3344/4211/3344 3354/4221/3354 3353/4220/3353
f 3344/4211/3344 3346/4213/3346 3355/4222/3355 3354/4221/3354
f 3346/4213/3346 3356/4223/3356 3357/4224/3357 3355/4222/3355
f 3356/4223/3356 3346/4213/3346 3343/4210/3343 3358/4225/3358
f 3358/4225/3358 3343/4210/3343 3342/4209/3342 3359/4226/3359
f 3342/4209/3342 3341/4542/3341 3360/4227/3360 3359/4226/3359
f 3340/4207/3340 3361/4228/3361 3360/4543/3360 3341/4208/3341
f 3362/4229/3362 3363/4230/3363 3361/4228/3361 3340/4207/3340
f 3339/4206/3339 3364/4231/3364 3362/4229/3362 3340/4207/3340
f 3339/4206/3339 3338/4205/3338 3365/4232/3365 3364/4231/3364
f 3366/4233/3366 3365/4232/3365 3338/4205/3338 3337/4204/3337
f 3367/4234/3367 3365/4232/3365 3366/4233/3366 3368/4235/3368
f 3365/4232/3365 3367/4234/3367 3369/4236/3369 3364/4231/3364
f 3369/4236/3369 3370/4237/3370 3362/4229/3362 3364/4231/3364
f 3363/4230/3363 3362/4229/3362 3370/4237/3370 3371/4238/3371
f 3372/4239/3372 3373/4240/3373 3363/4230/3363 3371/4238/3371
f 3373/4240/3373 3374/4241/3374 3361/4228/3361 3363/4230/3363
f 3374/4241/3374 3375/4242/3375 3360/4543/3360 3361/4228/3361
f 3359/4226/3359 3360/4227/3360 3375/4544/3375 3376/4243/3376
f 3377/4244/3377 3358/4225/3358 3359/4226/3359 3376/4243/3376
f 3356/4223/3356 3358/4225/3358 3377/4244/3377 3378/4245/3378
f 3379/4246/3379 3357/4224/3357 3356/4223/3356 3378/4245/3378
f 3357/4224/3357 3380/4247/3380 3381/4248/3381 3355/4222/3355
f 3357/4224/3357 3379/4246/3379 3382/4249/3382 3380/4247/3380
f 3355/4222/3355 3381/4248/3381 3383/4250/3383 3354/4221/3354
f 3354/4221/3354 3383/4250/3383 3384/4251/3384 3353/4220/3353
f 3385/4252/3385 3384/4251/3384 3383/4250/3383 3386/4253/3386
f 3383/4250/3383 3381/4248/3381 3387/4254/3387 3386/4253/3386
f 3388/4255/3388 3387/4254/3387 3381/4248/3381 3380/4247/3380
f 3382/4249/3382 3389/4256/3389 3388/4255/3388 3380/4247/3380
f 3390/4257/3390 3391/4258/3391 3389/4256/3389 3382/4249/3382
f 3379/4246/3379 3392/4259/3392 3390/4257/3390 3382/4249/3382
f 3377/4244/3377 3392/4259/3392 3379/4246/3379 3378/4245/3378
f 3392/4259/3392 3377/4244/3377 3376/4243/3376 3393/4260/3393
f 3376/4243/3376 3375/4544/3375 3394/4261/3394 3393/4260/3393
f 3394/4545/3394 3375/4242/3375 3374/4241/3374 3395/4262/3395
f 3374/4241/3374 3373/4240/3373 3396/4263/3396 3395/4262/3395
f 3396/4263/3396 3373/4240/3373 3372/4239/3372 3397/4264/3397
f 3397/4264/3397 3372/4239/3372 3398/4265/3398 3399/4266/3399
f 3398/4265/3398 3372/4239/3372 3371/4238/3371 3400/4267/3400
f 3400/4267/3400 3371/4238/3371 3370/4237/3370 3401/4268/3401
f 3402/4269/3402 3403/4270/3403 3400/4267/3400 3401/4268/3401
f 3404/4271/3404 3398/4265/3398 3400/4267/3400 3403/4270/3403
f 3398/4265/3398 3404/4271/3404 3405/4272/3405 3399/4266/3399
f 3405/4272/3405 3406/4273/3406 3397/4264/3397 3399/4266/3399
f 3407/4274/3407 3396/4263/3396 3397/4264/3397 3406/4273/3406
f 3396/4263/3396 3407/4274/3407 3394/4545/3394 3395/4262/3395
f 3394/4261/3394 3407/4546/3407 3408/4275/3408 3393/4260/3393
f 3392/4259/3392 3393/4260/3393 3408/4275/3408 3390/4257/3390
f 3408/4275/3408 3409/4276/3409 3391/4258/3391 3390/4257/3390
f 3410/4277/3410 3391/4258/3391 3409/4276/3409 3411/4278/3411
f 3410/4277/3410 3412/4279/3412 3389/4256/3389 3391/4258/3391
f 3412/4279/3412 3413/4280/3413 3388/4255/3388 3389/4256/3389
f 3387/4254/3387 3388/4255/3388 3413/4280/3413 3414/4281/3414
f 3387/4254/3387 3414/4281/3414 3415/4282/3415 3386/4253/3386
f 3385/4252/3385 3386/4253/3386 3415/4282/3415 3416/4283/3416
f 3415/4282/3415 3417/4284/3417 3418/4285/3418 3416/4283/3416
f 3419/4286/3419 3417/4284/3417 3415/4282/3415 3414/4281/3414
f 3413/4280/3413 3420/4287/3420 3419/4286/3419 3414/4281/3414
f 3420/4287/3420 3413/4280/3413 3412/4279/3412 3421/4288/3421
f 3412/4279/3412 3410/4277/3410 3422/4289/3422 3421/4288/3421
f 3422/4289/3422 3410/4277/3410 3411/4278/3411 3423/4290/3423
f 3411/4547/3411 3405/4272/3405 3404/4271/3404 3423/4548/3423
f 3409/4276/3409 3406/4550/3406 3405/4549/3405 3411/4278/3411
f 3424/4291/3424 3423/4548/3423 3404/4271/3404 3403/4270/3403
f 3402/4269/3402 3425/4292/3425 3424/4291/3424 3403/4270/3403
f 3426/4293/3426 3427/4294/3427 3402/4269/3402 3401/4268/3401
f 3402/4269/3402 3427/4294/3427 3428/4295/3428 3425/4292/3425
f 3426/4293/3426 3401/4268/3401 3370/4237/3370 3369/4236/3369
f 3367/4234/3367 3429/4296/3429 3426/4293/3426 3369/4236/3369
f 3427/4294/3427 3426/4293/3426 3429/4296/3429 3430/4297/3430
f 3427/4294/3427 3430/4297/3430 3431/4298/3431 3428/4295/3428
f 3428/4551/3428 3432/4299/3432 3433/4300/3433 3425/4552/3425
f 3431/4298/3431 3434/4301/3434 3432/4553/3432 3428/4295/3428
f 3433/4300/3433 3435/4302/3435 3424/4554/3424 3425/4552/3425
f 3424/4554/3424 3435/4302/3435 3422/4289/3422 3423/4290/3423
f 3422/4289/3422 3435/4302/3435 3420/4287/3420 3421/4288/3421
f 3420/4287/3420 3435/4302/3435 3433/4300/3433 3419/4286/3419
f 3433/4300/3433 3432/4299/3432 3417/4284/3417 3419/4286/3419
f 3432/4553/3432 3434/4301/3434 3418/4555/3418 3417/4556/3417
f 3418/4555/3418 3434/4301/3434 3436/4303/3436 3437/4304/3437
f 3438/4305/3438 3416/4283/3416 3418/4285/3418 3437/4557/3437
f 3438/4305/3438 3439/4306/3439 3385/4252/3385 3416/4283/3416
f 3438/4305/3438 3440/4307/3440 3441/4308/3441 3439/4306/3439
f 3440/4307/3440 3438/4305/3438 3437/4557/3437 3442/4309/3442
f 3437/4304/3437 3436/4303/3436 3443/4310/3443 3442/4558/3442
f 3444/4311/3444 3445/4312/3445 3443/4310/3443 3436/4303/3436
f 3434/4301/3434 3431/4298/3431 3444/4311/3444 3436/4303/3436
f 3446/4313/3446 3444/4311/3444 3431/4298/3431 3430/4297/3430
f 3429/4296/3429 3447/4314/3447 3446/4313/3446 3430/4297/3430
f 3447/4314/3447 3429/4296/3429 3367/4234/3367 3368/4235/3368
f 3448/4315/3448 3449/4316/3449 3447/4314/3447 3368/4235/3368
f 3447/4314/3447 3449/4316/3449 3450/4317/3450 3446/4313/3446
f 3450/4317/3450 3445/4312/3445 3444/4311/3444 3446/4313/3446
f 3451/4318/3451 3452/4319/3452 3445/4312/3445 3450/4317/3450
f 3445/4312/3445 3452/4319/3452 3453/4320/3453 3443/4310/3443
f 3443/4310/3443 3453/4320/3453 3454/4321/3454 3442/4558/3442
f 3440/4307/3440 3442/4309/3442 3454/4559/3454 3455/4322/3455
f 3441/4308/3441 3440/4307/3440 3455/4322/3455 3456/4323/3456
f 3441/4308/3441 3457/4324/3457 3458/4325/3458 3439/4306/3439
f 3457/4324/3457 3441/4308/3441 3456/4323/3456 3459/4326/3459
f 3458/4325/3458 3460/4327/3460 3461/4328/3461 3439/4306/3439
f 3439/4306/3439 3461/4328/3461 3384/4251/3384 3385/4252/3385
f 3462/4329/3462 3458/4325/3458 3457/4324/3457 3463/4330/3463
f 3464/4331/3464 3460/4327/3460 3458/4325/3458 3462/4329/3462
f 3457/4324/3457 3459/4326/3459 3465/4332/3465 3463/4330/3463
f 2819/3686/2819 2816/3683/2816 3465/4332/3465 3459/4326/3459
f 3456/4323/3456 3466/4333/3466 2819/3686/2819 3459/4326/3459
f 3455/4322/3455 3467/4334/3467 3466/4333/3466 3456/4323/3456
f 3454/4559/3454 3468/4335/3468 3467/4334/3467 3455/4322/3455
f 3469/4336/3469 3468/4335/3468 3454/4559/3454 3453/4560/3453
f 3452/4319/3452 3470/4337/3470 3469/4561/3469 3453/4320/3453
f 3452/4319/3452 3451/4318/3451 3471/4338/3471 3470/4337/3470
f 3449/4316/3449 3472/4339/3472 3451/4318/3451 3450/4317/3450
f 3473/4340/3473 3471/4338/3471 3451/4318/3451 3472/4339/3472
f 3449/4316/3449 3448/4315/3448 3474/4341/3474 3472/4339/3472
f 3474/4341/3474 3475/4342/3475 3473/4340/3473 3472/4339/3472
f 3471/4338/3471 3473/4340/3473 3476/4343/3476 3477/4344/3477
f 3473/4340/3473 3475/4342/3475 3478/4345/3478 3476/4343/3476
f 3471/4338/3471 3477/4344/3477 3479/4346/3479 3470/4337/3470
f 3479/4346/3479 3480/4347/3480 3469/4561/3469 3470/4337/3470
f 3468/4335/3468 3469/4336/3469 3480/4562/3480 3481/4348/3481
f 3467/4334/3467 3468/4335/3468 3481/4348/3481 3482/4349/3482
f 3466/4333/3466 3467/4334/3467 3482/4349/3482 3483/4350/3483
f 2819/3686/2819 3466/4333/3466 3483/4350/3483 2817/3684/2817
f 3483/4350/3483 2850/3717/2850 2818/3685/2818 2817/3684/2817
f 3482/4349/3482 2853/3720/2853 2850/3717/2850 3483/4350/3483
f 3481/4348/3481 3484/4351/3484 2853/3720/2853 3482/4349/3482
f 3480/4562/3480 3485/4352/3485 3484/4351/3484 3481/4348/3481
f 3480/4347/3480 3479/4346/3479 3486/4353/3486 3485/4563/3485
f 3487/4354/3487 3486/4353/3486 3479/4346/3479 3477/4344/3477
f 3476/4343/3476 3488/4355/3488 3487/4354/3487 3477/4344/3477
f 3478/4345/3478 3489/4356/3489 3488/4355/3488 3476/4343/3476
f 3490/4357/3490 3478/4345/3478 3475/4342/3475 3491/4358/3491
f 3478/4345/3478 3490/4357/3490 3492/4359/3492 3489/4356/3489
f 3493/4360/3493 3491/4358/3491 3475/4342/3475 3474/4341/3474
f 3448/4315/3448 3494/4361/3494 3493/4360/3493 3474/4341/3474
f 3495/4362/3495 3493/4360/3493 3494/4361/3494 3496/4363/3496
f 3493/4360/3493 3495/4362/3495 3497/4364/3497 3491/4358/3491
f 3497/4364/3497 3498/4365/3498 3490/4357/3490 3491/4358/3491
f 3499/4366/3499 3492/4359/3492 3490/4357/3490 3498/4365/3498
f 3492/4359/3492 3500/4367/3500 3501/4368/3501 3489/4356/3489
f 3492/4359/3492 3499/4366/3499 3502/4369/3502 3500/4367/3500
f 3501/4368/3501 3503/4370/3503 3488/4355/3488 3489/4356/3489
f 3487/4354/3487 3488/4355/3488 3503/4370/3503 3504/4371/3504
f 3486/4353/3486 3487/4354/3487 3504/4371/3504 3505/4372/3505
f 3486/4353/3486 3505/4372/3505 3506/4373/3506 3485/4563/3485
f 3506/4564/3506 3507/4374/3507 3484/4351/3484 3485/4352/3485
f 2853/3720/2853 3484/4351/3484 3507/4374/3507 2851/3718/2851
f 3507/4374/3507 3508/4375/3508 2852/3719/2852 2851/3718/2851
f 3507/4374/3507 3506/4564/3506 3509/4376/3509 3508/4375/3508
f 3510/4377/3510 3509/4376/3509 3506/4564/3506 3505/4565/3505
f 3504/4371/3504 3511/4378/3511 3510/4566/3510 3505/4372/3505
f 3503/4370/3503 3512/4379/3512 3511/4378/3511 3504/4371/3504
f 3503/4370/3503 3501/4368/3501 3513/4380/3513 3512/4379/3512
f 3514/4381/3514 3513/4380/3513 3501/4368/3501 3500/4367/3500
f 3502/4369/3502 3515/4382/3515 3514/4381/3514 3500/4367/3500
f 3516/4383/3516 3502/4369/3502 3499/4366/3499 3517/4384/3517
f 3502/4369/3502 3516/4383/3516 3518/4385/3518 3515/4382/3515
f 3519/4386/3519 3517/4384/3517 3499/4366/3499 3498/4365/3498
f 3497/4364/3497 3520/4387/3520 3519/4386/3519 3498/4365/3498
f 3520/4387/3520 3497/4364/3497 3495/4362/3495 3521/4388/3521
f 3495/4362/3495 3496/4363/3496 3522/4389/3522 3521/4388/3521
f 3520/4387/3520 3521/4388/3521 3523/4390/3523 3524/4391/3524
f 3522/4389/3522 3525/4392/3525 3523/4390/3523 3521/4388/3521
f 3526/4393/3526 3519/4386/3519 3520/4387/3520 3524/4391/3524
f 3519/4386/3519 3526/4393/3526 3527/4394/3527 3517/4384/3517
f 3527/4394/3527 3528/4395/3528 3516/4383/3516 3517/4384/3517
f 3529/4396/3529 3518/4385/3518 3516/4383/3516 3528/4395/3528
f 3518/4385/3518 3530/4397/3530 3531/4398/3531 3515/4382/3515
f 3518/4385/3518 3529/4396/3529 3532/4399/3532 3530/4397/3530
f 3531/4398/3531 3533/4400/3533 3514/4381/3514 3515/4382/3515
f 3513/4380/3513 3514/4381/3514 3533/4400/3533 2947/4567/2947
f 3513/4380/3513 2947/4567/2947 2945/4568/2945 3512/4379/3512
f 2945/4568/2945 2914/4569/2914 3511/4378/3511 3512/4379/3512
f 3510/4566/3510 3511/4378/3511 2914/4569/2914 2913/4570/2913
f 3509/4376/3509 3510/4377/3510 2913/3780/2913 2885/3752/2885
f 3509/4376/3509 2885/3752/2885 2883/3750/2883 3508/4375/3508
f 2883/3750/2883 2854/3721/2854 2852/3719/2852 3508/4375/3508
f 3533/4400/3533 2976/4508/2976 2946/4571/2946 2947/4567/2947
f 3533/4400/3533 3531/4398/3531 2977/3844/2977 2976/4508/2976
f 3534/4401/3534 2977/3844/2977 3531/4398/3531 3530/4397/3530
f 3532/4399/3532 3535/4402/3535 3534/4401/3534 3530/4397/3530
f 3536/4403/3536 3532/4399/3532 3529/4396/3529 3537/4404/3537
f 3538/4405/3538 3535/4402/3535 3532/4399/3532 3536/4403/3536
f 3539/4406/3539 3537/4404/3537 3529/4396/3529 3528/4395/3528
f 3527/4394/3527 3540/4407/3540 3539/4406/3539 3528/4395/3528
f 3540/4407/3540 3527/4394/3527 3526/4393/3526 3541/4408/3541
f 3526/4393/3526 3524/4391/3524 3542/4409/3542 3541/4408/3541
f 3540/4407/3540 3541/4408/3541 3543/4410/3543 3544/4411/3544
f 3542/4409/3542 3545/4412/3545 3543/4410/3543 3541/4408/3541
f 3546/4413/3546 3539/4406/3539 3540/4407/3540 3544/4411/3544
f 3539/4406/3539 3546/4413/3546 3547/4414/3547 3537/4404/3537
f 3547/4414/3547 3548/4415/3548 3536/4403/3536 3537/4404/3537
f 3548/4415/3548 3549/4416/3549 3538/4405/3538 3536/4403/3536
f 3039/3906/3039 3550/4417/3550 3535/4402/3535 3538/4405/3538
f 3549/4416/3549 3040/3907/3040 3039/3906/3039 3538/4405/3538
f 3535/4402/3535 3550/4417/3550 3551/4418/3551 3534/4401/3534
f 3551/4418/3551 2978/3845/2978 2977/3844/2977 3534/4401/3534
f 3008/3875/3008 2979/3846/2979 2978/3845/2978 3551/4418/3551
f 3550/4417/3550 3009/3876/3009 3008/3875/3008 3551/4418/3551
f 3550/4417/3550 3039/3906/3039 3010/3877/3010 3009/3876/3009
f 3549/4416/3549 3552/4419/3552 3041/3908/3041 3040/3907/3040
f 3552/4419/3552 3549/4416/3549 3548/4415/3548 3553/4420/3553
f 3548/4415/3548 3547/4414/3547 3554/4421/3554 3553/4420/3553
f 3554/4421/3554 3547/4414/3547 3546/4413/3546 3555/4422/3555
f 3546/4413/3546 3544/4411/3544 3556/4423/3556 3555/4422/3555
f 3543/4410/3543 3557/4424/3557 3556/4423/3556 3544/4411/3544
f 3557/4424/3557 3543/4410/3543 3545/4412/3545 3558/4425/3558
f 3545/4412/3545 3559/4426/3559 3560/4427/3560 3558/4425/3558
f 3545/4412/3545 3542/4409/3542 3561/4428/3561 3559/4426/3559
f 3523/4390/3523 3561/4428/3561 3542/4409/3542 3524/4391/3524
f 3561/4428/3561 3562/4429/3562 3563/4430/3563 3559/4426/3559
f 3561/4428/3561 3523/4390/3523 3525/4392/3525 3562/4429/3562
f 3563/4430/3563 3564/4431/3564 3560/4427/3560 3559/4426/3559
f 3560/4427/3560 3166/4033/3166 3565/4432/3565 3558/4425/3558
f 3166/4033/3166 3560/4427/3560 3564/4431/3564 3167/4034/3167
f 3557/4424/3557 3558/4425/3558 3565/4432/3565 3566/4433/3566
f 3567/4434/3567 3556/4423/3556 3557/4424/3557 3566/4433/3566
f 3556/4423/3556 3567/4434/3567 3568/4435/3568 3555/4422/3555
f 3554/4421/3554 3555/4422/3555 3568/4435/3568 3569/4436/3569
f 3554/4421/3554 3569/4436/3569 3552/4419/3552 3553/4420/3553
f 3044/3911/3044 3041/3908/3041 3552/4419/3552 3569/4436/3569
f 3568/4435/3568 3570/4437/3570 3044/3911/3044 3569/4436/3569
f 3570/4437/3570 3568/4435/3568 3567/4434/3567 3571/4438/3571
f 3567/4434/3567 3566/4433/3566 3135/4002/3135 3571/4438/3571
f 3565/4432/3565 3136/4003/3136 3135/4002/3135 3566/4433/3566
f 3136/4003/3136 3565/4432/3565 3166/4033/3166 3137/4004/3137
f 3135/4002/3135 3104/3971/3104 3073/3940/3073 3571/4438/3571
f 3570/4437/3570 3571/4438/3571 3073/3940/3073 3072/3939/3072
f 3044/3911/3044 3570/4437/3570 3072/3939/3072 3042/3909/3042
f 3564/4431/3564 3198/4065/3198 3168/4035/3168 3167/4034/3167
f 3564/4431/3564 3563/4430/3563 3572/4439/3572 3198/4065/3198
f 3573/4440/3573 3572/4439/3572 3563/4430/3563 3562/4429/3562
f 3525/4392/3525 3574/4441/3574 3573/4440/3573 3562/4429/3562
f 3525/4392/3525 3522/4389/3522 3575/4442/3575 3574/4441/3574
f 3259/4126/3259 3230/4097/3230 3573/4440/3573 3574/4441/3574
f 3575/4442/3575 3260/4127/3260 3259/4126/3259 3574/4441/3574
f 3572/4439/3572 3573/4440/3573 3230/4097/3230 3229/4096/3229
f 3572/4439/3572 3229/4096/3229 3197/4064/3197 3198/4065/3198
f 3576/4443/3576 3260/4127/3260 3575/4442/3575 3577/4444/3577
f 3260/4127/3260 3576/4443/3576 3578/4445/3578 3261/4128/3261
f 3577/4444/3577 3575/4442/3575 3522/4389/3522 3496/4363/3496
f 3494/4361/3494 3579/4446/3579 3577/4444/3577 3496/4363/3496
f 3579/4446/3579 3580/4447/3580 3576/4443/3576 3577/4444/3577
f 3336/4203/3336 3578/4445/3578 3576/4443/3576 3580/4447/3580
f 3578/4445/3578 3291/4158/3291 3262/4129/3262 3261/4128/3261
f 3578/4445/3578 3336/4203/3336 3292/4159/3292 3291/4158/3291
f 3366/4233/3366 3337/4204/3337 3336/4203/3336 3580/4447/3580
f 3579/4446/3579 3368/4235/3368 3366/4233/3366 3580/4447/3580
f 3579/4446/3579 3494/4361/3494 3448/4315/3448 3368/4235/3368
f 3463/4330/3463 3465/4332/3465 2784/3651/2784 3581/4448/3581
f 2784/3651/2784 3465/4332/3465 2816/3683/2816 2785/3652/2785
f 3463/4330/3463 3581/4448/3581 3582/4449/3582 3462/4329/3462
f 2750/3617/2750 3582/4449/3582 3581/4448/3581 2752/3619/2752
f 2784/3651/2784 2783/3650/2783 2752/3619/2752 3581/4448/3581
f 2750/3617/2750 2629/3496/2629 2631/3498/2631 3582/4449/3582
f 3462/4329/3462 3582/4449/3582 2631/3498/2631 3464/4331/3464
f 2749/3616/2749 2630/3497/2630 2629/3496/2629 2750/3617/2750
f 2751/3618/2751 2632/3499/2632 2630/3497/2630 2749/3616/2749
f 2751/3618/2751 2720/3587/2720 2665/3532/2665 2664/3531/2664
f 2751/3618/2751 2664/3531/2664 2633/3500/2633 2632/3499/2632
f 3464/4331/3464 2631/3498/2631 2628/3495/2628 3350/4217/3350
f 3350/4217/3350 3351/4218/3351 3460/4327/3460 3464/4331/3464
f 3461/4328/3461 3460/4327/3460 3351/4218/3351 3352/4219/3352
f 3384/4251/3384 3461/4328/3461 3352/4219/3352 3353/4220/3353
f 2783/3650/2783 2754/3621/2754 2753/3620/2753 2752/3619/2752
f 3407/4546/3407 3406/4550/3406 3409/4276/3409 3408/4275/3408
f 3313/4537/3313 3314/4181/3314 2625/3492/2625 2622/3489/2622
f 3312/4572/3312 3313/4537/3313 2622/3489/2622 2621/3488/2621
f 3311/4573/3311 3312/4572/3312 2621/3488/2621 2620/3487/2620
f 3310/4574/3310 3311/4573/3311 2620/3487/2620 2619/3486/2619
f 3309/4575/3309 3310/4574/3310 2619/3486/2619 2618/3485/2618
f 3583/4450/3583 3308/4175/3308 3309/4176/3309 3584/4451/3584
f 3309/4575/3309 2618/3485/2618 2647/3514/2647 3584/4576/3584
f 3585/4452/3585 3586/4453/3586 3583/4450/3583 3587/4454/3587
f 3583/4577/3583 3584/4576/3584 3588/4455/3588 3587/4578/3587
f 3583/4450/3583 3586/4453/3586 3307/4174/3307 3308/4175/3308
f 2648/3515/2648 3588/4455/3588 3584/4576/3584 2647/3514/2647
f 3589/4456/3589 3590/4457/3590 3587/4578/3587 3588/4455/3588
f 3589/4456/3589 3588/4455/3588 2648/3515/2648 2707/3574/2707
f 3591/4458/3591 3585/4579/3585 3587/4578/3587 3590/4457/3590
f 3591/4458/3591 3592/4459/3592 3593/4460/3593 3585/4579/3585
f 3585/4579/3585 3593/4460/3593 3594/4461/3594 3586/4580/3586
f 3306/4173/3306 3307/4174/3307 3586/4453/3586 3594/4581/3594
f 3595/4462/3595 3596/4463/3596 3594/4581/3594 3593/4582/3593
f 3596/4463/3596 3597/4464/3597 3306/4173/3306 3594/4581/3594
f 3595/4583/3595 3593/4460/3593 3592/4459/3592 3598/4465/3598
f 3599/4466/3599 3600/4467/3600 3598/4465/3598 3592/4459/3592
f 3599/4466/3599 3592/4459/3592 3591/4458/3591 3601/4468/3601
f 3591/4458/3591 3590/4457/3590 3602/4469/3602 3601/4468/3601
f 2733/3600/2733 3602/4469/3602 3590/4457/3590 3589/4456/3589
f 2733/3600/2733 3589/4456/3589 2707/3574/2707 2706/3573/2706
f 3603/4470/3603 3602/4469/3602 2733/3600/2733 2734/3601/2734
f 3603/4470/3603 3604/4471/3604 3601/4468/3601 3602/4469/3602
f 3599/4466/3599 3601/4468/3601 3604/4471/3604 3605/4472/3605
f 3122/3989/3122 3600/4467/3600 3599/4466/3599 3605/4472/3605
f 3122/3989/3122 3121/3988/3121 3606/4473/3606 3600/4467/3600
f 3607/4474/3607 3598/4465/3598 3600/4467/3600 3606/4473/3606
f 3607/4584/3607 3608/4475/3608 3595/4462/3595 3598/4585/3598
f 3595/4462/3595 3608/4475/3608 3609/4476/3609 3596/4463/3596
f 3596/4463/3596 3609/4476/3609 3610/4477/3610 3597/4464/3597
f 3306/4173/3306 3597/4464/3597 3276/4143/3276 3275/4142/3275
f 3277/4144/3277 3276/4143/3276 3597/4464/3597 3610/4477/3610
f 3277/4144/3277 3610/4477/3610 3611/4478/3611 3215/4082/3215
f 3610/4477/3610 3609/4476/3609 3612/4479/3612 3611/4478/3611
f 3609/4476/3609 3608/4475/3608 3613/4480/3613 3612/4479/3612
f 3607/4584/3607 3153/4020/3153 3613/4480/3613 3608/4475/3608
f 3151/4018/3151 3153/4020/3153 3607/4584/3607 3606/4586/3606
f 3151/4587/3151 3606/4473/3606 3121/3988/3121 3120/3987/3120
f 3182/4049/3182 3613/4480/3613 3153/4020/3153 3152/4019/3152
f 3182/4049/3182 3184/4051/3184 3612/4479/3612 3613/4480/3613
f 3614/4481/3614 3611/4478/3611 3612/4479/3612 3184/4051/3184
f 3614/4481/3614 3213/4080/3213 3215/4082/3215 3611/4478/3611
f 3277/4144/3277 3215/4082/3215 3214/4081/3214 3244/4111/3244
f 3614/4481/3614 3184/4051/3184 3183/4050/3183 3213/4080/3213
f 3122/3989/3122 3605/4472/3605 3615/4482/3615 3119/3986/3119
f 3616/4483/3616 3615/4482/3615 3605/4472/3605 3604/4471/3604
f 3616/4483/3616 3604/4471/3604 3603/4470/3603 2768/3635/2768
f 3617/4484/3617 3615/4482/3615 3616/4483/3616 3618/4485/3618
f 3616/4483/3616 2768/3635/2768 2767/3634/2767 3618/4485/3618
f 3617/4484/3617 3091/3958/3091 3119/3986/3119 3615/4482/3615
f 3089/3956/3089 3091/3958/3091 3617/4484/3617 3619/4486/3619
f 3617/4484/3617 3618/4485/3618 3620/4487/3620 3619/4486/3619
f 2766/3633/2766 3620/4487/3620 3618/4485/3618 2767/3634/2767
f 2766/3633/2766 2770/3637/2770 3621/4488/3621 3620/4487/3620
f 3621/4488/3621 3622/4489/3622 3619/4486/3619 3620/4487/3620
f 3089/3956/3089 3619/4486/3619 3622/4489/3622 3087/3954/3087
f 3621/4488/3621 3623/4490/3623 3624/4491/3624 3622/4489/3622
f 3624/4491/3624 3088/3955/3088 3087/3954/3087 3622/4489/3622
f 3621/4488/3621 2770/3637/2770 3625/4492/3625 3623/4490/3623
f 2799/3666/2799 3625/4492/3625 2770/3637/2770 2769/3636/2769
f 2799/3666/2799 2801/3668/2801 3626/4493/3626 3625/4492/3625
f 3626/4493/3626 3627/4494/3627 3623/4490/3623 3625/4492/3625
f 3624/4491/3624 3623/4490/3623 3627/4494/3627 3628/4495/3628
f 3624/4491/3624 3628/4495/3628 3057/3924/3057 3088/3955/3088
f 3056/3923/3056 3058/3925/3058 3088/3955/3088 3057/3924/3057
f 3628/4495/3628 3023/3890/3023 3025/3892/3025 3057/3924/3057
f 3628/4495/3628 3627/4494/3627 3024/3891/3024 3023/3890/3023
f 3626/4493/3626 3629/4496/3629 3024/3891/3024 3627/4494/3627
f 3626/4493/3626 2801/3668/2801 3630/4497/3630 3629/4496/3629
f 3631/4498/3631 3630/4497/3630 2801/3668/2801 2800/3667/2800
f 3629/4496/3629 3630/4497/3630 2993/3860/2993 2992/3859/2992
f 3631/4498/3631 3632/4499/3632 2993/3860/2993 3630/4497/3630
f 3629/4496/3629 2992/3859/2992 2994/3861/2994 3024/3891/3024
f 3632/4499/3632 2930/3797/2930 2961/3828/2961 2993/3860/2993
f 3631/4498/3631 2833/3700/2833 2836/3703/2836 3632/4499/3632
f 3632/4499/3632 2836/3703/2836 2929/3796/2929 2930/3797/2930
f 2802/3669/2802 2833/3700/2833 3631/4498/3631 2800/3667/2800
f 2835/3702/2835 2898/3765/2898 2929/3796/2929 2836/3703/2836
f 2835/3702/2835 2834/3701/2834 2867/3734/2867 2898/3765/2898
f 3603/4470/3603 2734/3601/2734 2735/3602/2735 2768/3635/2768
o Eyes
usemtl Eyes
v -0.31227016 0.132883712 0.352591663
v -0.34455454 0.143864482 0.336519926
v -0.3469308 0.106097728 0.311843216
v -0.3026543 0.103218674 0.339115142
v -0.28428736 0.159898951 0.368092507
v -0.3251496 0.187166929 0.358226209
v -0.25367001 0.124974682 0.363307714
v -0.36552909 0.211413234 0.334447413
v -0.38259134 0.164960503 0.311002433
v -0.38647994 0.122810252 0.281210839
v -0.37959608 0.086800396 0.250724494
v -0.33744726 0.071214474 0.285652220
v -0.28710899 0.070185743 0.317779004
v -0.22853655 0.088354855 0.341092288
v -0.16199356 0.125871837 0.343502312
v -0.19477016 0.171246305 0.371079951
v -0.24319926 0.209833249 0.378422528
v -0.29474264 0.236977458 0.367331326
v -0.33673194 0.257616519 0.344483345
v -0.39406267 0.235345542 0.302859187
v -0.41086471 0.191130578 0.279489338
v -0.36491397 0.280525952 0.313448905
v -0.41664591 0.148676961 0.246503517
v -0.41104832 0.11272306 0.212919965
v -0.36220977 0.057047203 0.220089018
v -0.31937525 0.042910374 0.257338076
v -0.39419013 0.081978611 0.179395511
v -0.26803124 0.041971415 0.288403809
v -0.20947427 0.056889943 0.308028698
v -0.14989626 0.084536962 0.306502580
v -0.0995947 0.178880140 0.313934356
v -0.13844199 0.233788818 0.345849633
v -0.09151334 0.120116546 0.27353549
v -0.2021815 0.273406744 0.361770361
v -0.26776308 0.288708627 0.356408655
v -0.31073299 0.289591133 0.343176960
v -0.32144564 0.319492518 0.317845046
v -0.33701196 0.347982883 0.271287798
v -0.38321239 0.302518069 0.271901398
v -0.41018885 0.259624987 0.262655973
v -0.42542535 0.221776068 0.240276828
v -0.43114564 0.183596000 0.207347422
v -0.42563805 0.147931724 0.173084393
v -0.40871048 0.117764979 0.138674825
v -0.37848136 0.094596751 0.106129430
v -0.36325884 0.059373222 0.145709708
v -0.33259559 0.035066612 0.185045287
v -0.29154438 0.021432340 0.22035335
v -0.24277368 0.021783039 0.249240681
v -0.1891446 0.037930786 0.271432697
v -0.14945953 0.061820745 0.277835607
v -0.11414751 0.070911079 0.241664379
v -0.08485192 0.091927208 0.174935773
v -0.05623209 0.159349679 0.206985205
v -0.06166127 0.233087211 0.247066438
v -0.10502597 0.296418696 0.285497754
v -0.17718367 0.335545003 0.310659855
v -0.25752679 0.341069310 0.319745957
v -0.2685234 0.380639225 0.260220050
v -0.29817101 0.389022857 0.191612407
v -0.35678014 0.356892645 0.213380202
v -0.39736643 0.310321688 0.226670980
v -0.414269 0.276485890 0.231777831
v -0.42549971 0.256038039 0.205700680
v -0.43147823 0.222824990 0.168758779
v -0.42521042 0.187607944 0.132360249
v -0.40820089 0.158786565 0.101073630
v -0.37979439 0.136199101 0.072328880
v -0.3262811 0.044766575 0.115983329
v -0.34049189 0.077731296 0.078676864
v -0.34201661 0.120181113 0.044712659
v -0.29507276 0.023906290 0.150271832
v -0.25796577 0.011953562 0.176633954
v -0.21278566 0.012845486 0.197349682
v -0.15650691 0.032439477 0.218591824
v -0.13565275 0.044661715 0.154511183
v -0.06084631 0.194466128 0.124740801
v -0.09075149 0.119996972 0.101394586
v -0.14359245 0.065994530 0.095654964
v -0.06473954 0.275436699 0.162133857
v -0.11004087 0.343360573 0.201491013
v -0.18402389 0.381579875 0.236943125
v -0.22312546 0.394223660 0.156554773
v -0.33683217 0.361874550 0.128361269
v -0.38076597 0.334280103 0.156381279
v -0.28172523 0.369066834 0.092748336
v -0.41100517 0.296525865 0.179713159
v -0.41866502 0.261420458 0.134512051
v -0.41172233 0.226785838 0.097012281
v -0.39582896 0.200431972 0.069105722
v -0.37026042 0.178046196 0.044847510
v -0.33646494 0.165041089 0.022704972
v -0.28856039 0.109162814 0.023702304
v -0.29479814 0.066986776 0.059982664
v -0.27529132 0.160635352 -0.0007915
v -0.28200501 0.039736345 0.090131171
v -0.25386131 0.022377505 0.121871113
v -0.23416719 0.013594090 0.145414829
v -0.19640434 0.020415887 0.146385163
v -0.20359081 0.033610642 0.103163883
v -0.13278776 0.143580481 0.040204893
v -0.17878275 0.084920786 0.047687809
v -0.23409486 0.049406833 0.068910621
v -0.10752306 0.217877790 0.049121025
v -0.11232817 0.297727614 0.078771635
v -0.1552065 0.361436188 0.116021081
v -0.22793195 0.344766229 0.052861411
v -0.36288869 0.320180565 0.092751212
v -0.34265149 0.313724488 0.061538312
v -0.30633813 0.297637015 0.029631411
v -0.39370587 0.292773187 0.106216877
v -0.38576505 0.264359831 0.070935837
v -0.36815378 0.242736637 0.043584931
v -0.34638336 0.215649217 0.023594532
v -0.32431561 0.196462228 0.009932100
v -0.27067456 0.213039264 -0.00363068
v -0.18484239 0.224745169 0.003420681
v -0.20098591 0.156333118 0.003631087
v -0.23178063 0.099370904 0.023647489
v -0.25704333 0.067637339 0.050999179
v -0.19340156 0.291752457 0.021951479
v -0.28050616 0.261848747 0.004948430
v 0.302654296 0.103218674 0.339115142
v 0.346930801 0.106097728 0.311843216
v 0.344554543 0.143864482 0.336519926
v 0.312270164 0.132883712 0.352591663
v 0.325149595 0.187166929 0.358226209
v 0.284287363 0.159898951 0.368092507
v 0.253670007 0.124974682 0.363307714
v 0.287108987 0.070185743 0.317779004
v 0.337447255 0.071214474 0.285652220
v 0.228536546 0.088354855 0.341092288
v 0.386479944 0.122810252 0.281210839
v 0.382591337 0.164960503 0.311002433
v 0.379596084 0.086800396 0.250724494
v 0.365529090 0.211413234 0.334447413
v 0.243199259 0.209833249 0.378422528
v 0.294742643 0.236977458 0.367331326
v 0.336731940 0.257616519 0.344483345
v 0.194770157 0.171246305 0.371079951
v 0.161993563 0.125871837 0.343502312
v 0.209474265 0.056889943 0.308028698
v 0.268031239 0.041971415 0.288403809
v 0.149896264 0.084536962 0.306502580
v 0.319375246 0.042910374 0.257338076
v 0.362209767 0.057047203 0.220089018
v 0.411048322 0.11272306 0.212919965
v 0.416645914 0.148676961 0.246503517
v 0.394190132 0.081978611 0.179395511
v 0.410864710 0.191130578 0.279489338
v 0.394062668 0.235345542 0.302859187
v 0.364913970 0.280525952 0.313448905
v 0.321445643 0.319492518 0.317845046
v 0.310732990 0.289591133 0.343176960
v 0.267763078 0.288708627 0.356408655
v 0.202181503 0.273406744 0.361770361
v 0.138441994 0.233788818 0.345849633
v 0.099594704 0.178880140 0.313934356
v 0.091513335 0.120116546 0.27353549
v 0.114147506 0.070911079 0.241664379
v 0.149459525 0.061820745 0.277835607
v 0.189144596 0.037930786 0.271432697
v 0.242773681 0.021783039 0.249240681
v 0.291544377 0.021432340 0.22035335
v 0.332595586 0.035066612 0.185045287
v 0.363258838 0.059373222 0.145709708
v 0.408710479 0.117764979 0.138674825
v 0.425638049 0.147931724 0.173084393
v 0.378481358 0.094596751 0.106129430
v 0.431145638 0.183596000 0.207347422
v 0.425425350 0.221776068 0.240276828
v 0.410188853 0.259624987 0.262655973
v 0.383212387 0.302518069 0.271901398
v 0.337011963 0.347982883 0.271287798
v 0.257526785 0.341069310 0.319745957
v 0.268523395 0.380639225 0.260220050
v 0.177183672 0.335545003 0.310659855
v 0.105025969 0.296418696 0.285497754
v 0.061661265 0.233087211 0.247066438
v 0.056232094 0.159349679 0.206985205
v 0.084851920 0.091927208 0.174935773
v 0.156506910 0.032439477 0.218591824
v 0.135652750 0.044661715 0.154511183
v 0.212785661 0.012845486 0.197349682
v 0.257965773 0.011953562 0.176633954
v 0.295072764 0.023906290 0.150271832
v 0.326281100 0.044766575 0.115983329
v 0.340491890 0.077731296 0.078676864
v 0.342016607 0.120181113 0.044712659
v 0.379794389 0.136199101 0.072328880
v 0.408200889 0.158786565 0.101073630
v 0.425210416 0.187607944 0.132360249
v 0.431478232 0.222824990 0.168758779
v 0.425499707 0.256038039 0.205700680
v 0.414269000 0.276485890 0.231777831
v 0.397366434 0.310321688 0.226670980
v 0.356780141 0.356892645 0.213380202
v 0.298171013 0.389022857 0.191612407
v 0.184023886 0.381579875 0.236943125
v 0.223125457 0.394223660 0.156554773
v 0.110040873 0.343360573 0.201491013
v 0.064739540 0.275436699 0.162133857
v 0.060846306 0.194466128 0.124740801
v 0.090751491 0.119996972 0.101394586
v 0.143592447 0.065994530 0.095654964
v 0.196404337 0.020415887 0.146385163
v 0.203590810 0.033610642 0.103163883
v 0.234167188 0.013594090 0.145414829
v 0.253861308 0.022377505 0.121871113
v 0.282005012 0.039736345 0.090131171
v 0.294798135 0.066986776 0.059982664
v 0.288560390 0.109162814 0.023702304
v 0.336464941 0.165041089 0.022704972
v 0.370260417 0.178046196 0.044847510
v 0.275291323 0.160635352 -0.0007915
v 0.395828962 0.200431972 0.069105722
v 0.411722332 0.226785838 0.097012281
v 0.418665021 0.261420458 0.134512051
v 0.411005169 0.296525865 0.179713159
v 0.380765974 0.334280103 0.156381279
v 0.336832165 0.361874550 0.128361269
v 0.281725227 0.369066834 0.092748336
v 0.155206501 0.361436188 0.116021081
v 0.227931946 0.344766229 0.052861411
v 0.112328171 0.297727614 0.078771635
v 0.107523061 0.217877790 0.049121025
v 0.132787764 0.143580481 0.040204893
v 0.178782746 0.084920786 0.047687809
v 0.234094858 0.049406833 0.068910621
v 0.257043331 0.067637339 0.050999179
v 0.231780633 0.099370904 0.023647489
v 0.200985908 0.156333118 0.003631087
v 0.270674556 0.213039264 -0.00363068
v 0.324315607 0.196462228 0.009932100
v 0.184842392 0.224745169 0.003420681
v 0.346383363 0.215649217 0.023594532
v 0.368153780 0.242736637 0.043584931
v 0.385765045 0.264359831 0.070935837
v 0.393705874 0.292773187 0.106216877
v 0.362888693 0.320180565 0.092751212
v 0.342651486 0.313724488 0.061538312
v 0.306338131 0.297637015 0.029631411
v 0.193401560 0.291752457 0.021951479
v 0.280506163 0.261848747 0.004948430
vn -0.37857354 -0.34955108 0.857027530
vn -0.56158632 -0.29461768 0.773189008
vn -0.57076997 -0.51837134 0.636798918
vn -0.31161565 -0.53778189 0.783381283
vn -0.18969887 -0.17135765 0.96677351
vn -0.41948947 -0.05413752 0.906144440
vn -0.00140381 -0.38244569 0.923976957
vn -0.61532873 0.031891986 0.787625253
vn -0.71947885 -0.22021374 0.658677697
vn -0.74484295 -0.42733791 0.512436568
vn -0.70590228 -0.60632336 0.366161167
vn -0.50580412 -0.68357104 0.526206135
vn -0.23196059 -0.69240284 0.683207511
vn 0.106783717 -0.57839668 0.808736324
vn 0.449963629 -0.36355487 0.815696418
vn 0.286473035 -0.13412279 0.948653996
vn 0.032715372 0.057862266 0.997788429
vn -0.23724577 0.162268355 0.957801461
vn -0.47881719 0.262579292 0.837726771
vn -0.77969307 0.170628860 0.602465450
vn -0.87791008 -0.08212382 0.471730440
vn -0.63105977 0.425449609 0.648657321
vn -0.90573227 -0.27661166 0.321146667
vn -0.87548065 -0.45717987 0.156589120
vn -0.60175216 -0.77790153 0.181007251
vn -0.3972131 -0.84374213 0.361000090
vn -0.76843691 -0.63870597 -0.03948997
vn -0.13177308 -0.8416937 0.523629367
vn 0.167944595 -0.74158263 0.649499774
vn 0.514931559 -0.55623609 0.652262926
vn 0.756973207 -0.10107316 0.645581781
vn 0.555736959 0.174289614 0.812883555
vn 0.815841913 -0.37859669 0.437111556
vn 0.250589698 0.372939467 0.893376171
vn -0.06527728 0.462204098 0.884367823
vn -0.33001846 0.466935128 0.820401966
vn -0.38693482 0.646111428 0.657891690
vn -0.46462497 0.770828008 0.435829997
vn -0.70011216 0.551140368 0.453968286
vn -0.86429822 0.289471358 0.411333173
vn -0.96298146 0.065889418 0.261390864
vn -0.99058473 -0.09216445 0.101231396
vn -0.96337026 -0.2585426 -0.07122739
vn -0.86020607 -0.43558097 -0.26516941
vn -0.70535195 -0.56298763 -0.43072459
vn -0.61197966 -0.76218981 -0.21106325
vn -0.45657474 -0.8896814 -0.002594
vn -0.2565012 -0.95151109 0.169805616
vn 0.009887970 -0.95028424 0.311226904
vn 0.272525310 -0.87293941 0.404606998
vn 0.514636457 -0.72049356 0.464799493
vn 0.713584423 -0.65777653 0.241096451
vn 0.835404157 -0.54515976 -0.07000652
vn 0.974412739 -0.20458716 0.093080230
vn 0.938615977 0.163912951 0.303533434
vn 0.713871717 0.488518863 0.501733660
vn 0.358652800 0.688404619 0.630450129
vn -0.02670286 0.741629898 0.670277595
vn -0.10140984 0.920834302 0.376537114
vn -0.25497496 0.966615080 0.025360941
vn -0.57506776 0.805253684 0.144442737
vn -0.77529842 0.597277283 0.205358877
vn -0.89684463 0.376473844 0.232244312
vn -0.96736586 0.243290826 0.070802152
vn -0.99201018 0.092502147 -0.08578541
vn -0.96369994 -0.07626468 -0.25586358
vn -0.86471123 -0.24432251 -0.43884057
vn -0.7164287 -0.36706442 -0.59329063
vn -0.43643036 -0.83007526 -0.34713626
vn -0.51892382 -0.63730216 -0.56970537
vn -0.50916064 -0.43790132 -0.74094403
vn -0.31192377 -0.93589342 -0.1637287
vn -0.12008802 -0.99274796 -0.00552374
vn 0.177004829 -0.98002762 0.090638682
vn 0.453956008 -0.88011372 0.139009729
vn 0.571426093 -0.80440927 -0.16247487
vn 0.947685480 -0.02951032 -0.31783864
vn 0.803464531 -0.40503117 -0.43634236
vn 0.539871275 -0.69405979 -0.47625631
vn 0.915753006 0.378148257 -0.13564828
vn 0.685381650 0.724475681 0.073396697
vn 0.313481181 0.915052533 0.253787934
vn 0.119479417 0.981898069 -0.14697199
vn -0.43951574 0.856321871 -0.27118018
vn -0.69955629 0.700920462 -0.13903844
vn -0.1515507 0.871183633 -0.4669812
vn -0.87076956 0.489004552 -0.05133124
vn -0.92043781 0.304756879 -0.24478073
vn -0.89636713 0.116367705 -0.42776719
vn -0.80059737 -0.04040524 -0.59783876
vn -0.67870504 -0.16409159 -0.71584457
vn -0.45587197 -0.23974629 -0.85714793
vn -0.22979654 -0.46844316 -0.85308534
vn -0.29119655 -0.6758067 -0.67711896
vn -0.11785765 -0.21951063 -0.96846521
vn -0.20129488 -0.85791415 -0.47271949
vn -0.08749474 -0.93637991 -0.33990806
vn 0.019837057 -0.97952402 -0.20034817
vn 0.298500061 -0.93407738 -0.19595239
vn 0.248481109 -0.85772502 -0.45007217
vn 0.591814041 -0.29141191 -0.7515552
vn 0.382850170 -0.58837199 -0.71221083
vn 0.121157355 -0.78694946 -0.60500538
vn 0.713913202 0.090974874 -0.69429928
vn 0.677666842 0.486101210 -0.55179101
vn 0.463632673 0.812303245 -0.35384786
vn 0.106052763 0.731962502 -0.67304069
vn -0.59029943 0.663164854 -0.46017292
vn -0.43862927 0.622486174 -0.64816302
vn -0.27969265 0.511488437 -0.8124972
vn -0.77758068 0.506236314 -0.37295187
vn -0.7196613 0.339852124 -0.60546523
vn -0.59555364 0.235237911 -0.76810098
vn -0.49102369 0.131472617 -0.86116827
vn -0.37927422 -0.00570681 -0.92526674
vn -0.05743453 0.081301942 -0.99503332
vn 0.331648081 0.124211624 -0.93519038
vn 0.254981547 -0.2215571 -0.94122088
vn 0.113742813 -0.50073385 -0.85809571
vn -0.03387443 -0.68194407 -0.73061949
vn 0.288097739 0.460162907 -0.83979154
vn -0.13607912 0.333265125 -0.93296134
vn 0.311596691 -0.53778547 0.783386409
vn 0.570761144 -0.51837522 0.636803686
vn 0.561577200 -0.29461989 0.773194849
vn 0.378583431 -0.34954956 0.857023775
vn 0.41947487 -0.05413792 0.906151175
vn 0.189704448 -0.17135747 0.966772496
vn 0.001403849 -0.38244569 0.923976957
vn 0.231967285 -0.69240171 0.683206379
vn 0.505815565 -0.68356568 0.526202023
vn -0.1067805 -0.57839692 0.808736622
vn 0.744839489 -0.42734039 0.512439549
vn 0.719474613 -0.22021508 0.658681690
vn 0.705897808 -0.6063273 0.366163522
vn 0.615321457 0.031892217 0.787630975
vn -0.03271437 0.057862266 0.997788429
vn 0.237252593 0.162268072 0.957799732
vn 0.478828489 0.262577474 0.837720990
vn -0.28646502 -0.13412313 0.948656320
vn -0.44997701 -0.36355212 0.815690279
vn -0.16793962 -0.74158323 0.649500310
vn 0.131777018 -0.84169316 0.523629009
vn -0.51492006 -0.55624056 0.652268230
vn 0.397197604 -0.84374827 0.361002713
vn 0.601763904 -0.77789295 0.181005269
vn 0.875479757 -0.45718139 0.156589642
vn 0.905731678 -0.27661234 0.321147471
vn 0.768434047 -0.63870949 -0.03949019
vn 0.877916216 -0.08212189 0.471719384
vn 0.779690384 0.170629754 0.602468609
vn 0.631052911 0.425452619 0.648661851
vn 0.386918902 0.646116137 0.657896459
vn 0.330027431 0.466933578 0.820399224
vn 0.065279260 0.462204039 0.884367704
vn -0.25058252 0.372940182 0.893377900
vn -0.55572522 0.174291253 0.812891185
vn -0.75696331 -0.10107493 0.645593106
vn -0.81584382 -0.37859499 0.437109589
vn -0.71358871 -0.65777236 0.241094932
vn -0.51464731 -0.72048795 0.464795917
vn -0.27251762 -0.87294137 0.404607921
vn -0.00988767 -0.95028424 0.311226904
vn 0.256479978 -0.95151651 0.169806584
vn 0.456585735 -0.88967568 -0.00259398
vn 0.611991286 -0.76218104 -0.21106082
vn 0.860204935 -0.43558258 -0.2651704
vn 0.963370323 -0.25854293 -0.07122748
vn 0.705347418 -0.56299114 -0.4307273
vn 0.990584671 -0.09216447 0.101231418
vn 0.962981522 0.065889492 0.261391162
vn 0.864297151 0.289472401 0.411334633
vn 0.700107514 0.551143944 0.453971207
vn 0.464612186 0.770833849 0.435833305
vn 0.026703679 0.741629898 0.670277595
vn 0.101412907 0.920834064 0.376537025
vn -0.35864326 0.688407301 0.630452573
vn -0.71387595 0.488515764 0.501730442
vn -0.93861628 0.163912668 0.303532928
vn -0.9744128 -0.20458701 0.093080163
vn -0.83539635 -0.54517132 -0.07000801
vn -0.45394501 -0.88011932 0.139010608
vn -0.57143486 -0.80440325 -0.16247365
vn -0.17699961 -0.98002851 0.090638771
vn 0.120091624 -0.99274749 -0.00552374
vn 0.311932385 -0.93589073 -0.16372824
vn 0.436441212 -0.8300705 -0.34713426
vn 0.518913090 -0.63730699 -0.56970966
vn 0.509149551 -0.43790466 -0.74094969
vn 0.716424524 -0.36706671 -0.59329426
vn 0.864710211 -0.24432339 -0.43884215
vn 0.963699817 -0.07626476 -0.25586385
vn 0.992010176 0.092502161 -0.08578543
vn 0.967365801 0.243291065 0.070802219
vn 0.896843910 0.376474857 0.232244953
vn 0.775295734 0.597280442 0.205359980
vn 0.575079441 0.805245518 0.144441261
vn 0.254953682 0.966620564 0.025361087
vn -0.3134726 0.915055394 0.253788709
vn -0.11947583 0.981898546 -0.14697206
vn -0.68538678 0.724470973 0.073396213
vn -0.91574848 0.378157943 -0.13565175
vn -0.94768566 -0.02951027 -0.31783816
vn -0.80346662 -0.40502921 -0.43634024
vn -0.53985965 -0.69406599 -0.47626057
vn -0.29851952 -0.93407136 -0.19595113
vn -0.24850263 -0.85772008 -0.45006961
vn -0.01983645 -0.97952402 -0.20034817
vn 0.087497390 -0.93637967 -0.33990797
vn 0.201300784 -0.85791314 -0.47271892
vn 0.291204661 -0.67580491 -0.67711717
vn 0.229803204 -0.46844241 -0.85308403
vn 0.455882996 -0.23974478 -0.85714251
vn 0.678699731 -0.16409269 -0.7158494
vn 0.117831096 -0.21951132 -0.96846819
vn 0.800595223 -0.04040543 -0.59784168
vn 0.896366417 0.116368025 -0.42776835
vn 0.920437455 0.304757565 -0.24478129
vn 0.870775997 0.488993257 -0.05133006
vn 0.699567079 0.700909912 -0.13903636
vn 0.439501911 0.856328308 -0.27118221
vn 0.151555195 0.871183037 -0.46698087
vn -0.46362156 0.812308549 -0.35385019
vn -0.10604957 0.731962740 -0.67304093
vn -0.67767215 0.486097961 -0.55178732
vn -0.71391749 0.090974316 -0.69429499
vn -0.5918023 -0.29141504 -0.75156331
vn -0.38284019 -0.58837456 -0.71221399
vn -0.12115372 -0.78694987 -0.60500562
vn 0.033875461 -0.68194407 -0.73061949
vn -0.11373938 -0.50073403 -0.858096
vn -0.25500283 -0.22155581 -0.94121552
vn 0.057436272 0.081301927 -0.9950332
vn 0.379284113 -0.00570679 -0.92526269
vn -0.33163911 0.124212056 -0.9351936
vn 0.491035044 0.131471648 -0.86116189
vn 0.595545649 0.235239625 -0.76810652
vn 0.719657182 0.339854240 -0.60546899
vn 0.777578055 0.506239056 -0.37295386
vn 0.590291261 0.663169741 -0.46017632
vn 0.438640087 0.622482538 -0.64815921
vn 0.279672384 0.511491656 -0.81250221
vn -0.28811768 0.460160046 -0.83978629
vn 0.136053234 0.333266317 -0.93296468
vt 0.135473653 0.083955645
vt 0.162750616 0.062941491
vt 0.191309228 0.077925324
vt 0.152899175 0.099417030
vt 0.098630413 0.102529287
vt 0.115657299 0.064168214
vt 0.109916724 0.128984153
vt 0.158746615 0.023288071
vt 0.204414606 0.041222035
vt 0.235700652 0.066994607
vt 0.262601316 0.093452334
vt 0.217549234 0.099040329
vt 0.171460971 0.119228303
vt 0.127374723 0.152855396
vt 0.085806839 0.202834487
vt 0.057061262 0.175353467
vt 0.049405515 0.132159054
vt 0.068181477 0.084027469
vt 0.315325260 0.704407692
vt 0.197850674 0.004273772
vt 0.234881192 0.027855098
vt 0.347359865 0.702754080
vt 0.260929465 0.055205702
vt 0.298622250 0.088769435
vt 0.281537234 0.122634768
vt 0.237179040 0.129523158
vt 0.325867682 0.123623609
vt 0.193801477 0.147249519
vt 0.154307678 0.177373647
vt 0.118935406 0.221681535
vt 0.055520895 0.271789372
vt 0.012084596 0.246826529
vt 0.105781510 0.281826496
vt 0.002156392 0.184916198
vt 0.280996143 0.645774483
vt 0.306735485 0.675165236
vt 0.330283731 0.663067877
vt 0.366673857 0.650807976
vt 0.382590681 0.695160985
vt 0.400252252 0.727238118
vt 0.277737438 0.029023826
vt 0.312167018 0.062693595
vt 0.349929571 0.097590148
vt 0.361164182 0.137573957
vt 0.370810389 0.176313281
vt 0.333312839 0.166701138
vt 0.296771138 0.160590767
vt 0.253806829 0.168467104
vt 0.214017510 0.181315779
vt 0.174136966 0.207240939
vt 0.145964622 0.230863392
vt 0.151538088 0.272417962
vt 0.170611485 0.331086754
vt 0.114638313 0.350357294
vt 0.054231625 0.356026113
vt 0.000843237 0.348748624
vt 0.286643564 0.552267313
vt 0.311652332 0.613097190
vt 0.354064971 0.592152774
vt 0.409560561 0.591120302
vt 0.409289985 0.644949078
vt 0.416642934 0.689605236
vt 0.423432856 0.717156469
vt 0.310602307 0.027043163
vt 0.349651724 0.061364769
vt 0.403191119 0.096538066
vt 0.395186930 0.156200766
vt 0.409765809 0.204528749
vt 0.339802056 0.206276953
vt 0.374915927 0.222644150
vt 0.399321287 0.244616925
vt 0.303383141 0.204656422
vt 0.269050926 0.211468875
vt 0.235837176 0.226341009
vt 0.192581683 0.252531647
vt 0.221388742 0.298469364
vt 0.162964060 0.415875136
vt 0.216164574 0.371178507
vt 0.259741902 0.332634806
vt 0.106144093 0.435107827
vt 0.034403819 0.419764637
vt 0.349477440 0.534803569
vt 0.417737603 0.534344911
vt 0.460585147 0.612187743
vt 0.457521528 0.654927372
vt 0.476164102 0.564737677
vt 0.453182309 0.691624999
vt 0.495614498 0.697813630
vt 0.534550368 0.698557496
vt 0.563403427 0.689052403
vt 0.592004478 0.674795389
vt 0.615858316 0.651375055
vt 0.384223192 0.294409573
vt 0.360145241 0.261039137
vt 0.641281724 0.595803618
vt 0.332692742 0.251202106
vt 0.300999581 0.245526433
vt 0.276268631 0.243024528
vt 0.256889104 0.264702439
vt 0.287640959 0.287125110
vt 0.273104757 0.399567902
vt 0.305236667 0.342483282
vt 0.320945471 0.292657017
vt 0.232291504 0.441243350
vt 0.18198286 0.482819438
vt 0.107220746 0.527839005
vt 0.505189895 0.517180800
vt 0.499426782 0.631658792
vt 0.519910931 0.610401868
vt 0.545635938 0.583936214
vt 0.503871321 0.662041306
vt 0.536813795 0.657109916
vt 0.563336610 0.646616697
vt 0.587803185 0.633195340
vt 0.607909560 0.620868086
vt 0.607549190 0.569793641
vt 0.606456816 0.500458359
vt 0.654440999 0.534298896
vt 0.346707016 0.328679442
vt 0.347677618 0.291291952
vt 0.268124133 0.492594897
vt 0.574266374 0.563396692
vt 0.009090696 0.906484365
vt 0.041460152 0.927657485
vt 0.028025509 0.952847242
vt 0.005398145 0.927952468
vt 0.460628420 0.170487940
vt 0.447968483 0.212239623
vt 0.440458744 0.253870129
vt 0.012729030 0.872530937
vt 0.050799906 0.897236406
vt 0.433775395 0.297995150
vt 0.078718751 0.952595591
vt 0.059429675 0.978631019
vt 0.086626373 0.923775017
vt 0.485780924 0.133863210
vt 0.483799189 0.230958700
vt 0.498611152 0.184720993
vt 0.512657761 0.146077334
vt 0.481484353 0.283932328
vt 0.471486687 0.338443696
vt 0.424452453 0.340407431
vt 0.391261160 0.295104205
vt 0.466332376 0.378985405
vt 0.057653099 0.866435647
vt 0.094418443 0.891709685
vt 0.125054016 0.942420244
vt 0.118660487 0.974910616
vt 0.133945852 0.909821867
vt 0.091396898 0.999178469
vt 0.523059606 0.105497062
vt 0.549428701 0.125231444
vt 0.574023962 0.148283124
vt 0.540461719 0.161786317
vt 0.537359297 0.191359996
vt 0.540024519 0.243634343
vt 0.531492590 0.303440988
vt 0.530942857 0.364097178
vt 0.515035867 0.413505315
vt 0.49576056 0.446265876
vt 0.462244421 0.400983810
vt 0.426614254 0.385057210
vt 0.048624049 0.801620006
vt 0.075580596 0.831570982
vt 0.108328379 0.856594204
vt 0.142777964 0.875835955
vt 0.173170834 0.923843205
vt 0.167272076 0.956544280
vt 0.182248488 0.889038205
vt 0.164090350 0.991263270
vt 0.552126109 0.068177521
vt 0.572983145 0.087572574
vt 0.595003366 0.107516765
vt 0.626042544 0.139326036
vt 0.592305004 0.192789375
vt 0.650648176 0.187203228
vt 0.603523790 0.256093025
vt 0.600655734 0.323778033
vt 0.59849751 0.387467265
vt 0.584803342 0.448906958
vt 0.558112502 0.489948749
vt 0.445118516 0.434565067
vt 0.128913685 0.708774149
vt 0.083381325 0.767723918
vt 0.099984787 0.797275841
vt 0.123162955 0.819937467
vt 0.154383286 0.841477990
vt 0.189470738 0.852931261
vt 0.229572102 0.859978377
vt 0.220659390 0.895515322
vt 0.214922577 0.929404854
vt 0.210738048 0.962762594
vt 0.208107218 0.998925089
vt 0.607078194 0.065467476
vt 0.604721844 0.081170499
vt 0.634102940 0.092077434
vt 0.670748412 0.122340261
vt 0.71157372 0.167252063
vt 0.672671377 0.249445319
vt 0.734534502 0.221830010
vt 0.675495743 0.318120896
vt 0.672299385 0.393973290
vt 0.664886415 0.444837451
vt 0.662277340 0.496560692
vt 0.178978845 0.714744925
vt 0.122567996 0.751221895
vt 0.159268796 0.755391657
vt 0.122871816 0.777673363
vt 0.141737595 0.788327992
vt 0.169176042 0.807869076
vt 0.199105098 0.817608773
vt 0.239310219 0.819329977
vt 0.265446335 0.867296218
vt 0.257587403 0.898822784
vt 0.279597312 0.818239688
vt 0.255113124 0.931484639
vt 0.250339686 0.960599482
vt 0.249816507 0.997487664
vt 0.661654353 0.075566351
vt 0.705406785 0.099929630
vt 0.758971989 0.135352432
vt 0.791703760 0.187873780
vt 0.756145954 0.278143584
vt 0.809329271 0.251326322
vt 0.744990706 0.357367813
vt 0.740165531 0.439908802
vt 0.765930235 0.473689258
vt 0.219585031 0.740420341
vt 0.187459737 0.775293588
vt 0.205974534 0.791946888
vt 0.240710601 0.776438593
vt 0.291131883 0.761525034
vt 0.314876496 0.830736041
vt 0.288874656 0.866754472
vt 0.343197941 0.772755742
vt 0.292539238 0.891978561
vt 0.295149982 0.924782753
vt 0.288684099 0.955916702
vt 0.289349108 0.989472448
vt 0.757406175 0.093019425
vt 0.335606813 0.946962356
vt 0.348382890 0.899577081
vt 0.816451132 0.316454231
vt 0.339300394 0.857576549
vt 0.329106837 0.742497324
vt 0.278098881 0.697214007
vt 0.290006697 0.744132518
vt 0.364952892 0.739254713
vt 0.246536657 0.608645796
vt 0.238842815 0.679493188
vt 0.243661731 0.004693031
vt 0.283258706 0.489769399
vt 0.220776304 0.551435887
vt 0.278993785 0.000101804
vt 0.359420210 0.470012903
vt 0.449923425 0.725476622
vt 0.489026397 0.731829166
vt 0.527967214 0.734944820
vt 0.562373995 0.728028893
vt 0.596922636 0.713692963
vt 0.629375159 0.685687899
vt 0.659380793 0.642495274
vt 0.439286708 0.480782270
vt 0.345866411 0.381590187
vt 0.392084181 0.337885677
vt 0.321139335 0.434466123
vt 0.201300844 0.530349969
vt 0.553547799 0.497640371
vt 0.435387253 0.164810001
vt 0.419850736 0.201130271
vt 0.415125757 0.226047158
vt 0.407602727 0.252914130
vt 0.459086060 0.119421899
vt 0.026058886 0.835171103
vt 0.502720117 0.086989760
vt 0.027805862 0.763357579
vt 0.000962081 0.792656600
vt 0.506906032 0.060298383
vt 0.552603542 0.039785087
vt 0.073047801 0.686243176
vt 0.072795920 0.727918386
vt 0.141663849 0.666833281
vt 0.619388461 0.044257819
vt 0.210137620 0.674113094
vt 0.672971785 0.048975706
vt 0.264367789 0.708048224
vt 0.727853119 0.074607431
vt 0.360316544 0.993903219
vt 0.391529172 0.941351175
vt 0.322140008 0.979039907
vt 0.401788353 0.866336822
vt 0.384978234 0.805992603
vt 0.797961175 0.391718506
vt 0.816990196 0.443005144
s 1
f 3633/4588/3633 3634/4589/3634 3635/4590/3635 3636/4591/3636
f 3633/4588/3633 3637/4592/3637 3638/4593/3638 3634/4589/3634
f 3633/4588/3633 3636/4591/3636 3639/4594/3639 3637/4592/3637
f 3640/4595/3640 3641/4596/3641 3634/4589/3634 3638/4593/3638
f 3641/4596/3641 3642/4597/3642 3635/4590/3635 3634/4589/3634
f 3642/4597/3642 3643/4598/3643 3644/4599/3644 3635/4590/3635
f 3644/4599/3644 3645/4600/3645 3636/4591/3636 3635/4590/3635
f 3645/4600/3645 3646/4601/3646 3639/4594/3639 3636/4591/3636
f 3646/4601/3646 3647/4602/3647 3648/4603/3648 3639/4594/3639
f 3648/4603/3648 3649/4604/3649 3637/4592/3637 3639/4594/3639
f 3650/4605/3650 3638/4593/3638 3637/4592/3637 3649/4604/3649
f 3650/4833/3650 3651/4606/3651 3640/4832/3640 3638/4834/3638
f 3640/4595/3640 3652/4607/3652 3653/4608/3653 3641/4596/3641
f 3640/4832/3640 3651/4606/3651 3654/4609/3654 3652/4835/3652
f 3641/4596/3641 3653/4608/3653 3655/4610/3655 3642/4597/3642
f 3642/4597/3642 3655/4610/3655 3656/4611/3656 3643/4598/3643
f 3644/4599/3644 3643/4598/3643 3657/4612/3657 3658/4613/3658
f 3659/4614/3659 3657/4612/3657 3643/4598/3643 3656/4611/3656
f 3644/4599/3644 3658/4613/3658 3660/4615/3660 3645/4600/3645
f 3645/4600/3645 3660/4615/3660 3661/4616/3661 3646/4601/3646
f 3646/4601/3646 3661/4616/3661 3662/4617/3662 3647/4602/3647
f 3648/4603/3648 3647/4602/3647 3663/4618/3663 3664/4619/3664
f 3663/4618/3663 3647/4602/3647 3662/4617/3662 3665/4620/3665
f 3648/4603/3648 3664/4619/3664 3666/4621/3666 3649/4604/3649
f 3650/4833/3650 3649/4837/3649 3666/4836/3666 3667/4622/3667
f 3668/4623/3668 3651/4606/3651 3650/4833/3650 3667/4622/3667
f 3668/4623/3668 3669/4624/3669 3654/4609/3654 3651/4606/3651
f 3670/4625/3670 3671/4626/3671 3654/4609/3654 3669/4624/3669
f 3652/4835/3652 3654/4609/3654 3671/4626/3671 3672/4627/3672
f 3653/4608/3653 3652/4607/3652 3672/4838/3672 3673/4628/3673
f 3674/4629/3674 3655/4610/3655 3653/4608/3653 3673/4628/3673
f 3674/4629/3674 3675/4630/3675 3656/4611/3656 3655/4610/3655
f 3675/4630/3675 3676/4631/3676 3659/4614/3659 3656/4611/3656
f 3659/4614/3659 3676/4631/3676 3677/4632/3677 3678/4633/3678
f 3659/4614/3659 3678/4633/3678 3679/4634/3679 3657/4612/3657
f 3679/4634/3679 3680/4635/3680 3658/4613/3658 3657/4612/3657
f 3680/4635/3680 3681/4636/3681 3660/4615/3660 3658/4613/3658
f 3681/4636/3681 3682/4637/3682 3661/4616/3661 3660/4615/3660
f 3683/4638/3683 3662/4617/3662 3661/4616/3661 3682/4637/3682
f 3683/4638/3683 3684/4639/3684 3665/4620/3665 3662/4617/3662
f 3685/4640/3685 3686/4641/3686 3665/4620/3665 3684/4639/3684
f 3686/4641/3686 3687/4642/3687 3663/4618/3663 3665/4620/3665
f 3664/4619/3664 3663/4618/3663 3687/4642/3687 3688/4643/3688
f 3664/4840/3664 3688/4839/3688 3689/4644/3689 3666/4836/3666
f 3689/4644/3689 3690/4645/3690 3667/4622/3667 3666/4836/3666
f 3668/4623/3668 3667/4622/3667 3690/4645/3690 3669/4624/3669
f 3691/4646/3691 3670/4625/3670 3669/4624/3669 3690/4645/3690
f 3691/4646/3691 3692/4647/3692 3693/4648/3693 3670/4625/3670
f 3670/4625/3670 3693/4648/3693 3694/4649/3694 3671/4626/3671
f 3695/4650/3695 3672/4627/3672 3671/4626/3671 3694/4649/3694
f 3695/4841/3695 3696/4651/3696 3673/4628/3673 3672/4838/3672
f 3697/4652/3697 3674/4629/3674 3673/4628/3673 3696/4651/3696
f 3697/4652/3697 3698/4653/3698 3675/4630/3675 3674/4629/3674
f 3675/4630/3675 3698/4653/3698 3699/4654/3699 3676/4631/3676
f 3700/4655/3700 3677/4632/3677 3676/4631/3676 3699/4654/3699
f 3701/4656/3701 3678/4633/3678 3677/4632/3677 3702/4657/3702
f 3702/4657/3702 3677/4632/3677 3700/4655/3700 3703/4658/3703
f 3679/4634/3679 3678/4633/3678 3701/4656/3701 3704/4659/3704
f 3679/4634/3679 3704/4659/3704 3705/4660/3705 3680/4635/3680
f 3680/4635/3680 3705/4660/3705 3706/4661/3706 3681/4636/3681
f 3681/4636/3681 3706/4661/3706 3707/4662/3707 3682/4637/3682
f 3683/4638/3683 3682/4637/3682 3707/4662/3707 3684/4639/3684
f 3685/4640/3685 3684/4639/3684 3707/4662/3707 3708/4663/3708
f 3709/4664/3709 3686/4641/3686 3685/4640/3685 3710/4665/3710
f 3685/4640/3685 3708/4663/3708 3711/4666/3711 3710/4665/3710
f 3709/4664/3709 3712/4667/3712 3687/4642/3687 3686/4641/3686
f 3712/4667/3712 3713/4668/3713 3688/4643/3688 3687/4642/3687
f 3689/4644/3689 3688/4839/3688 3713/4842/3713 3714/4669/3714
f 3689/4644/3689 3714/4669/3714 3691/4646/3691 3690/4645/3690
f 3691/4646/3691 3714/4669/3714 3715/4670/3715 3692/4647/3692
f 3693/4648/3693 3692/4647/3692 3716/4671/3716 3717/4672/3717
f 3692/4647/3692 3715/4670/3715 3718/4673/3718 3716/4671/3716
f 3693/4648/3693 3717/4672/3717 3719/4674/3719 3694/4649/3694
f 3695/4650/3695 3694/4649/3694 3719/4674/3719 3696/4843/3696
f 3720/4675/3720 3697/4844/3697 3696/4843/3696 3719/4674/3719
f 3721/4676/3721 3698/4845/3698 3697/4844/3697 3720/4675/3720
f 3721/4676/3721 3722/4677/3722 3699/4846/3699 3698/4845/3698
f 3700/4847/3700 3699/4846/3699 3722/4677/3722 3723/4678/3723
f 3700/4847/3700 3723/4678/3723 3724/4679/3724 3703/4848/3703
f 3702/4657/3702 3703/4658/3703 3725/4680/3725 3726/4681/3726
f 3703/4848/3703 3724/4679/3724 3727/4682/3727 3725/4849/3725
f 3701/4656/3701 3702/4657/3702 3726/4681/3726 3728/4683/3728
f 3701/4656/3701 3728/4683/3728 3729/4684/3729 3704/4659/3704
f 3730/4685/3730 3705/4660/3705 3704/4659/3704 3729/4684/3729
f 3730/4685/3730 3731/4686/3731 3706/4661/3706 3705/4660/3705
f 3708/4663/3708 3707/4662/3707 3706/4661/3706 3731/4686/3731
f 3708/4663/3708 3731/4686/3731 3732/4687/3732 3711/4666/3711
f 3733/4688/3733 3710/4665/3710 3711/4666/3711 3734/4689/3734
f 3711/4666/3711 3732/4687/3732 3735/4690/3735 3734/4689/3734
f 3733/4688/3733 3736/4691/3736 3709/4664/3709 3710/4665/3710
f 3709/4664/3709 3736/4691/3736 3737/4692/3737 3712/4667/3712
f 3712/4667/3712 3737/4692/3737 3738/4693/3738 3713/4668/3713
f 3715/4670/3715 3714/4669/3714 3713/4842/3713 3738/4850/3738
f 3715/4670/3715 3738/4850/3738 3739/4694/3739 3718/4673/3718
f 3740/4695/3740 3716/4671/3716 3718/4673/3718 3741/4696/3741
f 3739/4694/3739 3742/4697/3742 3741/4696/3741 3718/4673/3718
f 3740/4695/3740 3743/4698/3743 3717/4672/3717 3716/4671/3716
f 3720/4675/3720 3719/4674/3719 3717/4672/3717 3743/4698/3743
f 3721/4676/3721 3720/4675/3720 3743/4698/3743 3744/4699/3744
f 3745/4700/3745 3722/4677/3722 3721/4676/3721 3744/4699/3744
f 3745/4700/3745 3746/4701/3746 3723/4678/3723 3722/4677/3722
f 3747/4702/3747 3724/4679/3724 3723/4678/3723 3746/4701/3746
f 3747/4702/3747 3748/4703/3748 3727/4682/3727 3724/4679/3724
f 3749/4704/3749 3750/4705/3750 3727/4682/3727 3748/4703/3748
f 3750/4851/3750 3751/4706/3751 3725/4680/3725 3727/4852/3727
f 3752/4707/3752 3726/4681/3726 3725/4680/3725 3751/4706/3751
f 3752/4707/3752 3735/4690/3735 3728/4683/3728 3726/4681/3726
f 3732/4687/3732 3729/4684/3729 3728/4683/3728 3735/4690/3735
f 3730/4685/3730 3729/4684/3729 3732/4687/3732 3731/4686/3731
f 3752/4707/3752 3751/4706/3751 3734/4689/3734 3735/4690/3735
f 3750/4851/3750 3733/4688/3733 3734/4689/3734 3751/4706/3751
f 3749/4853/3749 3736/4691/3736 3733/4688/3733 3750/4851/3750
f 3753/4708/3753 3737/4692/3737 3736/4691/3736 3749/4853/3749
f 3739/4854/3739 3738/4693/3738 3737/4692/3737 3753/4708/3753
f 3739/4694/3739 3753/4855/3753 3754/4709/3754 3742/4697/3742
f 3742/4697/3742 3754/4709/3754 3746/4701/3746 3745/4700/3745
f 3742/4697/3742 3745/4700/3745 3744/4699/3744 3741/4696/3741
f 3740/4695/3740 3741/4696/3741 3744/4699/3744 3743/4698/3743
f 3747/4702/3747 3746/4701/3746 3754/4709/3754 3748/4703/3748
f 3753/4855/3753 3749/4704/3749 3748/4703/3748 3754/4709/3754
f 3755/4710/3755 3756/4711/3756 3757/4712/3757 3758/4713/3758
f 3757/4856/3757 3759/4714/3759 3760/4715/3760 3758/4857/3758
f 3760/4715/3760 3761/4716/3761 3755/4858/3755 3758/4857/3758
f 3756/4711/3756 3755/4710/3755 3762/4717/3762 3763/4718/3763
f 3755/4858/3755 3761/4716/3761 3764/4719/3764 3762/4859/3762
f 3757/4712/3757 3756/4711/3756 3765/4720/3765 3766/4721/3766
f 3756/4711/3756 3763/4718/3763 3767/4722/3767 3765/4720/3765
f 3759/4714/3759 3757/4856/3757 3766/4860/3766 3768/4723/3768
f 3769/4724/3769 3760/4715/3760 3759/4714/3759 3770/4725/3770
f 3759/4714/3759 3768/4723/3768 3771/4726/3771 3770/4725/3770
f 3761/4716/3761 3760/4715/3760 3769/4724/3769 3772/4727/3772
f 3761/4716/3761 3772/4727/3772 3773/4728/3773 3764/4719/3764
f 3764/4719/3764 3774/4729/3774 3775/4730/3775 3762/4859/3762
f 3773/4728/3773 3776/4731/3776 3774/4729/3774 3764/4719/3764
f 3762/4717/3762 3775/4861/3775 3777/4732/3777 3763/4718/3763
f 3777/4732/3777 3778/4733/3778 3767/4722/3767 3763/4718/3763
f 3767/4722/3767 3779/4734/3779 3780/4735/3780 3765/4720/3765
f 3779/4734/3779 3767/4722/3767 3778/4733/3778 3781/4736/3781
f 3765/4720/3765 3780/4735/3780 3782/4737/3782 3766/4721/3766
f 3766/4860/3766 3782/4862/3782 3783/4738/3783 3768/4723/3768
f 3783/4738/3783 3784/4739/3784 3771/4726/3771 3768/4723/3768
f 3771/4726/3771 3784/4739/3784 3785/4740/3785 3786/4741/3786
f 3787/4742/3787 3770/4725/3770 3771/4726/3771 3786/4741/3786
f 3787/4742/3787 3788/4743/3788 3769/4724/3769 3770/4725/3770
f 3769/4724/3769 3788/4743/3788 3789/4744/3789 3772/4727/3772
f 3789/4744/3789 3790/4745/3790 3773/4728/3773 3772/4727/3772
f 3791/4746/3791 3776/4731/3776 3773/4728/3773 3790/4745/3790
f 3776/4731/3776 3791/4746/3791 3792/4747/3792 3793/4748/3793
f 3794/4749/3794 3774/4729/3774 3776/4731/3776 3793/4748/3793
f 3775/4861/3775 3774/4864/3774 3794/4863/3794 3795/4750/3795
f 3777/4732/3777 3775/4861/3775 3795/4750/3795 3796/4751/3796
f 3778/4733/3778 3777/4732/3777 3796/4751/3796 3797/4752/3797
f 3778/4733/3778 3797/4752/3797 3798/4753/3798 3781/4736/3781
f 3779/4734/3779 3781/4736/3781 3799/4754/3799 3800/4755/3800
f 3798/4753/3798 3801/4756/3801 3799/4754/3799 3781/4736/3781
f 3780/4735/3780 3779/4734/3779 3800/4755/3800 3802/4757/3802
f 3803/4758/3803 3782/4862/3782 3780/4865/3780 3802/4866/3802
f 3803/4758/3803 3804/4759/3804 3783/4738/3783 3782/4862/3782
f 3804/4759/3804 3805/4760/3805 3784/4739/3784 3783/4738/3783
f 3785/4740/3785 3784/4739/3784 3805/4760/3805 3806/4761/3806
f 3785/4740/3785 3807/4762/3807 3787/4742/3787 3786/4741/3786
f 3807/4762/3807 3785/4740/3785 3806/4761/3806 3808/4763/3808
f 3788/4743/3788 3787/4742/3787 3807/4762/3807 3809/4764/3809
f 3788/4743/3788 3809/4764/3809 3810/4765/3810 3789/4744/3789
f 3810/4765/3810 3811/4766/3811 3790/4745/3790 3789/4744/3789
f 3791/4746/3791 3790/4745/3790 3811/4766/3811 3812/4767/3812
f 3792/4747/3792 3791/4746/3791 3812/4767/3812 3813/4768/3813
f 3792/4747/3792 3814/4769/3814 3794/4749/3794 3793/4748/3793
f 3815/4770/3815 3814/4868/3814 3792/4867/3792 3813/4869/3813
f 3794/4863/3794 3814/4868/3814 3816/4771/3816 3795/4750/3795
f 3795/4750/3795 3816/4771/3816 3817/4772/3817 3796/4751/3796
f 3796/4751/3796 3817/4772/3817 3818/4773/3818 3797/4752/3797
f 3818/4773/3818 3819/4774/3819 3798/4753/3798 3797/4752/3797
f 3820/4775/3820 3801/4756/3801 3798/4753/3798 3819/4774/3819
f 3821/4776/3821 3822/4777/3822 3801/4756/3801 3820/4775/3820
f 3823/4778/3823 3799/4754/3799 3801/4756/3801 3822/4777/3822
f 3799/4754/3799 3823/4778/3823 3824/4779/3824 3800/4755/3800
f 3802/4757/3802 3800/4755/3800 3824/4779/3824 3825/4780/3825
f 3826/4781/3826 3803/4758/3803 3802/4866/3802 3825/4870/3825
f 3804/4759/3804 3803/4758/3803 3826/4781/3826 3827/4782/3827
f 3828/4783/3828 3805/4760/3805 3804/4759/3804 3827/4782/3827
f 3805/4760/3805 3828/4783/3828 3829/4784/3829 3806/4761/3806
f 3806/4761/3806 3829/4784/3829 3830/4785/3830 3808/4763/3808
f 3807/4762/3807 3808/4763/3808 3831/4786/3831 3809/4764/3809
f 3830/4785/3830 3832/4787/3832 3831/4786/3831 3808/4763/3808
f 3831/4786/3831 3833/4788/3833 3810/4765/3810 3809/4764/3809
f 3811/4766/3811 3810/4765/3810 3833/4788/3833 3834/4789/3834
f 3812/4767/3812 3811/4766/3811 3834/4789/3834 3835/4790/3835
f 3836/4791/3836 3813/4768/3813 3812/4767/3812 3835/4790/3835
f 3836/4871/3836 3837/4792/3837 3815/4770/3815 3813/4869/3813
f 3838/4793/3838 3816/4771/3816 3814/4868/3814 3815/4770/3815
f 3837/4792/3837 3839/4794/3839 3838/4793/3838 3815/4770/3815
f 3817/4772/3817 3816/4771/3816 3838/4793/3838 3840/4795/3840
f 3841/4796/3841 3818/4773/3818 3817/4772/3817 3840/4795/3840
f 3818/4773/3818 3841/4796/3841 3842/4797/3842 3819/4774/3819
f 3842/4797/3842 3843/4798/3843 3820/4775/3820 3819/4774/3819
f 3843/4798/3843 3844/4799/3844 3821/4776/3821 3820/4775/3820
f 3821/4776/3821 3845/4800/3845 3846/4801/3846 3822/4777/3822
f 3844/4799/3844 3847/4802/3847 3845/4800/3845 3821/4776/3821
f 3846/4801/3846 3848/4803/3848 3823/4778/3823 3822/4777/3822
f 3824/4779/3824 3823/4778/3823 3848/4803/3848 3849/4804/3849
f 3850/4805/3850 3825/4780/3825 3824/4779/3824 3849/4804/3849
f 3851/4806/3851 3826/4781/3826 3825/4870/3825 3850/4872/3850
f 3826/4781/3826 3851/4806/3851 3828/4783/3828 3827/4782/3827
f 3828/4783/3828 3851/4806/3851 3852/4807/3852 3829/4784/3829
f 3852/4807/3852 3853/4808/3853 3830/4785/3830 3829/4784/3829
f 3853/4808/3853 3854/4809/3854 3832/4787/3832 3830/4785/3830
f 3855/4810/3855 3833/4788/3833 3831/4786/3831 3832/4787/3832
f 3854/4809/3854 3856/4811/3856 3855/4810/3855 3832/4787/3832
f 3833/4788/3833 3855/4810/3855 3857/4812/3857 3834/4789/3834
f 3834/4789/3834 3857/4812/3857 3858/4813/3858 3835/4790/3835
f 3836/4791/3836 3835/4790/3835 3858/4813/3858 3859/4814/3859
f 3860/4815/3860 3837/4792/3837 3836/4871/3836 3859/4873/3859
f 3860/4815/3860 3861/4816/3861 3839/4794/3839 3837/4792/3837
f 3838/4793/3838 3839/4794/3839 3841/4796/3841 3840/4795/3840
f 3861/4816/3861 3842/4797/3842 3841/4796/3841 3839/4794/3839
f 3843/4798/3843 3842/4797/3842 3861/4816/3861 3862/4817/3862
f 3863/4818/3863 3844/4799/3844 3843/4798/3843 3862/4817/3862
f 3847/4802/3847 3844/4799/3844 3863/4818/3863 3864/4819/3864
f 3845/4800/3845 3847/4802/3847 3865/4820/3865 3866/4821/3866
f 3865/4820/3865 3847/4802/3847 3864/4819/3864 3867/4822/3867
f 3868/4823/3868 3846/4801/3846 3845/4800/3845 3866/4821/3866
f 3848/4803/3848 3846/4801/3846 3868/4823/3868 3869/4824/3869
f 3870/4825/3870 3849/4804/3849 3848/4803/3848 3869/4824/3869
f 3870/4825/3870 3871/4826/3871 3850/4805/3850 3849/4804/3849
f 3871/4874/3871 3852/4807/3852 3851/4806/3851 3850/4872/3850
f 3853/4808/3853 3852/4807/3852 3871/4874/3871 3872/4827/3872
f 3873/4828/3873 3854/4876/3854 3853/4875/3853 3872/4877/3872
f 3854/4876/3854 3873/4828/3873 3874/4829/3874 3856/4878/3856
f 3875/4830/3875 3857/4812/3857 3855/4810/3855 3856/4811/3856
f 3874/4829/3874 3876/4831/3876 3875/4879/3875 3856/4878/3856
f 3867/4880/3867 3858/4813/3858 3857/4812/3857 3875/4830/3875
f 3864/4881/3864 3859/4814/3859 3858/4813/3858 3867/4880/3867
f 3863/4818/3863 3860/4815/3860 3859/4873/3859 3864/4819/3864
f 3861/4816/3861 3860/4815/3860 3863/4818/3863 3862/4817/3862
f 3876/4831/3876 3865/4820/3865 3867/4822/3867 3875/4879/3875
f 3865/4820/3865 3876/4831/3876 3868/4823/3868 3866/4821/3866
f 3869/4824/3869 3868/4823/3868 3876/4831/3876 3874/4829/3874
f 3873/4828/3873 3870/4825/3870 3869/4824/3869 3874/4829/3874
f 3871/4826/3871 3870/4825/3870 3873/4828/3873 3872/4877/3872
o Tail
usemtl Tail
v -0.02357323 -1.9765799 -3.10161638
v -0.02362676 -1.97701335 -3.10177445
v -0.02296793 -1.97715068 -3.1017766
v -0.02300156 -1.97655535 -3.10160851
v -0.02458226 -2.00758076 -3.04571867
v -0.02279088 -2.00702882 -3.04536057
v -0.0236163 -1.97680199 -3.10169721
v -0.02562264 -2.0081234 -3.04722261
v -0.02606397 -2.01320529 -3.04967499
v -0.026449 -2.00981426 -3.04847527
v -0.02361765 -1.97681081 -3.10170054
v -0.02335661 -1.97719336 -3.10183954
v -0.02415769 -2.01457858 -3.04991913
v -0.02295315 -1.97685826 -3.10171986
v -0.02319538 -1.97723508 -3.10184503
v -0.02295097 -1.97687197 -3.10172486
v -0.02024114 -2.01218843 -3.04846239
v -0.02183038 -2.01393461 -3.0494442
v -0.02041686 -2.00845861 -3.04647923
v -0.02128042 -2.00743532 -3.04620981
v 0.221666604 -2.1807549 -0.57483256
v 0.208192333 -2.02637029 -0.61543703
v 0.124269127 -1.90311313 -0.64597642
v 0.205219328 -2.04741812 -0.69117522
v 0.122153714 -1.92241073 -0.71564209
v -0.01392274 -1.86531055 -0.72447479
v -0.00781332 -1.84369493 -0.65840483
v -0.1670243 -1.91741812 -0.7143296
v -0.16787267 -1.89794576 -0.64014959
v -0.26167855 -2.04365087 -0.68090355
v -0.2644164 -2.0267055 -0.60367227
v -0.26655295 -2.2027874 -0.63952768
v -0.26756859 -2.18480754 -0.56165814
v -0.18918917 -2.32265377 -0.52700889
v -0.18883757 -2.33956671 -0.60747683
v -0.05082592 -2.4108808 -0.59176195
v -0.05024555 -2.39415431 -0.51145494
v 0.125702858 -2.34787846 -0.61320078
v 0.133802279 -2.32763648 -0.53367364
v 0.215696349 -2.20360756 -0.65187669
v 0.114576868 -2.36355877 -0.69127762
v 0.204838901 -2.22630286 -0.72638404
v 0.195889443 -2.06846571 -0.76317143
v 0.193708628 -2.24473739 -0.80064273
v 0.187382146 -2.08848214 -0.83426261
v 0.110440798 -1.96113455 -0.85818219
v 0.114078998 -1.94203138 -0.78548276
v -0.00418003 -1.88244927 -0.8679738
v -0.0126157 -1.88361216 -0.79241669
v -0.14933228 -1.95525908 -0.85691321
v -0.1582114 -1.9363184 -0.78658175
v -0.24875447 -2.0793407 -0.8294332
v -0.25508991 -2.06147218 -0.75619256
v -0.25610846 -2.23316431 -0.79387474
v -0.26168704 -2.21826506 -0.71684277
v -0.18345976 -2.36320305 -0.76639295
v -0.18630977 -2.35184956 -0.68689394
v -0.05108216 -2.4317677 -0.75295115
v -0.05062613 -2.42185497 -0.67251706
v 0.105207048 -2.37697268 -0.76951563
v -0.05180401 -2.44096375 -0.83390236
v 0.096674345 -2.38930726 -0.84833527
v 0.182623684 -2.26349044 -0.87572622
v 0.089289374 -2.40028667 -0.92771876
v 0.172043040 -2.27927351 -0.95256764
v 0.170552879 -2.13131714 -0.98254263
v 0.179932415 -2.11126566 -0.90717959
v 0.089989587 -2.01258349 -1.00614047
v 0.101024307 -1.99003828 -0.93364131
v -0.02073904 -1.96679759 -1.01357388
v -0.01751242 -1.93632245 -0.94701141
v -0.14161615 -2.00260186 -1.00523949
v -0.14854312 -1.98183084 -0.93113625
v -0.23502403 -2.11631417 -0.98017776
v -0.24241214 -2.09899998 -0.90376306
v -0.24442568 -2.26173949 -0.94975239
v -0.25023562 -2.24793744 -0.87142253
v -0.17683509 -2.38412333 -0.92693615
v -0.18043703 -2.37404823 -0.84625995
v -0.05223318 -2.44927263 -0.91542029
v -0.1727951 -2.39326096 -1.00807595
v -0.05213603 -2.45635009 -0.99748003
v 0.082516193 -2.40955973 -1.00782728
v -0.05204321 -2.46201491 -1.07958031
v 0.076489999 -2.41749644 -1.08848095
v 0.154073953 -2.30806947 -1.10671329
v 0.163010492 -2.29464626 -1.02957177
v 0.154341220 -2.17029166 -1.13061428
v 0.161807835 -2.14975047 -1.05717134
v 0.081846937 -2.0569756 -1.15524817
v 0.085979335 -2.02850199 -1.0807966
v -0.02553004 -2.0066452 -1.16943073
v -0.0228565 -1.97239029 -1.09045911
v -0.13573708 -2.04738665 -1.15345573
v -0.1349929 -2.0216217 -1.07968163
v -0.22228418 -2.15254498 -1.13094211
v -0.22926491 -2.13373065 -1.05634332
v -0.23150648 -2.28753281 -1.10743427
v -0.23841241 -2.27497363 -1.02849722
v -0.16826591 -2.40145373 -1.08896351
v -0.22378568 -2.29921436 -1.18696046
v -0.16304109 -2.40828347 -1.17086184
v -0.05166557 -2.46624374 -1.16242886
v -0.15732294 -2.41371417 -1.25307488
v -0.05081029 -2.468817 -1.24580145
v 0.066026315 -2.42845511 -1.25137424
v 0.070851527 -2.423774 -1.16964483
v 0.136875107 -2.32835317 -1.26539779
v 0.145040035 -2.31945896 -1.18554902
v 0.139770433 -2.20309734 -1.28205585
v 0.147421076 -2.19032311 -1.20526385
v 0.078787565 -2.09987903 -1.2960552
v 0.079553350 -2.08334827 -1.22437584
v -0.02497385 -2.05621266 -1.30477285
v -0.02784021 -2.03933907 -1.23430896
v -0.134399 -2.0913496 -1.30139327
v -0.13888213 -2.07253337 -1.22626543
v -0.20785703 -2.18663144 -1.28610384
v -0.21549301 -2.17088294 -1.20733786
v -0.21553199 -2.30935335 -1.26710224
v -0.19949231 -2.20016551 -1.36236227
v -0.20695218 -2.31767249 -1.34644032
v -0.15110758 -2.4175818 -1.33518767
v -0.19829263 -2.32589698 -1.42635882
v -0.14375977 -2.42035913 -1.41762102
v -0.04551508 -2.46421576 -1.41331744
v -0.04960474 -2.46958566 -1.32950616
v 0.057500172 -2.43272424 -1.41443789
v 0.061639174 -2.4313612 -1.33286154
v 0.121892422 -2.3427484 -1.42113447
v 0.129401236 -2.33554268 -1.34355807
v 0.125224992 -2.2265234 -1.43324554
v 0.131727278 -2.21288633 -1.35847282
v 0.073423385 -2.13221979 -1.45048022
v 0.081391073 -2.10956502 -1.37435794
v -0.02119547 -2.09181428 -1.45789015
v -0.02045805 -2.06405592 -1.38289976
v -0.12286277 -2.12531805 -1.44892156
v -0.12640463 -2.10710406 -1.37588573
v -0.19184285 -2.21343803 -1.43787551
v -0.12110636 -2.14222383 -1.52373898
v -0.18353468 -2.22528458 -1.51640499
v -0.18893665 -2.33132076 -1.50725245
v -0.17417578 -2.23262858 -1.59604597
v -0.17938107 -2.33537936 -1.58801472
v -0.12967293 -2.42030764 -1.5816828
v -0.13673899 -2.42099953 -1.49975109
v -0.04141357 -2.45969486 -1.57844043
v -0.04375328 -2.4628849 -1.49587941
v 0.049732737 -2.43138433 -1.5785104
v 0.053161501 -2.43281126 -1.49647784
v 0.107843384 -2.35162187 -1.58273983
v 0.114252775 -2.34889364 -1.50165129
v 0.112232342 -2.24905682 -1.590289
v 0.119345560 -2.24196672 -1.51105106
v 0.064462520 -2.16165924 -1.59563148
v 0.068218112 -2.15398312 -1.52182424
v -0.02280265 -2.12186456 -1.59841275
v -0.02417176 -2.11245894 -1.52713776
v -0.11321517 -2.1522727 -1.60016298
v -0.02015717 -2.12266493 -1.67720664
v -0.10481445 -2.15946555 -1.67628932
v -0.16476691 -2.23832273 -1.67254651
v -0.10072656 -2.17312455 -1.75247669
v -0.15630426 -2.24526429 -1.74854708
v -0.16053933 -2.33779931 -1.74638057
v -0.16989873 -2.33728909 -1.66736794
v -0.11623986 -2.4145999 -1.74435735
v -0.12297274 -2.41821957 -1.66305411
v -0.03723493 -2.44954538 -1.74263346
v -0.03935529 -2.45527267 -1.66045916
v 0.044000893 -2.42386436 -1.74107242
v 0.046838000 -2.42825627 -1.65992045
v 0.096105054 -2.35262942 -1.74080491
v 0.102040156 -2.35244513 -1.66194868
v 0.099674508 -2.26026893 -1.74414301
v 0.105277061 -2.25333333 -1.66689372
v 0.056816346 -2.18124843 -1.75123012
v 0.062715932 -2.16612005 -1.67377543
v -0.02017772 -2.14537024 -1.75606215
v 0.051134154 -2.1937294 -1.82588553
v -0.02120568 -2.16198421 -1.82794023
v -0.09708107 -2.18360448 -1.82836592
v -0.01844501 -2.16065025 -1.90277493
v -0.08866104 -2.18614244 -1.90568316
v -0.13773714 -2.25032282 -1.90679598
v -0.14808984 -2.25008368 -1.82801986
v -0.14261861 -2.33349299 -1.90650654
v -0.15142074 -2.33664942 -1.82668817
v -0.10359988 -2.40231538 -1.90617704
v -0.10969966 -2.40926552 -1.82560062
v -0.03406437 -2.43399549 -1.90545642
v -0.03525891 -2.44217658 -1.82432902
v 0.039188437 -2.411026 -1.90373862
v 0.041621752 -2.4181416 -1.82247603
v 0.085531070 -2.34779429 -1.90242851
v 0.090721890 -2.35146165 -1.82162905
v 0.087562970 -2.26488805 -1.90177369
v 0.094541549 -2.26571965 -1.82302797
v 0.049039792 -2.19473505 -1.90197885
v 0.080803945 -2.26453614 -1.97940624
v 0.046017441 -2.19786024 -1.98189986
v -0.01627234 -2.16246986 -1.98603821
v 0.042110592 -2.21233392 -2.06024241
v -0.0164396 -2.18568921 -2.06382155
v -0.07773988 -2.20370984 -2.06119299
v -0.08265629 -2.18935728 -1.98512709
v -0.11972468 -2.25676394 -2.05999422
v -0.12765874 -2.25149369 -1.98378348
v -0.12368109 -2.32637024 -2.06243086
v -0.13360941 -2.3298552 -1.98432815
v -0.08963138 -2.38531303 -2.06568718
v -0.09693664 -2.39486837 -1.98568285
v -0.02895693 -2.41174889 -2.06653929
v -0.03090347 -2.42339802 -1.9856813
v 0.032822229 -2.39302325 -2.06407666
v 0.036462508 -2.40194678 -1.98374128
v 0.072242140 -2.33887768 -2.05964184
v 0.080006599 -2.34280467 -1.98074532
v 0.075449965 -2.27018738 -2.05719447
v 0.065386503 -2.33252144 -2.14089274
v 0.069829814 -2.27152586 -2.13700843
v 0.039862021 -2.21820259 -2.13542891
v 0.062743932 -2.26661992 -2.2162559
v 0.036827050 -2.2158277 -2.21309304
v -0.01475996 -2.19048595 -2.21223068
v -0.0165552 -2.1929307 -2.13601518
v -0.06915105 -2.20964241 -2.21372986
v -0.07567696 -2.20944262 -2.13716292
v -0.10407191 -2.25547266 -2.21717405
v -0.11255528 -2.2585783 -2.13909602
v -0.10672248 -2.3130064 -2.2216301
v -0.11490819 -2.32083249 -2.14222455
v -0.07827295 -2.36135125 -2.22587061
v -0.0840274 -2.37413669 -2.14560127
v -0.02713806 -2.3835628 -2.22772789
v -0.02788328 -2.39865041 -2.14752245
v 0.025483872 -2.36783338 -2.2254312
v 0.029218260 -2.38083982 -2.14506721
v 0.058834839 -2.3235352 -2.22115231
v 0.021089887 -2.35305548 -2.30578089
v 0.051888641 -2.31310368 -2.30007744
v 0.055321756 -2.26203585 -2.29424596
v 0.045540407 -2.29894781 -2.38003922
v 0.048462756 -2.25320578 -2.37304425
v 0.026039771 -2.21404576 -2.36743355
v 0.030996594 -2.2172184 -2.29168391
v -0.01578386 -2.19398332 -2.36504912
v -0.01571649 -2.19505095 -2.29077029
v -0.05985466 -2.20670056 -2.36719155
v -0.06458773 -2.21025324 -2.29054022
v -0.08826397 -2.24328518 -2.37268543
v -0.09635309 -2.25114965 -2.29416871
v -0.09072055 -2.29014206 -2.37919903
v -0.09881036 -2.30306888 -2.30002928
v -0.06758581 -2.3292284 -2.38499427
v -0.07301127 -2.34677768 -2.3055625
v -0.02692656 -2.34706545 -2.3878572
v -0.0270889 -2.36736989 -2.30792856
v 0.016891025 -2.33485198 -2.38574219
v -0.02655527 -2.32414532 -2.46610832
v 0.011889705 -2.31387782 -2.46382666
v 0.037647638 -2.28305674 -2.45782661
v 0.007934618 -2.28995991 -2.54127288
v 0.030502101 -2.26463127 -2.53444433
v 0.032327178 -2.23027515 -2.52560997
v 0.040193319 -2.24194837 -2.45096111
v 0.015839856 -2.19949245 -2.5187552
v 0.022480104 -2.20537877 -2.44622922
v -0.01663693 -2.18470478 -2.51526618
v -0.01429905 -2.18689108 -2.44367504
v -0.05126002 -2.19461513 -2.51711798
v -0.05410852 -2.20078707 -2.44455147
v -0.0744319 -2.22176194 -2.52373385
v -0.0807319 -2.23369098 -2.44882107
v -0.07588666 -2.25606966 -2.53243995
v -0.08252777 -2.27478242 -2.45595098
v -0.05765437 -2.28510046 -2.5401969
v -0.06209021 -2.3087585 -2.46292925
v -0.02613018 -2.29852271 -2.54371238
v -0.05091297 -2.25623107 -2.60910654
v -0.02491595 -2.26753211 -2.61231995
v 0.003095094 -2.26071191 -2.61016655
v -0.02460252 -2.23645353 -2.67751694
v -0.00397198 -2.22998261 -2.67514944
v 0.009710867 -2.21319008 -2.66940355
v 0.021879889 -2.23967147 -2.60361814
v 0.011575009 -2.19219923 -2.66231632
v 0.02491167 -2.21117973 -2.59453511
v 0.001500906 -2.17287827 -2.65614319
v 0.010972539 -2.18457699 -2.58685184
v -0.01662562 -2.15990305 -2.65221667
v -0.01480817 -2.16831088 -2.58178043
v -0.03794191 -2.16916347 -2.65493512
v -0.04549132 -2.18061233 -2.58542585
v -0.05094109 -2.18694377 -2.66073227
v -0.06483719 -2.20339108 -2.59294009
v -0.05292232 -2.20800042 -2.66777849
v -0.0661004 -2.23259044 -2.60198069
v -0.04247533 -2.22593498 -2.67388558
v -0.0459905 -2.18305326 -2.73490405
v -0.03871108 -2.19881916 -2.74118042
v -0.02416085 -2.20805788 -2.74487734
v -0.03789892 -2.16843653 -2.80769777
v -0.02406089 -2.17644167 -2.81170273
v -0.0087098 -2.17033124 -2.80872059
v -0.00682536 -2.202245 -2.74254894
v 0.001521743 -2.15745068 -2.8026433
v 0.003592243 -2.18731046 -2.73664737
v 0.002441480 -2.14254355 -2.79574275
v 0.004338573 -2.17035699 -2.7300005
v -0.00534459 -2.12902904 -2.78958607
v -0.00408355 -2.15568399 -2.72436523
v -0.01758389 -2.11949968 -2.7851305
v -0.01841954 -2.14757276 -2.72123289
v -0.03391009 -2.1256628 -2.78788757
v -0.0334493 -2.15321183 -2.72329044
v -0.04342543 -2.13909674 -2.79401922
v -0.04431768 -2.16664243 -2.7284925
v -0.04454844 -2.15450573 -2.80103874
v -0.03941088 -2.10951757 -2.85898995
v -0.04032843 -2.12175369 -2.86526203
v -0.035194 -2.13271952 -2.87093329
v -0.03471075 -2.08635211 -2.92788649
v -0.03135586 -2.09410024 -2.93217921
v -0.02364462 -2.09827495 -2.93453979
v -0.02390966 -2.13887978 -2.87423706
v -0.01499985 -2.09510183 -2.93280411
v -0.01059536 -2.1345818 -2.8719337
v -0.00991249 -2.08830714 -2.9291501
v -0.00320549 -2.12412572 -2.86669111
v -0.00934325 -2.08013821 -2.92466831
v -0.00258487 -2.11202455 -2.86063838
v -0.01360553 -2.07280517 -2.92059755
v -0.00852672 -2.10096693 -2.85485673
v -0.02061078 -2.06835127 -2.91814923
v -0.01863587 -2.09329557 -2.85095692
v -0.02788853 -2.07160473 -2.9198122
v -0.03148021 -2.09856606 -2.85337687
v -0.03309219 -2.07845473 -2.9235425
v -0.02655241 -2.03946376 -2.98399758
v -0.02986113 -2.04367709 -2.98650551
v -0.03057721 -2.04846597 -2.98935747
v -0.02848957 -2.05325246 -2.99223852
v -0.0237881 -2.0553112 -2.99351072
v -0.01901977 -2.05384421 -2.9926815
v -0.01578992 -2.04983091 -2.99033594
v -0.01525361 -2.04482031 -2.98735046
v -0.01739826 -2.04056644 -2.984761
v -0.02184593 -2.03763485 -2.98295856
v -0.02311238 -1.97718763 -3.10181499
v -0.0235297 -1.97704828 -3.10178924
v -0.02345569 -1.97715068 -3.10181999
v -0.01853631 -2.23074532 -0.55181706
v 0.022002982 -2.19778681 -0.56152844
v -0.03277321 -2.17774892 -0.56545269
v -0.07335204 -2.20404243 -0.55752528
v -0.02197042 -2.29265761 -0.53582394
v 0.079694874 -2.24790454 -0.55015564
v -0.1242872 -2.2588563 -0.54228711
v -0.03502537 -2.13483691 -0.57677126
v -0.11050049 -2.14481831 -0.5723443
v 0.051953546 -2.13818979 -0.57808435
v -0.07802354 -2.01818156 -0.60679543
v -0.11755239 -1.96924555 -0.61936283
v -0.17752978 -2.05253696 -0.59583008
v -0.10022723 -2.07210612 -0.59188509
v -0.02827694 -2.07656741 -0.59240782
v -0.0286168 -2.00911379 -0.61037493
v -0.02757076 -1.93821371 -0.62982678
v 0.020913098 -2.00447655 -0.61289501
v 0.057415295 -1.96162927 -0.62570679
v 0.046581551 -2.06548953 -0.59723961
v 0.120844334 -2.04573846 -0.60490966
v 0.130078792 -2.15333939 -0.5765568
v -0.18342184 -2.16243291 -0.56647956
v -0.0233838 -1.97690225 -3.1017406
vn -0.5213533 0.752015948 0.403314560
vn -0.89024085 -0.35306495 -0.28777859
vn 0.967852354 -0.1840957 -0.171379
vn 0.100646548 0.876064539 0.471573233
vn -0.60887587 0.709542453 0.354710698
vn 0.111123919 0.887840807 0.446531176
vn -0.87635732 0.430501252 0.216024071
vn -0.90972662 0.380623936 0.165900185
vn -0.83371979 -0.43383139 -0.34161606
vn -0.99813181 0.006494653 -0.06075142
vn -0.99636167 0.085224606 -0.00042184
vn -0.14355588 -0.80215847 -0.57959771
vn -0.10150126 -0.80621386 -0.5828523
vn 0.658736467 0.667486190 0.347172021
vn 0.553541839 -0.67513037 -0.4876374
vn 0.983091950 0.175044640 0.053754970
vn 0.956563592 -0.20753917 -0.20472859
vn 0.593523144 -0.6463961 -0.47948125
vn 0.984223842 0.174349859 0.030090073
vn 0.733729839 0.614168047 0.290582269
vn 0.738721966 -0.00787079 0.673964321
vn 0.709160566 0.389673888 0.587575852
vn 0.485318303 0.697966873 0.526600956
vn 0.948126852 0.273529231 -0.16197929
vn 0.654496371 0.713346839 -0.25054085
vn 0.011069020 0.958226740 -0.28579515
vn 0.021937329 0.868360221 0.495448440
vn -0.6027599 0.763174951 -0.23290458
vn -0.4287115 0.743337333 0.513474464
vn -0.94646329 0.297617912 -0.12502313
vn -0.69428933 0.402787387 0.596426606
vn -0.9709571 -0.2390727 0.009301157
vn -0.71651924 -0.0007894 0.697566986
vn -0.50165546 -0.33257148 0.798585057
vn -0.70121557 -0.70349169 0.115742005
vn -0.02297568 -0.9846729 0.172891572
vn 0.006194644 -0.52810836 0.849154353
vn 0.623125076 -0.77433664 0.110081404
vn 0.490620672 -0.39890969 0.774701535
vn 0.963438212 -0.26586747 -0.0331836
vn 0.614366531 -0.78570426 0.07226713
vn 0.956259012 -0.28478423 -0.06683373
vn 0.948141217 0.256675899 -0.18747175
vn 0.954045832 -0.29257554 -0.0647769
vn 0.950512945 0.247881829 -0.18729572
vn 0.694135844 0.666023135 -0.27310905
vn 0.679952323 0.702737629 -0.20934339
vn 0.024730511 0.944681763 -0.32705474
vn 0.020336195 0.976889073 -0.21277739
vn -0.61175102 0.745635151 -0.2641758
vn -0.61006498 0.759068608 -0.22723444
vn -0.93554795 0.313952654 -0.16181405
vn -0.94046545 0.300136625 -0.15950762
vn -0.97173321 -0.23434734 -0.0285614
vn -0.97069234 -0.23931362 -0.0220319
vn -0.6998027 -0.71069771 0.072006560
vn -0.69951665 -0.71008772 0.080322928
vn -0.04609348 -0.99181336 0.119086839
vn -0.03585931 -0.99072707 0.131049826
vn 0.609933316 -0.78995329 0.062889792
vn -0.05423597 -0.99263573 0.108318515
vn 0.607464730 -0.79231691 0.056750111
vn 0.952256858 -0.29868788 -0.06318609
vn 0.605093598 -0.79461628 0.049463916
vn 0.951112151 -0.30275491 -0.06103382
vn 0.952336609 0.248051583 -0.17755398
vn 0.949558019 0.243063733 -0.19814017
vn 0.671452343 0.698388993 -0.24779923
vn 0.669619202 0.654982447 -0.35015428
vn 0.033647298 0.961723089 -0.27194953
vn 0.026909204 0.900749087 -0.43350548
vn -0.59921068 0.763902485 -0.23958209
vn -0.5986287 0.740779757 -0.30477682
vn -0.930152 0.330894440 -0.15914136
vn -0.9326399 0.322281241 -0.16222721
vn -0.97380006 -0.22413217 -0.03844739
vn -0.97288495 -0.22869237 -0.03456502
vn -0.7003085 -0.71192884 0.052204586
vn -0.70044762 -0.71087241 0.063509538
vn -0.06047851 -0.99373519 0.093982197
vn -0.69916576 -0.71386498 0.039545267
vn -0.06380676 -0.99490845 0.078012161
vn 0.601804256 -0.79757822 0.041239008
vn -0.06572497 -0.99598986 0.060698606
vn 0.598662614 -0.80049533 0.028465788
vn 0.947992503 -0.31336662 -0.05578064
vn 0.950283229 -0.30639446 -0.05553692
vn 0.956632494 0.239112734 -0.16637121
vn 0.954895377 0.247455060 -0.16413686
vn 0.673615336 0.674799144 -0.30147722
vn 0.679756939 0.693328917 -0.23921858
vn 0.036309074 0.921939194 -0.38562921
vn 0.035120781 0.960736036 -0.27523202
vn -0.60453796 0.747093677 -0.2763783
vn -0.60717475 0.759038746 -0.2349446
vn -0.92921865 0.333980441 -0.15814474
vn -0.92747885 0.338576734 -0.1585836
vn -0.97263259 -0.22539976 -0.05639813
vn -0.97364366 -0.22355744 -0.04516686
vn -0.69744176 -0.71623069 0.024257395
vn -0.97172225 -0.22682382 -0.06562648
vn -0.69550043 -0.7184903 0.007126036
vn -0.06684102 -0.99689889 0.041532363
vn -0.69302809 -0.72083396 -0.01050777
vn -0.06661943 -0.99755061 0.021320730
vn 0.596268951 -0.80278087 0.002511888
vn 0.597423553 -0.80178261 0.015165138
vn 0.945372879 -0.32028976 -0.06070212
vn 0.945764124 -0.31968653 -0.05771247
vn 0.968482196 0.223057702 -0.11084896
vn 0.961767196 0.233405157 -0.14326824
vn 0.677228808 0.722831189 -0.13739033
vn 0.669765353 0.700878500 -0.24532332
vn 0.037114404 0.981576561 -0.1874298
vn 0.040795523 0.947161376 -0.31815267
vn -0.59105748 0.778933584 -0.20955564
vn -0.59375066 0.764100968 -0.25221014
vn -0.9334594 0.321554809 -0.15892139
vn -0.93337655 0.324296772 -0.15375254
vn -0.97037637 -0.22930153 -0.07609563
vn -0.93209153 0.325770646 -0.15836304
vn -0.96892244 -0.23295505 -0.083194
vn -0.68507034 -0.72765934 -0.03450393
vn -0.96738738 -0.2368691 -0.08974714
vn -0.67300135 -0.73798001 -0.04954433
vn -0.0627581 -0.99763 -0.02820888
vn -0.06512202 -0.99780339 -0.01214548
vn 0.586089193 -0.80981296 -0.02650368
vn 0.591831088 -0.80591482 -0.0154011
vn 0.944671750 -0.32236505 -0.06063065
vn 0.945815384 -0.3187848 -0.06172077
vn 0.970471799 0.199298203 -0.13588475
vn 0.971622824 0.205334067 -0.11741748
vn 0.681511580 0.686441600 -0.25365281
vn 0.687622308 0.704350709 -0.17625491
vn 0.034775406 0.952859580 -0.30141208
vn 0.029486496 0.973050534 -0.22869861
vn -0.58959144 0.775508999 -0.2257605
vn -0.59386808 0.774673581 -0.21725912
vn -0.93345857 0.326259076 -0.14903064
vn -0.58727735 0.78855896 -0.18242829
vn -0.93541563 0.323176682 -0.14336839
vn -0.96588874 -0.23928601 -0.09900086
vn -0.93514508 0.325240939 -0.14043549
vn -0.96525246 -0.2388421 -0.10602923
vn -0.66471958 -0.74380827 -0.06997961
vn -0.6666106 -0.7432673 -0.05642813
vn -0.06037719 -0.99706262 -0.04712631
vn -0.06143894 -0.99767804 -0.0293893
vn 0.583574891 -0.81082779 -0.04470488
vn 0.583751738 -0.8113035 -0.03194794
vn 0.941813290 -0.32935098 -0.06719871
vn 0.942359387 -0.32861924 -0.06299408
vn 0.973665595 0.209791272 -0.08923546
vn 0.971510052 0.207183226 -0.11508039
vn 0.694185555 0.714703142 -0.08547395
vn 0.682640790 0.707867562 -0.18145262
vn 0.052766580 0.993944883 -0.09638083
vn 0.049424767 0.976249814 -0.21093456
vn -0.59622437 0.791413962 -0.1348346
vn 0.049513831 0.987591922 -0.1490324
vn -0.60281813 0.783425927 -0.15117563
vn -0.93380755 0.330235451 -0.13765161
vn -0.59260249 0.786691069 -0.17302997
vn -0.93496877 0.330653786 -0.12845781
vn -0.96572626 -0.23484325 -0.11055056
vn -0.96535552 -0.23663642 -0.10996348
vn -0.66507208 -0.74059057 -0.0959418
vn -0.66394615 -0.74320382 -0.08260583
vn -0.05665595 -0.99512118 -0.0807711
vn -0.05835204 -0.99628353 -0.06335711
vn 0.584418356 -0.80856782 -0.06836188
vn 0.583923041 -0.80979818 -0.05710478
vn 0.943159043 -0.32532802 -0.06791793
vn 0.943011522 -0.32551289 -0.06906973
vn 0.971684336 0.214568600 -0.0989438
vn 0.973904430 0.207564055 -0.0918005
vn 0.692518353 0.699743092 -0.17543644
vn 0.703751564 0.700267493 -0.11983021
vn 0.053683798 0.973163902 -0.22376382
vn 0.686186075 0.721006274 -0.0964285
vn 0.061767913 0.992026269 -0.10985651
vn -0.58539069 0.802603304 -0.11465408
vn 0.064597398 0.997520148 -0.02794251
vn -0.59618527 0.799365103 -0.07469088
vn -0.93400246 0.337834119 -0.11622159
vn -0.93590808 0.331660717 -0.1186472
vn -0.96738058 -0.22157101 -0.12280545
vn -0.96606982 -0.23126477 -0.11500292
vn -0.6693303 -0.73300606 -0.12124012
vn -0.66781861 -0.73649782 -0.10765296
vn -0.0554934 -0.99164283 -0.11646946
vn -0.05640493 -0.99367768 -0.09707369
vn 0.583297729 -0.80620939 -0.09894567
vn 0.583957016 -0.80772674 -0.08106572
vn 0.944746375 -0.31647879 -0.08541256
vn 0.942946791 -0.32471779 -0.07355161
vn 0.970278501 0.231579095 -0.07021826
vn 0.970394611 0.227553069 -0.08095606
vn 0.698006868 0.715124011 -0.03720406
vn 0.969495296 0.229277104 -0.08666462
vn 0.704885482 0.701040148 -0.10806958
vn 0.069750696 0.987643480 -0.14033982
vn 0.690373957 0.711595296 -0.13044518
vn 0.073787972 0.981747686 -0.17529038
vn -0.58074081 0.801119327 -0.14473383
vn -0.59869415 0.789849579 -0.13305233
vn -0.93347698 0.339903771 -0.11439545
vn -0.93177068 0.341164439 -0.12413799
vn -0.96707153 -0.2219426 -0.12455498
vn -0.96803921 -0.21566273 -0.12802172
vn -0.66402698 -0.73313743 -0.14689338
vn -0.66670048 -0.7324912 -0.13772124
vn -0.05627367 -0.98679042 -0.15191418
vn -0.0545487 -0.98925751 -0.13562442
vn 0.583108663 -0.80181026 -0.13070801
vn 0.583789646 -0.80373013 -0.11492391
vn 0.941194415 -0.32261416 -0.10036551
vn 0.945318758 -0.31222612 -0.09427153
vn 0.970435917 0.224219456 -0.0893301
vn 0.936091840 -0.33450148 -0.10881547
vn 0.973923802 0.215470388 -0.07102913
vn 0.684760689 0.727443516 -0.04391508
vn 0.974779129 0.210428372 -0.07433407
vn 0.690020382 0.723053991 -0.0326301
vn 0.067915573 0.997536957 -0.01753494
vn 0.071108102 0.996616661 -0.04121591
vn -0.57694256 0.815774202 -0.04061788
vn -0.57328361 0.817031502 -0.0616876
vn -0.93633682 0.341408282 -0.08193786
vn -0.93681288 0.338033855 -0.09008145
vn -0.96532357 -0.22878583 -0.12572742
vn -0.96577692 -0.22911069 -0.12158614
vn -0.66177469 -0.73039061 -0.16906741
vn -0.66259319 -0.73264432 -0.15557125
vn -0.06041536 -0.97976649 -0.19080795
vn -0.05818342 -0.98334312 -0.17219478
vn 0.572624146 -0.80246586 -0.16778006
vn 0.578879714 -0.80152839 -0.1498355
vn 0.933545887 -0.33718848 -0.12163896
vn 0.565697312 -0.80142951 -0.19415754
vn 0.932028055 -0.33726564 -0.13257301
vn 0.973823368 0.214918628 -0.07401458
vn 0.929381370 -0.33703727 -0.15051883
vn 0.973881185 0.218327686 -0.06235667
vn 0.690601050 0.723089277 0.014569984
vn 0.688695132 0.724079251 -0.03752664
vn 0.0769566 0.995901405 0.047519832
vn 0.072047703 0.997225761 -0.01870698
vn -0.57018256 0.821382284 0.014933615
vn -0.57470781 0.817997098 -0.02432403
vn -0.9339326 0.353045105 -0.05593746
vn -0.93521303 0.347476482 -0.06809336
vn -0.96604967 -0.21719582 -0.13990693
vn -0.96607852 -0.22275099 -0.13066822
vn -0.66447127 -0.71468496 -0.21841103
vn -0.66369802 -0.72363698 -0.18935271
vn -0.06630785 -0.96329075 -0.26014233
vn -0.06359533 -0.97335273 -0.22031781
vn 0.555510819 -0.79939055 -0.22887222
vn -0.0696291 -0.95300448 -0.29484615
vn 0.541478514 -0.79950184 -0.25999585
vn 0.926132679 -0.33729181 -0.16885686
vn 0.529069542 -0.78823721 -0.31427288
vn 0.921980202 -0.33379656 -0.19629647
vn 0.974879920 0.213926494 -0.06200486
vn 0.974435031 0.214504137 -0.06681557
vn 0.710221290 0.702221036 0.049712844
vn 0.697952806 0.715867459 0.019891288
vn 0.070737093 0.990643739 0.116710074
vn 0.071994118 0.995413422 0.063000179
vn -0.56867605 0.818281412 0.083803638
vn -0.56773233 0.822383761 0.036944408
vn -0.9299283 0.366864860 -0.02536706
vn -0.93225574 0.359768837 -0.0382827
vn -0.96286356 -0.21136573 -0.16798295
vn -0.96547371 -0.21803942 -0.14254598
vn -0.65862566 -0.69267869 -0.29395297
vn -0.66248834 -0.70862991 -0.24280205
vn -0.07479764 -0.93121392 -0.35671559
vn -0.66560054 -0.65483028 -0.35801286
vn -0.08448741 -0.90051025 -0.42654812
vn 0.532497346 -0.75504243 -0.38256702
vn -0.10088368 -0.90084314 -0.42226061
vn 0.571038186 -0.732023 -0.37156126
vn 0.923546969 -0.29502323 -0.24499454
vn 0.915172576 -0.3143329 -0.25229749
vn 0.970039486 0.228211984 -0.08332233
vn 0.971311807 0.223276823 -0.08185831
vn 0.746863126 0.662951409 0.051873616
vn 0.731464386 0.678198456 0.070757836
vn 0.087392687 0.986413657 0.139106020
vn 0.078301221 0.983555316 0.162750989
vn -0.61199504 0.785240888 0.094121880
vn -0.58457756 0.805080413 0.100571632
vn -0.92511749 0.377578645 -0.03990144
vn -0.92397463 0.378886610 -0.05211339
vn -0.96731091 -0.14954966 -0.2048039
vn -0.95794058 -0.17993893 -0.22354381
vn -0.71173269 -0.61640924 -0.33686244
vn -0.98273009 -0.14364979 -0.11664571
vn -0.75851941 -0.5878157 -0.28128454
vn -0.10339692 -0.90670121 -0.4089033
vn -0.7669363 -0.5636794 -0.30671507
vn -0.08739064 -0.88009197 -0.46669164
vn 0.629175007 -0.68230766 -0.37228343
vn 0.614546239 -0.71311587 -0.33734053
vn 0.944250524 -0.27518651 -0.18073007
vn 0.940588235 -0.2885986 -0.1788982
vn 0.976196169 0.212117299 0.045247387
vn 0.976043105 0.217301636 0.010942763
vn 0.773287534 0.592440903 0.225920692
vn 0.755397558 0.634053409 0.165380731
vn 0.118422672 0.918395519 0.377525836
vn 0.102830365 0.954528570 0.279823333
vn -0.6385023 0.713209867 0.289216935
vn -0.63034773 0.745748877 0.215685933
vn -0.9432559 0.315057456 0.104914672
vn -0.936822 0.343478202 0.066235289
vn -0.98557758 -0.13437444 -0.10286081
vn -0.94170457 0.326420933 0.081497937
vn -0.98594546 -0.10380359 -0.13090596
vn -0.76366436 -0.53672194 -0.35881263
vn -0.98959059 -0.07303995 -0.12399884
vn -0.76658869 -0.51672757 -0.38122767
vn -0.07749543 -0.81885815 -0.56874055
vn -0.07934844 -0.84376174 -0.53082013
vn 0.626049876 -0.62932938 -0.46044126
vn 0.627672731 -0.65237516 -0.42477474
vn 0.944581866 -0.22992103 -0.23431052
vn 0.944946110 -0.24657509 -0.2151223
vn 0.976940095 0.213187322 0.011798288
vn 0.975568056 0.218871131 0.019037019
vn 0.777414977 0.591387748 0.214211255
vn 0.784877479 0.585981488 0.201477110
vn 0.113303944 0.919849097 0.375552684
vn 0.119934827 0.926931083 0.355548203
vn -0.66476178 0.692880690 0.279299229
vn -0.65321839 0.709497988 0.264420867
vn -0.9331196 0.344548821 0.102829515
vn -0.65640754 0.679551422 0.327626496
vn -0.92467308 0.352045357 0.145065099
vn -0.99432379 -0.04710256 -0.09540269
vn -0.78461903 -0.49248925 -0.37659958
vn -0.07871255 -0.80779016 -0.5841912
vn 0.619688868 -0.62639451 -0.47288021
vn 0.945702195 -0.22886333 -0.23080072
vn 0.981650233 0.189552918 0.020799385
vn 0.765273153 0.590266466 0.256792634
vn 0.115657620 0.895904004 0.428928047
vn -0.01214477 0.364377051 -0.93117231
vn -0.00762 0.351507306 -0.93615419
vn 0.084623172 0.242218002 -0.96652436
vn 0.023958871 0.250576376 0.967800319
vn 0.027204325 0.253299921 0.967005193
vn 0.023736836 0.255872845 0.966419041
vn 0.020244443 0.252735972 0.967323482
vn 0.024271622 0.232857376 0.972207963
vn 0.040506772 0.238098576 0.970395982
vn 0.007400803 0.239354834 0.970903873
vn 0.023681625 0.256338506 0.966296970
vn 0.018758060 0.255628317 0.966593146
vn 0.028138689 0.255776554 0.966326355
vn 0.019691888 0.261072248 0.965118348
vn 0.008056793 0.275663971 0.961220383
vn 0.000054839 0.263894200 0.964551627
vn 0.018784705 0.258028775 0.965954542
vn 0.023708708 0.256998747 0.966120839
vn 0.023432359 0.261339545 0.964962422
vn 0.023347506 0.280188977 0.959661006
vn 0.027311250 0.261293321 0.964873015
vn 0.039660174 0.274789392 0.960686028
vn 0.028164992 0.258079379 0.965713083
vn 0.047202453 0.263988941 0.963369965
vn 0.047623630 0.251309484 0.966734468
vn -0.00013769 0.250973790 0.967993855
vn -0.08911021 -0.36051151 0.928488493
vt 0.837027251 0.420156240
vt 0.837083399 0.420334577
vt 0.998816311 0.814309477
vt 0.836933970 0.419860065
vt 0.823654770 0.403987407
vt 0.824720680 0.403124034
vt 0.837057650 0.420246541
vt 0.826957404 0.414141595
vt 0.827132463 0.419266223
vt 0.826868474 0.415505170
vt 0.837058723 0.420250237
vt 0.998808622 0.814042151
vt 0.833146512 0.431898772
vt 0.999023020 0.814363539
vt 0.998782455 0.814058661
vt 0.999007403 0.814360380
vt 0.837436497 0.440641164
vt 0.83400774 0.432454049
vt 0.840329468 0.440879285
vt 0.827357113 0.396163523
vt 0.770528554 0.833053827
vt 0.817876398 0.775076389
vt 0.883755564 0.748280406
vt 0.229047656 0.928922057
vt 0.267974197 0.975640237
vt 0.051071569 0.407742142
vt 0.019715225 0.433427155
vt 0.054424658 0.471792936
vt 0.007878270 0.511038184
vt 0.052330814 0.544309914
vt 0.000049305 0.580812454
vt 0.049820669 0.628761112
vt 0.00600352 0.645662784
vt 0.889491140 0.999234557
vt 0.070715159 0.693372964
vt 0.096476569 0.748713910
vt 0.047403704 0.766725778
vt 0.118887357 0.819769084
vt 0.074688077 0.841619312
vt 0.174703717 0.869708597
vt 0.186636373 0.813194990
vt 0.221349969 0.864725112
vt 0.261632204 0.917068183
vt 0.260320663 0.860091507
vt 0.296187639 0.921761512
vt 0.326441496 0.984477341
vt 0.292813837 0.976810455
vt 0.097514018 0.365607202
vt 0.075910896 0.396155357
vt 0.105946302 0.447610318
vt 0.081814758 0.467657625
vt 0.121381200 0.529368996
vt 0.091577932 0.545173764
vt 0.140796914 0.593010902
vt 0.095390625 0.626926600
vt 0.159332349 0.666145086
vt 0.124294780 0.681781888
vt 0.184912607 0.742160320
vt 0.152316570 0.755318403
vt 0.227425456 0.800037384
vt 0.226188987 0.729637324
vt 0.260123610 0.793224811
vt 0.297089904 0.854945123
vt 0.291994661 0.780686259
vt 0.328487336 0.844849467
vt 0.360115259 0.924533665
vt 0.334631621 0.934635639
vt 0.388794481 0.996479749
vt 0.359460979 0.992518365
vt 0.149704486 0.343634665
vt 0.128671452 0.362560927
vt 0.168898820 0.410169422
vt 0.136270836 0.441913902
vt 0.180731803 0.489317834
vt 0.153802573 0.513670682
vt 0.209005430 0.566200852
vt 0.176003262 0.587587714
vt 0.232279509 0.655563712
vt 0.201282292 0.666385114
vt 0.263085305 0.714845776
vt 0.267204731 0.638742387
vt 0.294780224 0.704469978
vt 0.323397904 0.768888950
vt 0.327865481 0.700989186
vt 0.357355594 0.757555484
vt 0.384358316 0.823771596
vt 0.355712652 0.834704101
vt 0.416808992 0.914212524
vt 0.388142913 0.923311293
vt 0.449622839 0.999593317
vt 0.417533814 0.999783694
vt 0.195769131 0.303191781
vt 0.172276526 0.332145452
vt 0.217937827 0.370204448
vt 0.202050924 0.411200463
vt 0.243192017 0.463768899
vt 0.211631953 0.472088396
vt 0.265899717 0.544599056
vt 0.243126392 0.577471971
vt 0.300310075 0.620893836
vt 0.299799501 0.535945057
vt 0.326053291 0.603175222
vt 0.357040137 0.674082040
vt 0.361053437 0.595367550
vt 0.389779835 0.663528978
vt 0.413228422 0.730134844
vt 0.388220548 0.742459416
vt 0.442900061 0.808594822
vt 0.417075336 0.827075600
vt 0.475872099 0.899132430
vt 0.455042243 0.930956125
vt 0.508555531 0.992979645
vt 0.479294270 0.997288465
vt 0.242684200 0.273257613
vt 0.224128961 0.302613496
vt 0.277851194 0.358810246
vt 0.248021170 0.370651662
vt 0.296599894 0.425531089
vt 0.276935249 0.473611474
vt 0.332980185 0.520060598
vt 0.328883081 0.420959711
vt 0.359593212 0.503196775
vt 0.391229033 0.582387089
vt 0.387900650 0.490069985
vt 0.420109331 0.575317382
vt 0.453048348 0.652381897
vt 0.424155741 0.658900916
vt 0.475643456 0.716611385
vt 0.458784580 0.752004623
vt 0.505218327 0.811898291
vt 0.475170314 0.818320751
vt 0.538362801 0.887989163
vt 0.507681250 0.896270394
vt 0.568775653 0.964043557
vt 0.539547920 0.986141085
vt 0.301580429 0.250540792
vt 0.272645324 0.269565939
vt 0.331695765 0.338382542
vt 0.307917416 0.352535307
vt 0.361831128 0.412975788
vt 0.362645685 0.326864838
vt 0.388590067 0.398243129
vt 0.413233786 0.480444908
vt 0.415555357 0.382505416
vt 0.443655818 0.471968352
vt 0.475079983 0.554532408
vt 0.446534067 0.563913643
vt 0.503714144 0.630104541
vt 0.480637818 0.645845294
vt 0.531984686 0.690788984
vt 0.506785392 0.70994699
vt 0.560670018 0.780586600
vt 0.538317322 0.805351495
vt 0.594995141 0.861685276
vt 0.565200328 0.879709959
vt 0.614806592 0.936646223
vt 0.598391592 0.966258108
vt 0.360097020 0.240963518
vt 0.334587574 0.257127463
vt 0.390988409 0.308578610
vt 0.389941990 0.229436397
vt 0.417227298 0.290516078
vt 0.442128092 0.376065075
vt 0.449114978 0.292371571
vt 0.472346067 0.375421941
vt 0.504776895 0.459273994
vt 0.474914610 0.465902566
vt 0.533746898 0.536303997
vt 0.508992850 0.553610920
vt 0.557494282 0.599386215
vt 0.534252703 0.625976920
vt 0.581931412 0.671425700
vt 0.566953063 0.699546456
vt 0.60953933 0.747653126
vt 0.589025318 0.778195500
vt 0.640116989 0.824625015
vt 0.621830999 0.857776820
vt 0.674785733 0.897308886
vt 0.653086602 0.938557386
vt 0.420357316 0.212780952
vt 0.434089809 0.140677273
vt 0.450509160 0.216138243
vt 0.478346794 0.292556643
vt 0.480878889 0.219721019
vt 0.506331503 0.289331615
vt 0.527151167 0.357235431
vt 0.503189802 0.374643445
vt 0.553569018 0.439964830
vt 0.533051252 0.459046244
vt 0.576611280 0.498429596
vt 0.560937941 0.53269279
vt 0.604197800 0.570960760
vt 0.592371761 0.610383153
vt 0.634871602 0.660376191
vt 0.615389525 0.681970775
vt 0.657845914 0.722374022
vt 0.636227190 0.743061423
vt 0.683643639 0.795815706
vt 0.666852772 0.819364130
vt 0.714741528 0.857450723
vt 0.712585747 0.789101123
vt 0.749693036 0.859692156
vt 0.513196945 0.226050019
vt 0.517311513 0.149465024
vt 0.541171133 0.224643707
vt 0.561708807 0.283424854
vt 0.537237644 0.290107369
vt 0.582561492 0.354676783
vt 0.55934304 0.363763928
vt 0.599629342 0.419462323
vt 0.579365134 0.435604989
vt 0.624407053 0.478543758
vt 0.602844119 0.494940221
vt 0.653017997 0.558879733
vt 0.631436586 0.574476361
vt 0.673989474 0.629283845
vt 0.656062424 0.650347292
vt 0.699679076 0.700762033
vt 0.683503389 0.721898675
vt 0.734952867 0.770968318
vt 0.723232626 0.690845310
vt 0.753036558 0.746227145
vt 0.786610543 0.800662159
vt 0.77083534 0.722437143
vt 0.796081304 0.765807569
vt 0.594310879 0.226783454
vt 0.568066060 0.226037263
vt 0.609768629 0.281105101
vt 0.590167760 0.294606268
vt 0.630858004 0.346404492
vt 0.611331164 0.364360511
vt 0.649803936 0.416857361
vt 0.628176808 0.425681173
vt 0.669535279 0.477220356
vt 0.651830792 0.494780123
vt 0.694809615 0.547512829
vt 0.677432596 0.562379419
vt 0.717110991 0.611889421
vt 0.697771728 0.626519084
vt 0.741067469 0.669075369
vt 0.740389406 0.609368920
vt 0.761622548 0.652844965
vt 0.785343349 0.701505303
vt 0.780360043 0.636925399
vt 0.799498140 0.673147559
vt 0.815739750 0.702873945
vt 0.814292728 0.747924804
vt 0.649898827 0.238071262
vt 0.623451769 0.234104812
vt 0.658296704 0.299997568
vt 0.637776792 0.30402565
vt 0.675154149 0.353292763
vt 0.656413257 0.357509434
vt 0.693249821 0.421744465
vt 0.675597250 0.430386543
vt 0.709007799 0.466290116
vt 0.69962883 0.500976145
vt 0.731661081 0.530769467
vt 0.719886004 0.555251061
vt 0.755540132 0.584851861
vt 0.750635981 0.524190306
vt 0.769943833 0.565574049
vt 0.790622770 0.609143614
vt 0.785194337 0.549480259
vt 0.803280115 0.590168595
vt 0.826075315 0.629155516
vt 0.815485894 0.653058409
vt 0.850511908 0.659784913
vt 0.832445025 0.678264200
vt 0.697950184 0.275220692
vt 0.675520062 0.265632033
vt 0.702700018 0.320263028
vt 0.681896686 0.313203871
vt 0.715612411 0.366112709
vt 0.697497367 0.368188619
vt 0.727555036 0.410392344
vt 0.713467419 0.425061166
vt 0.746468961 0.461434364
vt 0.731730222 0.475018441
vt 0.765290558 0.508050084
vt 0.763835370 0.464421987
vt 0.778619349 0.497471332
vt 0.798731744 0.538357317
vt 0.790271043 0.488625645
vt 0.803884327 0.516796708
vt 0.821273863 0.547906756
vt 0.816070616 0.578218102
vt 0.835540592 0.575307130
vt 0.835144341 0.607666790
vt 0.853136897 0.600536346
vt 0.855872750 0.630923986
vt 0.732689678 0.293061196
vt 0.717355787 0.29276371
vt 0.740326464 0.329024016
vt 0.726132273 0.338303506
vt 0.750636696 0.367373347
vt 0.734233975 0.370458602
vt 0.759230732 0.412699580
vt 0.746103525 0.418282032
vt 0.772355318 0.447106063
vt 0.7726475 0.415110230
vt 0.785109698 0.446018934
vt 0.799039244 0.476230979
vt 0.796236038 0.441495239
vt 0.808486104 0.468209028
vt 0.821309804 0.492723941
vt 0.817639529 0.51572752
vt 0.833993196 0.515290141
vt 0.833437323 0.540885567
vt 0.840652942 0.520761728
vt 0.845704495 0.560425400
vt 0.854082405 0.547553360
vt 0.860785543 0.568166613
vt 0.773350119 0.326007366
vt 0.755462527 0.324473083
vt 0.773146510 0.350466370
vt 0.759562969 0.355002462
vt 0.779198944 0.382692158
vt 0.766358375 0.384131729
vt 0.783616364 0.411010861
vt 0.794196009 0.404953897
vt 0.799058914 0.419284641
vt 0.807615339 0.440703034
vt 0.810137748 0.420741081
vt 0.813576102 0.423935771
vt 0.820515751 0.444661557
vt 0.819275200 0.463731229
vt 0.829200387 0.462120115
vt 0.828064024 0.481533706
vt 0.833229303 0.466354072
vt 0.838518500 0.495307803
vt 0.850834488 0.484770536
vt 0.851506233 0.507170200
vt 0.856054246 0.484611034
vt 0.858521759 0.510307669
vt 0.800641775 0.369183063
vt 0.786426603 0.347962975
vt 0.799785196 0.376578450
vt 0.786807715 0.368614673
vt 0.802559971 0.397411286
vt 0.812407493 0.395900249
vt 0.814970731 0.402784824
vt 0.814944744 0.404704272
vt 0.826626300 0.435158789
vt 0.829884409 0.444342613
vt 0.832397401 0.447440326
vt 0.838533699 0.459585607
vt 0.842451632 0.461911797
vt 0.844709813 0.462337553
vt 0.812355041 0.388832390
vt 0.998930573 0.813978493
vt 0.998974025 0.814086198
vt 0.998903632 0.814094722
vt 0.848887443 0.917439401
vt 0.842325449 0.893491923
vt 0.868826985 0.900106251
vt 0.877225875 0.921404361
vt 0.833321571 0.942992925
vt 0.806513369 0.898048937
vt 0.881839335 0.956784904
vt 0.881413996 0.883593559
vt 0.907668769 0.907684743
vt 0.847108244 0.861739158
vt 0.929798901 0.848516702
vt 0.958377897 0.839479148
vt 0.958653569 0.888682663
vt 0.923589885 0.875948369
vt 0.894742429 0.858554482
vt 0.913304507 0.831733346
vt 0.932307541 0.803110539
vt 0.895559430 0.816674053
vt 0.893281519 0.789797425
vt 0.869031488 0.834176838
vt 0.845949769 0.806440353
vt 0.813007831 0.846895992
vt 0.930888772 0.934086561
vt 0.999048531 0.813987731
vt 0.999221801 0.814008653
vt 0.998932182 0.813867092
vt 0.837180435 0.420617759
vt 0.999229431 0.814347565
vt 0.999119579 0.813895046
vt 0.999115586 0.813883185
vt 0.837125420 0.420484840
vt 0.837026357 0.419780433
vt 0.837236881 0.420718610
vt 0.837143898 0.420527339
vt 0.837229728 0.420719564
vt 0.845196545 0.444936752
vt 0.137921527 0.885379433
vt 0.188331037 0.925396978
vt 0.234157621 0.992892086
vt 0.012666513 0.366068959
vt 0.043532788 0.357029080
vt 0.950695216 0.759785890
vt 0.997458338 0.824177384
vt 0.999293208 0.901269555
vt 0.957272708 0.965136945
vt 0.022542202 0.708739161
vt 0.816617429 0.990681707
vt 0.764126241 0.915069818
vt 0.083044447 0.312449991
vt 0.062893219 0.338645160
vt 0.125245273 0.266943693
vt 0.105716690 0.281024158
vt 0.167998626 0.225147128
vt 0.143282890 0.245613634
vt 0.217413589 0.19236058
vt 0.192219674 0.207854211
vt 0.275034964 0.165005147
vt 0.245559319 0.177693843
vt 0.333778798 0.171480238
vt 0.309091955 0.177657663
vt 0.394726395 0.137393236
vt 0.363142132 0.141231179
vt 0.704074919 0.902771651
vt 0.466090977 0.149157106
vt 0.496346205 0.163598656
vt 0.763778090 0.819937825
vt 0.547148764 0.165645599
vt 0.581665754 0.179321944
vt 0.647870957 0.195122897
vt 0.616455674 0.196721375
vt 0.695349633 0.245211541
vt 0.676330566 0.238329768
vt 0.733632147 0.273925781
vt 0.713959395 0.256897628
vt 0.780249476 0.321008980
vt 0.749200761 0.297524035
vt 0.801106452 0.355846881
vt 0.788331687 0.341413319
vt 0.813260734 0.384144723
s 1
f 3877/4882/3877 3881/4886/3881 3882/4887/3882 3880/4885/3880
f 3877/4882/3877 3883/4888/3883 3884/4889/3884 3881/4886/3881
f 3878/4883/3878 3885/4890/3885 3886/4891/3886 3887/4892/3887
f 3878/5260/3878 3887/5264/3887 4227/5232/4227 3888/4893/3888
f 3878/4883/3878 3888/5265/3888 3889/4894/3889 3885/4890/3885
f 3877/5259/3877 3880/5262/3880 3890/4895/3890 4228/5233/4228
f 3879/4884/3879 3891/4896/3891 4229/5234/4229 3892/4897/3892
f 3879/5261/3879 3893/4898/3893 3894/4899/3894 3891/5268/3891
f 3879/5261/3879 3892/5269/3892 3895/4900/3895 3893/4898/3893
f 3880/4885/3880 3882/4887/3882 3896/4901/3896 3890/5266/3890
f 4230/5235/4230 4231/5236/4231 4232/5237/4232 4233/5238/4233
f 4230/5235/4230 4234/5239/4234 4235/5240/4235 4231/5236/4231
f 4230/5235/4230 4233/5238/4233 4236/5241/4236 4234/5239/4234
f 4232/5237/4232 4237/5242/4237 4238/5243/4238 4233/5238/4233
f 4232/5237/4232 4231/5236/4231 4239/5244/4239 4237/5242/4237
f 4240/5245/4240 4241/5246/4241 4242/5247/4242 4243/5248/4243
f 4240/5245/4240 4243/5248/4243 4244/5249/4244 4245/5250/4245
f 4240/5245/4240 4245/5250/4245 4246/5251/4246 4241/5246/4241
f 4247/5252/4247 4248/5253/4248 4246/5251/4246 4245/5250/4245
f 4247/5252/4247 4249/5254/4249 4250/5255/4250 4248/5253/4248
f 4247/5252/4247 4245/5250/4245 4244/5249/4244 4249/5254/4249
f 4250/5255/4250 4249/5254/4249 4239/5244/4239 4251/5256/4251
f 4250/5255/4250 4251/5256/4251 3897/4902/3897 3898/4903/3898
f 4250/5255/4250 3898/4903/3898 3899/4904/3899 4248/5253/4248
f 3899/5273/3899 3898/5272/3898 3900/4905/3900 3901/4906/3901
f 3899/5274/3899 3901/5275/3901 3902/4907/3902 3903/4908/3903
f 3899/4904/3899 3903/5276/3903 4246/5251/4246 4248/5253/4248
f 3903/4908/3903 3902/4907/3902 3904/4909/3904 3905/4910/3905
f 3903/5276/3903 3905/5277/3905 4241/5246/4241 4246/5251/4246
f 3905/4910/3905 3904/4909/3904 3906/4911/3906 3907/4912/3907
f 3905/5277/3905 3907/5278/3907 4242/5247/4242 4241/5246/4241
f 3907/4912/3907 3906/4911/3906 3908/4913/3908 3909/4914/3909
f 3907/5278/3907 3909/5279/3909 4252/5257/4252 4242/5247/4242
f 4252/5257/4252 4238/5243/4238 4243/5248/4243 4242/5247/4242
f 4252/5257/4252 3909/5279/3909 3910/4915/3910 4236/5241/4236
f 4252/5257/4252 4236/5241/4236 4233/5238/4233 4238/5243/4238
f 3910/5280/3910 3909/4914/3909 3908/4913/3908 3911/4916/3911
f 3910/5280/3910 3911/4916/3911 3912/4917/3912 3913/4918/3913
f 3910/4915/3910 3913/5281/3913 4234/5239/4234 4236/5241/4236
f 3913/4918/3913 3912/4917/3912 3914/4919/3914 3915/4920/3915
f 3913/5281/3913 3915/5282/3915 4235/5240/4235 4234/5239/4234
f 3915/4920/3915 3914/4919/3914 3916/4921/3916 3897/5271/3897
f 3915/5282/3915 3897/4902/3897 4251/5256/4251 4235/5240/4235
f 3916/4921/3916 3914/4919/3914 3917/4922/3917 3918/4923/3918
f 3916/4921/3916 3918/4923/3918 3919/4924/3919 3900/4905/3900
f 3916/4921/3916 3900/4905/3900 3898/5272/3898 3897/5271/3897
f 3919/4924/3919 3918/4923/3918 3920/4925/3920 3921/4926/3921
f 3919/4924/3919 3921/4926/3921 3922/4927/3922 3923/4928/3923
f 3919/4924/3919 3923/4928/3923 3901/4906/3901 3900/4905/3900
f 3923/5284/3923 3922/5283/3922 3924/4929/3924 3925/4930/3925
f 3923/5284/3923 3925/4930/3925 3902/4907/3902 3901/5275/3901
f 3925/4930/3925 3924/4929/3924 3926/4931/3926 3927/4932/3927
f 3925/4930/3925 3927/4932/3927 3904/4909/3904 3902/4907/3902
f 3927/4932/3927 3926/4931/3926 3928/4933/3928 3929/4934/3929
f 3927/4932/3927 3929/4934/3929 3906/4911/3906 3904/4909/3904
f 3929/4934/3929 3928/4933/3928 3930/4935/3930 3931/4936/3931
f 3929/4934/3929 3931/4936/3931 3908/4913/3908 3906/4911/3906
f 3931/4936/3931 3930/4935/3930 3932/4937/3932 3933/4938/3933
f 3931/4936/3931 3933/4938/3933 3911/4916/3911 3908/4913/3908
f 3933/4938/3933 3932/4937/3932 3934/4939/3934 3935/4940/3935
f 3933/4938/3933 3935/4940/3935 3912/4917/3912 3911/4916/3911
f 3935/4940/3935 3934/4939/3934 3936/4941/3936 3917/4922/3917
f 3935/4940/3935 3917/4922/3917 3914/4919/3914 3912/4917/3912
f 3936/4941/3936 3934/4939/3934 3937/4942/3937 3938/4943/3938
f 3936/4941/3936 3938/4943/3938 3939/4944/3939 3920/4925/3920
f 3936/4941/3936 3920/4925/3920 3918/4923/3918 3917/4922/3917
f 3939/4944/3939 3938/4943/3938 3940/4945/3940 3941/4946/3941
f 3939/4944/3939 3941/4946/3941 3942/4947/3942 3943/4948/3943
f 3939/4944/3939 3943/4948/3943 3921/4926/3921 3920/4925/3920
f 3943/4948/3943 3942/4947/3942 3944/4949/3944 3945/4950/3945
f 3943/4948/3943 3945/4950/3945 3922/4927/3922 3921/4926/3921
f 3945/5286/3945 3944/5285/3944 3946/4951/3946 3947/4952/3947
f 3945/5286/3945 3947/4952/3947 3924/4929/3924 3922/5283/3922
f 3947/4952/3947 3946/4951/3946 3948/4953/3948 3949/4954/3949
f 3947/4952/3947 3949/4954/3949 3926/4931/3926 3924/4929/3924
f 3949/4954/3949 3948/4953/3948 3950/4955/3950 3951/4956/3951
f 3949/4954/3949 3951/4956/3951 3928/4933/3928 3926/4931/3926
f 3951/4956/3951 3950/4955/3950 3952/4957/3952 3953/4958/3953
f 3951/4956/3951 3953/4958/3953 3930/4935/3930 3928/4933/3928
f 3953/4958/3953 3952/4957/3952 3954/4959/3954 3955/4960/3955
f 3953/4958/3953 3955/4960/3955 3932/4937/3932 3930/4935/3930
f 3955/4960/3955 3954/4959/3954 3956/4961/3956 3937/4942/3937
f 3955/4960/3955 3937/4942/3937 3934/4939/3934 3932/4937/3932
f 3956/4961/3956 3954/4959/3954 3957/4962/3957 3958/4963/3958
f 3956/4961/3956 3958/4963/3958 3959/4964/3959 3940/4945/3940
f 3956/4961/3956 3940/4945/3940 3938/4943/3938 3937/4942/3937
f 3959/4964/3959 3958/4963/3958 3960/4965/3960 3961/4966/3961
f 3959/4964/3959 3961/4966/3961 3962/4967/3962 3963/4968/3963
f 3959/4964/3959 3963/4968/3963 3941/4946/3941 3940/4945/3940
f 3963/4968/3963 3962/4967/3962 3964/4969/3964 3965/4970/3965
f 3963/4968/3963 3965/4970/3965 3942/4947/3942 3941/4946/3941
f 3965/4970/3965 3964/4969/3964 3966/4971/3966 3967/4972/3967
f 3965/4970/3965 3967/4972/3967 3944/4949/3944 3942/4947/3942
f 3967/5288/3967 3966/5287/3966 3968/4973/3968 3969/4974/3969
f 3967/5288/3967 3969/4974/3969 3946/4951/3946 3944/5285/3944
f 3969/4974/3969 3968/4973/3968 3970/4975/3970 3971/4976/3971
f 3969/4974/3969 3971/4976/3971 3948/4953/3948 3946/4951/3946
f 3971/4976/3971 3970/4975/3970 3972/4977/3972 3973/4978/3973
f 3971/4976/3971 3973/4978/3973 3950/4955/3950 3948/4953/3948
f 3973/4978/3973 3972/4977/3972 3974/4979/3974 3975/4980/3975
f 3973/4978/3973 3975/4980/3975 3952/4957/3952 3950/4955/3950
f 3975/4980/3975 3974/4979/3974 3976/4981/3976 3957/4962/3957
f 3975/4980/3975 3957/4962/3957 3954/4959/3954 3952/4957/3952
f 3976/4981/3976 3974/4979/3974 3977/4982/3977 3978/4983/3978
f 3976/4981/3976 3978/4983/3978 3979/4984/3979 3960/4965/3960
f 3976/4981/3976 3960/4965/3960 3958/4963/3958 3957/4962/3957
f 3979/4984/3979 3978/4983/3978 3980/4985/3980 3981/4986/3981
f 3979/4984/3979 3981/4986/3981 3982/4987/3982 3983/4988/3983
f 3979/4984/3979 3983/4988/3983 3961/4966/3961 3960/4965/3960
f 3983/4988/3983 3982/4987/3982 3984/4989/3984 3985/4990/3985
f 3983/4988/3983 3985/4990/3985 3962/4967/3962 3961/4966/3961
f 3985/4990/3985 3984/4989/3984 3986/4991/3986 3987/4992/3987
f 3985/4990/3985 3987/4992/3987 3964/4969/3964 3962/4967/3962
f 3987/4992/3987 3986/4991/3986 3988/4993/3988 3989/4994/3989
f 3987/4992/3987 3989/4994/3989 3966/4971/3966 3964/4969/3964
f 3989/5290/3989 3988/5289/3988 3990/4995/3990 3991/4996/3991
f 3989/5290/3989 3991/4996/3991 3968/4973/3968 3966/5287/3966
f 3991/4996/3991 3990/4995/3990 3992/4997/3992 3993/4998/3993
f 3991/4996/3991 3993/4998/3993 3970/4975/3970 3968/4973/3968
f 3993/4998/3993 3992/4997/3992 3994/4999/3994 3995/5000/3995
f 3993/4998/3993 3995/5000/3995 3972/4977/3972 3970/4975/3970
f 3995/5000/3995 3994/4999/3994 3996/5001/3996 3977/4982/3977
f 3995/5000/3995 3977/4982/3977 3974/4979/3974 3972/4977/3972
f 3996/5001/3996 3994/4999/3994 3997/5002/3997 3998/5003/3998
f 3996/5001/3996 3998/5003/3998 3999/5004/3999 3980/4985/3980
f 3996/5001/3996 3980/4985/3980 3978/4983/3978 3977/4982/3977
f 3999/5004/3999 3998/5003/3998 4000/5005/4000 4001/5006/4001
f 3999/5004/3999 4001/5006/4001 4002/5007/4002 4003/5008/4003
f 3999/5004/3999 4003/5008/4003 3981/4986/3981 3980/4985/3980
f 4003/5008/4003 4002/5007/4002 4004/5009/4004 4005/5010/4005
f 4003/5008/4003 4005/5010/4005 3982/4987/3982 3981/4986/3981
f 4005/5010/4005 4004/5009/4004 4006/5011/4006 4007/5012/4007
f 4005/5010/4005 4007/5012/4007 3984/4989/3984 3982/4987/3982
f 4007/5012/4007 4006/5011/4006 4008/5013/4008 4009/5014/4009
f 4007/5012/4007 4009/5014/4009 3986/4991/3986 3984/4989/3984
f 4009/5014/4009 4008/5013/4008 4010/5015/4010 4011/5016/4011
f 4009/5014/4009 4011/5016/4011 3988/4993/3988 3986/4991/3986
f 4011/5292/4011 4010/5291/4010 4012/5017/4012 4013/5018/4013
f 4011/5292/4011 4013/5018/4013 3990/4995/3990 3988/5289/3988
f 4013/5018/4013 4012/5017/4012 4014/5019/4014 4015/5020/4015
f 4013/5018/4013 4015/5020/4015 3992/4997/3992 3990/4995/3990
f 4015/5020/4015 4014/5019/4014 4016/5021/4016 3997/5002/3997
f 4015/5020/4015 3997/5002/3997 3994/4999/3994 3992/4997/3992
f 4016/5021/4016 4014/5019/4014 4017/5022/4017 4018/5023/4018
f 4016/5021/4016 4018/5023/4018 4019/5024/4019 4000/5005/4000
f 4016/5021/4016 4000/5005/4000 3998/5003/3998 3997/5002/3997
f 4019/5024/4019 4018/5023/4018 4020/5025/4020 4021/5026/4021
f 4019/5024/4019 4021/5026/4021 4022/5027/4022 4023/5028/4023
f 4019/5024/4019 4023/5028/4023 4001/5006/4001 4000/5005/4000
f 4023/5028/4023 4022/5027/4022 4024/5029/4024 4025/5030/4025
f 4023/5028/4023 4025/5030/4025 4002/5007/4002 4001/5006/4001
f 4025/5030/4025 4024/5029/4024 4026/5031/4026 4027/5032/4027
f 4025/5030/4025 4027/5032/4027 4004/5009/4004 4002/5007/4002
f 4027/5032/4027 4026/5031/4026 4028/5033/4028 4029/5034/4029
f 4027/5032/4027 4029/5034/4029 4006/5011/4006 4004/5009/4004
f 4029/5034/4029 4028/5033/4028 4030/5035/4030 4031/5036/4031
f 4029/5034/4029 4031/5036/4031 4008/5013/4008 4006/5011/4006
f 4031/5036/4031 4030/5035/4030 4032/5037/4032 4033/5038/4033
f 4031/5036/4031 4033/5038/4033 4010/5015/4010 4008/5013/4008
f 4033/5294/4033 4032/5293/4032 4034/5039/4034 4035/5040/4035
f 4033/5294/4033 4035/5040/4035 4012/5017/4012 4010/5291/4010
f 4035/5040/4035 4034/5039/4034 4036/5041/4036 4017/5022/4017
f 4035/5040/4035 4017/5022/4017 4014/5019/4014 4012/5017/4012
f 4036/5041/4036 4034/5039/4034 4037/5042/4037 4038/5043/4038
f 4036/5041/4036 4038/5043/4038 4039/5044/4039 4020/5025/4020
f 4036/5041/4036 4020/5025/4020 4018/5023/4018 4017/5022/4017
f 4039/5044/4039 4038/5043/4038 4040/5045/4040 4041/5046/4041
f 4039/5044/4039 4041/5046/4041 4042/5047/4042 4043/5048/4043
f 4039/5044/4039 4043/5048/4043 4021/5026/4021 4020/5025/4020
f 4043/5048/4043 4042/5047/4042 4044/5049/4044 4045/5050/4045
f 4043/5048/4043 4045/5050/4045 4022/5027/4022 4021/5026/4021
f 4045/5050/4045 4044/5049/4044 4046/5051/4046 4047/5052/4047
f 4045/5050/4045 4047/5052/4047 4024/5029/4024 4022/5027/4022
f 4047/5052/4047 4046/5051/4046 4048/5053/4048 4049/5054/4049
f 4047/5052/4047 4049/5054/4049 4026/5031/4026 4024/5029/4024
f 4049/5054/4049 4048/5053/4048 4050/5055/4050 4051/5056/4051
f 4049/5054/4049 4051/5056/4051 4028/5033/4028 4026/5031/4026
f 4051/5056/4051 4050/5055/4050 4052/5057/4052 4053/5058/4053
f 4051/5056/4051 4053/5058/4053 4030/5035/4030 4028/5033/4028
f 4053/5058/4053 4052/5057/4052 4054/5059/4054 4055/5060/4055
f 4053/5058/4053 4055/5060/4055 4032/5037/4032 4030/5035/4030
f 4055/5296/4055 4054/5295/4054 4056/5061/4056 4037/5042/4037
f 4055/5296/4055 4037/5042/4037 4034/5039/4034 4032/5293/4032
f 4056/5061/4056 4054/5295/4054 4057/5062/4057 4058/5063/4058
f 4056/5061/4056 4058/5063/4058 4059/5064/4059 4040/5045/4040
f 4056/5061/4056 4040/5045/4040 4038/5043/4038 4037/5042/4037
f 4059/5064/4059 4058/5063/4058 4060/5065/4060 4061/5066/4061
f 4059/5064/4059 4061/5066/4061 4062/5067/4062 4063/5068/4063
f 4059/5064/4059 4063/5068/4063 4041/5046/4041 4040/5045/4040
f 4063/5068/4063 4062/5067/4062 4064/5069/4064 4065/5070/4065
f 4063/5068/4063 4065/5070/4065 4042/5047/4042 4041/5046/4041
f 4065/5070/4065 4064/5069/4064 4066/5071/4066 4067/5072/4067
f 4065/5070/4065 4067/5072/4067 4044/5049/4044 4042/5047/4042
f 4067/5072/4067 4066/5071/4066 4068/5073/4068 4069/5074/4069
f 4067/5072/4067 4069/5074/4069 4046/5051/4046 4044/5049/4044
f 4069/5074/4069 4068/5073/4068 4070/5075/4070 4071/5076/4071
f 4069/5074/4069 4071/5076/4071 4048/5053/4048 4046/5051/4046
f 4071/5076/4071 4070/5075/4070 4072/5077/4072 4073/5078/4073
f 4071/5076/4071 4073/5078/4073 4050/5055/4050 4048/5053/4048
f 4073/5078/4073 4072/5077/4072 4074/5079/4074 4075/5080/4075
f 4073/5078/4073 4075/5080/4075 4052/5057/4052 4050/5055/4050
f 4075/5080/4075 4074/5079/4074 4076/5081/4076 4057/5297/4057
f 4075/5080/4075 4057/5297/4057 4054/5059/4054 4052/5057/4052
f 4076/5081/4076 4074/5079/4074 4077/5082/4077 4078/5083/4078
f 4076/5298/4076 4078/5299/4078 4079/5084/4079 4060/5065/4060
f 4076/5298/4076 4060/5065/4060 4058/5063/4058 4057/5062/4057
f 4079/5084/4079 4078/5299/4078 4080/5085/4080 4081/5086/4081
f 4079/5084/4079 4081/5086/4081 4082/5087/4082 4083/5088/4083
f 4079/5084/4079 4083/5088/4083 4061/5066/4061 4060/5065/4060
f 4083/5088/4083 4082/5087/4082 4084/5089/4084 4085/5090/4085
f 4083/5088/4083 4085/5090/4085 4062/5067/4062 4061/5066/4061
f 4085/5090/4085 4084/5089/4084 4086/5091/4086 4087/5092/4087
f 4085/5090/4085 4087/5092/4087 4064/5069/4064 4062/5067/4062
f 4087/5092/4087 4086/5091/4086 4088/5093/4088 4089/5094/4089
f 4087/5092/4087 4089/5094/4089 4066/5071/4066 4064/5069/4064
f 4089/5094/4089 4088/5093/4088 4090/5095/4090 4091/5096/4091
f 4089/5094/4089 4091/5096/4091 4068/5073/4068 4066/5071/4066
f 4091/5096/4091 4090/5095/4090 4092/5097/4092 4093/5098/4093
f 4091/5096/4091 4093/5098/4093 4070/5075/4070 4068/5073/4068
f 4093/5098/4093 4092/5097/4092 4094/5099/4094 4095/5100/4095
f 4093/5098/4093 4095/5100/4095 4072/5077/4072 4070/5075/4070
f 4095/5100/4095 4094/5099/4094 4096/5101/4096 4077/5082/4077
f 4095/5100/4095 4077/5082/4077 4074/5079/4074 4072/5077/4072
f 4096/5101/4096 4094/5099/4094 4097/5102/4097 4098/5103/4098
f 4096/5101/4096 4098/5103/4098 4099/5104/4099 4080/5300/4080
f 4096/5101/4096 4080/5300/4080 4078/5083/4078 4077/5082/4077
f 4099/5104/4099 4098/5103/4098 4100/5105/4100 4101/5106/4101
f 4099/5301/4099 4101/5302/4101 4102/5107/4102 4103/5108/4103
f 4099/5301/4099 4103/5108/4103 4081/5086/4081 4080/5085/4080
f 4103/5108/4103 4102/5107/4102 4104/5109/4104 4105/5110/4105
f 4103/5108/4103 4105/5110/4105 4082/5087/4082 4081/5086/4081
f 4105/5110/4105 4104/5109/4104 4106/5111/4106 4107/5112/4107
f 4105/5110/4105 4107/5112/4107 4084/5089/4084 4082/5087/4082
f 4107/5112/4107 4106/5111/4106 4108/5113/4108 4109/5114/4109
f 4107/5112/4107 4109/5114/4109 4086/5091/4086 4084/5089/4084
f 4109/5114/4109 4108/5113/4108 4110/5115/4110 4111/5116/4111
f 4109/5114/4109 4111/5116/4111 4088/5093/4088 4086/5091/4086
f 4111/5116/4111 4110/5115/4110 4112/5117/4112 4113/5118/4113
f 4111/5116/4111 4113/5118/4113 4090/5095/4090 4088/5093/4088
f 4113/5118/4113 4112/5117/4112 4114/5119/4114 4115/5120/4115
f 4113/5118/4113 4115/5120/4115 4092/5097/4092 4090/5095/4090
f 4115/5120/4115 4114/5119/4114 4116/5121/4116 4097/5102/4097
f 4115/5120/4115 4097/5102/4097 4094/5099/4094 4092/5097/4092
f 4116/5121/4116 4114/5119/4114 4117/5122/4117 4118/5123/4118
f 4116/5121/4116 4118/5123/4118 4119/5124/4119 4100/5105/4100
f 4116/5121/4116 4100/5105/4100 4098/5103/4098 4097/5102/4097
f 4119/5124/4119 4118/5123/4118 4120/5125/4120 4121/5126/4121
f 4119/5124/4119 4121/5126/4121 4122/5127/4122 4123/5128/4123
f 4119/5124/4119 4123/5128/4123 4101/5106/4101 4100/5105/4100
f 4123/5304/4123 4122/5303/4122 4124/5129/4124 4125/5130/4125
f 4123/5304/4123 4125/5130/4125 4102/5107/4102 4101/5302/4101
f 4125/5130/4125 4124/5129/4124 4126/5131/4126 4127/5132/4127
f 4125/5130/4125 4127/5132/4127 4104/5109/4104 4102/5107/4102
f 4127/5132/4127 4126/5131/4126 4128/5133/4128 4129/5134/4129
f 4127/5132/4127 4129/5134/4129 4106/5111/4106 4104/5109/4104
f 4129/5134/4129 4128/5133/4128 4130/5135/4130 4131/5136/4131
f 4129/5134/4129 4131/5136/4131 4108/5113/4108 4106/5111/4106
f 4131/5136/4131 4130/5135/4130 4132/5137/4132 4133/5138/4133
f 4131/5136/4131 4133/5138/4133 4110/5115/4110 4108/5113/4108
f 4133/5138/4133 4132/5137/4132 4134/5139/4134 4135/5140/4135
f 4133/5138/4133 4135/5140/4135 4112/5117/4112 4110/5115/4110
f 4135/5140/4135 4134/5139/4134 4136/5141/4136 4117/5122/4117
f 4135/5140/4135 4117/5122/4117 4114/5119/4114 4112/5117/4112
f 4136/5141/4136 4134/5139/4134 4137/5142/4137 4138/5143/4138
f 4136/5141/4136 4138/5143/4138 4139/5144/4139 4120/5125/4120
f 4136/5141/4136 4120/5125/4120 4118/5123/4118 4117/5122/4117
f 4139/5144/4139 4138/5143/4138 4140/5145/4140 4141/5146/4141
f 4139/5144/4139 4141/5146/4141 4142/5147/4142 4143/5148/4143
f 4139/5144/4139 4143/5148/4143 4121/5126/4121 4120/5125/4120
f 4143/5148/4143 4142/5147/4142 4144/5149/4144 4145/5150/4145
f 4143/5148/4143 4145/5150/4145 4122/5127/4122 4121/5126/4121
f 4145/5306/4145 4144/5305/4144 4146/5151/4146 4147/5152/4147
f 4145/5306/4145 4147/5152/4147 4124/5129/4124 4122/5303/4122
f 4147/5152/4147 4146/5151/4146 4148/5153/4148 4149/5154/4149
f 4147/5152/4147 4149/5154/4149 4126/5131/4126 4124/5129/4124
f 4149/5154/4149 4148/5153/4148 4150/5155/4150 4151/5156/4151
f 4149/5154/4149 4151/5156/4151 4128/5133/4128 4126/5131/4126
f 4151/5156/4151 4150/5155/4150 4152/5157/4152 4153/5158/4153
f 4151/5156/4151 4153/5158/4153 4130/5135/4130 4128/5133/4128
f 4153/5158/4153 4152/5157/4152 4154/5159/4154 4155/5160/4155
f 4153/5158/4153 4155/5160/4155 4132/5137/4132 4130/5135/4130
f 4155/5160/4155 4154/5159/4154 4156/5161/4156 4137/5142/4137
f 4155/5160/4155 4137/5142/4137 4134/5139/4134 4132/5137/4132
f 4156/5161/4156 4154/5159/4154 4157/5162/4157 4158/5163/4158
f 4156/5161/4156 4158/5163/4158 4159/5164/4159 4140/5145/4140
f 4156/5161/4156 4140/5145/4140 4138/5143/4138 4137/5142/4137
f 4159/5164/4159 4158/5163/4158 4160/5165/4160 4161/5166/4161
f 4159/5164/4159 4161/5166/4161 4162/5167/4162 4163/5168/4163
f 4159/5164/4159 4163/5168/4163 4141/5146/4141 4140/5145/4140
f 4163/5168/4163 4162/5167/4162 4164/5169/4164 4165/5170/4165
f 4163/5168/4163 4165/5170/4165 4142/5147/4142 4141/5146/4141
f 4165/5170/4165 4164/5169/4164 4166/5171/4166 4167/5172/4167
f 4165/5170/4165 4167/5172/4167 4144/5149/4144 4142/5147/4142
f 4167/5308/4167 4166/5307/4166 4168/5173/4168 4169/5174/4169
f 4167/5308/4167 4169/5174/4169 4146/5151/4146 4144/5305/4144
f 4169/5174/4169 4168/5173/4168 4170/5175/4170 4171/5176/4171
f 4169/5174/4169 4171/5176/4171 4148/5153/4148 4146/5151/4146
f 4171/5176/4171 4170/5175/4170 4172/5177/4172 4173/5178/4173
f 4171/5176/4171 4173/5178/4173 4150/5155/4150 4148/5153/4148
f 4173/5178/4173 4172/5177/4172 4174/5179/4174 4175/5180/4175
f 4173/5178/4173 4175/5180/4175 4152/5157/4152 4150/5155/4150
f 4175/5180/4175 4174/5179/4174 4176/5181/4176 4157/5162/4157
f 4175/5180/4175 4157/5162/4157 4154/5159/4154 4152/5157/4152
f 4176/5181/4176 4174/5179/4174 4177/5182/4177 4178/5183/4178
f 4176/5181/4176 4178/5183/4178 4179/5184/4179 4160/5165/4160
f 4176/5181/4176 4160/5165/4160 4158/5163/4158 4157/5162/4157
f 4179/5184/4179 4178/5183/4178 4180/5185/4180 4181/5186/4181
f 4179/5184/4179 4181/5186/4181 4182/5187/4182 4183/5188/4183
f 4179/5184/4179 4183/5188/4183 4161/5166/4161 4160/5165/4160
f 4183/5188/4183 4182/5187/4182 4184/5189/4184 4185/5190/4185
f 4183/5188/4183 4185/5190/4185 4162/5167/4162 4161/5166/4161
f 4185/5190/4185 4184/5189/4184 4186/5191/4186 4187/5192/4187
f 4185/5190/4185 4187/5192/4187 4164/5169/4164 4162/5167/4162
f 4187/5192/4187 4186/5191/4186 4188/5193/4188 4189/5194/4189
f 4187/5192/4187 4189/5194/4189 4166/5171/4166 4164/5169/4164
f 4189/5310/4189 4188/5309/4188 4190/5195/4190 4191/5196/4191
f 4189/5310/4189 4191/5196/4191 4168/5173/4168 4166/5307/4166
f 4191/5196/4191 4190/5195/4190 4192/5197/4192 4193/5198/4193
f 4191/5196/4191 4193/5198/4193 4170/5175/4170 4168/5173/4168
f 4193/5198/4193 4192/5197/4192 4194/5199/4194 4195/5200/4195
f 4193/5198/4193 4195/5200/4195 4172/5177/4172 4170/5175/4170
f 4195/5200/4195 4194/5199/4194 4196/5201/4196 4177/5182/4177
f 4195/5200/4195 4177/5182/4177 4174/5179/4174 4172/5177/4172
f 4196/5201/4196 4194/5199/4194 4197/5202/4197 4198/5203/4198
f 4196/5201/4196 4198/5203/4198 4199/5204/4199 4180/5185/4180
f 4196/5201/4196 4180/5185/4180 4178/5183/4178 4177/5182/4177
f 4199/5204/4199 4198/5203/4198 4200/5205/4200 4201/5206/4201
f 4199/5204/4199 4201/5206/4201 4202/5207/4202 4203/5208/4203
f 4199/5204/4199 4203/5208/4203 4181/5186/4181 4180/5185/4180
f 4203/5208/4203 4202/5207/4202 4204/5209/4204 4205/5210/4205
f 4203/5208/4203 4205/5210/4205 4182/5187/4182 4181/5186/4181
f 4205/5210/4205 4204/5209/4204 4206/5211/4206 4207/5212/4207
f 4205/5210/4205 4207/5212/4207 4184/5189/4184 4182/5187/4182
f 4207/5212/4207 4206/5211/4206 4208/5213/4208 4209/5214/4209
f 4207/5212/4207 4209/5214/4209 4186/5191/4186 4184/5189/4184
f 4209/5214/4209 4208/5213/4208 4210/5215/4210 4211/5216/4211
f 4209/5214/4209 4211/5216/4211 4188/5193/4188 4186/5191/4186
f 4211/5312/4211 4210/5311/4210 4212/5217/4212 4213/5218/4213
f 4211/5312/4211 4213/5218/4213 4190/5195/4190 4188/5309/4188
f 4213/5218/4213 4212/5217/4212 4214/5219/4214 4215/5220/4215
f 4213/5218/4213 4215/5220/4215 4192/5197/4192 4190/5195/4190
f 4215/5220/4215 4214/5219/4214 4216/5221/4216 4197/5202/4197
f 4215/5220/4215 4197/5202/4197 4194/5199/4194 4192/5197/4192
f 4216/5221/4216 4214/5219/4214 4217/5222/4217 4218/5223/4218
f 4216/5221/4216 4218/5223/4218 4219/5224/4219 4200/5205/4200
f 4216/5221/4216 4200/5205/4200 4198/5203/4198 4197/5202/4197
f 4219/5224/4219 4218/5223/4218 3884/4889/3884 3886/4891/3886
f 4219/5224/4219 3886/4891/3886 3885/4890/3885 4220/5225/4220
f 4219/5224/4219 4220/5225/4220 4201/5206/4201 4200/5205/4200
f 4220/5225/4220 3885/4890/3885 3889/4894/3889 4221/5226/4221
f 4220/5225/4220 4221/5226/4221 4202/5207/4202 4201/5206/4201
f 4221/5226/4221 3889/4894/3889 3894/4899/3894 4222/5227/4222
f 4221/5226/4221 4222/5227/4222 4204/5209/4204 4202/5207/4202
f 4222/5227/4222 3894/4899/3894 3893/4898/3893 4223/5228/4223
f 4222/5227/4222 4223/5228/4223 4206/5211/4206 4204/5209/4204
f 4223/5228/4223 3893/4898/3893 3895/4900/3895 4224/5229/4224
f 4223/5228/4223 4224/5229/4224 4208/5213/4208 4206/5211/4206
f 4224/5229/4224 3895/4900/3895 3896/5270/3896 4225/5230/4225
f 4224/5229/4224 4225/5230/4225 4210/5215/4210 4208/5213/4208
f 4225/5313/4225 3896/4901/3896 3882/4887/3882 4226/5231/4226
f 4225/5313/4225 4226/5231/4226 4212/5217/4212 4210/5311/4210
f 4226/5231/4226 3882/4887/3882 3881/4886/3881 4217/5222/4217
f 4226/5231/4226 4217/5222/4217 4214/5219/4214 4212/5217/4212
f 4218/5223/4218 4217/5222/4217 3881/4886/3881 3884/4889/3884
f 4251/5256/4251 4239/5244/4239 4231/5236/4231 4235/5240/4235
f 4249/5254/4249 4244/5249/4244 4237/5242/4237 4239/5244/4239
f 4244/5249/4244 4243/5248/4243 4238/5243/4238 4237/5242/4237
f 3896/5270/3896 3895/4900/3895 3892/5269/3892 3890/5267/3890
f 3894/4899/3894 3889/4894/3889 3888/5265/3888 3891/5268/3891
f 3892/4897/3892 4229/5234/4229 4228/5233/4228 3890/4895/3890
f 4229/5234/4229 3891/4896/3891 3888/4893/3888 4227/5232/4227
f 4229/5234/4229 4227/5232/4227 4253/5258/4253 4228/5233/4228
f 4227/5232/4227 3887/5264/3887 3883/5263/3883 4253/5258/4253
f 3887/4892/3887 3886/4891/3886 3884/4889/3884 3883/4888/3883
f 3877/5259/3877 4228/5233/4228 4253/5258/4253 3883/5263/3883
o Bod
usemtl Bod
v -0.55627131 -2.69589376 -0.02374239
v -0.63468301 -2.69350767 0.006683815
v -0.66823184 -2.68483496 -0.15612629
v -0.5620414 -2.69390321 -0.13553879
v -0.49028277 -2.69641566 0.047252401
v -0.55295032 -2.69870615 0.130954027
v -0.45243806 -2.69326687 -0.08525169
v -0.70757246 -2.67707658 0.031071491
v -0.75035584 -2.661726 -0.16718282
v -0.59945059 -2.68270516 0.182961225
v -0.52872366 -2.69721746 -0.31603637
v -0.62015724 -2.68635774 -0.37001723
v -0.69093561 -2.66261196 -0.41362378
v -0.41895658 -2.6994791 -0.24684489
v -0.32026398 -2.68543029 0.001698005
v -0.36843118 -2.68294954 0.139577537
v -0.27366716 -2.69611979 -0.15622827
v -0.40399545 -2.67468882 0.234764874
v -0.43156397 -2.65066385 0.300255984
v -0.63875699 -2.64225006 0.223330080
v -0.76242846 -2.63954496 0.050714321
v -0.45192802 -2.61321712 0.344487339
v -0.80609399 -2.62244987 -0.17464194
v -0.74189359 -2.61813331 -0.44625288
v -0.46928951 -2.68457079 -0.57870209
v -0.51879787 -2.65950799 -0.64646614
v -0.55349362 -2.61313891 -0.69287664
v -0.40328729 -2.69877577 -0.4920716
v -0.326493 -2.70539641 -0.39102003
v -0.24322252 -2.70365167 -0.27819222
v -0.13384773 -2.70703983 -0.29955232
v -0.13627613 -2.6943593 -0.11520034
v -0.16243029 -2.67942762 0.069705106
v -0.19039677 -2.66804338 0.204459726
v -0.21001306 -2.65540934 0.301395624
v -0.22527905 -2.63027167 0.372406870
v -0.23654869 -2.59082699 0.422543317
v -0.47113016 -2.5555625 0.370986282
v -0.66310149 -2.59021187 0.245224416
v -0.24573021 -2.53057814 0.454563200
v -0.79532486 -2.58503675 0.065320611
v -0.84265482 -2.5612607 -0.1793355
v -0.7712447 -2.55158448 -0.46367878
v -0.56673944 -2.55118155 -0.71466392
v -0.26542845 -2.65348864 -0.79027444
v -0.27889031 -2.60491323 -0.84726191
v -0.28292504 -2.53685331 -0.8729158
v -0.24065328 -2.68439007 -0.70947027
v -0.21045332 -2.70090246 -0.60621351
v -0.17251655 -2.70995712 -0.48143804
v 0 -2.69475842 -0.11091772
v 0 -2.70973349 -0.31013834
v 0 -2.71303701 -0.5082745
v 0 -2.67950535 0.087953679
v 0 -2.67190504 0.217946052
v 0 -2.66150093 0.320238858
v 0 -2.63827348 0.395126283
v 0 -2.59271789 0.448760479
v 0 -2.53010464 0.481321036
v 0 -2.45499849 0.486722052
v -0.24739417 -2.46136808 0.461407244
v -0.48314461 -2.49130297 0.377162456
v -0.67564839 -2.5201714 0.248726576
v -0.80439174 -2.51153994 0.064425155
v -0.8410995 -2.48487091 -0.1829828
v -0.76464027 -2.47255135 -0.46342015
v -0.55955213 -2.47987986 -0.71050084
v -0.28131562 -2.46464515 -0.86917812
v 0 -2.60587931 -0.89034587
v 0 -2.53437281 -0.92475283
v 0 -2.45353031 -0.92690748
v 0 -2.65587449 -0.82529944
v 0 -2.68699074 -0.73909473
v 0 -2.70498085 -0.63088554
v 0.172516554 -2.70995712 -0.48143804
v 0.133847728 -2.70703983 -0.29955232
v 0.210453316 -2.70090246 -0.60621351
v 0.136276125 -2.6943593 -0.11520034
v 0.162430286 -2.67942762 0.069705106
v 0.190396770 -2.66804338 0.204459726
v 0.210013061 -2.65540934 0.301395624
v 0.225279048 -2.63027167 0.372406870
v 0.236548692 -2.59082699 0.422543317
v 0.245730206 -2.53057814 0.454563200
v 0.247394174 -2.46136808 0.461407244
v 0 -2.37313652 0.472112715
v -0.24486314 -2.38139105 0.451238155
v 0.244863137 -2.38139105 0.451238155
v -0.48301902 -2.40915251 0.369625508
v -0.6672262 -2.42494345 0.239690274
v -0.77838069 -2.40600538 0.058688558
v -0.80386764 -2.38423729 -0.17775407
v -0.72292602 -2.38557053 -0.44169837
v -0.53086144 -2.39499164 -0.67626345
v -0.27092853 -2.38048601 -0.83271474
v 0 -2.36797142 -0.90849531
v 0.281315624 -2.46464515 -0.86917812
v 0.270928531 -2.38048601 -0.83271474
v 0.282925039 -2.53685331 -0.8729158
v 0.278890311 -2.60491323 -0.84726191
v 0.56673944 -2.55118155 -0.71466392
v 0.559552133 -2.47987986 -0.71050084
v 0.553493619 -2.61313891 -0.69287664
v 0.530861437 -2.39499164 -0.67626345
v 0.248092547 -2.24652457 -0.78253055
v 0 -2.23484468 -0.86361271
v 0.478454202 -2.26172638 -0.61798376
v -0.24809255 -2.24652457 -0.78253055
v -0.4784542 -2.26172638 -0.61798376
v -0.65564841 -2.25002265 -0.40331098
v -0.73480886 -2.24050641 -0.15899545
v -0.72169101 -2.24588871 0.065123088
v -0.63011676 -2.26116276 0.234843999
v -0.47180837 -2.26122618 0.354929864
v -0.24222788 -2.23894262 0.418092876
v 0 -2.22528028 0.432102829
v -0.46129733 -2.02862811 0.336779087
v -0.25359163 -2.01137161 0.380056828
v 0 -1.99926496 0.387098431
v -0.60120779 -2.03221512 0.234364301
v -0.68055117 -2.02805376 0.070642791
v -0.69217801 -2.02959871 -0.14351521
v -0.62031758 -2.04060268 -0.38464582
v -0.45721623 -2.04694128 -0.5892294
v -0.23662806 -2.03657818 -0.74762875
v 0 -2.02662683 -0.81429523
v 0.236628055 -2.03657818 -0.74762875
v 0.457216233 -2.04694128 -0.5892294
v 0.620317578 -2.04060268 -0.38464582
v 0.655648410 -2.25002265 -0.40331098
v 0.722926020 -2.38557053 -0.44169837
v 0.764640271 -2.47255135 -0.46342015
v 0.734808862 -2.24050641 -0.15899545
v 0.803867638 -2.38423729 -0.17775407
v 0.841099500 -2.48487091 -0.1829828
v 0.692178010 -2.02959871 -0.14351521
v 0.475688129 -1.82604611 -0.60290354
v 0.634827196 -1.81943214 -0.40106884
v 0.695335030 -1.80366182 -0.15333693
v 0.251104801 -1.81269217 -0.73808473
v 0 -1.80378008 -0.79320073
v -0.2511048 -1.81269217 -0.73808473
v -0.47568813 -1.82604611 -0.60290354
v -0.6348272 -1.81943214 -0.40106884
v -0.69533503 -1.80366182 -0.15333693
v -0.67862833 -1.79588938 0.062605962
v -0.60346091 -1.79168439 0.224083989
v -0.46575055 -1.78537297 0.319909274
v -0.47083905 -1.54776561 0.297641426
v -0.60824418 -1.55356848 0.200704693
v -0.68384403 -1.56285906 0.039800591
v -0.70232451 -1.57243192 -0.17473239
v -0.64244241 -1.58282042 -0.42067999
v -0.49296424 -1.59113038 -0.62151653
v -0.27003625 -1.5905751 -0.75322723
v 0 -1.58720958 -0.80652815
v 0.270036250 -1.5905751 -0.75322723
v 0.492964237 -1.59113038 -0.62151653
v 0.642442405 -1.58282042 -0.42067999
v 0.702324509 -1.57243192 -0.17473239
v 0.683844029 -1.56285906 0.039800591
v 0.678628325 -1.79588938 0.062605962
v 0.680551171 -2.02805376 0.070642791
v 0.721691012 -2.24588871 0.065123088
v 0.603460907 -1.79168439 0.224083989
v 0.601207792 -2.03221512 0.234364301
v 0.630116760 -2.26116276 0.234843999
v 0.608244180 -1.55356848 0.200704693
v 0.687338829 -1.33220279 0.019617438
v 0.609674751 -1.32260299 0.179783135
v 0.706226825 -1.33807588 -0.19236946
v 0.641862928 -1.34049487 -0.43515444
v 0.492951363 -1.34934175 -0.63927996
v 0.271946817 -1.36340261 -0.77459621
v 0 -1.36991394 -0.82718825
v -0.27194682 -1.36340261 -0.77459621
v -0.49295136 -1.34934175 -0.63927996
v -0.64186293 -1.34049487 -0.43515444
v -0.70622683 -1.33807588 -0.19236946
v -0.68733883 -1.33220279 0.019617438
v -0.60967475 -1.32260299 0.179783135
v -0.60865241 -1.0932467 0.170230418
v -0.69156367 -1.10070205 0.010441385
v -0.70830494 -1.10491145 -0.19699785
v -0.63885885 -1.10270667 -0.4398675
v -0.4856993 -1.11114705 -0.65183181
v -0.26506844 -1.12875819 -0.79261923
v 0 -1.13855183 -0.84636539
v 0.265068441 -1.12875819 -0.79261923
v 0.485699296 -1.11114705 -0.65183181
v 0.638858854 -1.10270667 -0.4398675
v 0.708304941 -1.10491145 -0.19699785
v 0.691563665 -1.10070205 0.010441385
v 0.608652412 -1.0932467 0.170230418
v 0.469519853 -1.31718421 0.277855604
v 0.470839053 -1.54776561 0.297641426
v 0.463572651 -1.09071302 0.270080179
v 0.465750545 -1.78537297 0.319909274
v 0.265776306 -1.31903565 0.305965989
v 0.267668664 -1.54341805 0.325870275
v 0.263767659 -1.77376199 0.352183163
v 0.261202722 -1.09520233 0.301513373
v 0.453966856 -0.85960156 0.276660025
v 0.604186594 -0.8620522 0.175508618
v 0.251235485 -0.86724204 0.315099597
v 0.690052270 -0.86978978 0.012838482
v 0.704678654 -0.87599182 -0.19479567
v 0.632934153 -0.8761366 -0.43505132
v 0.477911233 -0.87791187 -0.64991277
v 0.259546905 -0.88850403 -0.80100256
v 0 -0.89601421 -0.85530728
v -0.25954691 -0.88850403 -0.80100256
v -0.47791123 -0.87791187 -0.64991277
v -0.63293415 -0.8761366 -0.43505132
v -0.62117469 -0.65868509 -0.41917905
v -0.47265929 -0.64973307 -0.62712902
v -0.25248727 -0.64726096 -0.78363496
v 0 -0.64671946 -0.84196496
v 0.252487272 -0.64726096 -0.78363496
v 0.472659289 -0.64973307 -0.62712902
v 0.621174693 -0.65868509 -0.41917905
v 0.690425217 -0.65946388 -0.19530761
v 0.675671696 -0.64511722 0.012257948
v 0.587424337 -0.62913162 0.176008969
v 0.436233133 -0.62637842 0.278203874
v 0.235453248 -0.63548505 0.320068776
v 0 -0.64091802 0.327158957
v 0 -0.87190533 0.321497112
v 0 -1.09854686 0.302951991
v 0 -1.3203423 0.299606889
v -0.25123549 -0.86724204 0.315099597
v -0.26120272 -1.09520233 0.301513373
v -0.26577631 -1.31903565 0.305965989
v -0.23545325 -0.63548505 0.320068776
v 0 -0.44755375 0.280024588
v -0.21666297 -0.4377805 0.275065392
v 0.216662973 -0.4377805 0.275065392
v 0.410012483 -0.42107636 0.231996506
v 0.558027207 -0.4273386 0.138139247
v 0.647932350 -0.45138091 -0.0188855
v 0.659162819 -0.46792865 -0.20424989
v 0.600920856 -0.4565255 -0.38477188
v 0.462718904 -0.43339545 -0.57320243
v 0.247529685 -0.4110716 -0.72481894
v 0 -0.40015501 -0.779787
v -0.24752969 -0.4110716 -0.72481894
v -0.4627189 -0.43339545 -0.57320243
v -0.4342407 -0.25528669 -0.47569525
v -0.22387867 -0.23558223 -0.61280328
v 0 -0.22786343 -0.6599232
v 0.223878666 -0.23558223 -0.61280328
v 0.434240698 -0.25528669 -0.47569525
v 0.565635263 -0.30060005 -0.31649768
v 0.618950843 -0.34169841 -0.21232826
v 0.597009122 -0.30441403 -0.09301104
v 0.515907585 -0.27662134 0.050452798
v 0.371328562 -0.2767005 0.128207176
v 0.189826205 -0.29753542 0.164062678
v 0 -0.31007051 0.168681204
v -0.18982621 -0.29753542 0.164062678
v -0.41001248 -0.42107636 0.231996506
v -0.43623313 -0.62637842 0.278203874
v -0.37132856 -0.2767005 0.128207176
v -0.45396686 -0.85960156 0.276660025
v -0.60418659 -0.8620522 0.175508618
v -0.58742434 -0.62913162 0.176008969
v -0.55802721 -0.4273386 0.138139247
v -0.51590759 -0.27662134 0.050452798
v -0.16683443 -0.2174809 0.012754395
v -0.33272699 -0.20164216 -0.01867345
v -0.44917783 -0.19202161 -0.09434155
v 0 -0.22617531 0.014999002
v 0.166834428 -0.2174809 0.012754395
v 0.332726985 -0.20164216 -0.01867345
v 0.449177831 -0.19202161 -0.09434155
v 0.516906142 -0.2154969 -0.2103833
v 0.388350725 -0.16981292 -0.35611862
v 0.196063667 -0.15644288 -0.49455211
v 0 -0.1613903 -0.53911275
v 0.164162501 -0.14038742 -0.35742939
v 0 -0.14130068 -0.3883954
v 0.340919673 -0.15438068 -0.23205814
v 0.288890332 -0.16861463 -0.12626454
v 0.152416452 -0.16728127 -0.16015995
v 0 -0.17001379 -0.17432135
v -0.15241645 -0.16728127 -0.16015995
v -0.28889033 -0.16861463 -0.12626454
v -0.34091967 -0.15438068 -0.23205814
v -0.38835073 -0.16981292 -0.35611862
v -0.51690614 -0.2154969 -0.2103833
v -0.59700912 -0.30441403 -0.09301104
v -0.64793235 -0.45138091 -0.0188855
v -0.6756717 -0.64511722 0.012257948
v -0.69005227 -0.86978978 0.012838482
v -0.69042522 -0.65946388 -0.19530761
v -0.65916282 -0.46792865 -0.20424989
v -0.70467865 -0.87599182 -0.19479567
v -0.61895084 -0.34169841 -0.21232826
v -0.56563526 -0.30060005 -0.31649768
v -0.19606367 -0.15644288 -0.49455211
v -0.1641625 -0.14038742 -0.35742939
v -0.60092086 -0.4565255 -0.38477188
v -0.46357265 -1.09071302 0.270080179
v -0.46951985 -1.31718421 0.277855604
v -0.26766866 -1.54341805 0.325870275
v 0 -1.54198384 0.323144078
v 0 -1.76637447 0.354693114
v -0.26376766 -1.77376199 0.352183163
v 0.253591626 -2.01137161 0.380056828
v 0.461297333 -2.02862811 0.336779087
v 0.242227882 -2.23894262 0.418092876
v 0.471808373 -2.26122618 0.354929864
v 0.483019024 -2.40915251 0.369625508
v 0.667226195 -2.42494345 0.239690274
v 0.483144611 -2.49130297 0.377162456
v 0.675648391 -2.5201714 0.248726576
v 0.804391741 -2.51153994 0.064425155
v 0.778380692 -2.40600538 0.058688558
v 0.471130162 -2.5555625 0.370986282
v 0.663101494 -2.59021187 0.245224416
v 0.795324862 -2.58503675 0.065320611
v 0.451928019 -2.61321712 0.344487339
v 0.638756990 -2.64225006 0.223330080
v 0.762428462 -2.63954496 0.050714321
v 0.842654824 -2.5612607 -0.1793355
v 0.806093990 -2.62244987 -0.17464194
v 0.771244704 -2.55158448 -0.46367878
v 0.741893589 -2.61813331 -0.44625288
v 0.750355839 -2.661726 -0.16718282
v 0.690935611 -2.66261196 -0.41362378
v 0.707572460 -2.67707658 0.031071491
v 0.599450588 -2.68270516 0.182961225
v 0.431563973 -2.65066385 0.300255984
v 0.403995454 -2.67468882 0.234764874
v 0.552950322 -2.69870615 0.130954027
v 0.634683013 -2.69350767 0.006683815
v 0.668231844 -2.68483496 -0.15612629
v 0.620157241 -2.68635774 -0.37001723
v 0.518797874 -2.65950799 -0.64646614
v 0.469289511 -2.68457079 -0.57870209
v 0.265428453 -2.65348864 -0.79027444
v 0.240653276 -2.68439007 -0.70947027
v 0.403287291 -2.69877577 -0.4920716
v 0.528723657 -2.69721746 -0.31603637
v 0.562041401 -2.69390321 -0.13553879
v 0.556271314 -2.69589376 -0.02374239
v 0.490282774 -2.69641566 0.047252401
v 0.368431180 -2.68294954 0.139577537
v 0.320263981 -2.68543029 0.001698005
v 0.452438056 -2.69326687 -0.08525169
v 0.418956577 -2.6994791 -0.24684489
v 0.326492995 -2.70539641 -0.39102003
v 0.243222519 -2.70365167 -0.27819222
v 0.273667156 -2.69611979 -0.15622827
vn -0.02296337 -0.99948221 -0.02253838
vn -0.14015129 -0.99008799 0.009141870
vn -0.17520887 -0.98414069 -0.02773192
vn -0.04716818 -0.9988783 -0.00416848
vn 0.046816747 -0.99866807 0.021684782
vn -0.03342598 -0.99197751 0.121915027
vn 0.017082437 -0.99950916 0.026257913
vn -0.38648346 -0.91523379 0.113919682
vn -0.42186213 -0.90534043 -0.04889904
vn -0.24554768 -0.90907592 0.336581945
vn -0.06494246 -0.9977442 -0.01700193
vn -0.17046832 -0.98205632 -0.08066016
vn -0.39220572 -0.89822656 -0.19840306
vn -0.0179457 -0.99941623 0.029073469
vn 0.025536214 -0.99819964 0.054270975
vn 0.057220969 -0.99600613 0.068538866
vn -0.00488201 -0.9982096 0.059614382
vn 0.021362721 -0.97959572 0.199839264
vn -0.10735665 -0.88612676 0.450836867
vn -0.46998152 -0.68499547 0.556685388
vn -0.67640001 -0.69456232 0.245083615
vn -0.26793933 -0.64889783 0.712137758
vn -0.74195081 -0.66709173 -0.0670656
vn -0.68434083 -0.63914281 -0.35096183
vn -0.13475795 -0.97760743 -0.16162951
vn -0.29221976 -0.88774192 -0.355699
vn -0.50801194 -0.6076439 -0.61048567
vn -0.06529076 -0.99594778 -0.06184819
vn -0.03200278 -0.99948603 0.001859536
vn -0.0161673 -0.99895734 0.042694304
vn -0.01461126 -0.99896926 0.042976442
vn -0.00716736 -0.99731684 0.072854377
vn 0.002893187 -0.99746376 0.071116499
vn 0.009274829 -0.99604064 0.088413320
vn -0.01507275 -0.97763592 0.209763929
vn -0.07358761 -0.88163519 0.466158956
vn -0.14564337 -0.63450056 0.759076416
vn -0.38795727 -0.31577981 0.865893900
vn -0.63650137 -0.33236715 0.695987105
vn -0.19785877 -0.29082671 0.936093926
vn -0.88908547 -0.30495706 0.341362446
vn -0.96710128 -0.24419831 -0.07128979
vn -0.87285262 -0.18650949 -0.4509351
vn -0.63697809 -0.14962347 -0.75622207
vn -0.15128683 -0.87751561 -0.45505893
vn -0.25954562 -0.5992831 -0.75729513
vn -0.3357296 -0.16815464 -0.92682773
vn -0.07814802 -0.97173393 -0.22276908
vn -0.0461921 -0.99417758 -0.09735171
vn -0.02733151 -0.99949473 -0.01622783
vn 0 -0.99718052 0.075040482
vn 0 -0.99906379 0.043259523
vn 0 -0.9998132 -0.0193301
vn 0 -0.99724323 0.074201360
vn 0 -0.99602896 0.089030556
vn 0 -0.97931468 0.202343046
vn 0 -0.88262552 0.47007671
vn 0 -0.63140196 0.775455772
vn 0 -0.27808869 0.960555434
vn 0 0.041013494 0.999158680
vn -0.21838368 0.022621849 0.975600719
vn -0.44826618 -0.00338769 0.893893718
vn -0.70597982 0.020821297 0.707925856
vn -0.9282853 0.108505800 0.355686515
vn -0.97545075 0.211099967 -0.06271058
vn -0.84842134 0.284101128 -0.4466182
vn -0.62114775 0.294955134 -0.72606945
vn -0.3652412 0.232668429 -0.90136796
vn 0 -0.60989326 -0.79248357
vn 0 -0.19672073 -0.98045951
vn 0 0.179239854 -0.98380536
vn 0 -0.87527257 -0.48363003
vn 0 -0.96909535 -0.24668643
vn 0 -0.99381417 -0.11105591
vn 0.027332341 -0.99949473 -0.01622783
vn 0.014611711 -0.99896926 0.042976442
vn 0.046193506 -0.99417746 -0.09735169
vn 0.007167577 -0.99731684 0.072854377
vn -0.0028931 -0.99746376 0.071116499
vn -0.00927455 -0.99604064 0.088413320
vn 0.015073213 -0.97763592 0.209763929
vn 0.073589853 -0.88163507 0.466158896
vn 0.145615413 -0.63450319 0.759079575
vn 0.197839587 -0.29082781 0.936097502
vn 0.218367353 0.022621935 0.975604474
vn 0 0.212432161 0.977175772
vn -0.20431812 0.180632382 0.962094605
vn 0.204324096 0.180632159 0.962093353
vn -0.45209479 0.138591498 0.881137192
vn -0.71994346 0.175534695 0.671467840
vn -0.90398777 0.288542479 0.315514653
vn -0.91202939 0.401727080 -0.08256982
vn -0.77164304 0.471089988 -0.42736548
vn -0.58673459 0.464854180 -0.66306335
vn -0.39271072 0.392310947 -0.83178753
vn 0 0.343233883 -0.93924993
vn 0.365250885 0.232667505 -0.90136439
vn 0.392720878 0.392309099 -0.83178359
vn 0.335716426 -0.16815548 -0.92683232
vn 0.259553015 -0.59928185 -0.75729352
vn 0.636973440 -0.14962418 -0.75622571
vn 0.621141970 0.294956922 -0.7260738
vn 0.508023440 -0.60763907 -0.61048084
vn 0.586726009 0.464857786 -0.66306847
vn 0.435731083 0.275311023 -0.85693783
vn 0 0.269877016 -0.9628948
vn 0.646536529 0.303700804 -0.69982582
vn -0.43574202 0.275309383 -0.8569327
vn -0.64654183 0.303699046 -0.69982177
vn -0.82573378 0.323342174 -0.46218354
vn -0.94592959 0.301477581 -0.11970142
vn -0.93328685 0.233916714 0.272504389
vn -0.74279034 0.147594615 0.653053104
vn -0.42709696 0.126533955 0.895308494
vn -0.16445306 0.173399612 0.971024036
vn 0 0.204719588 0.978820681
vn -0.3929179 0.084991380 0.915637493
vn -0.12047493 0.129040062 0.984293937
vn 0 0.151842862 0.988404631
vn -0.76296324 0.069572486 0.642687022
vn -0.96563822 0.086164362 0.245190709
vn -0.98909378 0.082120090 -0.12226943
vn -0.88324195 0.053962200 -0.46580237
vn -0.67838186 0.048209276 -0.7331261
vn -0.42998606 0.092518128 -0.89808261
vn 0 0.131268456 -0.99134684
vn 0.429976314 0.092518605 -0.89808726
vn 0.678378462 0.048209484 -0.73312926
vn 0.883241474 0.053962305 -0.46580327
vn 0.825731933 0.323343664 -0.46218565
vn 0.771652638 0.471081435 -0.42735773
vn 0.848420023 0.284102261 -0.44661999
vn 0.945929229 0.301478385 -0.11970175
vn 0.912028551 0.401728928 -0.0825702
vn 0.975450635 0.211100235 -0.06271067
vn 0.989093720 0.082120120 -0.12226947
vn 0.666786372 -0.08697651 -0.74015605
vn 0.895798206 -0.07540629 -0.43801755
vn 0.994478702 -0.03276125 -0.0996935
vn 0.383954137 -0.04334923 -0.92233407
vn 0 -0.00829559 -0.99996561
vn -0.38396516 -0.04334902 -0.92232955
vn -0.66679007 -0.08697613 -0.74015278
vn -0.89579868 -0.07540616 -0.43801674
vn -0.99447864 -0.03276124 -0.09969348
vn -0.97086358 0.003786865 0.239602834
vn -0.76972312 0.036304336 0.637344658
vn -0.36310115 0.075743995 0.928665995
vn -0.34961051 0.084476694 0.933078765
vn -0.76919878 0.048273716 0.637183547
vn -0.96987838 0.004168165 0.243553996
vn -0.99527925 -0.02670098 -0.09330785
vn -0.9021436 -0.05180942 -0.42831367
vn -0.66796505 -0.07776099 -0.74011886
vn -0.35952103 -0.08683968 -0.9290874
vn 0 -0.08457647 -0.99641699
vn 0.359530597 -0.08683934 -0.92908376
vn 0.667976319 -0.07775994 -0.74010879
vn 0.902143299 -0.0518095 -0.42831442
vn 0.995279133 -0.02670098 -0.09330785
vn 0.969878375 0.004168167 0.243554130
vn 0.970863580 0.003786867 0.239602968
vn 0.965638220 0.086164429 0.245190873
vn 0.933286547 0.233917236 0.272504985
vn 0.769721388 0.036304459 0.637346863
vn 0.762961387 0.069572731 0.642689347
vn 0.742800474 0.147592127 0.653042078
vn 0.769196987 0.048273883 0.637185752
vn 0.968014895 0.003931201 0.250862062
vn 0.763695776 0.038857299 0.644405841
vn 0.994674146 -0.01196658 -0.10237157
vn 0.901697158 -0.0176079 -0.43200952
vn 0.678137540 -0.03930794 -0.73388308
vn 0.362644583 -0.07128754 -0.92919689
vn 0 -0.085645 -0.99632573
vn -0.36263505 -0.07128783 -0.92920071
vn -0.67814094 -0.03930778 -0.73387998
vn -0.90169752 -0.01760788 -0.43200883
vn -0.99467427 -0.01196658 -0.10237157
vn -0.9680149 0.003931199 0.250861913
vn -0.76369768 0.038857165 0.644403636
vn -0.75370514 0.012986660 0.657084524
vn -0.96589231 0.003460740 0.258921116
vn -0.99339128 0.005518318 -0.11464447
vn -0.89796633 0.012539135 -0.43988544
vn -0.68672895 -0.00161914 -0.72691178
vn -0.37464672 -0.03649896 -0.92644894
vn 0 -0.05497484 -0.99848765
vn 0.374635428 -0.03649914 -0.92645347
vn 0.686725795 -0.00161914 -0.72691482
vn 0.897965967 0.012539156 -0.43988618
vn 0.993391275 0.005518319 -0.11464448
vn 0.965892195 0.003460742 0.258921235
vn 0.753702998 0.012986704 0.65708673
vn 0.348529040 0.059050276 0.93543607
vn 0.349598318 0.084477119 0.933083415
vn 0.356189787 0.006534148 0.934390842
vn 0.363110840 0.075743697 0.928662240
vn 0.054801467 0.054114941 0.997029781
vn 0.059480276 0.103847727 0.992813050
vn 0.082628831 0.111474067 0.990326285
vn 0.07228636 -0.02028834 0.997177541
vn 0.367632567 -0.00145194 0.929970026
vn 0.745878636 0.025381464 0.665598154
vn 0.095503568 -0.03354521 0.994863688
vn 0.964070558 0.035440404 0.263271391
vn 0.991511225 0.042061954 -0.1230297
vn 0.893557429 0.05175649 -0.44595554
vn 0.693676948 0.051245261 -0.71846098
vn 0.390509843 0.030517416 -0.92009282
vn 0 0.015901001 -0.99987364
vn -0.39052063 0.030517263 -0.92008823
vn -0.69368005 0.051245052 -0.71845806
vn -0.89355189 0.051757749 -0.44596639
vn -0.8854894 0.116533391 -0.44980928
vn -0.69294274 0.141338184 -0.70700341
vn -0.40093112 0.154005363 -0.90307063
vn 0 0.155595257 -0.98782092
vn 0.400920122 0.154006168 -0.90307534
vn 0.692939460 0.141338810 -0.70700651
vn 0.885488927 0.116533644 -0.4498103
vn 0.986204505 0.105389542 -0.12764689
vn 0.957809150 0.119876913 0.261210918
vn 0.736643672 0.134979501 0.662673890
vn 0.369481802 0.124270759 0.920890808
vn 0.104112923 0.101165540 0.989406943
vn 0 0.091357350 0.995818197
vn 0 -0.04651991 0.998917460
vn 0 -0.0338045 0.999428391
vn 0 0.050103783 0.998744010
vn -0.09550069 -0.03354522 0.994863987
vn -0.07228417 -0.02028834 0.997177720
vn -0.0547998 0.054114941 0.997029781
vn -0.10410979 0.101165570 0.989407241
vn 0 0.414933025 0.909851968
vn -0.07650098 0.417350202 0.905519902
vn 0.076503306 0.417350173 0.905519843
vn 0.319705426 0.414056837 0.852259039
vn 0.692895829 0.370071053 0.618823647
vn 0.926847755 0.279332876 0.250851154
vn 0.968109905 0.214347273 -0.12968548
vn 0.858337342 0.249035805 -0.44859561
vn 0.669838488 0.319551497 -0.67022622
vn 0.391878962 0.371260285 -0.8417818
vn 0 0.392551481 -0.91973001
vn -0.39186883 0.371262013 -0.84178579
vn -0.66984338 0.319549620 -0.67022228
vn -0.587457 0.604445099 -0.53808945
vn -0.33338138 0.665322244 -0.66798437
vn 0 0.690984606 -0.72286952
vn 0.333390444 0.665319979 -0.6679821
vn 0.587468802 0.604438781 -0.53808385
vn 0.775690615 0.521022081 -0.35614607
vn 0.902197957 0.414025962 -0.12091858
vn 0.809583902 0.563203513 0.165455862
vn 0.546178281 0.701018452 0.458543837
vn 0.186145529 0.757407784 0.625845968
vn 0.012049921 0.758360445 0.651724219
vn 0 0.756643116 0.653828203
vn -0.01204955 0.758360445 0.651724219
vn -0.31969666 0.414058148 0.852261662
vn -0.36949363 0.124270133 0.920886218
vn -0.18614005 0.757408678 0.625846684
vn -0.36762285 -0.00145195 0.929973840
vn -0.74588078 0.025381369 0.665595650
vn -0.73663342 0.134981736 0.662684857
vn -0.6928848 0.370076447 0.618832647
vn -0.54619199 0.701010942 0.458538949
vn 0.034305229 0.921290338 0.387359321
vn -0.06261864 0.927624821 0.368227005
vn -0.33105192 0.918678402 0.215487122
vn 0 0.923695981 0.383126288
vn -0.03434502 0.921289026 0.387358784
vn 0.062579624 0.927627086 0.368227928
vn 0.331060886 0.918675303 0.215486407
vn 0.587617933 0.806518614 -0.06506188
vn 0.375999003 0.895771563 -0.23710331
vn 0.176724597 0.933692634 -0.31142676
vn 0 0.942278087 -0.33483109
vn 0.023051461 0.999551832 0.019102603
vn 0 0.999831259 0.018372945
vn 0.133969947 0.989577651 0.052803322
vn 0.002980849 0.977814734 0.209450095
vn -0.03497067 0.978051722 0.205406710
vn 0 0.978674173 0.205418780
vn 0.034971728 0.978051602 0.205406680
vn -0.00298076 0.977814734 0.209450095
vn -0.13396594 0.989578187 0.052803352
vn -0.37598917 0.895775497 -0.23710434
vn -0.58760619 0.806527137 -0.06506258
vn -0.80958748 0.563198864 0.165454506
vn -0.92684823 0.279332101 0.250850439
vn -0.95780933 0.119876802 0.26121068
vn -0.96407074 0.035440381 0.263271242
vn -0.9862045 0.105389498 -0.12764683
vn -0.96811008 0.214346960 -0.12968528
vn -0.99151117 0.042061947 -0.12302967
vn -0.90219897 0.414023995 -0.120918
vn -0.77569467 0.521018028 -0.35614327
vn -0.17671937 0.933693468 -0.31142703
vn -0.02305076 0.999551832 0.019102603
vn -0.85833848 0.249034956 -0.44859409
vn -0.35618031 0.006534174 0.934394478
vn -0.34851971 0.059050496 0.935439527
vn -0.05947847 0.103847749 0.992813229
vn 0 0.111693672 0.993742704
vn 0 0.126395180 0.991979897
vn -0.08262632 0.111474089 0.990326464
vn 0.120478555 0.129040002 0.984293460
vn 0.392928034 0.084990985 0.915633261
vn 0.164457947 0.173399478 0.971023261
vn 0.427107662 0.126533255 0.895303547
vn 0.452105760 0.138590619 0.881131649
vn 0.719954013 0.175531908 0.671457171
vn 0.448277145 -0.00338767 0.893888235
vn 0.705976963 0.020821379 0.707928657
vn 0.928285121 0.108505964 0.355687052
vn 0.903987050 0.288543403 0.315515667
vn 0.387967348 -0.31577834 0.865889966
vn 0.636495530 -0.33236921 0.695991396
vn 0.889084577 -0.30495813 0.341363698
vn 0.267915695 -0.6489023 0.712142586
vn 0.469992697 -0.68499082 0.556681573
vn 0.676411330 -0.69455278 0.245080232
vn 0.967101216 -0.2441988 -0.07128993
vn 0.741960942 -0.66708046 -0.06706447
vn 0.872851848 -0.18650998 -0.45093629
vn 0.684332966 -0.63914931 -0.35096541
vn 0.421872675 -0.90533549 -0.04889877
vn 0.392215877 -0.89822239 -0.19840212
vn 0.386493504 -0.91522968 0.113919168
vn 0.245554715 -0.90907419 0.336581289
vn 0.107359893 -0.8861264 0.450836688
vn -0.02136207 -0.97959572 0.199839264
vn 0.033427003 -0.99197751 0.121915027
vn 0.140155479 -0.99008733 0.009141865
vn 0.175172463 -0.98414713 -0.0277321
vn 0.170473352 -0.98205543 -0.08066009
vn 0.292227923 -0.8877396 -0.35569808
vn 0.134761989 -0.97760683 -0.16162942
vn 0.151291325 -0.87751502 -0.45505863
vn 0.078150384 -0.97173375 -0.22276904
vn 0.065292745 -0.99594766 -0.06184819
vn 0.064944438 -0.99774396 -0.01700193
vn 0.047169618 -0.99887818 -0.00416848
vn 0.022964069 -0.99948221 -0.02253838
vn -0.04681532 -0.99866819 0.021684784
vn -0.05721923 -0.99600625 0.068538874
vn -0.02553544 -0.99819976 0.054270979
vn -0.01708192 -0.99950916 0.026257913
vn 0.017946250 -0.99941623 0.029073469
vn 0.032003752 -0.99948597 0.001859536
vn 0.016167795 -0.99895734 0.042694304
vn 0.004882159 -0.9982096 0.059614382
vt 0.701400697 0.561052441
vt 0.681692123 0.548266053
vt 0.695160448 0.524505615
vt 0.717482388 0.549436986
vt 0.697970569 0.583545982
vt 0.676725983 0.575276851
vt 0.725242316 0.580656349
vt 0.665084958 0.534324407
vt 0.669763743 0.503259658
vt 0.659743070 0.570796966
vt 0.749683439 0.539547920
vt 0.736087739 0.519403398
vt 0.729559123 0.504210948
vt 0.755908012 0.579031765
vt 0.723252356 0.623408913
vt 0.691960513 0.619286060
vt 0.755837738 0.627673208
vt 0.668979108 0.615766882
vt 0.651961088 0.613327264
vt 0.644279778 0.565286994
vt 0.646371364 0.529508948
vt 0.637826442 0.612106800
vt 0.651496589 0.493942976
vt 0.687470197 0.426054179
vt 0.800451338 0.532447278
vt 0.803694009 0.516578972
vt 0.680602431 0.366676747
vt 0.794849753 0.559717595
vt 0.788132369 0.588588237
vt 0.780381023 0.627234280
vt 0.789221644 0.663747608
vt 0.755654335 0.669799506
vt 0.720307886 0.668349504
vt 0.689122855 0.665272951
vt 0.667146563 0.663153648
vt 0.649757981 0.662511825
vt 0.634940326 0.661795616
vt 0.622750461 0.609467744
vt 0.629374504 0.564596772
vt 0.619290769 0.661427378
vt 0.629643380 0.523893714
vt 0.632566094 0.484009683
vt 0.670824289 0.429078757
vt 0.665524959 0.367597162
vt 0.687862575 0.299233138
vt 0.671400249 0.301499366
vt 0.655506968 0.301286578
vt 0.706342697 0.294594764
vt 0.728888869 0.289707779
vt 0.816765010 0.638817250
vt 0.759618103 0.711043238
vt 0.795583128 0.709869265
vt 0.824515461 0.705475807
vt 0.720031678 0.712667942
vt 0.692500770 0.712099552
vt 0.670398414 0.713614821
vt 0.653137266 0.714017510
vt 0.637606263 0.714058160
vt 0.621799647 0.715173602
vt 0.605380356 0.715846955
vt 0.604052662 0.661784052
vt 0.607385873 0.608137726
vt 0.612650036 0.561914086
vt 0.612224519 0.520251929
vt 0.610288381 0.479154467
vt 0.655784130 0.433937668
vt 0.649521052 0.369725585
vt 0.639867842 0.301297187
vt 0.667200803 0.238912224
vt 0.649948716 0.238829374
vt 0.632482171 0.238678932
vt 0.684566378 0.237153410
vt 0.703991949 0.235983014
vt 0.726696491 0.234464466
vt 0.820122122 0.775028407
vt 0.794189572 0.757728457
vt 0.72325176 0.180448353
vt 0.760460436 0.755550146
vt 0.721680700 0.756677627
vt 0.693610072 0.760398507
vt 0.671023726 0.763093888
vt 0.654004693 0.765623211
vt 0.639476358 0.767239153
vt 0.623862385 0.768567323
vt 0.608211398 0.769879996
vt 0.586984753 0.716171145
vt 0.586501479 0.661872863
vt 0.589776039 0.770573139
vt 0.588561117 0.607732713
vt 0.591074109 0.562398195
vt 0.588521063 0.520707488
vt 0.584364771 0.477176606
vt 0.630231142 0.432685315
vt 0.629776954 0.369655966
vt 0.620003461 0.302597701
vt 0.613951921 0.238785982
vt 0.631522059 0.176386058
vt 0.611804008 0.177713811
vt 0.647451102 0.176774621
vt 0.663575947 0.176488220
vt 0.651148378 0.109007597
vt 0.634998619 0.110707223
vt 0.666936337 0.111902594
vt 0.613741457 0.113279759
vt 0.580888986 0.180865526
vt 0.584338843 0.240888714
vt 0.580570519 0.117627739
vt 0.589503765 0.300777971
vt 0.596162021 0.364669263
vt 0.596952915 0.423908770
vt 0.547631621 0.482244312
vt 0.549849748 0.526281833
vt 0.554132759 0.565640807
vt 0.556365668 0.609538853
vt 0.553894043 0.662378191
vt 0.553414642 0.717494249
vt 0.505411386 0.611016750
vt 0.504026293 0.659697771
vt 0.503575742 0.718460261
vt 0.504633665 0.572014808
vt 0.501162171 0.531439542
vt 0.499029785 0.488093257
vt 0.494511544 0.440315783
vt 0.549548447 0.361933052
vt 0.544286012 0.299627661
vt 0.538969457 0.241809070
vt 0.536272466 0.184341430
vt 0.533928275 0.124867916
vt 0.528740584 0.070508956
vt 0.574788570 0.059286356
vt 0.608362317 0.053222596
vt 0.631370961 0.051747024
vt 0.601044535 0.008439183
vt 0.626451492 0.000661015
vt 0.646058559 0.000114023
vt 0.511249423 0.944723904
vt 0.486047685 0.126687645
vt 0.482698798 0.070319593
vt 0.461217582 0.946033358
vt 0.487862318 0.185047924
vt 0.491230964 0.242045521
vt 0.497272610 0.303756475
vt 0.502547025 0.363157451
vt 0.504924893 0.420395135
vt 0.447709053 0.486395776
vt 0.450570613 0.532836556
vt 0.452299326 0.571405053
vt 0.452453523 0.609883308
vt 0.402400642 0.607097387
vt 0.401069611 0.569338321
vt 0.399863541 0.529310524
vt 0.396377742 0.483800888
vt 0.392373442 0.431818306
vt 0.452531516 0.365231931
vt 0.447997629 0.309614419
vt 0.444706201 0.247853279
vt 0.43980515 0.186918497
vt 0.436220735 0.128712534
vt 0.430226713 0.074662864
vt 0.410851717 0.950381159
vt 0.408728510 0.905889987
vt 0.460039854 0.902828574
vt 0.512315750 0.900794446
vt 0.562034785 0.904748857
vt 0.459698855 0.864933073
vt 0.512813568 0.863346815
vt 0.564086556 0.865099430
vt 0.408135026 0.866992712
vt 0.357838243 0.907626032
vt 0.357549399 0.870053768
vt 0.355499118 0.953214168
vt 0.350665539 0.999634742
vt 0.383456975 0.134290158
vt 0.391105353 0.189098060
vt 0.396743804 0.250410139
vt 0.399327784 0.311315298
vt 0.399205118 0.367900192
vt 0.398708671 0.422577977
vt 0.345243960 0.482629656
vt 0.350385814 0.528180837
vt 0.351476341 0.569191515
vt 0.303095519 0.570598304
vt 0.300286203 0.530140519
vt 0.295074969 0.485100925
vt 0.282054096 0.436301946
vt 0.346594840 0.367813944
vt 0.348163217 0.312112987
vt 0.345525503 0.252242028
vt 0.339443922 0.194913685
vt 0.331722408 0.139135062
vt 0.322899222 0.084545254
vt 0.302593916 0.948669374
vt 0.307324051 0.908702790
vt 0.308106422 0.869543790
vt 0.357388943 0.831184625
vt 0.407600104 0.829699635
vt 0.309186399 0.829312801
vt 0.459225863 0.827158808
vt 0.358457446 0.782873749
vt 0.406741231 0.782073378
vt 0.456698805 0.780507326
vt 0.310891389 0.782020628
vt 0.260054975 0.825976789
vt 0.257829040 0.864537358
vt 0.261136144 0.778792858
vt 0.255500704 0.903320968
vt 0.251459091 0.944054484
vt 0.236781820 0.985096514
vt 0.279080927 0.142166972
vt 0.285814732 0.199159860
vt 0.293511003 0.258006870
vt 0.294866532 0.312949180
vt 0.294542312 0.370486140
vt 0.293743789 0.427008509
vt 0.245269134 0.432371676
vt 0.244410514 0.376338243
vt 0.241847783 0.316782116
vt 0.238468736 0.259728431
vt 0.232616141 0.200751483
vt 0.226544141 0.144260823
vt 0.219537735 0.091258645
vt 0.199269458 0.935979068
vt 0.204907164 0.896516561
vt 0.207917302 0.859633684
vt 0.208767592 0.820129394
vt 0.210877537 0.774990737
vt 0.211100727 0.721647679
vt 0.260890543 0.721110343
vt 0.309763938 0.720096468
vt 0.356941133 0.720082759
vt 0.258361041 0.663081884
vt 0.306990861 0.659016549
vt 0.354686111 0.657230258
vt 0.208607807 0.667683720
vt 0.167708128 0.720920801
vt 0.165278926 0.670871257
vt 0.166990950 0.770680487
vt 0.163585871 0.814650356
vt 0.160370305 0.852987766
vt 0.160037517 0.89010185
vt 0.152062192 0.925745904
vt 0.133785590 0.956621766
vt 0.174941703 0.142866253
vt 0.180056259 0.204039096
vt 0.183884769 0.262797296
vt 0.188822791 0.323489964
vt 0.194803074 0.381351590
vt 0.150299668 0.393271267
vt 0.146362796 0.329625308
vt 0.140570744 0.268014550
vt 0.134079322 0.205146312
vt 0.130018785 0.142694056
vt 0.130329072 0.092707812
vt 0.120115295 0.916565179
vt 0.118977576 0.890900552
vt 0.124121882 0.851407885
vt 0.124238148 0.812670588
vt 0.127712398 0.766232490
vt 0.129108294 0.720793247
vt 0.127212032 0.674828052
vt 0.160467013 0.625324130
vt 0.205870196 0.621181905
vt 0.122860446 0.630167484
vt 0.255039006 0.615829825
vt 0.254664212 0.574411928
vt 0.203462109 0.582106113
vt 0.160096377 0.583855271
vt 0.120486497 0.589934349
vt 0.090779073 0.678410649
vt 0.091184355 0.631195902
vt 0.088465526 0.591901183
vt 0.093439221 0.722527802
vt 0.094316862 0.767708778
vt 0.090820744 0.813845217
vt 0.087856739 0.853609800
vt 0.082828424 0.894818902
vt 0.095310270 0.136363923
vt 0.105529822 0.205056846
vt 0.113574713 0.270244419
vt 0.027851298 0.789728701
vt 0.020766519 0.727979481
vt 0.055505901 0.838787496
vt 0.070819638 0.813021540
vt 0.058893274 0.772535562
vt 0.056600954 0.724149227
vt 0.060794722 0.677885174
vt 0.068714283 0.636504411
vt 0.056637391 0.613175809
vt 0.044715911 0.581756949
vt 0.086076326 0.554724454
vt 0.119775503 0.552484989
vt 0.155516266 0.547136664
vt 0.201551318 0.543087005
vt 0.251443922 0.533737301
vt 0.194804057 0.502527594
vt 0.149373620 0.513512969
vt 0.243159234 0.493256449
vt 0.115877479 0.523446798
vt 0.095219075 0.511172115
vt 0.013457673 0.648851692
vt 0.030603686 0.667554140
vt 0.199721619 0.432831108
vt 0.304634004 0.610850453
vt 0.353147447 0.609015166
vt 0.402699887 0.656387805
vt 0.404314309 0.719673037
vt 0.45291996 0.718706011
vt 0.452343821 0.657463431
vt 0.508444488 0.777045965
vt 0.512471854 0.824509441
vt 0.558213114 0.771829605
vt 0.563251912 0.824753642
vt 0.596145451 0.823552668
vt 0.601340293 0.868854403
vt 0.615118384 0.820774316
vt 0.622803866 0.865086495
vt 0.625444769 0.904163062
vt 0.599249482 0.907977223
vt 0.630127787 0.818383634
vt 0.639907598 0.861485660
vt 0.643995165 0.898229181
vt 0.645847082 0.815887868
vt 0.654248833 0.858088612
vt 0.660701036 0.896478772
vt 0.648663342 0.934041500
vt 0.669373333 0.928469717
vt 0.650354862 0.051851272
vt 0.667056858 0.051475346
vt 0.689921498 0.917830705
vt 0.739469468 0.921668529
vt 0.67615062 0.887081801
vt 0.671030581 0.855215013
vt 0.659731030 0.813063144
vt 0.677010774 0.809777617
vt 0.685475111 0.848658442
vt 0.695807039 0.876394867
vt 0.710162460 0.898118734
vt 0.750077128 0.908739268
vt 0.684596061 0.115689933
vt 0.704030394 0.118843019
vt 0.680142700 0.176864504
vt 0.700182437 0.177677214
vt 0.729010760 0.127572
vt 0.761327266 0.879697799
vt 0.729097724 0.875730514
vt 0.711067855 0.864790320
vt 0.708298862 0.842245340
vt 0.699566960 0.806376099
vt 0.730077147 0.801817774
vt 0.736244499 0.841457307
vt 0.766109049 0.848947763
vt 0.799732744 0.829340875
vt 0.785354316 0.793871521
vt 0.763726651 0.797429323
vt 0.702781140 0.425346553
vt 0.711045503 0.470219194
vt 0.728342652 0.468494832
vt 0.696545422 0.362952292
vt 0.703285574 0.475195348
vt 0.715486705 0.355320751
vt 0.737602472 0.342566549
vt 0.833199024 0.621555805
vt 0.689406812 0.475004673
vt 0.845447838 0.692192077
vt 0.750691592 0.182255685
vt 0.750131189 0.223773241
vt 0.677981376 0.485093116
vt 0.543497562 0.434680819
vt 0.574033677 0.426400780
vt 0.551648497 0.418804407
vt 0.562589824 0.947238445
vt 0.512697696 0.992430746
vt 0.555407702 0.997039139
vt 0.461895585 0.996769487
vt 0.445865958 0.435415744
vt 0.452534586 0.419358193
vt 0.406880796 0.999168574
vt 0.376945346 0.081192851
vt 0.337056666 0.431494236
vt 0.346119970 0.423460125
vt 0.293851345 0.996145188
vt 0.270209223 0.087055981
vt 0.183997824 0.973619282
vt 0.171565249 0.093081295
vt 0.097084909 0.932299315
vt 0.096103504 0.089942753
vt 0.000706076 0.727775692
vt 0.010552629 0.808026194
vt 0.042297631 0.870877802
vt 0.159487769 0.442902386
vt 0.119707137 0.405823648
vt 0.127589866 0.448131859
vt 0.116530932 0.336084306
vt 0.128912523 0.483525633
vt 0.176958560 0.460695922
vt 0.230090200 0.443720936
vt 0.630245387 0.942486643
vt 0.602624416 0.945779979
vt 0.658845245 0.000281870
vt 0.678317487 0.001716494
vt 0.733797013 0.938447833
vt 0.708562612 0.062278986
vt 0.687470316 0.056386649
vt 0.805681824 0.863902568
vt 0.807909250 0.886607229
vt 0.756760656 0.137652635
s 1
f 4254/5314/4254 4255/5315/4255 4256/5316/4256 4257/5317/4257
f 4254/5314/4254 4258/5318/4258 4259/5319/4259 4255/5315/4255
f 4254/5314/4254 4257/5317/4257 4260/5320/4260 4258/5318/4258
f 4261/5321/4261 4262/5322/4262 4256/5316/4256 4255/5315/4255
f 4261/5321/4261 4255/5315/4255 4259/5319/4259 4263/5323/4263
f 4264/5324/4264 4257/5317/4257 4256/5316/4256 4265/5325/4265
f 4265/5325/4265 4256/5316/4256 4262/5322/4262 4266/5326/4266
f 4264/5324/4264 4267/5327/4267 4260/5320/4260 4257/5317/4257
f 4268/5328/4268 4269/5329/4269 4258/5318/4258 4260/5320/4260
f 4268/5328/4268 4260/5320/4260 4267/5327/4267 4270/5330/4270
f 4269/5329/4269 4271/5331/4271 4259/5319/4259 4258/5318/4258
f 4272/5332/4272 4263/5323/4263 4259/5319/4259 4271/5331/4271
f 4261/5321/4261 4263/5323/4263 4273/5333/4273 4274/5334/4274
f 4273/5333/4273 4263/5323/4263 4272/5332/4272 4275/5335/4275
f 4276/5336/4276 4262/5322/4262 4261/5321/4261 4274/5334/4274
f 4276/5669/4276 4277/5337/4277 4266/5668/4266 4262/5670/4262
f 4278/5338/4278 4265/5325/4265 4266/5326/4266 4279/5339/4279
f 4279/5671/4279 4266/5668/4266 4277/5337/4277 4280/5340/4280
f 4278/5338/4278 4281/5341/4281 4264/5324/4264 4265/5325/4265
f 4264/5324/4264 4281/5341/4281 4282/5342/4282 4267/5327/4267
f 4283/5343/4283 4270/5330/4270 4267/5327/4267 4282/5342/4282
f 4283/5343/4283 4284/5344/4284 4285/5345/4285 4270/5330/4270
f 4286/5346/4286 4268/5328/4268 4270/5330/4270 4285/5345/4285
f 4286/5346/4286 4287/5347/4287 4269/5329/4269 4268/5328/4268
f 4288/5348/4288 4271/5331/4271 4269/5329/4269 4287/5347/4287
f 4272/5332/4272 4271/5331/4271 4288/5348/4288 4289/5349/4289
f 4272/5332/4272 4289/5349/4289 4290/5350/4290 4275/5335/4275
f 4273/5333/4273 4275/5335/4275 4291/5351/4291 4292/5352/4292
f 4293/5353/4293 4291/5351/4291 4275/5335/4275 4290/5350/4290
f 4273/5333/4273 4292/5352/4292 4294/5354/4294 4274/5334/4274
f 4276/5336/4276 4274/5334/4274 4294/5354/4294 4295/5355/4295
f 4296/5356/4296 4277/5337/4277 4276/5669/4276 4295/5672/4295
f 4296/5356/4296 4297/5357/4297 4280/5340/4280 4277/5337/4277
f 4298/5358/4298 4279/5671/4279 4280/5340/4280 4299/5359/4299
f 4299/5359/4299 4280/5340/4280 4297/5357/4297 4300/5360/4300
f 4298/5358/4298 4301/5361/4301 4278/5673/4278 4279/5671/4279
f 4278/5673/4278 4301/5361/4301 4302/5362/4302 4281/5674/4281
f 4281/5341/4281 4302/5675/4302 4303/5363/4303 4282/5342/4282
f 4283/5343/4283 4282/5342/4282 4303/5363/4303 4284/5344/4284
f 4304/5364/4304 4285/5345/4285 4284/5344/4284 4305/5365/4305
f 4305/5365/4305 4284/5344/4284 4303/5363/4303 4306/5366/4306
f 4304/5364/4304 4307/5367/4307 4286/5346/4286 4285/5345/4285
f 4308/5368/4308 4287/5347/4287 4286/5346/4286 4307/5367/4307
f 4288/5348/4288 4287/5347/4287 4308/5368/4308 4309/5369/4309
f 4288/5348/4288 4309/5369/4309 4310/5370/4310 4289/5349/4289
f 4311/5371/4311 4290/5350/4290 4289/5349/4289 4310/5370/4310
f 4311/5371/4311 4312/5372/4312 4293/5353/4293 4290/5350/4290
f 4293/5353/4293 4312/5372/4312 4313/5373/4313 4314/5374/4314
f 4293/5353/4293 4314/5374/4314 4315/5375/4315 4291/5351/4291
f 4315/5375/4315 4316/5376/4316 4292/5352/4292 4291/5351/4291
f 4316/5376/4316 4317/5377/4317 4294/5354/4294 4292/5352/4292
f 4317/5377/4317 4318/5378/4318 4295/5355/4295 4294/5354/4294
f 4296/5356/4296 4295/5672/4295 4318/5676/4318 4319/5379/4319
f 4320/5380/4320 4297/5357/4297 4296/5356/4296 4319/5379/4319
f 4320/5380/4320 4321/5381/4321 4300/5360/4300 4297/5357/4297
f 4322/5382/4322 4299/5359/4299 4300/5360/4300 4323/5383/4323
f 4323/5383/4323 4300/5360/4300 4321/5381/4321 4324/5384/4324
f 4322/5382/4322 4325/5385/4325 4298/5358/4298 4299/5359/4299
f 4298/5358/4298 4325/5385/4325 4326/5386/4326 4301/5361/4301
f 4301/5361/4301 4326/5386/4326 4327/5387/4327 4302/5362/4302
f 4306/5366/4306 4303/5363/4303 4302/5675/4302 4327/5677/4327
f 4306/5366/4306 4328/5388/4328 4329/5389/4329 4305/5365/4305
f 4327/5387/4327 4330/5390/4330 4328/5678/4328 4306/5679/4306
f 4305/5365/4305 4329/5389/4329 4331/5391/4331 4304/5364/4304
f 4331/5391/4331 4332/5392/4332 4307/5367/4307 4304/5364/4304
f 4307/5367/4307 4332/5392/4332 4333/5393/4333 4308/5368/4308
f 4309/5369/4309 4308/5368/4308 4333/5393/4333 4334/5394/4334
f 4335/5395/4335 4310/5370/4310 4309/5369/4309 4334/5394/4334
f 4310/5370/4310 4335/5395/4335 4336/5396/4336 4311/5371/4311
f 4336/5396/4336 4337/5397/4337 4312/5372/4312 4311/5371/4311
f 4338/5398/4338 4313/5373/4313 4312/5372/4312 4337/5397/4337
f 4339/5399/4339 4340/5400/4340 4314/5374/4314 4313/5373/4313
f 4313/5373/4313 4338/5398/4338 4341/5401/4341 4339/5399/4339
f 4315/5375/4315 4314/5374/4314 4340/5400/4340 4342/5402/4342
f 4315/5375/4315 4342/5402/4342 4343/5403/4343 4316/5376/4316
f 4316/5376/4316 4343/5403/4343 4344/5404/4344 4317/5377/4317
f 4317/5377/4317 4344/5404/4344 4345/5405/4345 4318/5378/4318
f 4345/5680/4345 4346/5406/4346 4319/5379/4319 4318/5676/4318
f 4320/5380/4320 4319/5379/4319 4346/5406/4346 4347/5407/4347
f 4348/5408/4348 4321/5381/4321 4320/5380/4320 4347/5407/4347
f 4348/5408/4348 4349/5409/4349 4324/5384/4324 4321/5381/4321
f 4350/5410/4350 4324/5384/4324 4349/5409/4349 4351/5411/4351
f 4324/5384/4324 4350/5410/4350 4352/5412/4352 4323/5383/4323
f 4323/5383/4323 4352/5412/4352 4353/5413/4353 4322/5382/4322
f 4354/5414/4354 4352/5412/4352 4350/5410/4350 4355/5415/4355
f 4352/5412/4352 4354/5414/4354 4356/5416/4356 4353/5413/4353
f 4357/5417/4357 4355/5415/4355 4350/5410/4350 4351/5411/4351
f 4358/5418/4358 4351/5411/4351 4349/5409/4349 4359/5419/4359
f 4358/5418/4358 4360/5420/4360 4357/5417/4357 4351/5411/4351
f 4359/5419/4359 4349/5409/4349 4348/5408/4348 4361/5421/4361
f 4348/5408/4348 4347/5407/4347 4362/5422/4362 4361/5421/4361
f 4363/5423/4363 4362/5422/4362 4347/5407/4347 4346/5406/4346
f 4345/5405/4345 4364/5424/4364 4363/5681/4363 4346/5682/4346
f 4345/5405/4345 4344/5404/4344 4365/5425/4365 4364/5424/4364
f 4366/5426/4366 4365/5425/4365 4344/5404/4344 4343/5403/4343
f 4366/5426/4366 4343/5403/4343 4342/5402/4342 4367/5427/4367
f 4368/5428/4368 4367/5427/4367 4342/5402/4342 4340/5400/4340
f 4368/5428/4368 4340/5400/4340 4339/5399/4339 4369/5429/4369
f 4370/5430/4370 4367/5427/4367 4368/5428/4368 4371/5431/4371
f 4368/5428/4368 4369/5429/4369 4372/5432/4372 4371/5431/4371
f 4366/5426/4366 4367/5427/4367 4370/5430/4370 4373/5433/4373
f 4374/5434/4374 4365/5425/4365 4366/5426/4366 4373/5433/4373
f 4374/5434/4374 4375/5435/4375 4364/5424/4364 4365/5425/4365
f 4363/5681/4363 4364/5424/4364 4375/5435/4375 4376/5436/4376
f 4363/5423/4363 4376/5683/4376 4377/5437/4377 4362/5422/4362
f 4377/5437/4377 4378/5438/4378 4361/5421/4361 4362/5422/4362
f 4359/5419/4359 4361/5421/4361 4378/5438/4378 4379/5439/4379
f 4379/5439/4379 4380/5440/4380 4358/5418/4358 4359/5419/4359
f 4360/5420/4360 4358/5418/4358 4380/5440/4380 4381/5441/4381
f 4360/5420/4360 4381/5441/4381 4382/5442/4382 4383/5443/4383
f 4384/5444/4384 4357/5417/4357 4360/5420/4360 4383/5443/4383
f 4357/5417/4357 4384/5444/4384 4385/5445/4385 4355/5415/4355
f 4384/5444/4384 4383/5443/4383 4386/5446/4386 4387/5447/4387
f 4388/5448/4388 4385/5445/4385 4384/5444/4384 4387/5447/4387
f 4382/5685/4382 4389/5449/4389 4386/5684/4386 4383/5686/4383
f 4390/5450/4390 4391/5451/4391 4382/5442/4382 4381/5441/4381
f 4389/5449/4389 4382/5685/4382 4391/5687/4391 4392/5452/4392
f 4380/5440/4380 4393/5453/4393 4390/5450/4390 4381/5441/4381
f 4380/5440/4380 4379/5439/4379 4394/5454/4394 4393/5453/4393
f 4395/5455/4395 4394/5454/4394 4379/5439/4379 4378/5438/4378
f 4377/5437/4377 4396/5456/4396 4395/5455/4395 4378/5438/4378
f 4377/5437/4377 4376/5683/4376 4397/5457/4397 4396/5456/4396
f 4398/5458/4398 4397/5688/4397 4376/5436/4376 4375/5435/4375
f 4398/5458/4398 4375/5435/4375 4374/5434/4374 4399/5459/4399
f 4374/5434/4374 4373/5433/4373 4400/5460/4400 4399/5459/4399
f 4370/5430/4370 4401/5461/4401 4400/5460/4400 4373/5433/4373
f 4402/5462/4402 4403/5463/4403 4400/5460/4400 4401/5461/4401
f 4403/5463/4403 4404/5464/4404 4399/5459/4399 4400/5460/4400
f 4398/5458/4398 4399/5459/4399 4404/5464/4404 4405/5465/4405
f 4406/5466/4406 4397/5688/4397 4398/5458/4398 4405/5465/4405
f 4406/5689/4406 4407/5467/4407 4396/5456/4396 4397/5457/4397
f 4395/5455/4395 4396/5456/4396 4407/5467/4407 4408/5468/4408
f 4395/5455/4395 4408/5468/4408 4409/5469/4409 4394/5454/4394
f 4394/5454/4394 4409/5469/4409 4410/5470/4410 4393/5453/4393
f 4410/5470/4410 4411/5471/4411 4390/5450/4390 4393/5453/4393
f 4391/5451/4391 4390/5450/4390 4411/5471/4411 4412/5472/4412
f 4413/5473/4413 4392/5452/4392 4391/5687/4391 4412/5690/4412
f 4413/5473/4413 4414/5474/4414 4415/5475/4415 4392/5452/4392
f 4415/5475/4415 4416/5476/4416 4389/5449/4389 4392/5452/4392
f 4417/5477/4417 4386/5684/4386 4389/5449/4389 4416/5476/4416
f 4415/5475/4415 4418/5478/4418 4419/5479/4419 4416/5476/4416
f 4419/5479/4419 4420/5480/4420 4417/5477/4417 4416/5476/4416
f 4418/5478/4418 4415/5475/4415 4414/5474/4414 4421/5481/4421
f 4414/5474/4414 4422/5482/4422 4423/5483/4423 4421/5481/4421
f 4414/5474/4414 4413/5473/4413 4424/5484/4424 4422/5482/4422
f 4425/5485/4425 4424/5484/4424 4413/5473/4413 4412/5690/4412
f 4425/5691/4425 4412/5472/4412 4411/5471/4411 4426/5486/4426
f 4411/5471/4411 4410/5470/4410 4427/5487/4427 4426/5486/4426
f 4428/5488/4428 4427/5487/4427 4410/5470/4410 4409/5469/4409
f 4409/5469/4409 4408/5468/4408 4429/5489/4429 4428/5488/4428
f 4430/5490/4430 4429/5489/4429 4408/5468/4408 4407/5467/4407
f 4430/5490/4430 4407/5467/4407 4406/5689/4406 4431/5491/4431
f 4406/5466/4406 4405/5465/4405 4432/5492/4432 4431/5692/4431
f 4433/5493/4433 4432/5492/4432 4405/5465/4405 4404/5464/4404
f 4403/5463/4403 4434/5494/4434 4433/5493/4433 4404/5464/4404
f 4433/5493/4433 4434/5494/4434 4435/5495/4435 4436/5496/4436
f 4433/5493/4433 4436/5496/4436 4437/5497/4437 4432/5492/4432
f 4437/5497/4437 4438/5498/4438 4431/5692/4431 4432/5492/4432
f 4430/5490/4430 4431/5491/4431 4438/5693/4438 4439/5499/4439
f 4440/5500/4440 4429/5489/4429 4430/5490/4430 4439/5499/4439
f 4440/5500/4440 4441/5501/4441 4428/5488/4428 4429/5489/4429
f 4427/5487/4427 4428/5488/4428 4441/5501/4441 4442/5502/4442
f 4443/5503/4443 4426/5486/4426 4427/5487/4427 4442/5502/4442
f 4443/5503/4443 4444/5504/4444 4425/5691/4425 4426/5486/4426
f 4424/5484/4424 4425/5485/4425 4444/5694/4444 4445/5505/4445
f 4424/5484/4424 4445/5505/4445 4446/5506/4446 4422/5482/4422
f 4446/5506/4446 4447/5507/4447 4423/5483/4423 4422/5482/4422
f 4421/5481/4421 4423/5483/4423 4448/5508/4448 4449/5509/4449
f 4448/5508/4448 4423/5483/4423 4447/5507/4447 4450/5510/4450
f 4451/5511/4451 4418/5478/4418 4421/5481/4421 4449/5509/4449
f 4449/5509/4449 4448/5508/4448 4452/5512/4452 4453/5513/4453
f 4454/5514/4454 4451/5511/4451 4449/5509/4449 4453/5513/4453
f 4455/5515/4455 4452/5512/4452 4448/5508/4448 4450/5510/4450
f 4456/5516/4456 4450/5510/4450 4447/5507/4447 4457/5517/4457
f 4456/5516/4456 4458/5518/4458 4455/5515/4455 4450/5510/4450
f 4447/5507/4447 4446/5506/4446 4459/5519/4459 4457/5517/4457
f 4460/5520/4460 4459/5519/4459 4446/5506/4446 4445/5505/4445
f 4444/5694/4444 4461/5521/4461 4460/5520/4460 4445/5505/4445
f 4444/5504/4444 4443/5503/4443 4462/5522/4462 4461/5695/4461
f 4463/5523/4463 4462/5522/4462 4443/5503/4443 4442/5502/4442
f 4463/5523/4463 4442/5502/4442 4441/5501/4441 4464/5524/4464
f 4464/5524/4464 4441/5501/4441 4440/5500/4440 4465/5525/4465
f 4440/5500/4440 4439/5499/4439 4466/5526/4466 4465/5525/4465
f 4467/5527/4467 4466/5526/4466 4439/5499/4439 4438/5693/4438
f 4467/5527/4467 4468/5528/4468 4469/5529/4469 4466/5526/4466
f 4469/5529/4469 4470/5530/4470 4465/5525/4465 4466/5526/4466
f 4464/5524/4464 4465/5525/4465 4470/5530/4470 4471/5531/4471
f 4471/5531/4471 4472/5532/4472 4463/5523/4463 4464/5524/4464
f 4462/5522/4462 4463/5523/4463 4472/5532/4472 4473/5533/4473
f 4462/5522/4462 4473/5533/4473 4474/5534/4474 4461/5695/4461
f 4474/5696/4474 4475/5535/4475 4460/5520/4460 4461/5521/4461
f 4476/5536/4476 4459/5519/4459 4460/5520/4460 4475/5535/4475
f 4477/5537/4477 4457/5517/4457 4459/5519/4459 4476/5536/4476
f 4477/5537/4477 4478/5538/4478 4456/5516/4456 4457/5517/4457
f 4456/5516/4456 4478/5538/4478 4479/5539/4479 4458/5518/4458
f 4479/5539/4479 4480/5540/4480 4481/5541/4481 4458/5518/4458
f 4481/5541/4481 4482/5542/4482 4455/5515/4455 4458/5518/4458
f 4483/5543/4483 4452/5512/4452 4455/5515/4455 4482/5542/4482
f 4484/5544/4484 4485/5545/4485 4482/5542/4482 4481/5541/4481
f 4482/5542/4482 4485/5545/4485 4486/5546/4486 4483/5543/4483
f 4484/5544/4484 4481/5541/4481 4480/5540/4480 4487/5547/4487
f 4487/5547/4487 4480/5540/4480 4488/5548/4488 4489/5549/4489
f 4490/5550/4490 4488/5548/4488 4480/5540/4480 4479/5539/4479
f 4478/5538/4478 4491/5551/4491 4490/5550/4490 4479/5539/4479
f 4478/5538/4478 4477/5537/4477 4492/5552/4492 4491/5551/4491
f 4493/5553/4493 4492/5552/4492 4477/5537/4477 4476/5536/4476
f 4494/5554/4494 4493/5553/4493 4476/5536/4476 4475/5535/4475
f 4495/5555/4495 4494/5554/4494 4475/5535/4475 4474/5696/4474
f 4496/5556/4496 4495/5697/4495 4474/5534/4474 4473/5533/4473
f 4472/5532/4472 4497/5557/4497 4496/5556/4496 4473/5533/4473
f 4472/5532/4472 4471/5531/4471 4498/5558/4498 4497/5557/4497
f 4499/5559/4499 4498/5558/4498 4471/5531/4471 4470/5530/4470
f 4469/5529/4469 4500/5560/4500 4499/5559/4499 4470/5530/4470
f 4499/5559/4499 4500/5560/4500 4501/5561/4501 4502/5562/4502
f 4499/5559/4499 4502/5562/4502 4503/5563/4503 4498/5558/4498
f 4498/5558/4498 4503/5563/4503 4504/5564/4504 4497/5557/4497
f 4504/5564/4504 4505/5565/4505 4496/5556/4496 4497/5557/4497
f 4506/5566/4506 4495/5697/4495 4496/5556/4496 4505/5565/4505
f 4494/5554/4494 4495/5555/4495 4506/5698/4506 4507/5567/4507
f 4508/5568/4508 4493/5553/4493 4494/5554/4494 4507/5567/4507
f 4492/5552/4492 4493/5553/4493 4508/5568/4508 4509/5569/4509
f 4492/5552/4492 4509/5569/4509 4510/5570/4510 4491/5551/4491
f 4510/5570/4510 4511/5571/4511 4490/5550/4490 4491/5551/4491
f 4488/5548/4488 4490/5550/4490 4511/5571/4511 4512/5572/4512
f 4512/5572/4512 4513/5573/4513 4489/5549/4489 4488/5548/4488
f 4487/5547/4487 4489/5549/4489 4514/5574/4514 4515/5575/4515
f 4514/5574/4514 4489/5549/4489 4513/5573/4513 4516/5576/4516
f 4484/5544/4484 4487/5547/4487 4515/5575/4515 4517/5577/4517
f 4518/5578/4518 4517/5577/4517 4515/5575/4515 4519/5579/4519
f 4514/5574/4514 4520/5580/4520 4519/5579/4519 4515/5575/4515
f 4514/5574/4514 4516/5576/4516 4521/5581/4521 4520/5580/4520
f 4522/5582/4522 4523/5583/4523 4516/5576/4516 4513/5573/4513
f 4521/5581/4521 4516/5576/4516 4523/5583/4523 4524/5584/4524
f 4522/5582/4522 4513/5573/4513 4512/5572/4512 4525/5585/4525
f 4525/5585/4525 4512/5572/4512 4511/5571/4511 4526/5586/4526
f 4511/5571/4511 4510/5570/4510 4527/5587/4527 4526/5586/4526
f 4528/5588/4528 4527/5587/4527 4510/5570/4510 4509/5569/4509
f 4508/5568/4508 4529/5589/4529 4528/5588/4528 4509/5569/4509
f 4506/5698/4506 4529/5589/4529 4508/5568/4508 4507/5567/4507
f 4529/5699/4529 4506/5566/4506 4505/5565/4505 4530/5590/4530
f 4530/5590/4530 4505/5565/4505 4504/5564/4504 4531/5591/4531
f 4532/5592/4532 4531/5591/4531 4504/5564/4504 4503/5563/4503
f 4533/5593/4533 4531/5701/4531 4532/5700/4532 4534/5594/4534
f 4533/5593/4533 4535/5595/4535 4530/5702/4530 4531/5701/4531
f 4535/5595/4535 4528/5588/4528 4529/5589/4529 4530/5702/4530
f 4527/5587/4527 4528/5588/4528 4535/5595/4535 4536/5596/4536
f 4537/5597/4537 4526/5586/4526 4527/5587/4527 4536/5596/4536
f 4537/5597/4537 4538/5598/4538 4525/5585/4525 4526/5586/4526
f 4522/5582/4522 4525/5585/4525 4538/5598/4538 4539/5599/4539
f 4540/5600/4540 4523/5583/4523 4522/5582/4522 4539/5599/4539
f 4540/5600/4540 4541/5601/4541 4524/5584/4524 4523/5583/4523
f 4542/5602/4542 4543/5603/4543 4524/5584/4524 4541/5601/4541
f 4521/5581/4521 4524/5584/4524 4543/5603/4543 4544/5604/4544
f 4521/5581/4521 4544/5604/4544 4545/5605/4545 4520/5580/4520
f 4546/5606/4546 4519/5579/4519 4520/5580/4520 4545/5605/4545
f 4546/5606/4546 4547/5607/4547 4518/5578/4518 4519/5579/4519
f 4548/5608/4548 4546/5606/4546 4545/5605/4545 4549/5609/4549
f 4548/5608/4548 4550/5610/4550 4547/5607/4547 4546/5606/4546
f 4551/5611/4551 4549/5609/4549 4545/5605/4545 4544/5604/4544
f 4551/5611/4551 4544/5604/4544 4543/5603/4543 4552/5612/4552
f 4542/5704/4542 4501/5561/4501 4552/5703/4552 4543/5705/4543
f 4553/5613/4553 4542/5602/4542 4541/5601/4541 4554/5614/4554
f 4553/5706/4553 4502/5562/4502 4501/5561/4501 4542/5704/4542
f 4540/5600/4540 4539/5599/4539 4554/5614/4554 4541/5601/4541
f 4534/5594/4534 4554/5614/4554 4539/5599/4539 4538/5598/4538
f 4534/5594/4534 4532/5700/4532 4553/5613/4553 4554/5614/4554
f 4538/5598/4538 4537/5597/4537 4533/5593/4533 4534/5594/4534
f 4503/5563/4503 4502/5562/4502 4553/5706/4553 4532/5592/4532
f 4535/5595/4535 4533/5593/4533 4537/5597/4537 4536/5596/4536
f 4501/5561/4501 4500/5560/4500 4555/5615/4555 4552/5703/4552
f 4551/5611/4551 4552/5612/4552 4555/5707/4555 4549/5609/4549
f 4468/5708/4468 4548/5608/4548 4549/5609/4549 4555/5707/4555
f 4467/5709/4467 4550/5610/4550 4548/5608/4548 4468/5708/4468
f 4437/5497/4437 4436/5496/4436 4547/5607/4547 4550/5610/4550
f 4437/5497/4437 4550/5610/4550 4467/5709/4467 4438/5498/4438
f 4518/5578/4518 4547/5607/4547 4436/5496/4436 4435/5495/4435
f 4518/5578/4518 4435/5495/4435 4556/5616/4556 4517/5577/4517
f 4556/5616/4556 4435/5495/4435 4434/5494/4434 4557/5617/4557
f 4556/5616/4556 4485/5545/4485 4484/5544/4484 4517/5577/4517
f 4556/5616/4556 4557/5617/4557 4486/5546/4486 4485/5545/4485
f 4558/5618/4558 4486/5546/4486 4557/5617/4557 4402/5462/4402
f 4402/5462/4402 4557/5617/4557 4434/5494/4434 4403/5463/4403
f 4558/5618/4558 4559/5619/4559 4483/5543/4483 4486/5546/4486
f 4560/5620/4560 4559/5619/4559 4558/5618/4558 4561/5621/4561
f 4558/5618/4558 4402/5462/4402 4401/5461/4401 4561/5621/4561
f 4454/5514/4454 4453/5513/4453 4559/5619/4559 4560/5620/4560
f 4452/5512/4452 4483/5543/4483 4559/5619/4559 4453/5513/4453
f 4560/5620/4560 4561/5621/4561 4371/5431/4371 4372/5432/4372
f 4372/5432/4372 4562/5622/4562 4454/5514/4454 4560/5620/4560
f 4370/5430/4370 4371/5431/4371 4561/5621/4561 4401/5461/4401
f 4451/5511/4451 4454/5514/4454 4562/5622/4562 4563/5623/4563
f 4562/5622/4562 4564/5624/4564 4565/5625/4565 4563/5623/4563
f 4562/5622/4562 4372/5432/4372 4369/5429/4369 4564/5624/4564
f 4419/5479/4419 4563/5623/4563 4565/5625/4565 4420/5480/4420
f 4419/5479/4419 4418/5478/4418 4451/5511/4451 4563/5623/4563
f 4565/5625/4565 4566/5626/4566 4567/5627/4567 4420/5480/4420
f 4341/5401/4341 4566/5626/4566 4565/5625/4565 4564/5624/4564
f 4369/5429/4369 4339/5399/4339 4341/5401/4341 4564/5624/4564
f 4566/5626/4566 4341/5401/4341 4338/5398/4338 4568/5628/4568
f 4569/5629/4569 4567/5627/4567 4566/5626/4566 4568/5628/4568
f 4570/5630/4570 4571/5631/4571 4567/5627/4567 4569/5629/4569
f 4567/5627/4567 4571/5631/4571 4417/5477/4417 4420/5480/4420
f 4572/5632/4572 4573/5633/4573 4569/5629/4569 4568/5628/4568
f 4573/5633/4573 4574/5634/4574 4570/5630/4570 4569/5629/4569
f 4572/5632/4572 4568/5628/4568 4338/5398/4338 4337/5397/4337
f 4573/5633/4573 4572/5632/4572 4575/5635/4575 4576/5636/4576
f 4336/5396/4336 4575/5635/4575 4572/5632/4572 4337/5397/4337
f 4577/5637/4577 4574/5634/4574 4573/5633/4573 4576/5636/4576
f 4578/5638/4578 4574/5634/4574 4577/5637/4577 4579/5639/4579
f 4574/5634/4574 4578/5638/4578 4388/5710/4388 4570/5630/4570
f 4388/5710/4388 4387/5711/4387 4571/5631/4571 4570/5630/4570
f 4386/5684/4386 4417/5477/4417 4571/5631/4571 4387/5711/4387
f 4385/5445/4385 4388/5448/4388 4578/5712/4578 4580/5640/4580
f 4578/5712/4578 4579/5713/4579 4581/5641/4581 4580/5640/4580
f 4582/5642/4582 4583/5643/4583 4581/5714/4581 4579/5639/4579
f 4577/5637/4577 4584/5644/4584 4582/5642/4582 4579/5639/4579
f 4577/5637/4577 4576/5636/4576 4585/5645/4585 4584/5644/4584
f 4575/5635/4575 4586/5646/4586 4585/5645/4585 4576/5636/4576
f 4575/5635/4575 4336/5396/4336 4335/5395/4335 4586/5646/4586
f 4587/5647/4587 4588/5648/4588 4585/5645/4585 4586/5646/4586
f 4335/5395/4335 4334/5394/4334 4587/5647/4587 4586/5646/4586
f 4585/5645/4585 4588/5648/4588 4589/5649/4589 4584/5644/4584
f 4589/5649/4589 4590/5650/4590 4582/5642/4582 4584/5644/4584
f 4583/5643/4583 4582/5642/4582 4590/5650/4590 4591/5651/4591
f 4592/5652/4592 4583/5716/4583 4591/5715/4591 4593/5653/4593
f 4356/5416/4356 4581/5641/4581 4583/5716/4583 4592/5652/4592
f 4581/5641/4581 4356/5416/4356 4354/5414/4354 4580/5640/4580
f 4385/5445/4385 4580/5640/4580 4354/5414/4354 4355/5415/4355
f 4353/5413/4353 4356/5416/4356 4592/5652/4592 4594/5654/4594
f 4592/5652/4592 4593/5653/4593 4595/5655/4595 4594/5654/4594
f 4596/5656/4596 4330/5390/4330 4595/5655/4595 4593/5653/4593
f 4591/5651/4591 4597/5657/4597 4596/5717/4596 4593/5718/4593
f 4591/5651/4591 4590/5650/4590 4598/5658/4598 4597/5657/4597
f 4598/5658/4598 4590/5650/4590 4589/5649/4589 4599/5659/4599
f 4589/5649/4589 4588/5648/4588 4600/5660/4600 4599/5659/4599
f 4600/5660/4600 4588/5648/4588 4587/5647/4587 4601/5661/4601
f 4333/5393/4333 4601/5661/4601 4587/5647/4587 4334/5394/4334
f 4602/5662/4602 4601/5661/4601 4333/5393/4333 4332/5392/4332
f 4603/5663/4603 4600/5660/4600 4601/5661/4601 4602/5662/4602
f 4600/5660/4600 4603/5663/4603 4598/5658/4598 4599/5659/4599
f 4598/5658/4598 4603/5663/4603 4604/5664/4604 4597/5657/4597
f 4604/5664/4604 4605/5665/4605 4596/5717/4596 4597/5657/4597
f 4605/5719/4605 4328/5678/4328 4330/5390/4330 4596/5656/4596
f 4330/5390/4330 4327/5387/4327 4326/5386/4326 4595/5655/4595
f 4595/5655/4595 4326/5386/4326 4325/5385/4325 4594/5654/4594
f 4353/5413/4353 4594/5654/4594 4325/5385/4325 4322/5382/4322
f 4329/5389/4329 4328/5388/4328 4605/5665/4605 4606/5666/4606
f 4605/5665/4605 4604/5664/4604 4607/5667/4607 4606/5666/4606
f 4607/5667/4607 4604/5664/4604 4603/5663/4603 4602/5662/4602
f 4331/5391/4331 4607/5667/4607 4602/5662/4602 4332/5392/4332
f 4607/5667/4607 4331/5391/4331 4329/5389/4329 4606/5666/4606
f 4469/5529/4469 4468/5528/4468 4555/5615/4555 4500/5560/4500
o Shawl
usemtl Shawl
v -0.30075765 -0.04722142 -0.39937234
v -0.32056001 -0.04494107 -0.33197501
v -0.23236969 -0.03264582 -0.31594774
v -0.23606184 -0.03838134 -0.41382018
v -0.27117503 -0.069893 -0.5218823
v -0.35204893 -0.07550204 -0.46702901
v -0.41292924 -0.08100963 -0.39248908
v -0.45826989 -0.0891521 -0.30144638
v -0.35307717 -0.05176818 -0.24345499
v -0.2428131 -0.04039836 -0.2183032
v -0.14907832 -0.03388846 -0.44117722
v -0.13746628 -0.0275476 -0.32824311
v -0.1371278 -0.03665149 -0.22124258
v -0.17565563 -0.06599092 -0.55804968
v -0.31804436 -0.13451159 -0.61896193
v -0.20931588 -0.13068569 -0.6621843
v -0.41517583 -0.14095628 -0.55162328
v -0.49127918 -0.15071011 -0.46287566
v -0.54570609 -0.16284406 -0.3618359
v -0.58372325 -0.18008578 -0.25726539
v -0.49178892 -0.10446334 -0.20245272
v -0.37969059 -0.06885898 -0.1503979
v -0.25853431 -0.05817437 -0.11893337
v -0.14302485 -0.05795085 -0.11097715
v -0.03876736 -0.02595317 -0.342558
v -0.03382889 -0.03556228 -0.22861627
v -0.03395561 -0.05775678 -0.11473038
v -0.05060457 -0.03256559 -0.4602676
v -0.07037793 -0.06336045 -0.57885379
v -0.09409843 -0.12517738 -0.68757206
v -0.24148338 -0.22564077 -0.74393874
v -0.11589859 -0.21728516 -0.7748909
v -0.3596907 -0.23342001 -0.69113165
v -0.46693408 -0.23892665 -0.61657125
v -0.55199897 -0.25023043 -0.51834911
v -0.61006552 -0.26600945 -0.40848655
v -0.65047169 -0.28410065 -0.29477558
v -0.6708377 -0.30383897 -0.17658305
v -0.60673004 -0.20692551 -0.15223117
v -0.51355755 -0.13270772 -0.10150077
v -0.40140274 -0.09773874 -0.05144471
v -0.27617887 -0.08766639 -0.01678738
v -0.15351632 -0.08959341 -0.0030292
v -0.03813733 -0.09148502 -0.00196321
v 0.074768945 -0.09065235 -0.00295234
v 0.074375346 -0.05688465 -0.11710066
v 0.071241483 -0.03505731 -0.23226452
v 0.064526341 -0.02621078 -0.34902909
v 0.053649876 -0.03413069 -0.46735898
v 0.039566587 -0.06540692 -0.58420092
v 0.024169743 -0.12347269 -0.69273388
v 0.010980687 -0.21242177 -0.78306395
v -0.13307515 -0.32809758 -0.83543551
v 0.001606951 -0.32047009 -0.84814346
v -0.2656064 -0.33820403 -0.79890651
v -0.39173982 -0.34971416 -0.73923159
v -0.50362271 -0.35893321 -0.65911478
v -0.59292221 -0.37074333 -0.55419105
v -0.65375602 -0.3844775 -0.43537387
v -0.69509971 -0.39790016 -0.30988973
v -0.71422702 -0.4097901 -0.17881367
v -0.66962457 -0.32035625 -0.06043286
v -0.61526364 -0.23902094 -0.05120645
v -0.70913976 -0.41640776 -0.04752542
v -0.52864945 -0.17427599 -0.00438033
v -0.41899469 -0.14186192 0.048082687
v -0.29331604 -0.13109612 0.085067726
v -0.1663934 -0.1356113 0.102747641
v -0.04508532 -0.13907814 0.107464514
v 0.073076099 -0.13911355 0.107921995
v 0.190846890 -0.13666856 0.106120474
v 0.190138772 -0.08870208 -0.00550459
v 0.187490418 -0.05585337 -0.11881784
v 0.181979239 -0.03521609 -0.23256043
v 0.173913225 -0.02902734 -0.34839243
v 0.163417920 -0.03863561 -0.46469086
v 0.151328668 -0.07040608 -0.5768134
v 0.139820456 -0.12666619 -0.68139023
v 0.132027998 -0.21217012 -0.76896894
v 0.130893230 -0.31651342 -0.83381563
v -0.00443079 -0.43718964 -0.88680792
v 0.133141771 -0.42794681 -0.87545663
v -0.14475265 -0.44662601 -0.87388444
v 0.251518160 -0.3118844 -0.79667097
v 0.264739960 -0.41655344 -0.8355304
v 0.240983456 -0.2168684 -0.74054992
v 0.244037404 -0.13997996 -0.6616379
v 0.257776945 -0.08586848 -0.57031024
v 0.274286150 -0.05418909 -0.46392259
v 0.289951980 -0.04112995 -0.35272139
v 0.302269339 -0.04368317 -0.23990694
v 0.308534503 -0.06004691 -0.12700495
v 0.310026526 -0.09061098 -0.01352771
v 0.309161752 -0.13802552 0.098516814
v 0.30919981 -0.20681155 0.203819930
v 0.191456988 -0.20598149 0.209389835
v 0.070682898 -0.20724034 0.209576606
v -0.05208668 -0.2064116 0.208116561
v -0.17936634 -0.20084882 0.202562362
v -0.19192544 -0.28815627 0.287008851
v -0.05837703 -0.29500628 0.292232334
v 0.068679936 -0.29725587 0.293635785
v 0.192521154 -0.29789257 0.293961793
v 0.313338726 -0.30079556 0.288611173
v 0.423579692 -0.1524055 0.081450529
v 0.421583265 -0.22015858 0.188709974
v 0.428605973 -0.31072736 0.267532259
v 0.429331541 -0.10990345 -0.03117131
v 0.431650400 -0.08527422 -0.14810872
v 0.425711214 -0.07373393 -0.26495573
v 0.407433658 -0.07701027 -0.37847173
v 0.380972832 -0.09291255 -0.4859547
v 0.348183333 -0.12286103 -0.58287591
v 0.316131979 -0.15554142 -0.647403
v 0.340507060 -0.21375883 -0.69277972
v 0.364821046 -0.30233729 -0.73572159
v 0.415860474 -0.18867433 -0.61873424
v 0.461372435 -0.27749228 -0.65526605
v 0.471684783 -0.16151917 -0.52479839
v 0.509154200 -0.14504969 -0.4144026
v 0.533369123 -0.13765299 -0.29657322
v 0.542214393 -0.14071655 -0.17464954
v 0.537039816 -0.16004777 -0.05507657
v 0.525641679 -0.19226909 0.058365710
v 0.515188455 -0.25064087 0.158156752
v 0.527184724 -0.32861543 0.219810485
v 0.442418485 -0.41039109 0.318782150
v 0.321474045 -0.40532631 0.345900178
v 0.548735678 -0.42059171 0.256361186
v 0.195691242 -0.40440995 0.352769076
v 0.068134866 -0.40401542 0.352446496
v 0.332218587 -0.51582623 0.379550695
v 0.202122241 -0.51679665 0.387453973
v 0.070401862 -0.516662 0.387742817
v 0.457789272 -0.51713747 0.348372250
v 0.569380283 -0.5210914 0.277375817
v 0.655401408 -0.52382129 0.173307895
v 0.631822586 -0.42780358 0.161746203
v 0.600782275 -0.33981824 0.145100712
v 0.575077652 -0.28075898 0.122398532
v 0.601396262 -0.25830162 0.042526342
v 0.623269915 -0.23695755 -0.07467877
v 0.628301322 -0.22672737 -0.19812235
v 0.612908184 -0.22837353 -0.32410374
v 0.582804977 -0.23786414 -0.44518271
v 0.534247756 -0.25338817 -0.55887598
v 0.574811279 -0.36079812 -0.58242625
v 0.491857796 -0.38161844 -0.68183684
v 0.629317522 -0.34450471 -0.46618605
v 0.664757370 -0.33321035 -0.34195259
v 0.681250929 -0.32923555 -0.21315271
v 0.680105328 -0.3303901 -0.08478209
v 0.651767194 -0.33743834 0.039466716
v 0.689341247 -0.42900151 0.043743424
v 0.714051783 -0.52665782 0.049095042
v 0.735099613 -0.62814403 0.053222894
v 0.675990700 -0.62517822 0.17889902
v 0.587029039 -0.6252073 0.285385072
v 0.473904013 -0.62586904 0.361351519
v 0.344008743 -0.62807447 0.393637031
v 0.211553931 -0.62962538 0.404032498
v 0.077190414 -0.63033116 0.405914783
v 0.088544540 -0.74252963 0.412047684
v 0.223730325 -0.74033666 0.408866107
v 0.357969492 -0.73741233 0.398254126
v 0.489614158 -0.73354614 0.363693296
v 0.603976309 -0.73038197 0.287606477
v 0.693804204 -0.7296468 0.179956257
v 0.753266036 -0.73473185 0.055920422
v 0.780105590 -0.74367899 -0.07767476
v 0.762001335 -0.63614005 -0.08063656
v 0.739622890 -0.53222382 -0.08396786
v 0.713542759 -0.43059886 -0.08628504
v 0.715366125 -0.4348225 -0.21890974
v 0.697670459 -0.44336104 -0.35069072
v 0.659154832 -0.45636517 -0.47778904
v 0.596546590 -0.47284371 -0.59589189
v 0.719445943 -0.55257934 -0.35267657
v 0.676986992 -0.56733602 -0.48243621
v 0.612177193 -0.58411187 -0.60501254
v 0.739903390 -0.54080033 -0.21878698
v 0.760933637 -0.64672846 -0.21674907
v 0.777342200 -0.75413918 -0.21449965
v 0.766403853 -0.84481138 0.058648139
v 0.790717899 -0.85368258 -0.07532237
v 0.788957297 -0.86264467 -0.21262008
v 0.708574056 -0.83765441 0.182552993
v 0.618707895 -0.83653903 0.287113905
v 0.503854095 -0.84014428 0.363218128
v 0.372355520 -0.84436679 0.397831618
v 0.238129213 -0.8480019 0.409211218
v 0.104171030 -0.85164106 0.411945283
v 0.385366648 -0.94999683 0.397222816
v 0.253130734 -0.95313752 0.408111602
v 0.121699497 -0.95711702 0.410141199
v 0.515354394 -0.94668949 0.362283945
v 0.630038857 -0.94530195 0.288527309
v 0.718606889 -0.94862688 0.185944825
v 0.772850096 -0.95677245 0.061439782
v 0.796819388 -0.96488458 -0.07368074
v 0.796196758 -0.97151947 -0.21182588
v 0.770730674 -0.9792366 -0.34909225
v 0.761519551 -0.87318951 -0.34974658
v 0.749942302 -0.76683098 -0.35073236
v 0.735683202 -0.66017079 -0.3518759
v 0.689896524 -0.67587996 -0.48409057
v 0.622312724 -0.69320279 -0.60975021
v 0.522558927 -0.60257262 -0.71521705
v 0.510422110 -0.49152571 -0.70113146
v 0.531262815 -0.71228784 -0.72310966
v 0.700983703 -0.78197157 -0.48430222
v 0.630767524 -0.7996605 -0.6111033
v 0.537674009 -0.82010394 -0.72574097
v 0.711283862 -0.88658869 -0.48371822
v 0.720524787 -0.99010867 -0.48269248
v 0.800017178 -1.08017063 -0.21178609
v 0.776312887 -1.08534491 -0.34845382
v 0.728384316 -1.09295666 -0.48122013
v 0.800675988 -1.07544112 -0.07334651
v 0.776258826 -1.06956315 0.063007734
v 0.722272217 -1.06293023 0.186841070
v 0.636784493 -1.05799317 0.289215087
v 0.523774504 -1.05596757 0.359894752
v 0.395920813 -1.05585551 0.394888103
v 0.528400659 -1.16807508 0.358296901
v 0.403498828 -1.16333961 0.391541779
v 0.641612887 -1.17386222 0.288968473
v 0.724841892 -1.17930186 0.184659242
v 0.778468072 -1.18349338 0.059734083
v 0.803066730 -1.18686426 -0.07602577
v 0.802400589 -1.18952477 -0.21358031
v 0.779314994 -1.19175124 -0.34883559
v 0.733981609 -1.19554377 -0.47908849
v 0.664321124 -1.20480537 -0.60235918
v 0.656325519 -1.10612833 -0.60633975
v 0.647736191 -1.00579619 -0.60904551
v 0.639195442 -0.90378273 -0.61065823
v 0.544384777 -0.92516071 -0.72551292
v 0.421840131 -0.84294409 -0.82122034
v 0.416815012 -0.73311335 -0.81732559
v 0.427498996 -0.95049822 -0.82121617
v 0.552050769 -1.02750111 -0.72299999
v 0.434859901 -1.05528009 -0.81792927
v 0.56080091 -1.12728512 -0.71871608
v 0.570617377 -1.22407031 -0.71241778
v 0.671543419 -1.30180657 -0.59741879
v 0.736943960 -1.29832804 -0.47812563
v 0.580758750 -1.31706655 -0.703686
v 0.780396759 -1.2994256 -0.35066682
v 0.802985250 -1.3006953 -0.21739247
v 0.804069042 -1.30114937 -0.08161294
v 0.780377507 -1.30031347 0.052367202
v 0.726360738 -1.29779637 0.176730394
v 0.641570866 -1.29261518 0.280792564
v 0.529676973 -1.28488851 0.350924789
v 0.639528095 -1.41649342 0.267863303
v 0.525682449 -1.40492988 0.337926447
v 0.723631322 -1.42283344 0.164719551
v 0.776975274 -1.42277193 0.041855305
v 0.799521684 -1.41871381 -0.09011275
v 0.797560632 -1.41402757 -0.22276729
v 0.776205062 -1.40873241 -0.35372892
v 0.734227776 -1.40236759 -0.47855228
v 0.671778380 -1.39754462 -0.59249902
v 0.585760891 -1.40482819 -0.68915719
v 0.469425529 -1.34869552 -0.78955221
v 0.455810904 -1.25507164 -0.80279207
v 0.483804285 -1.43558502 -0.76512611
v 0.444328844 -1.15686643 -0.81194824
v 0.30037117 -1.08713222 -0.88788688
v 0.293031007 -0.97849119 -0.8921051
v 0.310562551 -1.19270861 -0.87946588
v 0.324156165 -1.29448986 -0.86687362
v 0.342501521 -1.39221036 -0.85017914
v 0.366688877 -1.48447883 -0.82325077
v 0.396661549 -1.56792784 -0.7810362
v 0.500248253 -1.50844049 -0.73595351
v 0.585190117 -1.48148739 -0.67364681
v 0.662051558 -1.49003625 -0.58952463
v 0.721818924 -1.50824249 -0.48037076
v 0.761890173 -1.51859081 -0.35613382
v 0.781963765 -1.52803457 -0.22860205
v 0.783791840 -1.53664708 -0.10105483
v 0.762123704 -1.55049157 0.024848826
v 0.709147274 -1.56060803 0.148823142
v 0.618335247 -1.54713726 0.257120579
v 0.234225422 -1.53703463 -0.85827047
v 0.271550744 -1.63072574 -0.81450462
v 0.203037977 -1.43931293 -0.88614058
v 0.180010363 -1.33734798 -0.9038471
v 0.163814202 -1.23101425 -0.91711414
v 0.054332848 -1.48762131 -0.89920497
v 0.027411555 -1.38147128 -0.9154442
v 0.009609610 -1.27008164 -0.9287737
v 0.092424348 -1.58865762 -0.87234515
v 0.136431992 -1.6818614 -0.83026403
v 0.001329745 -1.7387749 -0.82876837
v -0.05200973 -1.64436638 -0.86651099
v -0.09777194 -1.5391103 -0.88805985
v -0.19458997 -1.70682812 -0.83803159
v -0.24603976 -1.59554183 -0.85359305
v -0.13205788 -1.80519545 -0.80715001
v -0.26109222 -1.88313067 -0.76409173
v -0.33175433 -1.77428114 -0.78832489
v -0.38739127 -1.95877755 -0.69738603
v -0.46069539 -1.83894753 -0.71504855
v 0.099808216 -1.59287536 0.338983207
v -0.01347074 -1.71025097 0.335900932
v -0.15195577 -1.85251307 0.350848346
v 0.173305675 -1.51367652 0.347830534
v 0.227299138 -1.47206903 0.350823283
v 0.300130188 -1.47455835 0.352929770
v 0.392825663 -1.49053752 0.351035654
v 0.503788113 -1.51612687 0.321624696
v 0.295227617 -1.37156272 0.379706531
v 0.406073629 -1.38880396 0.371076762
v 0.195758 -1.3606925 0.377166301
v 0.106465078 -1.38544142 0.374498993
v 0.288039594 -1.26226044 0.395054698
v 0.167224794 -1.24704003 0.392969101
v 0.048213928 -1.24656701 0.385066181
v 0.409117698 -1.27525222 0.384594440
v 0.278300523 -1.15838039 0.401505976
v 0.266759693 -1.05629325 0.405387580
v 0.138060376 -1.05775249 0.406047225
v 0.152024507 -1.15303218 0.401002317
v 0.006535687 -1.06237102 0.399743527
v 0.026212526 -1.15335155 0.393356114
v -0.01514575 -0.96315557 0.404147356
v -0.12277285 -1.32534111 0.398431420
v -0.13084896 -1.17188644 0.401055663
v -0.15139425 -1.07678914 0.406004577
v -0.1719466 -0.97421426 0.408263355
v -0.03582631 -0.85710031 0.406099975
v -0.18888743 -0.86471421 0.404640674
v -0.34902418 -1.1022346 0.404163420
v -0.35089344 -0.98834729 0.407986134
v -0.35555422 -0.8721869 0.407777756
v -0.35600704 -1.22210276 0.400222539
v -0.38167539 -1.36873651 0.399041920
v -0.00092324 -1.46017158 0.382309466
v -0.448048 -1.55247951 0.401403009
v -0.26241186 -1.5421958 0.407613396
v -0.12790385 -1.60752976 0.388187259
v -0.55283898 -1.25388956 0.348397016
v -0.57689583 -1.40311301 0.344632238
v -0.60552907 -1.57022715 0.335831344
v -0.53600341 -1.12179232 0.353827863
v -0.52654612 -1.00067496 0.359890490
v -0.52062261 -0.88106394 0.363111227
v -0.35937822 -0.75338238 0.399255067
v -0.51785874 -0.75747055 0.363307297
v -0.20100228 -0.7507599 0.397363930
v -0.05248068 -0.74588275 0.407952517
v -0.06292303 -0.63074499 0.405302733
v -0.20771456 -0.63341469 0.392560094
v -0.35846686 -0.63312745 0.384174972
v -0.51176065 -0.63176429 0.353942632
v -0.64674437 -0.75869811 0.266050428
v -0.65783972 -0.88230413 0.263919711
v -0.6340729 -0.6342054 0.259270012
v -0.6678586 -1.00634789 0.255504459
v -0.67768013 -1.1343267 0.245812267
v -0.68985176 -1.27350068 0.237315714
v -0.70398188 -1.42435884 0.230574220
v -0.71707177 -1.58664405 0.220752745
v -0.63537061 -1.75047624 0.320505321
v -0.73132271 -1.76169086 0.204892844
v -0.50493222 -1.74243045 0.390264362
v -0.36562261 -1.74721158 0.411804884
v -0.24496324 -1.77965331 0.394938111
v -0.33569613 -1.91668558 0.390646994
v -0.43337169 -1.93089938 0.394919276
v -0.54876214 -1.94082189 0.366543352
v -0.66036773 -1.95118749 0.293222785
v -0.74287134 -1.95605278 0.177013725
v -0.78380644 -1.5985626 0.080228246
v -0.78950387 -1.76865232 0.066448614
v -0.79125327 -1.95166636 0.042453721
v -0.77685064 -1.4385556 0.089369453
v -0.77016777 -1.28713822 0.097042091
v -0.76263297 -1.14319551 0.105548985
v -0.75537956 -1.00881433 0.116299010
v -0.74477887 -0.88032448 0.125938773
v -0.73303854 -0.756598 0.131172239
v -0.72004133 -0.63556606 0.129384279
v -0.49598485 -0.50895131 0.328403562
v -0.61737293 -0.51387304 0.238661885
v -0.70034689 -0.52053511 0.112166412
v -0.76183802 -0.63723743 -0.0200605
v -0.77576649 -0.75588268 -0.01978109
v -0.74141812 -0.52321768 -0.0305056
v -0.78778434 -0.88016456 -0.02536618
v -0.79667455 -1.01048851 -0.03460934
v -0.80254704 -1.14876497 -0.04427894
v -0.80661333 -1.29433286 -0.05280943
v -0.80950153 -1.44595885 -0.06095126
v -0.8117345 -1.60438681 -0.06995706
v -0.81299818 -1.77015495 -0.0816835
v -0.80868602 -1.94333243 -0.10019962
v -0.77547729 -2.14413166 -0.00494696
v -0.73476994 -2.17265558 0.123395420
v -0.78127146 -2.11804652 -0.13061404
v -0.65978152 -2.17926264 0.238267898
v -0.55132055 -2.14940953 0.326909661
v -0.79822278 -1.93849421 -0.24405763
v -0.76098007 -2.10404611 -0.25486031
v -0.80794162 -1.77005196 -0.23114762
v -0.80903506 -1.60604692 -0.22086912
v -0.80893308 -1.44803643 -0.21195176
v -0.80815172 -1.29643238 -0.20371109
v -0.8060922 -1.15073919 -0.19540828
v -0.80157512 -1.01183248 -0.18676525
v -0.79342973 -0.88086319 -0.17854211
v -0.78258139 -0.75610042 -0.1727339
v -0.7707876 -0.88010693 -0.32781222
v -0.77726668 -1.01104224 -0.33511099
v -0.76036596 -0.75501978 -0.32143369
v -0.78024858 -1.14902878 -0.34260112
v -0.7813409 -1.29442167 -0.3500227
v -0.78068209 -1.44617271 -0.35755023
v -0.77945673 -1.60501194 -0.36607745
v -0.77338183 -1.7693851 -0.375058
v -0.75383788 -1.93629396 -0.3832227
v -0.70609897 -2.09727907 -0.38188279
v -0.61494726 -2.07759452 -0.5028255
v -0.67730808 -1.92544281 -0.50932395
v -0.70981908 -1.76270771 -0.50571722
v -0.72485173 -1.59914565 -0.50005579
v -0.72964603 -1.43991315 -0.49364144
v -0.73049462 -1.28831267 -0.48785764
v -0.72918761 -1.14345193 -0.4819636
v -0.7266233 -1.00670838 -0.47595629
v -0.65624458 -1.1339252 -0.61056256
v -0.65838069 -1.27770793 -0.61452436
v -0.65299249 -0.9982872 -0.60605896
v -0.65608233 -1.42762041 -0.61690998
v -0.64500171 -1.58388305 -0.61808634
v -0.62164378 -1.74158716 -0.62051547
v -0.57768714 -1.89244616 -0.62223369
v -0.50604361 -2.02816486 -0.61050361
v -0.51184171 -1.70296705 -0.71748644
v -0.54199868 -1.55653119 -0.7191115
v -0.55688614 -1.40758407 -0.72235388
v -0.56288928 -1.26190484 -0.72523916
v -0.5625239 -1.12099755 -0.72518885
v -0.55857956 -0.98657328 -0.72217172
v -0.72265089 -0.87627113 -0.4698616
v -0.6483292 -0.86848503 -0.60004026
v -0.55216515 -0.8572098 -0.71567351
v -0.7158547 -0.75070041 -0.46365222
v -0.64086694 -0.74299771 -0.59228593
v -0.54389834 -0.7318368 -0.70596993
v -0.43889734 -0.84371758 -0.81521875
v -0.44380838 -0.97267449 -0.8193894
v -0.43056339 -0.71794707 -0.80377179
v -0.44588813 -1.10495782 -0.81888944
v -0.44415197 -1.24058044 -0.81512135
v -0.43657106 -1.37955272 -0.80898279
v -0.41880944 -1.51893687 -0.80144083
v -0.38519317 -1.65256524 -0.7960853
v -0.27939528 -1.47405398 -0.863433
v -0.29789066 -1.34564674 -0.87263471
v -0.30678454 -1.21523571 -0.88102847
v -0.30989197 -1.08543825 -0.88687193
v -0.30929133 -0.95677614 -0.88874269
v -0.30610341 -0.82935876 -0.88593674
v -0.30110478 -0.70343065 -0.87787288
v -0.29309958 -0.57967055 -0.86002094
v -0.42094636 -0.5945695 -0.78747338
v -0.53393078 -0.60875952 -0.69326431
v -0.63104999 -0.6198433 -0.58321077
v -0.70230353 -0.62831068 -0.45598787
v -0.74579197 -0.63412523 -0.31671569
v -0.76712281 -0.63673681 -0.17063847
v -0.74432772 -0.52223247 -0.17398724
v -0.72582155 -0.51582205 -0.31451464
v -0.68314534 -0.50668782 -0.44821379
v -0.61627972 -0.49630117 -0.57173908
v -0.52240783 -0.48480588 -0.6791563
v -0.40959752 -0.47176969 -0.76732808
v -0.28195441 -0.45828485 -0.83428913
v -0.15850462 -0.68919176 -0.91982383
v -0.15302928 -0.56690621 -0.90155166
v -0.1616863 -0.81331772 -0.92864281
v -0.16279498 -0.93802309 -0.93143982
v -0.16147844 -1.06241024 -0.92868394
v -0.15677616 -1.1862824 -0.92228311
v -0.14673917 -1.30840909 -0.91325682
v -0.12848027 -1.42710245 -0.9015345
v -0.00145476 -1.15449595 -0.93855971
v -0.0076168 -1.03615737 -0.94485325
v -0.01077797 -0.91601712 -0.94656378
v -0.01156696 -0.79516214 -0.94370389
v -0.01053725 -0.67447394 -0.93323004
v -0.00839851 -0.55505073 -0.91490811
v -0.6744163 -0.41352022 0.083497934
v -0.64203954 -0.32378149 0.047701008
v -0.59675628 -0.40314925 0.204426795
v -0.56722873 -0.30747974 0.152842760
v -0.60992759 -0.26313984 0.024411037
v -0.54390144 -0.23272645 0.081542052
v -0.47703448 -0.39525092 0.285021662
v -0.45684445 -0.29136288 0.224292725
v -0.43746969 -0.20585537 0.142413377
v -0.34253874 -0.39291507 0.327679246
v -0.32867783 -0.28269005 0.269156336
v -0.35232419 -0.51238495 0.362204432
v -0.3108815 -0.19537258 0.184841871
v -0.20248947 -0.39498335 0.347059696
v -0.20856965 -0.51292574 0.379978835
v -0.06668913 -0.51445806 0.387138664
v -0.06433077 -0.40103441 0.351002872
v 0.135587126 -0.54263562 -0.9006542
v 0.137126445 -0.65851861 -0.91856748
v 0.274635523 -0.52793372 -0.86085755
v 0.279737740 -0.6409719 -0.87664843
v 0.283469051 -0.75456339 -0.88657302
v 0.138578593 -0.77534711 -0.92899269
v 0.401136010 -0.51069993 -0.79145193
v 0.410736382 -0.62192237 -0.80801749
v 0.386638224 -0.40196753 -0.76792347
v 0.287519782 -0.86731946 -0.89158326
v 0.141188368 -0.89197969 -0.93390536
v 0.145598962 -1.00752783 -0.93264306
v 0.152738839 -1.12096536 -0.92664349
v -0.42748258 -2.07937717 0.366783797
v -0.29881632 -1.98081577 0.368472486
v 0.654820919 -1.5513829 0.117415644
v 0.580791473 -1.53287768 0.209142208
v 0.699472487 -1.54466712 0.007446151
v 0.718015492 -1.53213143 -0.10601296
v 0.716012775 -1.52458227 -0.22204623
v 0.694650828 -1.51650763 -0.33801347
v 0.653593599 -1.50264096 -0.44916567
v 0.600703775 -1.47804558 -0.54745167
v 0.539603352 -1.46643865 -0.62475568
v 0.467754513 -1.49127376 -0.68412101
v 0.376323580 -1.55227005 -0.72763491
v 0.261548399 -1.61710227 -0.75952911
v 0.133609682 -1.66786683 -0.77728379
v 0.229763805 -1.51679468 -0.76368392
v 0.104494392 -1.5717386 -0.77834934
v 0.343586206 -1.46003461 -0.73307645
v 0.444344759 -1.4076997 -0.68423206
v 0.526677131 -1.3841114 -0.61629343
v 0.594644248 -1.38886487 -0.53099471
v 0.646150648 -1.40238535 -0.43230399
v 0.683419346 -1.4131881 -0.32581997
v 0.703145802 -1.42013776 -0.21343961
v 0.705110192 -1.42571938 -0.09955803
v 0.687425255 -1.42995274 0.011078055
v 0.698868095 -1.31585181 -0.2054224
v 0.700735032 -1.31909239 -0.09346999
v 0.683659374 -1.32081997 0.015226639
v 0.679902911 -1.31092691 -0.31580374
v 0.644361913 -1.30395162 -0.42194602
v 0.591926336 -1.29588032 -0.52266747
v 0.519897282 -1.29422367 -0.61484128
v 0.429980486 -1.3172363 -0.69150227
v 0.321734309 -1.36628211 -0.74667585
v 0.204312369 -1.42005169 -0.77886873
v 0.076208032 -1.47505271 -0.79155004
v -0.05823424 -1.53533661 -0.78296673
v -0.02782354 -1.62990272 -0.77357024
v 0.004531838 -1.72272682 -0.77529758
v -0.12332287 -1.78813934 -0.75365436
v -0.16070606 -1.69578242 -0.74560755
v -0.1937198 -1.59836709 -0.7517029
v 0.051006846 -1.37733316 -0.80836922
v -0.08359058 -1.43608427 -0.7973004
v -0.21659791 -1.48127198 -0.76714391
v 0.183418378 -1.32229424 -0.79637384
v 0.306692868 -1.27038407 -0.76180243
v 0.420422762 -1.22232664 -0.69880915
v 0.515544891 -1.20049059 -0.61484891
v 0.590478003 -1.20116365 -0.51818126
v 0.644514620 -1.20559978 -0.41577154
v 0.679796040 -1.20966899 -0.30876362
v 0.679620802 -1.10880589 -0.30316827
v 0.642811715 -1.10707438 -0.41012454
v 0.587556004 -1.10577071 -0.51391822
v 0.512855470 -1.10700524 -0.61361271
v 0.413304776 -1.12845922 -0.70404565
v 0.295693576 -1.17331517 -0.77237618
v 0.167242437 -1.22377563 -0.81073439
v 0.033315081 -1.2742312 -0.82198542
v -0.09752302 -1.3126471 -0.81260318
v -0.21266057 -1.33055472 -0.78909642
v -0.31718919 -1.33729029 -0.75397629
v -0.33030599 -1.4969902 -0.7259478
v -0.32238027 -1.64590788 -0.70085353
v -0.28660408 -1.7649343 -0.69516355
v -0.24498338 -1.86588109 -0.70913249
v -0.36332065 -1.94333565 -0.6457653
v -0.40421766 -1.82297063 -0.62776548
v -0.43222305 -1.67132616 -0.63991582
v -0.4301208 -1.50347495 -0.67309332
v -0.41808358 -1.33745277 -0.70068777
v -0.19448099 -1.17617488 -0.80966324
v -0.30086362 -1.1797235 -0.7735548
v -0.4023321 -1.17874253 -0.72044379
v -0.08560385 -1.16705441 -0.82911015
v 0.030622404 -1.15193069 -0.83394623
v 0.159171998 -1.11996567 -0.82080144
v 0.289039492 -1.07540941 -0.7786963
v 0.408302694 -1.03453314 -0.70669532
v 0.510142266 -1.01350975 -0.61136359
v 0.584301054 -1.00965571 -0.50896478
v 0.407873958 -0.93908608 -0.70495933
v 0.508233189 -0.91992855 -0.60688502
v 0.581070482 -0.91358173 -0.50277668
v 0.288647979 -0.97113204 -0.77902001
v 0.166012659 -0.99746299 -0.82333499
v 0.051037572 -1.01057076 -0.84035844
v -0.06116373 -1.01954603 -0.83976316
v -0.17310305 -1.02546453 -0.82275742
v -0.28255069 -1.02784467 -0.78885818
v -0.38418821 -1.02743483 -0.73317647
v -0.47473741 -1.02706766 -0.65562761
v -0.49266645 -1.17624831 -0.64613783
v -0.50739557 -1.33486819 -0.62886202
v -0.52053469 -1.50496733 -0.6041187
v -0.52409083 -1.68484747 -0.56902939
v -0.50930256 -1.86053371 -0.54597604
v -0.47461003 -2.01510644 -0.56587386
v -0.60137671 -1.69066978 -0.48243034
v -0.5946123 -1.8845644 -0.45611212
v -0.57824892 -2.06741285 -0.46847549
v -0.59187806 -1.50363219 -0.51418495
v -0.58121103 -1.33238375 -0.53696156
v -0.5664506 -1.17462921 -0.55108798
v -0.55192912 -1.02707076 -0.56101739
v -0.36573181 -0.88243866 -0.74001813
v -0.45674577 -0.88442004 -0.66023123
v -0.53760326 -0.8873868 -0.56649339
v -0.26164851 -0.8813746 -0.79555017
v -0.1508971 -0.87920755 -0.82875681
v -0.0368632 -0.87549365 -0.84334749
v 0.077928163 -0.86990356 -0.83982402
v 0.189271807 -0.86362863 -0.81572556
v 0.300897091 -0.85458243 -0.77067769
v 0.412627041 -0.83934909 -0.69712675
v 0.321054518 -0.73433781 -0.7534731
v 0.422706842 -0.7313416 -0.68231857
v 0.213996619 -0.73467499 -0.80032218
v 0.102268464 -0.73473161 -0.82807207
v -0.01317458 -0.7352438 -0.83750218
v -0.12937595 -0.73662502 -0.82616323
v -0.24203421 -0.73855209 -0.79347843
v -0.34623531 -0.74263102 -0.73595226
v -0.43833312 -0.74927443 -0.6575166
v -0.52258199 -0.75573558 -0.56720501
v -0.59504265 -0.75979406 -0.46202826
v -0.60623729 -0.88888687 -0.46005753
v -0.61615747 -1.02620423 -0.45456433
v -0.626122 -1.17328906 -0.44527733
v -0.63591981 -1.33089435 -0.43125689
v -0.64548749 -1.50256872 -0.41070876
v -0.66960096 -1.17213011 -0.33186418
v -0.67554939 -1.3297652 -0.31875426
v -0.6806134 -1.50202942 -0.29850605
v -0.66326773 -1.02494907 -0.33955705
v -0.65606606 -0.88823801 -0.34291187
v -0.6463213 -0.76072538 -0.34312248
v -0.5075866 -0.62704462 -0.56350648
v -0.58190221 -0.63594693 -0.46161392
v -0.63405365 -0.63930112 -0.34103921
v -0.42269057 -0.61583734 -0.64850658
v -0.32864711 -0.60626709 -0.72206777
v -0.22309323 -0.60014284 -0.77820396
v -0.10798784 -0.59842271 -0.81002235
v 0.010056961 -0.5999589 -0.81892806
v 0.125971496 -0.60379338 -0.80840755
v 0.236518219 -0.60965765 -0.7792033
v 0.339334279 -0.61713189 -0.73039711
v 0.257942587 -0.48757076 -0.74635607
v 0.149989292 -0.47578424 -0.77837044
v 0.354997932 -0.50313926 -0.69621593
v 0.033523555 -0.46829146 -0.7902627
v -0.0865845 -0.46460676 -0.78211218
v -0.20506237 -0.46515214 -0.75175118
v -0.31311199 -0.47100037 -0.69794744
v -0.40969878 -0.48144078 -0.62987375
v -0.49454567 -0.49664408 -0.55021489
v -0.56629914 -0.51360238 -0.45481467
v -0.61716878 -0.52260512 -0.33633152
v -0.64448041 -0.52368653 -0.21164921
v -0.66213691 -0.63957775 -0.21590352
v -0.67531103 -0.75991547 -0.21908593
v -0.68505102 -0.88736093 -0.22113499
v -0.69245821 -1.02401137 -0.22067848
v -0.69635653 -1.1716634 -0.21498638
v -0.69932377 -1.0253396 -0.10149825
v -0.70151728 -1.17308319 -0.09817293
v -0.69436336 -0.88822848 -0.09990307
v -0.68539572 -0.75977665 -0.09615144
v -0.67098022 -0.63869339 -0.09354265
v -0.65166914 -0.52244192 -0.09186128
v -0.61978996 -0.41361362 -0.20415005
v -0.59345603 -0.40790844 -0.32273105
v -0.62277073 -0.41301793 -0.08858971
v -0.54648495 -0.38973123 -0.42806014
v -0.47963551 -0.36517876 -0.51881355
v -0.39422753 -0.34842646 -0.59441894
v -0.29479405 -0.34134042 -0.65611446
v -0.18484804 -0.33754992 -0.70675504
v -0.06476158 -0.33726478 -0.73859179
v 0.057525288 -0.34280407 -0.74468738
v -0.04212137 -0.22812498 -0.66921818
v 0.079567603 -0.23560309 -0.66906965
v -0.16055885 -0.22701573 -0.63957149
v -0.26790485 -0.22641218 -0.58777994
v -0.36310598 -0.22981286 -0.52589774
v -0.44467756 -0.24359155 -0.45414761
v -0.51011187 -0.27123427 -0.37540537
v -0.55635893 -0.29975975 -0.28925025
v -0.58089131 -0.31373572 -0.18397892
v -0.57790381 -0.32054138 -0.07499018
v -0.5682587 -0.33748758 -0.00287092
v -0.60282636 -0.41133475 0.011011675
v -0.63754785 -0.51985204 0.018162652
v -0.65759605 -0.63756371 0.021447688
v -0.67116565 -0.76121485 0.020635224
v -0.67940265 -0.8908565 0.016356259
v -0.6834622 -1.0279566 0.013429474
v -0.6376853 -0.89224255 0.122752435
v -0.64181668 -1.02792764 0.119302921
v -0.62936676 -0.76209676 0.126556247
v -0.61530417 -0.63652414 0.124579317
v -0.59622175 -0.51736891 0.115760289
v -0.56396711 -0.40797603 0.092235513
v -0.52912152 -0.31703341 0.043482422
v -0.51939893 -0.26535225 -0.03247942
v -0.51620573 -0.23481607 -0.12482586
v -0.49472755 -0.20635927 -0.20890921
v -0.44911596 -0.17897642 -0.28641653
v -0.382561 -0.16481423 -0.35840681
v -0.30675736 -0.16025817 -0.42281413
v -0.22107002 -0.15827131 -0.48402724
v -0.12537403 -0.16004539 -0.53281605
v -0.08948242 -0.13725185 -0.40526989
v -0.17166239 -0.13866949 -0.36416337
v -0.24658731 -0.14242065 -0.3114875
v -0.31277618 -0.14797795 -0.25442746
v -0.37002102 -0.1596272 -0.19391587
v -0.4091095 -0.17957735 -0.12848614
v -0.43230346 -0.20523691 -0.0580276
v -0.4488529 -0.24256933 0.019449219
v -0.47116473 -0.3073144 0.098236329
v -0.5017904 -0.40166593 0.162359625
v -0.53112471 -0.51429647 0.197615891
v -0.54902935 -0.63511926 0.211451202
v -0.5608719 -0.76216775 0.214739561
v -0.56969678 -0.8923766 0.212323516
v -0.57354563 -1.0260253 0.207449853
v -0.46993437 -0.76241505 0.273757517
v -0.47740227 -0.89180863 0.270746856
v -0.48095751 -1.02347457 0.265658080
v -0.45853302 -0.63594335 0.270541191
v -0.44115591 -0.51423156 0.251893162
v -0.41856119 -0.39888448 0.209422618
v -0.39206547 -0.30180824 0.140807807
v -0.36620402 -0.23846579 0.059055671
v -0.34264907 -0.20404446 -0.0172144
v -0.31790507 -0.18425977 -0.07793534
v -0.307307 -0.16967666 -0.13338879
v -0.25546712 -0.16428292 -0.1543701
v -0.19559962 -0.15706301 -0.19639978
v -0.12804975 -0.15106928 -0.23803341
v -0.05634886 -0.1464448 -0.2731638
v -0.10424684 -0.17926538 -0.11841699
v -0.03405374 -0.17440796 -0.14116552
v -0.17600839 -0.18332744 -0.09328194
v -0.24605337 -0.18553829 -0.07445875
v -0.25928181 -0.209041 -0.00154616
v -0.28144342 -0.24322844 0.080782227
v -0.3050487 -0.30416417 0.166845053
v -0.32646582 -0.40055168 0.236376881
v -0.34253454 -0.51667869 0.275296866
v -0.35552698 -0.63892651 0.294385224
v -0.36630654 -0.76375812 0.299848973
v -0.37316748 -0.89001548 0.297319114
v -0.37583596 -1.01952147 0.291208058
v -0.48199496 -1.16351545 0.260959625
v -0.5745222 -1.16895854 0.205332130
v -0.37723687 -1.15753543 0.285135507
v -0.27037966 -1.01304317 0.297572791
v -0.27252048 -1.14865303 0.290518850
v -0.26685742 -0.88619679 0.303471684
v -0.26112714 -0.76281458 0.305255889
v -0.25316715 -0.64002872 0.300331413
v -0.24353379 -0.51895618 0.284418016
v -0.23248073 -0.40350622 0.248323053
v -0.21747632 -0.30934584 0.179157108
v -0.19980098 -0.24952281 0.089759983
v -0.18361871 -0.21212649 -0.00135399
v -0.10838315 -0.21294415 -0.0090612
v -0.03304029 -0.21095026 -0.02032174
v 0.020296329 -0.14368236 -0.29509509
v 0.037436440 -0.16956472 -0.1590011
v 0.042802054 -0.20677567 -0.03166115
v 0.043358769 -0.25062394 0.079125590
v -0.03747266 -0.25398517 0.086109928
v -0.11855403 -0.2542305 0.090553246
v -0.12903246 -0.31476808 0.181700378
v -0.13941328 -0.40381527 0.251797467
v -0.14675999 -0.51817036 0.288996547
v -0.1526808 -0.63854116 0.303165793
v -0.15841851 -0.75923997 0.307177573
v -0.16324218 -0.87982506 0.305919349
v -0.16727747 -1.00313258 0.300664722
v -0.17009322 -1.13529241 0.293013870
v -0.17113915 -1.278615 0.282822191
v -0.27331865 -1.29676247 0.283603251
v -0.3786943 -1.30798984 0.281491339
v -0.4821322 -1.3160547 0.261479079
v -0.48047113 -1.48896921 0.267395675
v -0.37790585 -1.47407138 0.283202141
v -0.27115124 -1.45494306 0.280922859
v -0.1669924 -1.4274025 0.275518089
v -0.07223702 -1.11628699 0.296241998
v -0.06813411 -1.24700856 0.286945521
v -0.04053261 -1.35085237 0.275966167
v -0.06585577 -0.98993921 0.302470147
v -0.06076355 -0.87137461 0.306582540
v -0.05704742 -0.75363612 0.308499693
v -0.05398166 -0.63498086 0.305801987
v -0.05102613 -0.51593977 0.291112989
v -0.04615666 -0.40547264 0.251649767
v -0.04092705 -0.31668234 0.179957151
v 0.045247081 -0.31328595 0.176262319
v 0.046162333 -0.40297687 0.249792784
v 0.045986719 -0.51232243 0.290905445
v 0.045638170 -0.62936819 0.307358503
v 0.045092064 -0.74613219 0.308901876
v 0.043410569 -0.86047369 0.306447982
v 0.038661878 -0.97362286 0.302572190
v 0.034057974 -1.087273 0.298307329
v 0.047028672 -1.1896075 0.294452726
v 0.075163602 -1.2713362 0.288215547
v -0.00269993 -1.43593669 0.268716126
v -0.12419556 -1.53944814 0.270958870
v 0.105005279 -1.35102451 0.280486762
v -0.25257117 -1.61236358 0.281879693
v -0.37184611 -1.655972 0.286986738
v -0.47332582 -1.68566918 0.273934602
v -0.34307075 -1.83069682 0.295838505
v -0.45621112 -1.89030981 0.283733964
v -0.20724337 -1.74321914 0.286288529
v -0.07301456 -1.62675691 0.271612584
v 0.043339043 -1.51008487 0.269214600
v 0.134277120 -1.42822015 0.275757789
v 0.179782241 -1.22886097 0.289230376
v 0.197065547 -1.31746924 0.284534543
v 0.212872520 -1.39500439 0.281313061
v 0.165542975 -1.1424582 0.293386340
v 0.157087191 -1.05475664 0.297130465
v 0.153470784 -0.95601183 0.301108926
v 0.151370406 -0.84849328 0.304890811
v 0.148858010 -0.73692477 0.307890415
v 0.145822599 -0.62187606 0.306236088
v 0.142648100 -0.50584978 0.288966387
v 0.138819336 -0.39569485 0.246891737
v 0.240111246 -0.49669701 0.283936113
v 0.246813878 -0.6122241 0.300865203
v 0.231464892 -0.38562685 0.240795910
v 0.253062754 -0.72652769 0.303527385
v 0.259611666 -0.83603102 0.301455706
v 0.266087204 -0.940323 0.297997832
v 0.272274106 -1.03778374 0.294015705
v 0.278775394 -1.12874126 0.289980143
v 0.285957366 -1.21714711 0.285923063
v 0.293228507 -1.30427217 0.282390981
v 0.298815488 -1.38421357 0.281166464
v 0.168066918 -1.50394619 0.280223101
v 0.229816630 -1.46026647 0.284517973
v 0.302480161 -1.45312381 0.285508871
v 0.094192244 -1.58246076 0.276941388
v -0.01469407 -1.70494962 0.281259059
v -0.15044914 -1.84990048 0.299646079
v 0.391197145 -1.38953042 0.274713397
v 0.385509759 -1.46400881 0.282710194
v 0.392188340 -1.30397809 0.275859952
v 0.390356987 -1.21369827 0.279608786
v 0.387217015 -1.12048185 0.283633023
v 0.382099628 -1.02501357 0.287305325
v 0.375051200 -0.92551148 0.289703011
v 0.366697102 -0.82195365 0.291504472
v 0.356818616 -0.71401739 0.291787326
v 0.347143501 -0.60122502 0.287674903
v 0.468914389 -0.80783874 0.263349801
v 0.457917571 -0.70048797 0.264013618
v 0.446149915 -0.59014529 0.260701805
v 0.478156536 -0.91163749 0.261897802
v 0.485647857 -1.01344526 0.260921508
v 0.490299433 -1.11408138 0.259800583
v 0.491615802 -1.21239853 0.256750941
v 0.490522563 -1.30877495 0.252292990
v 0.489141911 -1.4045583 0.251313090
v 0.482518583 -1.49487507 0.262849748
v 0.580720484 -1.41907024 0.196349382
v 0.579268276 -1.31499147 0.197879165
v 0.581149876 -1.21265459 0.202584207
v 0.578980624 -1.10972571 0.204371303
v 0.574423015 -1.0059756 0.204938858
v 0.567093789 -0.9019776 0.204136431
v 0.556399524 -0.79778081 0.204098254
v 0.640847325 -1.00363147 0.123428367
v 0.633959949 -0.89871132 0.122380919
v 0.623035609 -0.79323053 0.121124364
v 0.643859028 -1.10847425 0.121942363
v 0.644542515 -1.2137599 0.119267664
v 0.645196795 -1.31972837 0.115445531
v 0.647597611 -1.42828846 0.113603480
v 0.683183312 -1.21450567 0.019981205
v 0.682314813 -1.10978949 0.023277014
v 0.680391311 -1.00489616 0.024714082
v 0.676178216 -0.89974886 0.025570593
v 0.666509807 -0.79340637 0.026181042
v 0.609503090 -0.68800586 0.120611973
v 0.653027951 -0.68761319 0.026376321
v 0.543763518 -0.69209707 0.203610062
v 0.530822575 -0.58442461 0.198046624
v 0.595197379 -0.58243579 0.116247333
v 0.638731777 -0.58329725 0.023727037
v 0.656945884 -0.58833933 -0.07474066
v 0.673558473 -0.69136465 -0.07379471
v 0.686329722 -0.79628283 -0.07566941
v 0.694157600 -0.90179944 -0.07833768
v 0.697533190 -1.00666869 -0.08101523
v 0.699366688 -1.11063743 -0.08396336
v 0.700070262 -1.21424508 -0.08797117
v 0.698288083 -1.21264827 -0.1987634
v 0.697794973 -1.11010349 -0.19359767
v 0.696328818 -1.007375 -0.1892648
v 0.692551136 -0.90404487 -0.18515235
v 0.684409856 -0.8006106 -0.18070388
v 0.672562956 -0.69767958 -0.17670298
v 0.657159209 -0.5956977 -0.17437649
v 0.619533658 -0.48026377 0.015200652
v 0.636222779 -0.48601675 -0.07872058
v 0.638535618 -0.49332505 -0.1740199
v 0.578565418 -0.47762161 0.103732727
v 0.517084956 -0.47635698 0.182925075
v 0.433353960 -0.47832924 0.240970790
v 0.33746925 -0.48636413 0.271311134
v 0.416084617 -0.37070894 0.197246313
v 0.496417254 -0.37263453 0.148454487
v 0.324511796 -0.37643564 0.225769519
v 0.555124402 -0.37810862 0.078924588
v 0.590837776 -0.38044888 0.000831630
v 0.608105063 -0.38328183 -0.08400385
v 0.612516105 -0.3895691 -0.17485955
v 0.628040671 -0.50219303 -0.26996145
v 0.642900526 -0.60389048 -0.27388918
v 0.605441093 -0.39990795 -0.26736537
v 0.654860019 -0.70478451 -0.27943307
v 0.664153456 -0.80572611 -0.28574756
v 0.671563386 -0.90687609 -0.29183403
v 0.677194297 -1.00780773 -0.29767871
v 0.638952732 -1.00862575 -0.404194
v 0.634298920 -0.9100064 -0.39773709
v 0.629001319 -0.81125361 -0.39015502
v 0.622507035 -0.71207356 -0.38144332
v 0.614914715 -0.61219412 -0.37223664
v 0.603857278 -0.51198608 -0.36362675
v 0.586221873 -0.41225588 -0.35795322
v 0.566546142 -0.28595328 -0.17586717
v 0.563680112 -0.29734659 -0.26693785
v 0.547969162 -0.31505597 -0.35493544
v 0.558613002 -0.28322482 -0.08694248
v 0.542469382 -0.28954041 -0.00737981
v 0.527578592 -0.30961311 0.051470123
v 0.475529849 -0.28907549 0.084753252
v 0.396386086 -0.28292465 0.121466122
v 0.470003455 -0.24130213 0.005720827
v 0.385154217 -0.22626877 0.027717456
v 0.476378858 -0.21611822 -0.08153212
v 0.484225064 -0.20580626 -0.17473364
v 0.487200528 -0.21151316 -0.27093482
v 0.482869297 -0.23108792 -0.36561632
v 0.553776323 -0.42377222 -0.43923467
v 0.524729847 -0.33917761 -0.43382791
v 0.470889300 -0.27171409 -0.45528284
v 0.567651987 -0.52067286 -0.45421404
v 0.573205351 -0.61995006 -0.46979263
v 0.575995445 -0.7193104 -0.48371947
v 0.578394889 -0.81696743 -0.49468803
v 0.508264601 -0.82472169 -0.59932953
v 0.510718405 -0.72582281 -0.5869807
v 0.513433277 -0.6250245 -0.56893456
v 0.514252662 -0.52554584 -0.54520994
v 0.511436939 -0.42889631 -0.51461393
v 0.503083586 -0.36351037 -0.49042237
v 0.459361016 -0.3304708 -0.53003752
v 0.395682692 -0.18098402 -0.3845714
v 0.396237373 -0.22095084 -0.4908092
v 0.386275559 -0.29525995 -0.57924139
v 0.391799747 -0.16423559 -0.27860838
v 0.385490924 -0.16984653 -0.17267592
v 0.382006168 -0.19291866 -0.07071297
v 0.308999776 -0.28618908 0.14613837
v 0.297205448 -0.22717869 0.045960798
v 0.291523277 -0.18933201 -0.05997309
v 0.289840251 -0.16135299 -0.17106888
v 0.294275075 -0.1462611 -0.28592035
v 0.300954014 -0.15280974 -0.40206364
v 0.304810792 -0.18861425 -0.51962101
v 0.297268182 -0.26598227 -0.6215483
v 0.279153466 -0.37081301 -0.6950931
v 0.371859580 -0.39387351 -0.64748436
v 0.449522256 -0.41717106 -0.58793753
v 0.440736174 -0.5185861 -0.62988991
v 0.432475864 -0.62396342 -0.66039228
v 0.193939387 -0.24694633 -0.6517489
v 0.173875346 -0.35324514 -0.72896022
v 0.203814521 -0.17338061 -0.54290199
v 0.201905608 -0.14143002 -0.41806361
v 0.197875306 -0.14229631 -0.29392651
v 0.198400273 -0.16258574 -0.17024386
v 0.202642783 -0.19466186 -0.05093641
v 0.209360167 -0.23523557 0.05954355
v 0.220100775 -0.29497147 0.161811888
v 0.125091314 -0.24407315 0.070452496
v 0.118943519 -0.2010684 -0.04190563
v 0.132594853 -0.30582976 0.170820891
v 0.113335542 -0.16585195 -0.16814362
v 0.104272551 -0.14236569 -0.30109423
v 0.100498586 -0.13920879 -0.43288344
v 0.094752289 -0.16763639 -0.55955988
v -0.01855957 -0.16421616 -0.55831927
v 0.001556651 -0.13842082 -0.43082845
v -0.69614613 -2.16836739 0.100603081
v -0.62726265 -2.16992903 0.204552024
v -0.53268868 -2.13888121 0.280398428
v -0.73161727 -2.14385295 -0.01758399
v -0.7339443 -2.11890459 -0.13323894
v -0.71399146 -2.10342431 -0.24509364
v -0.66587085 -2.0927279 -0.35790721
v -0.69115794 -1.89794731 -0.24724489
v -0.7046715 -1.91084218 -0.13612355
v -0.65627134 -1.89360261 -0.35511094
v -0.69902855 -1.92870641 -0.02480413
v -0.67296088 -1.94238257 0.080014906
v -0.69946325 -1.69985104 -0.15653118
v -0.69551659 -1.71110475 -0.04405171
v -0.67346346 -1.7192719 0.062277309
v -0.68561602 -1.69263315 -0.27125612
v -0.65263331 -1.69166088 -0.38273063
v -0.69785929 -1.33015704 -0.20261478
v -0.69852358 -1.50450575 -0.18247953
v -0.70061338 -1.3322407 -0.08717783
v -0.69814199 -1.50931644 -0.06799463
v -0.68184632 -1.33335102 0.024425216
v -0.67823994 -1.51231933 0.041641861
v -0.68385333 -1.17462516 0.014984600
v -0.64247978 -1.1730454 0.119373776
v -0.64062142 -1.33026755 0.126119136
v -0.63670927 -1.50954807 0.140275508
v -0.62960881 -1.71864831 0.157308191
v -0.62205714 -1.94261181 0.172934770
v -0.5701369 -1.50121617 0.219168573
v -0.56188732 -1.70726919 0.231521636
v -0.54702771 -1.92560077 0.243430107
v -0.57320088 -1.32396638 0.208861053
v -0.41759422 -2.07148552 0.321509242
v -0.29154864 -1.97408938 0.321580618
vn -0.21698695 0.964364886 -0.15138368
vn -0.23000278 0.971901714 -0.05005742
vn -0.08682392 0.996165752 0.01074473
vn -0.12936744 0.979533791 -0.15419978
vn -0.22721228 0.907404184 -0.35354236
vn -0.3436971 0.891658186 -0.29464906
vn -0.42554948 0.885393261 -0.18704669
vn -0.46713799 0.880858540 -0.07661832
vn -0.23764734 0.970147430 0.048351217
vn -0.07898292 0.989709496 0.119317978
vn -0.07102276 0.985403239 -0.15471335
vn -0.03126583 0.999399602 0.014931805
vn -0.01417934 0.990454495 0.137108907
vn -0.13782927 0.919292390 -0.36865231
vn -0.34240007 0.756860315 -0.55670887
vn -0.22263953 0.772716343 -0.59442502
vn -0.48289144 0.743802487 -0.46214035
vn -0.60468125 0.725210309 -0.32928815
vn -0.68259859 0.702433884 -0.20160809
vn -0.73134261 0.678573012 -0.06838641
vn -0.50423998 0.862033963 0.051376566
vn -0.25125766 0.954505920 0.16058667
vn -0.08054235 0.972738742 0.217467695
vn -0.00627524 0.971810281 0.235680699
vn -0.00493127 0.999925494 0.011159740
vn 0.000472674 0.990516543 0.137393236
vn 0.002669825 0.971035838 0.238919034
vn -0.02130468 0.987064838 -0.15889949
vn -0.05604869 0.925814807 -0.37379867
vn -0.10635831 0.789866805 -0.60398543
vn -0.29941869 0.573713243 -0.7623657
vn -0.15477677 0.597946941 -0.78644997
vn -0.43765607 0.550082147 -0.71124309
vn -0.59420723 0.534085035 -0.6013909
vn -0.73587561 0.515044748 -0.43956345
vn -0.82056612 0.492924004 -0.28930479
vn -0.86644381 0.475815057 -0.15124518
vn -0.88599801 0.463671892 -0.00399171
vn -0.75270057 0.654399097 0.072135441
vn -0.52982152 0.827262401 0.186885073
vn -0.27608123 0.919415473 0.280096799
vn -0.09453294 0.941126465 0.324568361
vn -0.00592562 0.93990165 0.341393917
vn 0.004098851 0.938661932 0.344814360
vn -0.00567469 0.939344346 0.342928290
vn -0.00343447 0.971823692 0.235683947
vn 0.003225212 0.991598069 0.129316628
vn 0.014145464 0.999899923 0.000281813
vn 0.023890309 0.985284686 -0.16924329
vn 0.025964058 0.925707042 -0.37734917
vn 0.017738351 0.796862602 -0.60390013
vn 0.002972209 0.611763060 -0.79103541
vn -0.1866087 0.405746251 -0.89473301
vn -0.01232517 0.419186770 -0.90781629
vn -0.35056421 0.385393738 -0.85356688
vn -0.50186747 0.354745149 -0.78885043
vn -0.65836197 0.328955292 -0.67701405
vn -0.79936433 0.319225758 -0.50902992
vn -0.8846494 0.317846596 -0.34112906
vn -0.92953467 0.316142171 -0.18978782
vn -0.9467352 0.320275306 -0.03340865
vn -0.87829578 0.455825239 0.144291266
vn -0.74699658 0.634529709 0.198413729
vn -0.92994726 0.338442951 0.14371638
vn -0.53613019 0.781017065 0.320276141
vn -0.31359789 0.854850769 0.413384139
vn -0.12087689 0.881077170 0.457265496
vn -0.01280592 0.879528939 0.475673049
vn 0.003718623 0.876539528 0.481315434
vn -0.00549833 0.876460731 0.481442093
vn 0.014934351 0.878347277 0.477789729
vn 0.016347708 0.941589415 0.336366087
vn 0.024470634 0.974443554 0.223295614
vn 0.041423704 0.993189394 0.108898259
vn 0.064464286 0.997638523 -0.02369959
vn 0.087853603 0.978083014 -0.1887735
vn 0.110348187 0.914875149 -0.3883642
vn 0.134439751 0.786913037 -0.60224068
vn 0.152647271 0.609521687 -0.77793449
vn 0.160543039 0.428781867 -0.88902867
vn -0.01931781 0.275986045 -0.96096748
vn 0.162422418 0.282440990 -0.94543439
vn -0.19902357 0.273770123 -0.94097793
vn 0.320495009 0.429007858 -0.84453261
vn 0.344390064 0.294394135 -0.89147496
vn 0.278789937 0.588419020 -0.75897253
vn 0.231898471 0.761259973 -0.60556281
vn 0.214200332 0.887878060 -0.40717429
vn 0.206540212 0.951391995 -0.2284611
vn 0.187684685 0.979455888 -0.07376127
vn 0.164277315 0.984342694 0.063893988
vn 0.140703350 0.971547067 0.190522611
vn 0.120666511 0.940960347 0.316280454
vn 0.110191822 0.878161966 0.465499073
vn 0.110774010 0.756123006 0.644986152
vn 0.018247393 0.758992612 0.650843441
vn -0.0029353 0.760296940 0.649569034
vn 0.002324806 0.763377964 0.645947754
vn -0.02514802 0.769559860 0.638079345
vn -0.04467518 0.594497084 0.802855789
vn -0.00082598 0.590141236 0.807299614
vn -0.00053855 0.586498737 0.809949874
vn 0.023089218 0.584272980 0.811228692
vn 0.119842670 0.579136014 0.806374132
vn 0.300945848 0.850060045 0.432237923
vn 0.294466853 0.730965852 0.615612089
vn 0.316457152 0.554101407 0.769952237
vn 0.325716584 0.905020535 0.273581057
vn 0.353404313 0.925834953 0.133921906
vn 0.375065773 0.926941335 -0.01026892
vn 0.385717004 0.909741163 -0.15360095
vn 0.380898088 0.873162448 -0.30414456
vn 0.358315914 0.809614658 -0.46490198
vn 0.321835070 0.726055562 -0.60767221
vn 0.399328291 0.578021943 -0.71163726
vn 0.459741413 0.427535831 -0.77836424
vn 0.501282930 0.639825046 -0.58252823
vn 0.586905419 0.453874468 -0.67047751
vn 0.568835854 0.714823842 -0.40675876
vn 0.606716215 0.757145643 -0.24212798
vn 0.613617718 0.783641696 -0.09684509
vn 0.599764227 0.797799646 0.061631888
vn 0.571858048 0.791513443 0.215603381
vn 0.532300949 0.761021971 0.370811730
vn 0.507695138 0.662650883 0.550581157
vn 0.553751587 0.491062521 0.672470688
vn 0.354922086 0.378348201 0.854916930
vn 0.133561432 0.391030252 0.910635411
vn 0.611519992 0.344981968 0.712060928
vn 0.026302000 0.392058432 0.919564247
vn -0.00027438 0.392971098 0.919550776
vn 0.146705910 0.221664518 0.964024007
vn 0.032498065 0.222460523 0.974399924
vn 0.000769942 0.227132365 0.973863601
vn 0.384048521 0.227056369 0.894959390
vn 0.645061850 0.227593988 0.729449272
vn 0.821952819 0.227531075 0.522133469
vn 0.796961069 0.316971629 0.514180958
vn 0.753425240 0.430484890 0.497024327
vn 0.686025679 0.563068330 0.460785031
vn 0.739638209 0.595950663 0.312694996
vn 0.778902351 0.60642308 0.159881606
vn 0.802625477 0.596419751 -0.00871445
vn 0.801407218 0.574300944 -0.16710736
vn 0.776548028 0.545413136 -0.31543252
vn 0.707046806 0.504678607 -0.49536273
vn 0.776176691 0.319168984 -0.54376566
vn 0.640758395 0.300788521 -0.70636749
vn 0.863240122 0.350579321 -0.36319518
vn 0.903021514 0.376507371 -0.20686772
vn 0.917854309 0.393178641 -0.05435166
vn 0.903644263 0.412115663 0.116566531
vn 0.856725633 0.420883774 0.298124045
vn 0.905121326 0.303840130 0.297382593
vn 0.926791369 0.230129346 0.296813219
vn 0.935237586 0.186241105 0.301072806
vn 0.831668615 0.171127781 0.528244674
vn 0.659710466 0.148295730 0.736743211
vn 0.399374991 0.122068099 0.908624708
vn 0.157448545 0.101880416 0.982257783
vn 0.042497817 0.099528960 0.994126737
vn 0.000995419 0.099383100 0.995048761
vn -0.00367903 0.019656460 0.999800026
vn 0.049563616 0.029700815 0.998329222
vn 0.165179520 0.039555933 0.985469937
vn 0.406119406 0.068022325 0.911284863
vn 0.662656009 0.106227718 0.741351962
vn 0.835169374 0.133995726 0.533420324
vn 0.942464292 0.141841143 0.302724629
vn 0.987729787 0.134840041 0.078790865
vn 0.979446589 0.185323894 0.079620614
vn 0.970855534 0.225259989 0.081838734
vn 0.953856587 0.285957425 0.091575019
vn 0.961184680 0.265739947 -0.07420512
vn 0.942609727 0.244506433 -0.22738427
vn 0.89470613 0.218418359 -0.38960797
vn 0.803728342 0.199763655 -0.56045979
vn 0.954081773 0.170571789 -0.24623793
vn 0.904055893 0.143121868 -0.4027395
vn 0.816212475 0.132840484 -0.56227279
vn 0.974762916 0.204133257 -0.09037057
vn 0.980270147 0.166027382 -0.10726333
vn 0.985589444 0.124582886 -0.11442342
vn 0.950412035 0.093641921 0.296560317
vn 0.993383109 0.082656376 0.079736277
vn 0.990480780 0.084582209 -0.10859901
vn 0.839485943 0.101499527 0.533817648
vn 0.659974277 0.083285562 0.746657609
vn 0.40788427 0.046613764 0.911843001
vn 0.169724121 0.016661370 0.985350728
vn 0.051202636 0.001786242 0.998686730
vn -0.00986263 -0.01160178 0.999884069
vn 0.172908306 0.003422685 0.984932005
vn 0.048959177 -0.01334875 0.998711586
vn -0.01446759 -0.02944475 0.999461710
vn 0.406896501 0.029154142 0.913008928
vn 0.657800555 0.054790645 0.751196742
vn 0.845983982 0.060144040 0.529805362
vn 0.955808639 0.051203716 0.289495974
vn 0.995443582 0.047072269 0.082923069
vn 0.99382025 0.053085524 -0.09748458
vn 0.960707545 0.063255317 -0.27025872
vn 0.956495881 0.087542712 -0.27830172
vn 0.954335451 0.110655859 -0.27748707
vn 0.954568803 0.135133132 -0.26558891
vn 0.904822051 0.106951169 -0.41213903
vn 0.822164475 0.089767791 -0.56212759
vn 0.690316796 0.133521765 -0.7110799
vn 0.672864496 0.199265524 -0.71242309
vn 0.699393987 0.081957317 -0.71002197
vn 0.901956796 0.090751417 -0.42218262
vn 0.821061730 0.069560162 -0.56658536
vn 0.701602160 0.052917312 -0.71060133
vn 0.899892687 0.079324439 -0.42883649
vn 0.900797426 0.066125266 -0.42917535
vn 0.995480835 0.031461384 -0.08959918
vn 0.965117394 0.040523003 -0.25866261
vn 0.904877126 0.049138225 -0.42282706
vn 0.995947897 0.026472553 0.085948765
vn 0.957304835 0.022963793 0.288166791
vn 0.852076292 0.025182453 0.522811591
vn 0.659425556 0.025954730 0.751321733
vn 0.403645932 0.010306992 0.914857268
vn 0.174357697 -0.01152341 0.984614908
vn 0.401063889 -0.02497097 0.915709734
vn 0.174065023 -0.03575274 0.984084904
vn 0.661333382 -0.01512382 0.749939560
vn 0.855391025 -0.00588932 0.517949402
vn 0.957388877 0.003723812 0.288778066
vn 0.996160864 0.011716229 0.086753606
vn 0.996101617 0.016791250 -0.08660024
vn 0.968079626 0.023448053 -0.2495437
vn 0.910332202 0.032408595 -0.41260743
vn 0.817925095 0.033029187 -0.57437593
vn 0.814619898 0.045446474 -0.57821178
vn 0.814518034 0.054734859 -0.57755029
vn 0.817304670 0.061250522 -0.57294106
vn 0.699526369 0.040228422 -0.71347362
vn 0.544896185 0.043198883 -0.83739001
vn 0.540284693 0.077397801 -0.8379153
vn 0.546953916 0.021537533 -0.83688569
vn 0.696019887 0.032792009 -0.71727329
vn 0.545176148 0.005628704 -0.83830255
vn 0.693079650 0.025121614 -0.72042322
vn 0.691493809 0.012405112 -0.72227591
vn 0.821863770 -0.00292616 -0.56967652
vn 0.914953470 0.000873464 -0.40355831
vn 0.691779971 -0.03404211 -0.72130549
vn 0.969722569 -0.00769783 -0.24408767
vn 0.996122539 -0.01507021 -0.08667617
vn 0.996264934 -0.02001887 0.083995930
vn 0.957032203 -0.02942269 0.288484871
vn 0.853618025 -0.04777602 0.518703877
vn 0.658081829 -0.06950737 0.749731361
vn 0.399066537 -0.08248205 0.91320467
vn 0.643711030 -0.13455616 0.753346383
vn 0.382136136 -0.1502108 0.911816060
vn 0.846009016 -0.11572271 0.520458459
vn 0.953529477 -0.10027174 0.284124970
vn 0.992931902 -0.09058039 0.076690122
vn 0.992430031 -0.08403768 -0.08955629
vn 0.967586159 -0.0746168 -0.24126633
vn 0.914427399 -0.06444949 -0.39958581
vn 0.819465637 -0.06945425 -0.56890434
vn 0.688240408 -0.10464825 -0.71789539
vn 0.540947794 -0.08142142 -0.83710569
vn 0.536127448 -0.02855637 -0.84365386
vn 0.551468193 -0.16064125 -0.81858248
vn 0.540646493 -0.00924708 -0.84119904
vn 0.362576156 -0.02506813 -0.93161684
vn 0.364870160 0.001882895 -0.93105656
vn 0.360462606 -0.04891262 -0.9314903
vn 0.361394137 -0.07368945 -0.92949677
vn 0.376483231 -0.12447204 -0.91802347
vn 0.408624231 -0.21322808 -0.88744581
vn 0.533817648 -0.64498317 -0.54684132
vn 0.578368723 -0.67205578 -0.46241844
vn 0.519624531 -0.70262903 -0.48610991
vn 0.555470705 -0.67320639 -0.48810405
vn 0.676951408 -0.63223398 -0.37685126
vn 0.768049895 -0.59604162 -0.23416589
vn 0.812295019 -0.57322848 -0.10763789
vn 0.830069661 -0.55724663 0.021461878
vn 0.814312219 -0.54424822 0.201716527
vn 0.707386851 -0.5457775 0.449144542
vn 0.463204920 -0.57421952 0.675065279
vn 0.262187600 -0.25276539 -0.93132555
vn 0.399363488 -0.65390986 -0.64258122
vn 0.215297460 -0.15730251 -0.96379608
vn 0.190598025 -0.10650058 -0.97587395
vn 0.180184438 -0.07938716 -0.98042399
vn 0.065151512 -0.17643203 -0.98215425
vn 0.028925845 -0.12490863 -0.9917466
vn 0.010563380 -0.09644017 -0.99528271
vn 0.127528637 -0.27370003 -0.95332295
vn 0.286586374 -0.65858376 -0.69579858
vn 0.214375257 -0.65146917 -0.72775763
vn -0.002528 -0.27965522 -0.96009713
vn -0.08213749 -0.18299425 -0.97967678
vn -0.13969669 -0.27856216 -0.95020425
vn -0.23312271 -0.18228149 -0.95521057
vn 0.135820582 -0.63614279 -0.75952286
vn 0.016533531 -0.62888259 -0.77732462
vn -0.28911626 -0.27922344 -0.915667
vn -0.14544705 -0.62308013 -0.76851565
vn -0.44419199 -0.2777189 -0.85180146
vn 0.401802659 -0.37809953 0.834023654
vn 0.445771098 -0.36755505 0.816205442
vn 0.481172442 -0.40548131 0.777211606
vn 0.350617289 -0.432612 0.830610811
vn 0.144672840 -0.59438384 0.791061103
vn -0.04709631 -0.68951362 0.722739875
vn -0.00952668 -0.68779004 0.725847244
vn 0.174298599 -0.63142592 0.755593359
vn 0.002383383 -0.17992133 0.983678102
vn 0.149474754 -0.16376811 0.975108921
vn -0.01869669 -0.1690426 0.985431373
vn 0.074665084 -0.1128065 0.990807652
vn 0.024208257 -0.1003247 0.994660139
vn -0.03828981 -0.10913869 0.993288815
vn 0.038791924 -0.06072572 0.997400403
vn 0.170131117 -0.08827052 0.981459975
vn 0.037092641 -0.0504599 0.998037099
vn 0.044063758 -0.02937974 0.998596668
vn -0.02102722 -0.04919258 0.998567879
vn -0.03246484 -0.07196861 0.996878385
vn 0.001432724 -0.04771874 0.998859822
vn 0.015853326 -0.05853999 0.998159170
vn -0.00824948 -0.02154296 0.999733865
vn 0.045739218 -0.01197384 0.998881697
vn 0.025330999 -0.03052731 0.999212920
vn 0.017103977 -0.03611503 0.999201178
vn 0.010752236 -0.00680843 0.999918937
vn -0.02673151 -0.00176847 0.999641120
vn -0.00229775 0.029327569 0.999567270
vn -0.13456954 -0.02829391 0.990500092
vn -0.1345208 -0.01426993 0.990808010
vn -0.12634423 0.026291335 0.991637945
vn -0.12515256 -0.00772588 0.992107451
vn -0.13774896 0.030889228 0.989985406
vn 0.140460252 -0.10014765 0.985008299
vn -0.19857053 0.041085247 0.979225099
vn 0.030272347 -0.00419837 0.999532878
vn 0.181834995 -0.10676577 0.977515757
vn -0.45142373 0.025925416 0.891933023
vn -0.48531049 0.052894100 0.872740507
vn -0.55186069 0.049282014 0.832478821
vn -0.44068024 -0.00521195 0.897649049
vn -0.43568897 -0.01218764 0.900014698
vn -0.43082899 0.011750315 0.902357101
vn -0.11897666 0.071640245 0.990309119
vn -0.42268869 0.065185509 0.903927624
vn -0.0308571 0.050286680 0.998258054
vn -0.04384452 0.017384672 0.998887062
vn -0.04353557 0.086485937 0.995301365
vn -0.06404124 0.095295295 0.993386864
vn -0.13241841 0.133873850 0.982111632
vn -0.41348174 0.160436898 0.896266043
vn -0.72923732 0.073167845 0.680337727
vn -0.72979134 0.029825601 0.683019042
vn -0.72267306 0.161398276 0.672082006
vn -0.73381299 0.010331065 0.679272949
vn -0.74480122 0.017149012 0.667066097
vn -0.76388687 0.038643825 0.644192099
vn -0.79045904 0.043870259 0.610941708
vn -0.82170326 0.032876551 0.568966388
vn -0.62978113 0.008962626 0.776720881
vn -0.85431927 0.00529835 0.519721508
vn -0.30421388 -0.00218227 0.952601313
vn -0.02079104 -0.03795975 0.999063015
vn 0.197408497 -0.12509106 0.972307622
vn 0.161491051 -0.16771641 0.972518265
vn -0.08076459 -0.1297138 0.988256752
vn -0.39307091 -0.10798903 0.913145005
vn -0.68797272 -0.09442119 0.719568014
vn -0.88077891 -0.08140475 0.466477990
vn -0.95116454 0.018174899 0.308148801
vn -0.96170491 -0.00419648 0.274054855
vn -0.97112471 -0.07664178 0.225926712
vn -0.94044465 0.026279076 0.338929444
vn -0.92958122 0.028153952 0.367540508
vn -0.92090142 0.02421383 0.389042735
vn -0.91534662 0.031410954 0.401439636
vn -0.91132098 0.056665148 0.407778382
vn -0.90699995 0.090025581 0.411395698
vn -0.89840519 0.157043442 0.410128474
vn -0.40784925 0.284837573 0.867482841
vn -0.70226538 0.281023830 0.654101610
vn -0.88136739 0.258295953 0.395568877
vn -0.9760077 0.154187157 0.153737694
vn -0.9823125 0.100650027 0.157898068
vn -0.95932007 0.240867659 0.147268146
vn -0.98520291 0.071478791 0.155775606
vn -0.98782516 0.044536359 0.149056449
vn -0.98993629 0.026836363 0.138946220
vn -0.9921295 0.018954327 0.123772807
vn -0.99442744 0.014114935 0.104474201
vn -0.99644572 0.008728947 0.083784371
vn -0.99817425 -0.01269412 0.059050995
vn -0.99595171 -0.08916114 0.011417619
vn -0.93509132 -0.32301843 0.145819574
vn -0.85695994 -0.32781115 0.397692710
vn -0.93249828 -0.3564738 -0.05807935
vn -0.65252721 -0.36072385 0.666398167
vn -0.30350387 -0.40973887 0.860232234
vn -0.97196645 -0.1246123 -0.19938135
vn -0.87556469 -0.41893262 -0.24058661
vn -0.98959255 -0.02760499 -0.14122553
vn -0.99371028 0.002168908 -0.11195983
vn -0.99525297 0.009304845 -0.09687696
vn -0.99623132 0.015544866 -0.0853329
vn -0.99681216 0.028032351 -0.07469721
vn -0.99664724 0.049644656 -0.06503554
vn -0.99540907 0.076953575 -0.05691242
vn -0.99282175 0.107434652 -0.05256175
vn -0.96924496 0.072583474 -0.23515046
vn -0.96754855 0.047647133 -0.24815251
vn -0.96901548 0.105651840 -0.22326347
vn -0.9658891 0.028891900 -0.25733936
vn -0.96440792 0.016043871 -0.2639319
vn -0.96179855 0.006825230 -0.27367312
vn -0.9547835 -0.01075833 -0.29710731
vn -0.93628949 -0.05960384 -0.34613502
vn -0.8896516 -0.17725997 -0.42083126
vn -0.75140089 -0.49446091 -0.43692681
vn -0.56134194 -0.5640825 -0.60556269
vn -0.75905657 -0.23106965 -0.60863775
vn -0.83699226 -0.10393991 -0.53725272
vn -0.8773492 -0.03824928 -0.47832572
vn -0.89795691 -0.00382112 -0.44006675
vn -0.90598983 0.016415435 -0.42298105
vn -0.90802979 0.030944787 -0.41776103
vn -0.90934092 0.044846825 -0.41362765
vn -0.82435709 0.029632844 -0.56529391
vn -0.81486195 0.006296450 -0.57962084
vn -0.82572228 0.047742079 -0.56205273
vn -0.79333782 -0.02828519 -0.60812426
vn -0.75720638 -0.07292546 -0.64909202
vn -0.70131457 -0.14118023 -0.69873166
vn -0.60493499 -0.26509407 -0.75085199
vn -0.34461775 -0.6051271 -0.7176767
vn -0.54723179 -0.16421288 -0.82071406
vn -0.60815793 -0.10252301 -0.78716767
vn -0.64991444 -0.05894322 -0.75771821
vn -0.68129754 -0.0186373 -0.73176932
vn -0.70282972 0.015408708 -0.7111913
vn -0.71434736 0.0458044 -0.69829059
vn -0.91103166 0.065916001 -0.40703368
vn -0.82190943 0.071104876 -0.56516284
vn -0.71653068 0.080493345 -0.69289571
vn -0.91205251 0.099517650 -0.39781469
vn -0.81665319 0.100762926 -0.56826442
vn -0.71022731 0.114118725 -0.69466114
vn -0.57212621 0.074722856 -0.81675458
vn -0.55752218 0.029225774 -0.82964736
vn -0.57866162 0.123458854 -0.80616921
vn -0.53841132 -0.0091864 -0.84263217
vn -0.51481986 -0.04585596 -0.85607117
vn -0.48620838 -0.08308829 -0.86988378
vn -0.44892582 -0.12148057 -0.88527292
vn -0.39040199 -0.17678487 -0.9035117
vn -0.28677779 -0.12971537 -0.94917464
vn -0.31754962 -0.09617179 -0.94335216
vn -0.33956003 -0.06387269 -0.93841308
vn -0.35714915 -0.0294623 -0.93358248
vn -0.37175056 0.010676829 -0.92827117
vn -0.38522562 0.058121200 -0.92099041
vn -0.39680088 0.119236365 -0.91012728
vn -0.39686167 0.186112746 -0.89881188
vn -0.57031947 0.165812239 -0.80451357
vn -0.69942188 0.142197445 -0.70042062
vn -0.81445515 0.134692728 -0.56437647
vn -0.91135055 0.141153350 -0.386673
vn -0.96527648 0.148832142 -0.21468659
vn -0.986817 0.153477147 -0.05134977
vn -0.97361565 0.223385423 -0.04660029
vn -0.95533121 0.212578117 -0.20531146
vn -0.90629232 0.203800231 -0.37026972
vn -0.81482774 0.191178217 -0.54727179
vn -0.6863265 0.192367896 -0.70139176
vn -0.54420471 0.223429575 -0.80865341
vn -0.3805545 0.259080797 -0.88772482
vn -0.19950926 0.115302644 -0.97308856
vn -0.20101716 0.192365124 -0.96051437
vn -0.19685026 0.050759822 -0.9791187
vn -0.19161612 0.002593880 -0.98146647
vn -0.18318029 -0.03753933 -0.98236239
vn -0.17204355 -0.07069346 -0.98254943
vn -0.15481137 -0.10110378 -0.98275709
vn -0.12854329 -0.13127682 -0.98297662
vn -0.00096547 -0.06679863 -0.99776602
vn -0.00741171 -0.03375502 -0.99940264
vn -0.009885 0.006593669 -0.99992937
vn -0.00982801 0.056065563 -0.99837869
vn -0.01066811 0.117899790 -0.9929682
vn -0.0155563 0.189879491 -0.98168421
vn -0.85068059 0.372273176 0.371153801
vn -0.79862797 0.489221066 0.350508302
vn -0.66568422 0.418514370 0.617827057
vn -0.6082083 0.563984215 0.558573603
vn -0.71973199 0.609121799 0.333101332
vn -0.5515871 0.696298122 0.45926103
vn -0.40510586 0.430771946 0.806427240
vn -0.39116687 0.600282907 0.697602391
vn -0.35647199 0.751460611 0.555188894
vn -0.19317068 0.402134418 0.894970893
vn -0.18749484 0.601326763 0.776692807
vn -0.16655242 0.240694433 0.956204235
vn -0.15574239 0.773787140 0.614001512
vn -0.06714556 0.386623829 0.919789910
vn -0.07806746 0.209162414 0.974759757
vn -0.02690765 0.217816487 0.975618779
vn -0.00981145 0.391240179 0.920236289
vn 0.167027935 0.186782598 -0.96809816
vn 0.174435213 0.119628727 -0.97737467
vn 0.353678703 0.192773699 -0.91528678
vn 0.357587695 0.123021297 -0.9257412
vn 0.361471951 0.072744943 -0.92954075
vn 0.177854076 0.065480247 -0.9818759
vn 0.525678873 0.201305270 -0.82652164
vn 0.534968912 0.130611211 -0.83471495
vn 0.502103447 0.299187213 -0.81140566
vn 0.364536643 0.034591250 -0.93054634
vn 0.176664307 0.020437592 -0.98405898
vn 0.175108596 -0.01926287 -0.98436064
vn 0.175711095 -0.05159891 -0.98308861
vn 0.122955150 -0.47669902 0.870425224
vn 0.433314025 -0.48788339 0.757765650
vn -0.74430084 -0.51906753 -0.42022043
vn -0.63245386 -0.51657844 -0.57719046
vn -0.78977293 -0.55071396 -0.27013513
vn -0.80179429 -0.58767623 -0.10845528
vn -0.78896487 -0.61342853 0.035211503
vn -0.75708634 -0.6366396 0.146663531
vn -0.72688258 -0.64988011 0.222030490
vn -0.67750436 -0.65648043 0.331694483
vn -0.51360708 -0.64133376 0.569998860
vn -0.23857662 -0.5446533 0.804011166
vn -0.06435391 -0.45427909 0.888531923
vn 0.013299407 -0.42167687 0.906648635
vn 0.116184689 -0.40360758 0.907525181
vn -0.2014612 0.031908478 0.978976726
vn -0.06234343 0.053612601 0.996613740
vn -0.34071872 -0.00859063 0.940126001
vn -0.51404977 -0.0693343 0.854953527
vn -0.70620185 -0.11343241 0.698864758
vn -0.84214765 -0.1119206 0.527504622
vn -0.91804779 -0.09962758 0.383747905
vn -0.96512908 -0.09407178 0.244287312
vn -0.99208248 -0.08744745 0.090140737
vn -0.99428201 -0.07526295 -0.07575495
vn -0.9619934 -0.05792333 -0.26685864
vn -0.99539053 -0.02911295 0.091378092
vn -0.99732274 -0.01948947 -0.07048069
vn -0.9658981 -0.00900223 -0.25876594
vn -0.96959895 -0.0363304 0.241987645
vn -0.92057508 -0.04375074 0.388107657
vn -0.84087497 -0.05208671 0.538717150
vn -0.71861774 -0.04447977 0.693981349
vn -0.55463761 -0.00143866 0.832090735
vn -0.38300619 0.058335505 0.921902000
vn -0.2233389 0.104304485 0.969144105
vn -0.0736332 0.128931507 0.988915979
vn 0.080073006 0.144081428 0.986320853
vn 0.090466044 0.068169981 0.993563652
vn 0.270340830 -0.38071764 0.884290695
vn 0.434429526 -0.35317701 0.828575313
vn 0.249444022 0.083886556 0.964749038
vn 0.235102579 0.157596349 0.959109067
vn -0.05985391 0.135096997 0.989022910
vn 0.094539903 0.148834362 0.984332501
vn 0.241227567 0.155023872 0.95800668
vn -0.22206607 0.108793340 0.968943059
vn -0.40010312 0.062055628 0.914366722
vn -0.57553828 0.007719171 0.817738473
vn -0.72727603 -0.02933152 0.685718119
vn -0.84079462 -0.03932115 0.539924323
vn -0.91955811 -0.03108793 0.391722440
vn -0.97025663 -0.0185082 0.241370052
vn -0.96873039 -0.02869065 0.246451214
vn -0.91670185 -0.04489489 0.397041797
vn -0.84316391 -0.04821041 0.535490810
vn -0.73580915 -0.03337252 0.676366090
vn -0.58900034 -0.00250447 0.808128953
vn -0.40930915 0.041974220 0.911429643
vn -0.2161821 0.085155233 0.972632408
vn -0.04377828 0.110438078 0.992918372
vn 0.106037892 0.119750760 0.987124919
vn 0.246477097 0.116417877 0.962130844
vn 0.391829133 0.100020416 0.914585053
vn 0.386741757 0.149523228 0.909985482
vn 0.380224973 0.165200278 0.910020768
vn 0.392847925 0.099469967 0.914208054
vn 0.560654997 -0.32563642 0.761332213
vn 0.645499885 -0.29618481 0.703991711
vn 0.522116601 0.105455055 0.846329391
vn 0.519894659 0.160029396 0.839106857
vn 0.534291982 0.127161800 0.835680604
vn 0.546891391 0.071316517 0.834160506
vn 0.240854039 0.073661334 0.967762053
vn 0.392524778 0.056028284 0.918033242
vn 0.556400597 0.024558860 0.830551207
vn 0.097776621 0.080004036 0.991987466
vn -0.04807063 0.074852310 0.996035337
vn -0.22209133 0.053554132 0.973554015
vn -0.41893697 0.019352253 0.907809019
vn -0.59998125 -0.0142155 0.799887836
vn -0.74533921 -0.03999581 0.665484607
vn -0.84804702 -0.05668029 0.526881218
vn -0.61230099 -0.02495817 0.790230631
vn -0.75665373 -0.04556638 0.652226090
vn -0.85461426 -0.06249983 0.515488386
vn -0.43459579 -0.00413103 0.900616169
vn -0.24827626 0.015986204 0.968557417
vn -0.07570011 0.030399076 0.996667146
vn 0.076430067 0.033707611 0.996504962
vn 0.225744143 0.028208786 0.973778128
vn 0.389234989 0.012442773 0.921054482
vn 0.565163612 -0.01800357 0.824782371
vn 0.714145302 -0.04572206 0.698502600
vn 0.714828193 -0.01156747 0.699204444
vn 0.709058225 0.032081726 0.704419672
vn 0.694750607 0.086842045 0.713988840
vn 0.668518960 0.133039265 0.731698691
vn 0.649404943 0.094139948 0.754593074
vn 0.712947726 -0.26804718 0.647963106
vn 0.815143644 0.083555482 0.573201060
vn 0.781344413 0.057141419 0.621478736
vn 0.776720404 -0.26400062 0.571847021
vn 0.834934294 0.041113104 0.548811852
vn 0.837413132 0.000564613 0.546570062
vn 0.829996228 -0.03014106 0.556954026
vn 0.816486477 -0.05032545 0.575167059
vn 0.568760514 -0.06753007 0.819726288
vn 0.705931901 -0.08082244 0.703653156
vn 0.798918008 -0.07329008 0.596957743
vn 0.384639024 -0.04169677 0.922124803
vn 0.208038747 -0.02378033 0.977831482
vn 0.047091495 -0.01945583 0.998701095
vn -0.11666136 -0.02367352 0.992889463
vn -0.28603706 -0.02843116 0.957796633
vn -0.45929098 -0.03084252 0.887750208
vn -0.63027662 -0.03730261 0.775473952
vn -0.48730481 -0.06903877 0.870498538
vn -0.65235698 -0.06527023 0.755096197
vn -0.31817675 -0.07834439 0.944788754
vn -0.15234283 -0.08708748 0.984483361
vn 0.015736175 -0.0921468 0.995621025
vn 0.190042778 -0.09814619 0.976857781
vn 0.379969596 -0.11168224 0.918232142
vn 0.562749981 -0.12328097 0.817382454
vn 0.688788890 -0.11676729 0.715496480
vn 0.779641747 -0.0984214 0.618443191
vn 0.873208463 -0.08725363 0.479472488
vn 0.882417559 -0.06188742 0.466378867
vn 0.893049955 -0.04182098 0.448009878
vn 0.905039906 -0.02795903 0.424406588
vn 0.916542232 -0.00973946 0.399819165
vn 0.924225986 0.012338338 0.381646513
vn 0.957246422 -0.01915118 0.288639247
vn 0.965657115 -0.00551955 0.259761154
vn 0.973545432 0.004174326 0.228455483
vn 0.951221764 -0.03665186 0.306322902
vn 0.948015630 -0.0601444 0.312488347
vn 0.946053922 -0.08828209 0.311750143
vn 0.762359857 -0.12711793 0.634545803
vn 0.866445422 -0.12005535 0.484622508
vn 0.943616747 -0.12505129 0.306512057
vn 0.664222121 -0.15039222 0.732250690
vn 0.543003618 -0.17656945 0.820956945
vn 0.366654962 -0.18843751 0.911073803
vn 0.170431315 -0.18427411 0.96798563
vn -0.00851064 -0.17231931 0.985004425
vn -0.17822523 -0.15643488 0.971475064
vn -0.34834862 -0.14215419 0.926523268
vn -0.51666176 -0.13061231 0.846168458
vn -0.3829377 -0.24237758 0.891409993
vn -0.20814665 -0.26058662 0.942745745
vn -0.5431698 -0.21718067 0.811048090
vn -0.03152881 -0.27442053 0.961092770
vn 0.151350632 -0.28673407 0.945979237
vn 0.343125581 -0.28846905 0.893896222
vn 0.506420731 -0.26434293 0.820768475
vn 0.632470607 -0.22442633 0.741359412
vn 0.749915719 -0.19514333 0.632096111
vn 0.861222386 -0.18576322 0.473062276
vn 0.936906397 -0.18626904 0.295821279
vn 0.971880614 -0.19282618 0.135152593
vn 0.980180978 -0.13286498 0.146942377
vn 0.983769595 -0.09287424 0.153531134
vn 0.986188709 -0.06091584 0.154016330
vn 0.988499581 -0.03386194 0.147382944
vn 0.991222143 -0.01186412 0.131673544
vn 0.998883545 -0.02635283 -0.03920734
vn 0.998481988 -0.00753089 -0.0545624
vn 0.998232185 -0.05307304 -0.02675469
vn 0.995678663 -0.0906584 -0.02012124
vn 0.990286707 -0.13751945 -0.02050988
vn 0.977261781 -0.2091859 -0.03464974
vn 0.945441126 -0.30725408 0.108331926
vn 0.912766754 -0.30566335 0.270973444
vn 0.942978382 -0.32665521 -0.06393898
vn 0.840185344 -0.3295311 0.430694550
vn 0.725834608 -0.36493391 0.583084344
vn 0.586808919 -0.40103799 0.703437089
vn 0.454907178 -0.43163073 0.778944492
vn 0.309927165 -0.44948876 0.837797641
vn 0.121866166 -0.45293871 0.883173346
vn -0.06673015 -0.44820884 0.891434788
vn 0.068428397 -0.72214997 0.688343703
vn -0.09124251 -0.70891589 0.699366271
vn 0.232070237 -0.71758807 0.656666457
vn 0.355299174 -0.70912707 0.609016656
vn 0.473365247 -0.69233847 0.544603407
vn 0.617595017 -0.64480901 0.450330615
vn 0.750093460 -0.57408917 0.328300923
vn 0.833831131 -0.51824498 0.190125450
vn 0.862864732 -0.50420117 0.035295866
vn 0.851430058 -0.50883108 -0.12711295
vn 0.816967785 -0.5001325 -0.28710821
vn 0.891215920 -0.36256287 -0.27254811
vn 0.938879668 -0.23168081 -0.25461543
vn 0.959347367 -0.1378179 -0.24628997
vn 0.965888798 -0.08134092 -0.24585073
vn 0.967985987 -0.03995184 -0.24780422
vn 0.967308640 -0.01650877 -0.25306422
vn 0.870979547 -0.02743789 -0.49055243
vn 0.870383381 -0.00743633 -0.49231842
vn 0.867544353 -0.07086185 -0.49228579
vn 0.859066486 -0.13595837 -0.49347749
vn 0.832017362 -0.2541185 -0.49312374
vn 0.764212310 -0.42194554 -0.48779255
vn 0.672721087 -0.59933639 -0.43386886
vn 0.645827770 -0.71371186 -0.27114904
vn 0.657806575 -0.74425131 -0.11567433
vn 0.625750720 -0.77992004 0.012679236
vn 0.516117095 -0.84684122 0.128386363
vn 0.368323773 -0.90463817 0.214399769
vn 0.258904278 -0.92970431 0.261951297
vn 0.187011286 -0.93538976 0.300121337
vn 0.107827045 -0.93549371 0.336489170
vn 0.022683326 -0.99815005 0.056407481
vn 0.047420546 -0.99860805 0.023092201
vn 0.064561411 -0.99789554 -0.00602441
vn 0.105593152 -0.9936797 -0.03808772
vn 0.198971048 -0.97450751 -0.10366173
vn 0.283812761 -0.93976068 -0.19052599
vn 0.332172721 -0.90155649 -0.27723131
vn 0.391519546 -0.82298023 -0.41160187
vn 0.479420542 -0.66997683 -0.56682199
vn 0.569568395 -0.47434062 -0.6712622
vn 0.636439144 -0.27672541 -0.71997797
vn 0.669644653 -0.13300861 -0.73067421
vn 0.678084552 -0.0552047 -0.73290789
vn 0.677544832 -0.01055744 -0.7354058
vn 0.672353863 0.007182988 -0.74019504
vn 0.398434609 -0.03389627 -0.91657013
vn 0.397015631 0.011125953 -0.91774446
vn 0.388192117 0.026511246 -0.92119706
vn 0.388097673 -0.12292642 -0.91338348
vn 0.368644177 -0.27659827 -0.88746536
vn 0.338148415 -0.48692217 -0.80533379
vn 0.273554623 -0.70314664 -0.65631741
vn 0.176291987 -0.86088651 -0.47727922
vn 0.097962930 -0.93436533 -0.3425853
vn 0.060181859 -0.95982194 -0.27408034
vn 0.036802824 -0.97475904 -0.22020498
vn -0.00879356 -0.98124748 -0.19255106
vn -0.0215711 -0.9848935 -0.17181261
vn -0.0156141 -0.98807251 -0.1531955
vn -0.00752341 -0.99123275 -0.13191351
vn -0.03201145 -0.96609491 -0.25619501
vn -0.01096414 -0.96954334 -0.24467413
vn -0.04351673 -0.96247643 -0.26785347
vn -0.02597911 -0.95969814 -0.27982938
vn -0.00999563 -0.93541372 -0.35341367
vn 0.039523404 -0.87100166 -0.48968747
vn 0.114181280 -0.71095449 -0.69390649
vn 0.158551365 -0.46944252 -0.8686111
vn 0.156299322 -0.24942085 -0.95569867
vn 0.147096112 -0.10574181 -0.98345387
vn 0.149483725 -0.01939129 -0.98857397
vn 0.151653081 0.026004767 -0.98809159
vn 0.146792382 0.041102606 -0.9883129
vn 0.373000979 0.012636812 -0.92774481
vn 0.662604808 -0.00173745 -0.74896723
vn 0.131689578 0.031339261 -0.99079555
vn 0.038679614 0.047760892 -0.99810952
vn 0.026173248 0.048564281 -0.99847704
vn 0.039177365 0.029078191 -0.9988091
vn 0.038794640 -0.01422118 -0.99914598
vn 0.047447077 -0.08911222 -0.99489081
vn 0.061886515 -0.22357653 -0.97271967
vn 0.057611469 -0.45656613 -0.88782221
vn 0.018600978 -0.71609926 -0.69775051
vn -0.02535944 -0.87447661 -0.48440433
vn -0.04325122 -0.93666399 -0.34754834
vn -0.03530652 -0.93976474 -0.33999348
vn -0.01067592 -0.94331431 -0.33172885
vn 0.001722781 -0.99374402 -0.11166874
vn 0.009544963 -0.97249031 -0.23274763
vn 0.014446826 -0.94633657 -0.32285994
vn 0.013851725 -0.88871241 -0.45825571
vn -0.01323746 -0.88310033 -0.46899748
vn -0.03521163 -0.87802905 -0.47731015
vn -0.01947227 -0.72522646 -0.68823504
vn 0.010687779 -0.46476838 -0.88536775
vn 0.029955001 -0.21805188 -0.97547734
vn 0.028013607 -0.07793285 -0.99656498
vn 0.018766626 -0.01044562 -0.99976939
vn 0.015356713 0.026877395 -0.99952084
vn 0.017405796 0.047625478 -0.99871367
vn 0.013549666 0.059410888 -0.99814165
vn -0.00910073 0.057435754 -0.9983077
vn -0.00178216 0.031101543 -0.9995147
vn 0.103805556 0.005656153 -0.99458146
vn 0.350562840 -0.01472452 -0.93642342
vn 0.322190970 -0.02549779 -0.9463312
vn 0.072409562 -0.01440534 -0.99727094
vn -0.03362461 0.002892900 -0.99943036
vn -0.04043843 0.034853886 -0.99857396
vn 0.014391497 0.056769032 -0.99828362
vn 0.011813674 0.074408590 -0.99715787
vn -0.00221726 0.076698243 -0.99705184
vn 0.005375645 0.042593468 -0.99907798
vn 0.003000661 0.026278933 -0.99965006
vn 0.010119365 -0.00370153 -0.99994189
vn 0.018204528 -0.07430904 -0.99706912
vn 0.013396939 -0.22850278 -0.97345102
vn -0.00268978 -0.48113203 -0.87664402
vn -0.01342941 -0.73446113 -0.67851788
vn 0.009660059 -0.74360424 -0.66855019
vn 0.004075377 -0.49453437 -0.86914855
vn 0.002677493 -0.24206991 -0.97025514
vn 0.002335072 -0.07619026 -0.99709052
vn -0.00334945 0.002792636 -0.99999052
vn -0.00949544 0.028168562 -0.99955809
vn -0.01034769 0.038073513 -0.99922138
vn -0.00429663 0.044739499 -0.99898946
vn 0.002235963 0.063544273 -0.99797648
vn 0.009994175 0.084990128 -0.99633163
vn 0.002746631 0.043224699 -0.99906158
vn -0.04615542 -0.00711086 -0.998909
vn 0.028136199 0.074222244 -0.99684477
vn -0.0461358 -0.03117322 -0.99844867
vn 0.053497202 -0.03121488 -0.99808002
vn 0.292749315 -0.02377868 -0.95589358
vn 0.063385531 -0.09912311 -0.99305433
vn 0.282915085 -0.08187861 -0.95564365
vn -0.02096326 -0.0964871 -0.99511343
vn -0.00751534 -0.06950544 -0.99755323
vn 0.040497832 -0.02157152 -0.99894673
vn 0.062763415 0.016833739 -0.99788648
vn -0.02334271 0.053400829 -0.99830031
vn -0.00582726 0.051388360 -0.99866182
vn 0.026101049 0.007636452 -0.99963015
vn -0.02810976 0.043953187 -0.99863803
vn -0.0264985 0.038912154 -0.99889123
vn -0.02576442 0.036353018 -0.99900687
vn -0.0262412 0.028323538 -0.99925435
vn -0.0270132 0.00277681 -0.99963123
vn -0.02453217 -0.08098643 -0.99641329
vn -0.01513464 -0.25105122 -0.96785551
vn 0.002797828 -0.50493532 -0.86315262
vn -0.06649224 -0.25994828 -0.96333051
vn -0.07821225 -0.08889032 -0.992966
vn -0.04175036 -0.51842844 -0.85410112
vn -0.07590613 -0.0085606 -0.99707824
vn -0.06526335 0.019089201 -0.99768549
vn -0.05600573 0.029575597 -0.99799234
vn -0.05036409 0.036028239 -0.99808085
vn -0.04854842 0.040315013 -0.998007
vn -0.0482222 0.040880609 -0.99799967
vn -0.0455459 0.030377356 -0.99850023
vn -0.03603418 -0.02014489 -0.99914747
vn 0.434822142 -0.41807309 -0.79758668
vn 0.220181852 -0.55627382 -0.8012985
vn -0.05812786 -0.61332852 -0.78768599
vn 0.420423239 -0.38627183 -0.82099849
vn 0.351470470 -0.40011364 -0.8463909
vn 0.273753255 -0.405186 -0.87228632
vn -0.15894257 -0.03545653 -0.98665094
vn -0.23749325 -0.59119737 -0.77076751
vn -0.15142161 0.027323380 -0.98809159
vn -0.14592659 0.037851560 -0.98857111
vn -0.14818181 0.030085425 -0.98850244
vn -0.15754046 0.018540510 -0.98733842
vn -0.16876398 0.009379357 -0.9856118
vn -0.17853226 -0.00157039 -0.98393267
vn -0.18503726 -0.02838359 -0.9823215
vn -0.18777923 -0.1058184 -0.97649449
vn -0.41376987 -0.03469553 -0.90972012
vn -0.42017311 -0.06049319 -0.90542543
vn -0.42141521 -0.13414229 -0.89689189
vn -0.4051564 -0.02384344 -0.91393644
vn -0.39552897 -0.01162636 -0.91837996
vn -0.38671461 0.009030418 -0.9221552
vn -0.38262168 0.032982058 -0.92331618
vn -0.38598216 0.028950981 -0.92205191
vn -0.3951441 -0.03972343 -0.9177599
vn -0.44533429 -0.54792941 -0.70813185
vn -0.66629422 -0.03961734 -0.74463588
vn -0.66530687 0.020746003 -0.74628168
vn -0.66911179 0.022840255 -0.74281079
vn -0.66842294 -0.00658585 -0.7437523
vn -0.66475445 -0.03437848 -0.74627042
vn -0.66597462 -0.0574454 -0.74375927
vn -0.67244405 -0.07372543 -0.73646694
vn -0.86096346 -0.03695918 -0.50732243
vn -0.85239905 -0.0708297 -0.51807255
vn -0.84644175 -0.09787794 -0.52340823
vn -0.86823231 -0.00838942 -0.49608696
vn -0.87100142 0.011362639 -0.49114904
vn -0.86973518 0.004309538 -0.4934999
vn -0.86617357 -0.04389496 -0.49781182
vn -0.96586537 0.003312027 -0.25902361
vn -0.96507949 -0.00747094 -0.26185074
vn -0.9624151 -0.02842491 -0.27009112
vn -0.95629656 -0.06288458 -0.2855562
vn -0.94847769 -0.10150862 -0.30014336
vn -0.84325147 -0.12065386 -0.52380306
vn -0.94324183 -0.13081448 -0.30525807
vn -0.67923921 -0.09782529 -0.727368
vn -0.67848647 -0.15407281 -0.71827412
vn -0.83919829 -0.16279195 -0.51888818
vn -0.93900484 -0.17030667 -0.29877368
vn -0.98141742 -0.17268579 -0.08366284
vn -0.98706472 -0.135489 -0.08570912
vn -0.99165672 -0.09853593 -0.08311291
vn -0.99539316 -0.05586553 -0.07792074
vn -0.99692512 -0.02467373 -0.07437412
vn -0.99737203 -0.00985037 -0.07177777
vn -0.99754208 -0.00331219 -0.06999151
vn -0.99583095 -0.00997314 0.090670920
vn -0.99578166 -0.01547669 0.090439327
vn -0.99492586 -0.03315497 0.094991192
vn -0.99272567 -0.0626591 0.102808356
vn -0.98970622 -0.09766845 0.104606218
vn -0.98676825 -0.13049237 0.096229635
vn -0.98365271 -0.16134018 0.079978726
vn -0.92612112 -0.24483922 -0.28697294
vn -0.96926099 -0.23048703 -0.08607493
vn -0.97609186 -0.20903799 0.059563253
vn -0.8243351 -0.2546393 -0.50559896
vn -0.65301025 -0.27563834 -0.70540845
vn -0.40065798 -0.29082051 -0.86884785
vn -0.18139862 -0.27792716 -0.94331914
vn -0.33575508 -0.52556229 -0.78169858
vn -0.57432669 -0.47116366 -0.66944289
vn -0.14922215 -0.53234392 -0.83327228
vn -0.77938116 -0.39750367 -0.4843097
vn -0.88764173 -0.3713145 -0.27242908
vn -0.92940313 -0.35518906 -0.10025217
vn -0.94415843 -0.32722509 0.038581404
vn -0.96404564 -0.18285553 0.192820712
vn -0.96602339 -0.1387495 0.218053877
vn -0.93854886 -0.29851738 0.173243746
vn -0.96371937 -0.11528599 0.240736529
vn -0.96207321 -0.09391107 0.256116747
vn -0.96258932 -0.07259843 0.261057972
vn -0.9654516 -0.04988753 0.255762189
vn -0.91501284 -0.06058254 0.398849785
vn -0.91670358 -0.07235517 0.392962157
vn -0.92092723 -0.08399785 0.380575001
vn -0.92664641 -0.09751907 0.363065391
vn -0.93220276 -0.11755107 0.342315346
vn -0.93254471 -0.1611609 0.323090463
vn -0.91129684 -0.27219418 0.308947265
vn -0.81875479 -0.57407564 0.008813229
vn -0.83613092 -0.5270977 0.151832386
vn -0.83133733 -0.47194627 0.293504506
vn -0.78331882 -0.60731548 -0.13258786
vn -0.73693699 -0.61366212 -0.28344783
vn -0.68144071 -0.57862258 -0.44814539
vn -0.45311713 -0.70014125 -0.55180353
vn -0.23887175 -0.75654936 -0.6087473
vn -0.41171235 -0.84018654 -0.35295823
vn -0.17119841 -0.89832711 -0.40459803
vn -0.46402609 -0.86358446 -0.19723454
vn -0.53600287 -0.84248739 -0.05400155
vn -0.60292184 -0.79095584 0.104278691
vn -0.65431088 -0.70700836 0.268359005
vn -0.86799991 -0.24650653 0.431057661
vn -0.81110173 -0.41398939 0.413191050
vn -0.68078429 -0.5932101 0.429691344
vn -0.88038945 -0.1533971 0.448758125
vn -0.87999719 -0.10553322 0.463106542
vn -0.87264377 -0.08164164 0.481484651
vn -0.86309236 -0.06933489 0.500264287
vn -0.77037275 -0.05177525 0.635487973
vn -0.78501612 -0.06993716 0.615514874
vn -0.79581922 -0.10710109 0.595987498
vn -0.79986995 -0.16277251 0.577678978
vn -0.7969445 -0.23988782 0.554376483
vn -0.78152853 -0.35170075 0.515286088
vn -0.686064 -0.43237832 0.585119724
vn -0.4186148 -0.88027078 0.223349273
vn -0.50991213 -0.73513138 0.446734011
vn -0.55564505 -0.52013844 0.648625135
vn -0.31618437 -0.94812167 0.033054966
vn -0.22863771 -0.96460646 -0.13137412
vn -0.17326945 -0.95046121 -0.25807175
vn -0.08826981 -0.77007753 -0.63181418
vn -0.03524819 -0.90562916 -0.42260325
vn -0.0230805 -0.95732439 -0.28809273
vn -0.0489156 -0.98202634 -0.18229499
vn -0.11605337 -0.99267721 -0.03352102
vn -0.21698663 -0.9610644 0.171091064
vn -0.32322294 -0.83774281 0.440129578
vn -0.39498928 -0.60789365 0.688802361
vn -0.40813231 -0.39058146 0.825151026
vn -0.5593074 -0.33824298 0.756813645
vn -0.68851107 -0.28114524 0.668513178
vn -0.68593663 -0.1868306 0.703267574
vn -0.67238003 -0.11808654 0.730726242
vn -0.23460627 -0.67365879 0.700816392
vn -0.23894021 -0.43046701 0.870405554
vn -0.17162146 -0.89236671 0.417405933
vn -0.08600292 -0.98768002 0.130735874
vn -0.01912244 -0.99690861 -0.07620798
vn 0.018145041 -0.97811443 -0.20727517
vn 0.032290417 -0.95265186 -0.30234382
vn 0.026595430 -0.90143961 -0.432087
vn -0.00400175 -0.76539379 -0.64354968
vn 0.034132879 -0.8950218 -0.4447144
vn 0.033626686 -0.94910753 -0.31315199
vn 0.023163503 -0.75444168 -0.65595829
vn 0.024691801 -0.97493905 -0.22109772
vn 0.006855631 -0.99532998 -0.0962874
vn -0.02502877 -0.9940179 0.106310993
vn -0.06929426 -0.91810209 0.390239536
vn 0.017788579 -0.93111515 0.364291340
vn 0.000215740 -0.99634701 0.085396587
vn 0.850501954 -0.32859451 -0.41069707
vn 0.743973672 -0.31313178 -0.59029794
vn 0.589848637 -0.31948927 -0.74162334
vn 0.912135779 -0.35019141 -0.21301247
vn 0.936057388 -0.35180411 -0.00552457
vn 0.920680165 -0.32945728 0.209298685
vn 0.857015669 -0.29130083 0.425050586
vn 0.973018407 -0.04920766 0.225419208
vn 0.996401429 -0.07724444 0.034889351
vn 0.901375234 0.000434351 0.433038622
vn 0.983764290 -0.08549944 -0.15779027
vn 0.923840165 -0.07653596 -0.3750487
vn 0.998845875 -0.00834979 0.047298625
vn 0.992564618 -0.01322307 -0.12099877
vn 0.947469294 -0.01443626 -0.31952065
vn 0.977446615 0.004501049 0.211134791
vn 0.922128021 0.033984687 0.385389387
vn 0.994386076 0.001181421 0.105805933
vn 0.997221827 0.003784956 0.074392765
vn 0.997405707 0.001311913 -0.07197221
vn 0.995599091 0.001010067 -0.09370875
vn 0.962321460 -0.00597839 -0.27184865
vn 0.957508862 -0.00702469 -0.28831843
vn 0.965201973 -0.00634627 -0.26142845
vn 0.867009460 -0.00665102 -0.49824736
vn 0.861589133 -0.01610631 -0.50735074
vn 0.851402998 -0.0178269 -0.52420914
vn 0.829384088 -0.01369079 -0.55851108
vn 0.790440022 -0.06327476 -0.60926265
vn 0.630810022 -0.02644484 -0.77548659
vn 0.599785625 -0.01632276 -0.79999423
vn 0.565508067 -0.0632022 -0.82231754
vn 0.650035619 -0.02197078 -0.75958604
vn 0.405671000 -0.34435725 -0.84666938
vn 0.271658182 -0.38128456 -0.88364238
vt 0.909241557 0.233530283
vt 0.904235422 0.219008803
vt 0.919083356 0.219123244
vt 0.920190513 0.240101337
vt 0.912107765 0.260157942
vt 0.898975670 0.244043529
vt 0.887964367 0.227642357
vt 0.876468360 0.207486212
vt 0.893456459 0.199320673
vt 0.911796987 0.197029233
vt 0.935555100 0.250339269
vt 0.935795545 0.226354241
vt 0.930116415 0.202670753
vt 0.925680637 0.273129046
vt 0.896970033 0.277706861
vt 0.910784840 0.293032348
vt 0.882596075 0.258405983
vt 0.869194567 0.237785399
vt 0.856557607 0.217254996
vt 0.84422791 0.197255969
vt 0.863805055 0.187523305
vt 0.882602036 0.179006099
vt 0.900863587 0.176284194
vt 0.919451296 0.176962554
vt 0.952847540 0.235184669
vt 0.948627710 0.211337983
vt 0.469757646 0.620265960
vt 0.951299309 0.261626899
vt 0.941751718 0.284386396
vt 0.926708340 0.306501567
vt 0.892387092 0.310685038
vt 0.908916354 0.326857984
vt 0.876772642 0.291394114
vt 0.863036990 0.270393967
vt 0.849359691 0.248347818
vt 0.836179494 0.226758539
vt 0.823585391 0.205225169
vt 0.811234653 0.184534311
vt 0.831727862 0.177080690
vt 0.850685596 0.167131483
vt 0.867187678 0.158771514
vt 0.885371565 0.152667462
vt 0.904424369 0.151722192
vt 0.448101878 0.627499103
vt 0.446027725 0.605859458
vt 0.466932773 0.598322033
vt 0.487550795 0.591605305
vt 0.507172942 0.583315730
vt 0.526354551 0.573352694
vt 0.543382942 0.560005545
vt 0.558957397 0.541736960
vt 0.568394482 0.514516949
vt 0.591567039 0.518617272
vt 0.574900567 0.483215153
vt 0.872531712 0.324702084
vt 0.856463611 0.303731083
vt 0.842267870 0.281807899
vt 0.827970325 0.258623719
vt 0.814637899 0.235804677
vt 0.801768660 0.213099241
vt 0.790905475 0.190051972
vt 0.800909459 0.163719713
vt 0.818321645 0.159649729
vt 0.780858039 0.166136980
vt 0.835093200 0.149272322
vt 0.850170791 0.138332188
vt 0.865034401 0.127999782
vt 0.883785128 0.126808762
vt 0.425133258 0.632549107
vt 0.422975361 0.611331403
vt 0.420563042 0.589193761
vt 0.442426353 0.582485795
vt 0.463140308 0.575529694
vt 0.483215838 0.568422615
vt 0.501704692 0.558570385
vt 0.520424008 0.549815774
vt 0.535921692 0.535286903
vt 0.546015679 0.513144075
vt 0.553865730 0.483408987
vt 0.559040308 0.45537287
vt 0.884562492 0.378691017
vt 0.899803936 0.400155127
vt 0.868858099 0.358002662
vt 0.931795477 0.407725870
vt 0.914936244 0.420976579
vt 0.538000226 0.459467768
vt 0.534742116 0.488814353
vt 0.525716960 0.509573698
vt 0.511772394 0.521223664
vt 0.495270669 0.531796932
vt 0.478057175 0.541078567
vt 0.459641039 0.550021886
vt 0.439121127 0.557774782
vt 0.417723327 0.565199852
vt 0.394998848 0.571167349
vt 0.396667271 0.592990040
vt 0.398797363 0.615316569
vt 0.401344656 0.637257099
vt 0.404455393 0.659375071
vt 0.379821986 0.663116931
vt 0.376505047 0.640042424
vt 0.374260217 0.617985129
vt 0.372376233 0.595652878
vt 0.370245665 0.572626590
vt 0.414150416 0.541801810
vt 0.391283422 0.548391699
vt 0.368531793 0.549776911
vt 0.434809625 0.532326221
vt 0.454138815 0.521473646
vt 0.471921265 0.511355280
vt 0.489703685 0.501220226
vt 0.503374576 0.489723205
vt 0.516997754 0.479454636
vt 0.524988174 0.471561729
vt 0.521120011 0.445773065
vt 0.517005145 0.421704769
vt 0.507427156 0.450012505
vt 0.495086908 0.421154618
vt 0.494726389 0.457619428
vt 0.478392988 0.469178438
vt 0.462837189 0.481194615
vt 0.444730281 0.495611906
vt 0.426626503 0.507430315
vt 0.408096611 0.519481897
vt 0.388083010 0.528555154
vt 0.369015753 0.528324008
vt 0.347017288 0.548008918
vt 0.346964865 0.571557402
vt 0.350029081 0.524693250
vt 0.347865253 0.595350623
vt 0.349614620 0.618933796
vt 0.324304074 0.569017529
vt 0.324410527 0.593169093
vt 0.325616210 0.617526173
vt 0.326152205 0.543832540
vt 0.330847621 0.519718051
vt 0.339573085 0.496003270
vt 0.357015997 0.501176595
vt 0.373646587 0.509166240
vt 0.386051178 0.513821363
vt 0.397827088 0.502137184
vt 0.413794726 0.486788988
vt 0.430952936 0.471174895
vt 0.446197539 0.456510424
vt 0.463119357 0.442706227
vt 0.477472841 0.430483818
vt 0.459808915 0.407505869
vt 0.477294772 0.397225916
vt 0.444083869 0.421977996
vt 0.428292661 0.437318980
vt 0.413427144 0.454385519
vt 0.398360967 0.470130562
vt 0.384149223 0.489857137
vt 0.367980033 0.480131626
vt 0.350897371 0.473497927
vt 0.333472251 0.466552853
vt 0.322052061 0.489496588
vt 0.312348514 0.513424933
vt 0.305385381 0.538312792
vt 0.302459925 0.563880205
vt 0.301428556 0.589678108
vt 0.302338600 0.614465713
vt 0.279070407 0.610316157
vt 0.279777467 0.583833813
vt 0.281430006 0.557561874
vt 0.285860151 0.531123638
vt 0.293374270 0.506446003
vt 0.304670572 0.481933414
vt 0.316052913 0.459385514
vt 0.328104198 0.437156081
vt 0.346032142 0.444819569
vt 0.363387405 0.451762139
vt 0.381164550 0.460392653
vt 0.395222127 0.440726816
vt 0.410725265 0.422846555
vt 0.424902349 0.403908073
vt 0.442201435 0.388864934
vt 0.391458392 0.411707758
vt 0.407432377 0.394360423
vt 0.425792306 0.374783754
vt 0.377332001 0.431735515
vt 0.359164625 0.423807144
vt 0.341423541 0.416955828
vt 0.297837823 0.452416539
vt 0.309899807 0.430640816
vt 0.323402345 0.409360945
vt 0.286641001 0.475267350
vt 0.275985658 0.499190688
vt 0.266434311 0.523986578
vt 0.261600703 0.550562262
vt 0.258856773 0.577331125
vt 0.257508844 0.603504300
vt 0.242051661 0.543700873
vt 0.238881483 0.570057690
vt 0.236736476 0.596251845
vt 0.248169839 0.516409337
vt 0.257647007 0.492247939
vt 0.267956614 0.468420743
vt 0.279250025 0.446164608
vt 0.291327655 0.424155175
vt 0.304319739 0.402619302
vt 0.868819117 0.594010949
vt 0.891350925 0.582086801
vt 0.357460498 0.396799266
vt 0.374445945 0.404479861
vt 0.391573339 0.384573042
vt 0.411384165 0.366145372
vt 0.447474390 0.360900044
vt 0.462437957 0.378268599
vt 0.888480424 0.498723626
vt 0.898559570 0.550335228
vt 0.883702635 0.530811905
vt 0.868661403 0.510713636
vt 0.877815604 0.562490701
vt 0.856980621 0.574206352
vt 0.859167814 0.625071406
vt 0.847797513 0.605394244
vt 0.835926413 0.585328877
vt 0.272722691 0.417773366
vt 0.260216563 0.440176725
vt 0.248638182 0.462448775
vt 0.239135384 0.485456943
vt 0.230538293 0.510559320
vt 0.223493486 0.536374211
vt 0.212224930 0.503792882
vt 0.205761194 0.529708683
vt 0.220142394 0.479466319
vt 0.229467615 0.456372559
vt 0.241510912 0.433787882
vt 0.254320114 0.411832511
vt 0.266858458 0.390502572
vt 0.826300859 0.615919828
vt 0.815709292 0.595837950
vt 0.803947448 0.575564146
vt 0.823531925 0.565084874
vt 0.843729376 0.554116964
vt 0.863654136 0.542667031
vt 0.848777949 0.522404313
vt 0.852750241 0.490289330
vt 0.872931301 0.477995574
vt 0.832572162 0.501756548
vt 0.828782141 0.533858358
vt 0.812924742 0.513609767
vt 0.809801280 0.544875860
vt 0.790462613 0.555682838
vt 0.784629762 0.585743308
vt 0.795293152 0.605689942
vt 0.772345006 0.565815329
vt 0.805470943 0.625720977
vt 0.816419005 0.646181881
vt 0.235164284 0.405907928
vt 0.222340062 0.427465319
vt 0.210403069 0.449474215
vt 0.200763613 0.473670661
vt 0.193015754 0.498448610
vt 0.180070012 0.466873705
vt 0.173208057 0.492563247
vt 0.190816551 0.443371236
vt 0.202587947 0.420999765
vt 0.215962022 0.399471819
vt 0.228414356 0.378767669
vt 0.786313176 0.635068118
vt 0.775009989 0.614395618
vt 0.766344904 0.594350457
vt 0.755051910 0.575489401
vt 0.756949722 0.547119140
vt 0.774540901 0.535874247
vt 0.74068892 0.557858109
vt 0.793466508 0.525035500
vt 0.795239806 0.493500649
vt 0.815379142 0.481280505
vt 0.775575459 0.504922270
vt 0.756806850 0.516697049
vt 0.738806426 0.528225421
vt 0.722682774 0.540597379
vt 0.708167791 0.554430723
vt 0.727377176 0.568377435
vt 0.740327060 0.583273291
vt 0.748282313 0.601761996
vt 0.756277918 0.622546196
vt 0.768272638 0.643159508
vt 0.775308251 0.664373755
vt 0.196065723 0.393148064
vt 0.182236865 0.413507103
vt 0.169328078 0.438501775
vt 0.158086016 0.461884379
vt 0.703378260 0.522324025
vt 0.687455892 0.537210047
vt 0.720230162 0.508738756
vt 0.737938821 0.496433675
vt 0.75713557 0.484838068
vt 0.701117515 0.488010525
vt 0.719014108 0.474873662
vt 0.738102912 0.462964057
vt 0.684292852 0.502171218
vt 0.668580293 0.517738461
vt 0.125044763 0.987642109
vt 0.664613544 0.481067836
vt 0.680802702 0.465963065
vt 0.642672896 0.460869610
vt 0.659728646 0.444182276
vt 0.627788960 0.478726744
vt 0.181762680 0.999290466
vt 0.620533585 0.440314233
vt 0.581614732 0.439105987
vt 0.598894178 0.418831527
vt 0.157699450 0.735067486
vt 0.188465997 0.733906745
vt 0.225712493 0.728973567
vt 0.137246653 0.734609842
vt 0.124371588 0.734468996
vt 0.110697947 0.732950389
vt 0.093043699 0.731069564
vt 0.070948496 0.733166337
vt 0.164365008 0.539928913
vt 0.167602613 0.517575264
vt 0.162323698 0.560653030
vt 0.154717952 0.577851653
vt 0.183383837 0.547681927
vt 0.18159087 0.572776854
vt 0.179904073 0.597796797
vt 0.187052607 0.52242589
vt 0.201164498 0.555405259
vt 0.219298169 0.562809109
vt 0.217301845 0.588732838
vt 0.198918536 0.581276178
vt 0.215249195 0.614872634
vt 0.197534948 0.606931090
vt 0.235076516 0.622676014
vt 0.162505164 0.628636479
vt 0.193203061 0.637015342
vt 0.211957365 0.645434260
vt 0.232806816 0.652444601
vt 0.256488829 0.630809605
vt 0.255311131 0.657762527
vt 0.205627068 0.680874228
vt 0.229817107 0.684334635
vt 0.252746731 0.687085568
vt 0.181661769 0.678233981
vt 0.152983486 0.678754210
vt 0.139213278 0.597175955
vt 0.116969943 0.684342145
vt 0.119834438 0.646723508
vt 0.109064564 0.615727067
vt 0.174111992 0.716053485
vt 0.144801914 0.716907858
vt 0.112641088 0.718646347
vt 0.201006636 0.715917825
vt 0.225322410 0.715911984
vt 0.249902516 0.716800451
vt 0.276538789 0.689844846
vt 0.273008048 0.717647194
vt 0.278613239 0.662281751
vt 0.279213637 0.636117696
vt 0.302789419 0.639722287
vt 0.303356736 0.665419578
vt 0.300307899 0.690640926
vt 0.295756489 0.717303037
vt 0.698776662 0.127426385
vt 0.676746010 0.137297391
vt 0.722251176 0.118815720
vt 0.655043423 0.148734152
vt 0.633243143 0.160846173
vt 0.609548032 0.174272596
vt 0.583907365 0.188392698
vt 0.556891799 0.204417586
vt 0.520215272 0.194726586
vt 0.528218925 0.223039507
vt 0.081367515 0.690534293
vt 0.081072948 0.661411643
vt 0.076208762 0.633892059
vt 0.049789574 0.646887183
vt 0.046591334 0.666984200
vt 0.042733583 0.692645430
vt 0.040882121 0.721452951
vt 0.497318863 0.246097564
vt 0.565276563 0.233279943
vt 0.537562787 0.250299394
vt 0.509515464 0.271562635
vt 0.591854512 0.218257427
vt 0.617291927 0.204482972
vt 0.641420722 0.191390276
vt 0.664290368 0.178921580
vt 0.686192870 0.166921734
vt 0.707575023 0.156584501
vt 0.729537427 0.148117482
vt 0.744749546 0.089867472
vt 0.747179985 0.116762816
vt 0.751728653 0.143304348
vt 0.738488078 0.176274478
vt 0.717695951 0.184825718
vt 0.759885788 0.170232117
vt 0.696384668 0.194917202
vt 0.674105763 0.206952095
vt 0.650805234 0.219529390
vt 0.626469373 0.232528626
vt 0.601352214 0.246197998
vt 0.575048148 0.260963916
vt 0.547817826 0.277090907
vt 0.521591901 0.297093153
vt 0.482722103 0.300091981
vt 0.46545434 0.279805004
vt 0.495536178 0.321562945
vt 0.454995513 0.255009174
vt 0.003721574 0.684298396
vt 0.533737123 0.321936190
vt 0.509616434 0.342330336
vt 0.559900045 0.303668499
vt 0.586194813 0.287672817
vt 0.612106442 0.272891044
vt 0.637195885 0.259173274
vt 0.661470711 0.246140182
vt 0.684487044 0.233673989
vt 0.706694245 0.222283422
vt 0.728025138 0.212036907
vt 0.718080520 0.248492538
vt 0.696110069 0.259744644
vt 0.739378988 0.238340377
vt 0.673122823 0.271843075
vt 0.649073839 0.284807205
vt 0.624008238 0.298478961
vt 0.598085224 0.313386976
vt 0.572106182 0.329761445
vt 0.546388030 0.347962141
vt 0.521436870 0.368002057
vt 0.271689623 0.986173749
vt 0.560430288 0.373072266
vt 0.585103094 0.354617357
vt 0.610976576 0.338013887
vt 0.636780023 0.323114812
vt 0.661706149 0.309675157
vt 0.685702443 0.297116577
vt 0.708528161 0.285267412
vt 0.699248015 0.321733534
vt 0.675318419 0.333982765
vt 0.721920132 0.310236215
vt 0.650568604 0.346755743
vt 0.625211834 0.361342310
vt 0.600516140 0.378034234
vt 0.577941596 0.397080838
vt 0.557909905 0.418584883
vt 0.618570447 0.400397002
vt 0.641474187 0.383946776
vt 0.665738284 0.370199859
vt 0.689938068 0.357736408
vt 0.713501691 0.346001327
vt 0.736110627 0.334614336
vt 0.730405032 0.274079263
vt 0.743717312 0.299091160
vt 0.757949769 0.323710262
vt 0.751634717 0.263739168
vt 0.764848113 0.288392603
vt 0.779151558 0.312977254
vt 0.772577643 0.348238289
vt 0.750259637 0.358796298
vt 0.794252038 0.336770474
vt 0.728268921 0.369859218
vt 0.705717921 0.381470322
vt 0.682416498 0.393449604
vt 0.659573197 0.406788766
vt 0.638517677 0.422298312
vt 0.678891360 0.429555237
vt 0.700481534 0.416897594
vt 0.722500264 0.404893100
vt 0.744110584 0.393220722
vt 0.766467809 0.382749438
vt 0.788654327 0.371275961
vt 0.810073792 0.360148608
vt 0.831034898 0.348902881
vt 0.815045952 0.325941443
vt 0.799833118 0.302425921
vt 0.785593926 0.278257429
vt 0.772398829 0.253738701
vt 0.760010480 0.229000449
vt 0.748871147 0.202915072
vt 0.769831121 0.196083784
vt 0.780555725 0.221149742
vt 0.793421506 0.244874835
vt 0.806555390 0.268624424
vt 0.820757329 0.292151808
vt 0.835837245 0.315216779
vt 0.852207958 0.337419927
vt 0.826398015 0.382153332
vt 0.847770154 0.370132207
vt 0.804989218 0.393851637
vt 0.783342123 0.406027019
vt 0.761332273 0.416378617
vt 0.740197181 0.428489148
vt 0.719370603 0.440168201
vt 0.699152112 0.452273249
vt 0.758387863 0.451635658
vt 0.779130876 0.439514160
vt 0.800551652 0.427847802
vt 0.821918606 0.415588617
vt 0.843505621 0.403483450
vt 0.864005327 0.391160249
vt 0.774008154 0.141063809
vt 0.794437289 0.144360721
vt 0.770883798 0.115441203
vt 0.794695377 0.121764004
vt 0.809354007 0.145539701
vt 0.816730141 0.133230805
vt 0.773417353 0.092682719
vt 0.799554586 0.101112902
vt 0.827532410 0.117559731
vt 0.781224429 0.070203602
vt 0.813845515 0.090314626
vt 0.758729279 0.063566744
vt 0.842526972 0.105952262
vt 0.803993701 0.063077271
vt 0.327861905 0.666257619
vt 0.327193975 0.642338097
vt 0.351773172 0.641754448
vt 0.881015479 0.411665916
vt 0.860419929 0.424361228
vt 0.896223723 0.432945549
vt 0.877064466 0.445480227
vt 0.856780707 0.457263112
vt 0.839535772 0.436557829
vt 0.911791503 0.453993558
vt 0.892823159 0.466477692
vt 0.929839611 0.442500829
vt 0.836254060 0.469299793
vt 0.818415045 0.448822498
vt 0.797250688 0.460737049
vt 0.776934921 0.472845792
vt 0.292831510 0.722278118
vt 0.262273669 0.723622798
vt 0.035178408 0.765757918
vt 0.052487388 0.751357138
vt 0.023402849 0.784852504
vt 0.016414376 0.805526793
vt 0.013117188 0.827223897
vt 0.013423262 0.849526226
vt 0.017585510 0.871651470
vt 0.024700583 0.892011880
vt 0.033519912 0.908527731
vt 0.044002261 0.923408031
vt 0.059431336 0.939519047
vt 0.079793922 0.955023706
vt 0.102715097 0.967693209
vt 0.452834725 0.175163686
vt 0.475721687 0.162822067
vt 0.429552942 0.185575306
vt 0.407808631 0.195548594
vt 0.389594465 0.207826316
vt 0.374292731 0.224192082
vt 0.357835620 0.240358829
vt 0.341364622 0.259067952
vt 0.323386073 0.275316536
vt 0.305905550 0.292019903
vt 0.288466185 0.306860208
vt 0.311481505 0.261009454
vt 0.293569028 0.276368081
vt 0.276027679 0.291359067
vt 0.328460782 0.244910836
vt 0.344874113 0.228156149
vt 0.361960887 0.211583614
vt 0.378716647 0.194144129
vt 0.398393571 0.180546402
vt 0.420851290 0.169463038
vt 0.442932218 0.157801032
vt 0.465572893 0.145548462
vt 0.490238606 0.135040640
vt 0.499859750 0.151312708
vt 0.50960958 0.166943788
vt 0.153858497 0.984354019
vt 0.525381863 0.141925633
vt 0.517395138 0.125317335
vt 0.454651087 0.127609968
vt 0.479925602 0.118022143
vt 0.504543364 0.107801854
vt 0.431936353 0.139596343
vt 0.409933358 0.151970863
vt 0.387807697 0.164715528
vt 0.367325156 0.180047214
vt 0.349681466 0.197474300
vt 0.333139419 0.214298546
vt 0.315952330 0.230290234
vt 0.303581267 0.215559899
vt 0.320301085 0.199796795
vt 0.337332367 0.183212220
vt 0.355251073 0.165725767
vt 0.375324219 0.149239778
vt 0.397636264 0.135010480
vt 0.420025855 0.121746778
vt 0.442355275 0.109435498
vt 0.464785665 0.099221408
vt 0.483701229 0.087444365
vt 0.502687096 0.080064058
vt 0.523306131 0.095097482
vt 0.541918873 0.114068806
vt 0.553365469 0.131323516
vt 0.561021506 0.146371960
vt 0.211380332 0.988164067
vt 0.579631447 0.123731076
vt 0.563110232 0.103456497
vt 0.541413664 0.087663829
vt 0.635954141 0.877061665
vt 0.580446660 0.888781130
vt 0.595317661 0.875145614
vt 0.611271560 0.860457718
vt 0.444150298 0.080024957
vt 0.423723697 0.088294923
vt 0.405566632 0.103764712
vt 0.384565174 0.118555069
vt 0.362498939 0.133849322
vt 0.342179983 0.151385188
vt 0.324507594 0.168829798
vt 0.348576694 0.119416594
vt 0.328554183 0.137319207
vt 0.310700088 0.154630720
vt 0.368523746 0.102607846
vt 0.385791420 0.085887908
vt 0.399082750 0.069034934
vt 0.539729118 0.884633600
vt 0.556480407 0.872248470
vt 0.572297155 0.859087526
vt 0.58840096 0.843549013
vt 0.603778600 0.827577471
vt 0.626615881 0.843810677
vt 0.650920450 0.860905945
vt 0.677925288 0.877834200
vt 0.706612765 0.895265162
vt 0.733172237 0.914095521
vt 0.750861525 0.938281059
vt 0.722678422 0.878206551
vt 0.752559065 0.897975564
vt 0.774446547 0.923759460
vt 0.692600190 0.861005187
vt 0.666044056 0.843306541
vt 0.642136991 0.826572716
vt 0.619678854 0.810092985
vt 0.566256463 0.827073395
vt 0.582405328 0.810820043
vt 0.598954141 0.793866336
vt 0.550602972 0.841403186
vt 0.534777820 0.855122864
vt 0.517725110 0.867539823
vt 0.500263452 0.879477918
vt 0.361802578 0.069745183
vt 0.348575472 0.087174832
vt 0.332101196 0.105346322
vt 0.326881587 0.072865903
vt 0.313424140 0.091533720
vt 0.335986614 0.054771304
vt 0.343737155 0.036677181
vt 0.496841341 0.850365698
vt 0.512889504 0.836901724
vt 0.529283344 0.823578834
vt 0.545914471 0.809066474
vt 0.562867105 0.793889403
vt 0.57958287 0.778140485
vt 0.596642315 0.760751366
vt 0.615608751 0.776088953
vt 0.635674119 0.792018055
vt 0.657600283 0.808505952
vt 0.681479036 0.825414359
vt 0.707824826 0.842885851
vt 0.673185169 0.790183663
vt 0.696788430 0.806721866
vt 0.723058164 0.824597179
vt 0.651457011 0.773678422
vt 0.631533026 0.757567048
vt 0.613066613 0.742370367
vt 0.561126530 0.761937856
vt 0.578568995 0.745658874
vt 0.595576942 0.727710008
vt 0.543703079 0.776813626
vt 0.526841461 0.790735244
vt 0.509656369 0.804622054
vt 0.492556601 0.818416059
vt 0.476247280 0.830579459
vt 0.460112065 0.843086540
vt 0.311276108 0.041321814
vt 0.304004579 0.060042262
vt 0.285619109 0.030783772
vt 0.287140727 0.012672603
vt 0.280504941 0.049209237
vt 0.457366406 0.809458375
vt 0.474776834 0.796419680
vt 0.492007851 0.783432304
vt 0.509057104 0.770614266
vt 0.52633214 0.757221341
vt 0.543742954 0.744112432
vt 0.561287283 0.729767561
vt 0.578448772 0.713113784
vt 0.593762457 0.695066809
vt 0.610913872 0.708895266
vt 0.628573119 0.723624408
vt 0.646937489 0.739241480
vt 0.666617691 0.755279958
vt 0.688319683 0.771954417
vt 0.681576967 0.737375140
vt 0.703119099 0.754040241
vt 0.661670863 0.721224308
vt 0.643033742 0.705551385
vt 0.625113666 0.691063046
vt 0.607433497 0.677444577
vt 0.577510714 0.681232333
vt 0.562046825 0.698053598
vt 0.590663254 0.664145946
vt 0.545072555 0.711790919
vt 0.527298629 0.724193453
vt 0.510069072 0.735754489
vt 0.492970764 0.747899293
vt 0.475477963 0.760801494
vt 0.457763224 0.772420525
vt 0.439463406 0.781530380
vt 0.443253547 0.747426509
vt 0.425420135 0.757192373
vt 0.461942285 0.735669851
vt 0.479285925 0.724204719
vt 0.495688885 0.711052060
vt 0.513339161 0.700098037
vt 0.530962944 0.690856277
vt 0.547862589 0.680925726
vt 0.563069105 0.666668236
vt 0.576874077 0.651198625
vt 0.587307393 0.641304969
vt 0.601243436 0.648838520
vt 0.619311988 0.660796284
vt 0.638056218 0.67370224
vt 0.656618654 0.688195109
vt 0.675654292 0.703762292
vt 0.695837795 0.719837248
vt 0.688408792 0.686370611
vt 0.708725810 0.701924443
vt 0.669160962 0.670864582
vt 0.649374723 0.656951129
vt 0.629672765 0.644574940
vt 0.609513759 0.634627699
vt 0.587992727 0.630581975
vt 0.570188581 0.636356055
vt 0.553949832 0.647071242
vt 0.538010001 0.656981110
vt 0.521596491 0.665431618
vt 0.503933966 0.674317777
vt 0.486810445 0.68511343
vt 0.468432903 0.696963548
vt 0.45162642 0.708815097
vt 0.122421994 0.019491255
vt 0.105160534 0.024338543
vt 0.087863460 0.030234813
vt 0.070985540 0.038239121
vt 0.521850466 0.64062953
vt 0.537364661 0.634522557
vt 0.552048265 0.627774834
vt 0.568592250 0.620442152
vt 0.591413497 0.617359280
vt 0.615671515 0.620072960
vt 0.638469636 0.627988219
vt 0.659884989 0.640287697
vt 0.679966032 0.653883218
vt 0.700323998 0.668458700
vt 0.720342218 0.684246420
vt 0.690033197 0.637119352
vt 0.710658311 0.651837050
vt 0.731475114 0.666839838
vt 0.668195068 0.623624801
vt 0.644926726 0.612597703
vt 0.620573043 0.604677796
vt 0.594167649 0.602511167
vt 0.570480942 0.605361819
vt 0.551182687 0.610405206
vt 0.536547958 0.615428745
vt 0.525127887 0.622579455
vt 0.516141831 0.619473338
vt 0.077085733 0.052841246
vt 0.092125296 0.047478914
vt 0.105476386 0.044378101
vt 0.076485902 0.070946991
vt 0.088903725 0.068067252
vt 0.063633009 0.075357973
vt 0.052874337 0.077419281
vt 0.549154698 0.596267223
vt 0.570971965 0.590903878
vt 0.597072839 0.588517308
vt 0.625286281 0.589329004
vt 0.650020241 0.597320914
vt 0.675457000 0.608290851
vt 0.698937714 0.621613442
vt 0.72000283 0.634892225
vt 0.741126120 0.649024248
vt 0.752780675 0.682457029
vt 0.742036163 0.700382590
vt 0.763118326 0.664475798
vt 0.047345612 0.317305743
vt 0.062259472 0.345183193
vt 0.034038223 0.289997994
vt 0.021691070 0.263092994
vt 0.676125228 0.591130495
vt 0.652136206 0.582169771
vt 0.628328025 0.576972842
vt 0.021828914 0.139307498
vt 0.034624468 0.116901040
vt 0.049750920 0.095355033
vt 0.058389630 0.096256613
vt 0.069675222 0.093280553
vt 0.120816938 0.040357232
vt 0.098212011 0.068076252
vt 0.080736666 0.091867923
vt 0.063355520 0.118037045
vt 0.052773788 0.119939684
vt 0.043966401 0.118471384
vt 0.031443115 0.145592093
vt 0.023414379 0.173888385
vt 0.656221389 0.566971778
vt 0.674057960 0.573607087
vt 0.039477847 0.260007977
vt 0.051804289 0.286263227
vt 0.064893648 0.311916053
vt 0.079331822 0.338884592
vt 0.095567420 0.367464184
vt 0.078909218 0.374933481
vt 0.061484366 0.381646335
vt 0.776346206 0.699164927
vt 0.802256107 0.717155993
vt 0.811313867 0.698813915
vt 0.095849283 0.405525684
vt 0.112299591 0.394256293
vt 0.095469646 0.331792354
vt 0.111241251 0.357070326
vt 0.127637609 0.374685525
vt 0.082085304 0.306409418
vt 0.069712728 0.281942069
vt 0.057432118 0.256940066
vt 0.045912053 0.231514334
vt 0.037838585 0.203187823
vt 0.036101620 0.174768626
vt 0.042174480 0.145596802
vt 0.053047951 0.146186471
vt 0.049934852 0.174458742
vt 0.053582958 0.202780246
vt 0.063687242 0.228169918
vt 0.075284674 0.253367602
vt 0.087772548 0.276535749
vt 0.099556036 0.299593508
vt 0.111866422 0.321774303
vt 0.126114517 0.341010928
vt 0.141241088 0.354881525
vt 0.143880963 0.388171851
vt 0.127860114 0.412659764
vt 0.155730858 0.366686105
vt 0.110046885 0.432710111
vt 0.092240206 0.446810543
vt 0.831961333 0.737347543
vt 0.869137406 0.732376813
vt 0.862998068 0.756970405
vt 0.125778242 0.453399360
vt 0.143110558 0.424436271
vt 0.157102257 0.397719144
vt 0.168243289 0.377960205
vt 0.155407115 0.340678393
vt 0.168794617 0.354771018
vt 0.179842084 0.366966188
vt 0.142645359 0.326042830
vt 0.130879104 0.310276508
vt 0.118945933 0.291246473
vt 0.106361948 0.270728707
vt 0.093747466 0.248097658
vt 0.081235885 0.224956274
vt 0.070816382 0.199664294
vt 0.064501948 0.173839628
vt 0.087406106 0.195801794
vt 0.099340565 0.219510555
vt 0.079757981 0.168662488
vt 0.112063974 0.242373585
vt 0.125262066 0.263154566
vt 0.137950331 0.282992661
vt 0.150228723 0.299931228
vt 0.161770314 0.315907418
vt 0.173275038 0.330770909
vt 0.184667363 0.344882667
vt 0.194425657 0.358091056
vt 0.181001558 0.388702094
vt 0.189214736 0.376113653
vt 0.201936960 0.369354069
vt 0.170994833 0.406785190
vt 0.156013220 0.434211611
vt 0.136558026 0.464933455
vt 0.211487472 0.350399911
vt 0.218033462 0.363366961
vt 0.202553570 0.336334109
vt 0.19159998 0.321721077
vt 0.180438816 0.305803597
vt 0.168669760 0.289870023
vt 0.156792119 0.272900939
vt 0.143784314 0.254448950
vt 0.130408227 0.235290169
vt 0.117156967 0.213953435
vt 0.161593824 0.244704961
vt 0.148197293 0.225955665
vt 0.135349139 0.205801010
vt 0.174547284 0.261822998
vt 0.186842799 0.279122054
vt 0.198649287 0.295446872
vt 0.209902644 0.31164819
vt 0.220836803 0.327512562
vt 0.230910718 0.342322111
vt 0.238475516 0.357355535
vt 0.251141578 0.333100199
vt 0.239666774 0.316962122
vt 0.227988645 0.300704479
vt 0.216574221 0.284640193
vt 0.204372465 0.267498076
vt 0.192086741 0.250740051
vt 0.179159522 0.233203709
vt 0.221986070 0.255490005
vt 0.209671825 0.238641083
vt 0.196858972 0.221621930
vt 0.233932688 0.272114694
vt 0.246125072 0.288934230
vt 0.257867157 0.304977238
vt 0.269814729 0.320763170
vt 0.263581335 0.275256335
vt 0.251465976 0.259338736
vt 0.23948358 0.242799043
vt 0.226920738 0.226244330
vt 0.213984802 0.209641099
vt 0.183865845 0.204862356
vt 0.200596168 0.192710936
vt 0.166048839 0.215620219
vt 0.153551414 0.196927309
vt 0.171047523 0.186695575
vt 0.187815323 0.175523936
vt 0.203949853 0.163786351
vt 0.216906845 0.180435061
vt 0.230487495 0.196714162
vt 0.243946522 0.213185191
vt 0.256730824 0.229227364
vt 0.269063502 0.245309114
vt 0.281345367 0.260965943
vt 0.298869311 0.245897352
vt 0.286302715 0.230547905
vt 0.273835808 0.215088486
vt 0.260469228 0.199386417
vt 0.246775478 0.183658421
vt 0.233135759 0.167808890
vt 0.219694659 0.151807546
vt 0.175760448 0.158080339
vt 0.191019728 0.146953761
vt 0.206295013 0.135772347
vt 0.159216433 0.16789639
vt 0.141918629 0.177190065
vt 0.123976573 0.184463799
vt 0.105575285 0.190754056
vt 0.114495910 0.161569058
vt 0.132586509 0.156107604
vt 0.097387813 0.166115164
vt 0.149377733 0.149088561
vt 0.163790091 0.140085816
vt 0.177563488 0.1297279
vt 0.192410364 0.119156658
vt 0.221307441 0.123558044
vt 0.235218524 0.139336526
vt 0.206796765 0.107731282
vt 0.249135777 0.154728591
vt 0.263184815 0.169987738
vt 0.276915669 0.185155332
vt 0.290342837 0.200365662
vt 0.307262986 0.185095369
vt 0.293846339 0.170486807
vt 0.279763072 0.15576756
vt 0.265260934 0.141290128
vt 0.250822871 0.126424014
vt 0.235958918 0.111538648
vt 0.221010252 0.096785426
vt 0.176978722 0.102809250
vt 0.191647112 0.091254055
vt 0.206249997 0.081287264
vt 0.162837445 0.113831102
vt 0.150850772 0.125082969
vt 0.142637699 0.134894669
vt 0.129516512 0.135686934
vt 0.112260073 0.137268602
vt 0.135255605 0.117650568
vt 0.118195839 0.115416824
vt 0.146353825 0.101872861
vt 0.160101503 0.088379323
vt 0.176203221 0.076176405
vt 0.192781552 0.064433872
vt 0.233705133 0.085294425
vt 0.220259219 0.072880506
vt 0.21299918 0.057921588
vt 0.249683916 0.099146902
vt 0.265675276 0.112999796
vt 0.281842470 0.127058684
vt 0.296538829 0.140681684
vt 0.314224273 0.123686552
vt 0.297926813 0.110310256
vt 0.280830085 0.096998155
vt 0.263378620 0.084659278
vt 0.244395658 0.074157476
vt 0.231465503 0.067040503
vt 0.230921551 0.054056227
vt 0.183917403 0.050891578
vt 0.206357628 0.041631341
vt 0.229784458 0.038827478
vt 0.164338246 0.063383758
vt 0.145018801 0.076400399
vt 0.130450487 0.095330596
vt 0.095197297 0.140630841
vt 0.100601099 0.115935385
vt 0.115830652 0.092798054
vt 0.131238803 0.072900593
vt 0.152940198 0.054197311
vt 0.175783306 0.038636922
vt 0.200734272 0.027137875
vt 0.227641418 0.022015750
vt 0.256232112 0.023947060
vt 0.256166905 0.040577054
vt 0.251968860 0.058362245
vt 0.273194253 0.066577613
vt 0.294444948 0.078317046
vt 0.226850569 0.006608188
vt 0.257121503 0.006363332
vt 0.196642801 0.014756500
vt 0.166638881 0.029278993
vt 0.141267314 0.049677312
vt 0.121211975 0.068362295
vt 0.101391777 0.092026174
vt 0.086825482 0.11657691
vt 0.078794106 0.142459273
vt 0.074516594 0.116622149
vt 0.090072639 0.092399418
vt 0.064290590 0.145513355
vt 0.110152959 0.066147863
vt 0.134469643 0.042188644
vt 0.154841825 0.023679256
vt 0.178872078 0.007004559
vt 0.433589965 0.719526171
vt 0.141491204 0.019267022
vt 0.349318474 0.770171284
vt 0.335827350 0.75088799
vt 0.316447407 0.737392664
vt 0.331983208 0.912617743
vt 0.322653412 0.932906985
vt 0.309930741 0.950411200
vt 0.292389512 0.965644836
vt 0.784410774 0.862775623
vt 0.800489008 0.846188187
vt 0.769225359 0.880325377
vt 0.817672312 0.830200552
vt 0.833211779 0.813764393
vt 0.769115507 0.825166285
vt 0.785198926 0.807899177
vt 0.800015211 0.791021585
vt 0.752965986 0.842800021
vt 0.737697541 0.861368298
vt 0.712108075 0.788658142
vt 0.738660693 0.806214153
vt 0.727189004 0.770787298
vt 0.754126906 0.788427352
vt 0.741347849 0.752778768
vt 0.768643081 0.770734787
vt 0.717244207 0.736331284
vt 0.730324387 0.718361020
vt 0.753946542 0.734738409
vt 0.781196832 0.752725720
vt 0.812950551 0.773514747
vt 0.847272992 0.796537637
vt 0.792409837 0.735099673
vt 0.823585927 0.755873203
vt 0.856258571 0.777502179
vt 0.765629291 0.716638386
vt 0.891940712 0.770916879
vt 0.896086096 0.747087121
vt 0.490816116 0.633706927
vt 0.471794754 0.641111969
vt 0.510999858 0.605411231
vt 0.490611821 0.613512992
vt 0.53075701 0.595628738
vt 0.551081657 0.585053443
vt 0.567782700 0.568002581
vt 0.581313729 0.545076131
vt 0.450398534 0.648002624
vt 0.890510320 0.345172941
vt 0.904268086 0.366971015
vt 0.428174316 0.654238939
vt 0.918351888 0.388098716
vt 0.539224565 0.432782590
vt 0.531640410 0.401553690
vt 0.861262977 0.096870720
vt 0.828797638 0.080308973
vt 0.944467425 0.462797224
vt 0.921319305 0.508839726
vt 0.900201141 0.604499936
vt 0.882027626 0.613161087
vt 0.340706586 0.390040636
vt 0.908692181 0.573140978
vt 0.9155249 0.541074395
vt 0.904256999 0.518684506
vt 0.908937096 0.486876070
vt 0.928447127 0.474001526
vt 0.376269102 0.377804338
vt 0.285786122 0.396632432
vt 0.837722957 0.635938108
vt 0.247625991 0.384412765
vt 0.794995963 0.655938863
vt 0.053090758 0.948728323
vt 0.035696774 0.932056069
vt 0.022950008 0.915975689
vt 0.011634074 0.897619783
vt 0.003839681 0.875202059
vt 0.000332178 0.850740909
vt 0.208655178 0.373275101
vt 0.000626319 0.826314747
vt 0.004317110 0.802471995
vt 0.012275370 0.779565393
vt 0.026009498 0.758064329
vt 0.046712379 0.741058588
vt 0.075011290 0.964766740
vt 0.099314823 0.977473497
vt 0.649731457 0.496902465
vt 0.152492314 0.994989931
vt 0.604540109 0.460091173
vt 0.212263405 0.999265372
vt 0.117198422 0.569039583
vt 0.092518426 0.585424184
vt 0.063913956 0.608782053
vt 0.133377119 0.556719064
vt 0.143541961 0.547142267
vt 0.146159201 0.533039569
vt 0.149576678 0.514123082
vt 0.15491952 0.490047931
vt 0.603183329 0.140366852
vt 0.577757179 0.155627846
vt 0.550065398 0.173946023
vt 0.626217305 0.126951336
vt 0.647425413 0.115603745
vt 0.668715059 0.105473697
vt 0.693111479 0.097928345
vt 0.717103362 0.089873254
vt 0.081208743 0.721079945
vt 0.487781614 0.220394849
vt 0.318506479 0.716879606
vt 0.340464919 0.914119660
vt 0.356530576 0.765669584
vt 0.344364792 0.888441681
vt 0.330891937 0.936394453
vt 0.000589893 0.716110110
vt 0.341930747 0.744255423
vt 0.320028871 0.728419303
vt 0.317114323 0.955927968
vt 0.297332763 0.973020672
vt 0.539034187 0.394806444
vt 0.242667496 0.995116710
vt 0.348637700 0.690672159
vt 0.325261682 0.691606521
vt 0.354431062 0.665934205
vt 0.504064261 0.396004259
vt 0.019611202 0.656435310
vt 0.038016300 0.635184645
vt 0.281554579 0.339164972
vt 0.261683374 0.352268099
vt 0.301985889 0.322123646
vt 0.319278925 0.306809365
vt 0.334792673 0.289168953
vt 0.354651242 0.272950708
vt 0.368902862 0.253945946
vt 0.386421740 0.235751092
vt 0.399731725 0.219218254
vt 0.416566073 0.209976911
vt 0.438674420 0.202033281
vt 0.461444169 0.192415058
vt 0.486350387 0.178671240
vt 0.127361446 0.977347135
vt 0.533378303 0.157110869
vt 0.603277742 0.905351102
vt 0.620020866 0.892422497
vt 0.645280599 0.909055769
vt 0.182134792 0.988009393
vt 0.589534521 0.139465749
vt 0.726112961 0.950170338
vt 0.712075114 0.931819915
vt 0.689855396 0.911982655
vt 0.662959396 0.893385350
vt 0.462872952 0.072047650
vt 0.561873614 0.900682449
vt 0.543122768 0.911695003
vt 0.522494554 0.896300435
vt 0.240368589 0.984777152
vt 0.267955243 0.977244854
vt 0.370989054 0.052171826
vt 0.479769349 0.861578464
vt 0.316631048 0.02202636
vt 0.440813511 0.820763051
vt 0.076121047 0.016404926
vt 0.095761962 0.008953571
vt 0.116424560 0.002302050
vt 0.138883128 0.000908792
vt 0.504891037 0.645483136
vt 0.063708387 0.059953808
vt 0.531714677 0.604606509
vt 0.040869090 0.094278693
vt 0.027193279 0.110685229
vt 0.013133212 0.131093084
vt 0.000661546 0.154832243
vt 0.005237191 0.272547781
vt 0.015556839 0.293290376
vt 0.029204975 0.321561396
vt 0.044322419 0.350883007
vt 0.697326540 0.601326346
vt 0.012129936 0.241471469
vt 0.012852909 0.163926363
vt 0.635722637 0.559633612
vt 0.021808689 0.204131007
vt 0.028204307 0.232670128
vt 0.786518216 0.681559026
vt 0.078600361 0.414167761
vt 0.839185118 0.717541575
vt 0.106646768 0.475561738
vt 0.895898163 0.718418121
vt 0.137327432 0.747537076
vt 0.123037189 0.747116804
vt 0.109285846 0.746233403
vt 0.157673344 0.746986448
vt 0.188492089 0.744269132
vt 0.225707873 0.738652706
vt 0.909794330 0.729327917
vt 0.093525700 0.744961440
vt 0.07395491 0.745256662
vt 0.409210354 0.765829086
vt 0.427195787 0.795220553
vt 0.396087914 0.736668348
vt 0.413787633 0.728032290
vt 0.159433037 0.002075254
vt 0.335897058 0.889201581
vt 0.8630355 0.839568376
vt 0.882171809 0.816791117
vt 0.892560958 0.795720338
vt 0.848958671 0.855689466
vt 0.827267527 0.871585488
vt 0.814427614 0.886442005
vt 0.796706795 0.901604294
vt 0.290912598 0.730939149
vt 0.260896652 0.732561469
s 1
f 4608/5720/4608 4609/5721/4609 4610/5722/4610 4611/5723/4611
f 4608/5720/4608 4611/5723/4611 4612/5724/4612 4613/5725/4613
f 4608/5720/4608 4613/5725/4613 4614/5726/4614 4609/5721/4609
f 4615/5727/4615 4616/5728/4616 4609/5721/4609 4614/5726/4614
f 4617/5729/4617 4610/5722/4610 4609/5721/4609 4616/5728/4616
f 4618/5730/4618 4611/5723/4611 4610/5722/4610 4619/5731/4619
f 4617/5729/4617 4620/5732/4620 4619/5731/4619 4610/5722/4610
f 4618/5730/4618 4621/5733/4621 4612/5724/4612 4611/5723/4611
f 4622/5734/4622 4612/5724/4612 4621/5733/4621 4623/5735/4623
f 4622/5734/4622 4624/5736/4624 4613/5725/4613 4612/5724/4612
f 4624/5736/4624 4625/5737/4625 4614/5726/4614 4613/5725/4613
f 4625/5737/4625 4626/5738/4626 4615/5727/4615 4614/5726/4614
f 4615/5727/4615 4626/5738/4626 4627/5739/4627 4628/5740/4628
f 4615/5727/4615 4628/5740/4628 4629/5741/4629 4616/5728/4616
f 4629/5741/4629 4630/5742/4630 4617/5729/4617 4616/5728/4616
f 4617/5729/4617 4630/5742/4630 4631/5743/4631 4620/5732/4620
f 4632/5744/4632 4619/5731/4619 4620/5732/4620 4633/5745/4633
f 4631/6789/4631 4634/5746/4634 4633/6791/4633 4620/6788/4620
f 4618/5730/4618 4619/5731/4619 4632/5744/4632 4635/5747/4635
f 4636/5748/4636 4621/5733/4621 4618/5730/4618 4635/5747/4635
f 4636/5748/4636 4637/5749/4637 4623/5735/4623 4621/5733/4621
f 4638/5750/4638 4623/5735/4623 4637/5749/4637 4639/5751/4639
f 4638/5750/4638 4640/5752/4640 4622/5734/4622 4623/5735/4623
f 4622/5734/4622 4640/5752/4640 4641/5753/4641 4624/5736/4624
f 4624/5736/4624 4641/5753/4641 4642/5754/4642 4625/5737/4625
f 4625/5737/4625 4642/5754/4642 4643/5755/4643 4626/5738/4626
f 4644/5756/4644 4627/5739/4627 4626/5738/4626 4643/5755/4643
f 4644/5756/4644 4645/5757/4645 4646/5758/4646 4627/5739/4627
f 4646/5758/4646 4647/5759/4647 4628/5740/4628 4627/5739/4627
f 4629/5741/4629 4628/5740/4628 4647/5759/4647 4648/5760/4648
f 4629/5741/4629 4648/5760/4648 4649/5761/4649 4630/5742/4630
f 4631/5743/4631 4630/5742/4630 4649/5761/4649 4650/5762/4650
f 4631/6789/4631 4650/6796/4650 4651/5763/4651 4634/5746/4634
f 4634/5746/4634 4651/5763/4651 4652/5764/4652 4653/5765/4653
f 4634/5746/4634 4653/5765/4653 4654/5766/4654 4633/6791/4633
f 4632/6790/4632 4633/6791/4633 4654/5766/4654 4655/5767/4655
f 4632/6790/4632 4655/5767/4655 4656/5768/4656 4635/6792/4635
f 4636/6793/4636 4635/6792/4635 4656/5768/4656 4657/5769/4657
f 4658/5770/4658 4637/6794/4637 4636/6793/4636 4657/5769/4657
f 4658/5770/4658 4659/5771/4659 4639/6795/4639 4637/6794/4637
f 4660/5772/4660 4639/6795/4639 4659/5771/4659 4661/5773/4661
f 4660/6797/4660 4662/5774/4662 4638/5750/4638 4639/5751/4639
f 4638/5750/4638 4662/5774/4662 4663/5775/4663 4640/5752/4640
f 4664/5776/4664 4641/5753/4641 4640/5752/4640 4663/5775/4663
f 4664/5776/4664 4665/5777/4665 4642/5754/4642 4641/5753/4641
f 4665/5777/4665 4666/5778/4666 4643/5755/4643 4642/5754/4642
f 4666/5778/4666 4667/5779/4667 4644/5756/4644 4643/5755/4643
f 4644/5756/4644 4667/5779/4667 4668/5780/4668 4645/5757/4645
f 4646/5758/4646 4645/5757/4645 4669/5781/4669 4670/5782/4670
f 4645/5757/4645 4668/5780/4668 4671/5783/4671 4669/5781/4669
f 4646/5758/4646 4670/5782/4670 4672/5784/4672 4647/5759/4647
f 4673/5785/4673 4648/5760/4648 4647/5759/4647 4672/5784/4672
f 4674/5786/4674 4649/5761/4649 4648/5760/4648 4673/5785/4673
f 4674/5786/4674 4675/5787/4675 4650/5762/4650 4649/5761/4649
f 4675/6799/4675 4676/5788/4676 4651/5763/4651 4650/6796/4650
f 4652/5764/4652 4651/5763/4651 4676/5788/4676 4677/5789/4677
f 4652/5764/4652 4677/5789/4677 4678/5790/4678 4679/5791/4679
f 4652/5764/4652 4679/5791/4679 4680/5792/4680 4653/5765/4653
f 4681/5793/4681 4654/5766/4654 4653/5765/4653 4680/5792/4680
f 4655/5767/4655 4654/5766/4654 4681/5793/4681 4682/5794/4682
f 4655/5767/4655 4682/5794/4682 4683/5795/4683 4656/5768/4656
f 4683/5795/4683 4684/5796/4684 4657/5769/4657 4656/5768/4656
f 4658/5770/4658 4657/5769/4657 4684/5796/4684 4685/5797/4685
f 4686/5798/4686 4659/5771/4659 4658/5770/4658 4685/5797/4685
f 4686/5798/4686 4687/5799/4687 4661/5773/4661 4659/5771/4659
f 4688/5800/4688 4661/6798/4661 4687/6800/4687 4689/5801/4689
f 4688/5800/4688 4690/5802/4690 4660/6797/4660 4661/6798/4661
f 4691/5803/4691 4692/5804/4692 4689/5801/4689 4687/6800/4687
f 4691/6801/4691 4687/5799/4687 4686/5798/4686 4693/5805/4693
f 4686/5798/4686 4685/5797/4685 4694/5806/4694 4693/5805/4693
f 4684/5796/4684 4695/5807/4695 4694/5806/4694 4685/5797/4685
f 4683/5795/4683 4696/5808/4696 4695/5807/4695 4684/5796/4684
f 4683/5795/4683 4682/5794/4682 4697/5809/4697 4696/5808/4696
f 4682/5794/4682 4681/5793/4681 4698/5810/4698 4697/5809/4697
f 4681/5793/4681 4680/5792/4680 4699/5811/4699 4698/5810/4698
f 4699/5811/4699 4680/5792/4680 4679/5791/4679 4700/5812/4700
f 4678/5790/4678 4701/5813/4701 4700/5812/4700 4679/5791/4679
f 4702/5814/4702 4701/5813/4701 4678/5790/4678 4703/5815/4703
f 4677/5789/4677 4704/5816/4704 4703/5815/4703 4678/5790/4678
f 4677/5789/4677 4676/5788/4676 4705/5817/4705 4704/5816/4704
f 4705/5817/4705 4676/5788/4676 4675/6799/4675 4706/5818/4706
f 4705/5817/4705 4706/5818/4706 4707/5819/4707 4708/5820/4708
f 4705/5817/4705 4708/5820/4708 4709/5821/4709 4704/5816/4704
f 4710/5822/4710 4703/5815/4703 4704/5816/4704 4709/5821/4709
f 4702/5814/4702 4703/5815/4703 4710/5822/4710 4711/5823/4711
f 4712/5824/4712 4701/5813/4701 4702/5814/4702 4713/5825/4713
f 4713/5825/4713 4702/5814/4702 4711/5823/4711 4714/5826/4714
f 4715/5827/4715 4700/5812/4700 4701/5813/4701 4712/5824/4712
f 4699/5811/4699 4700/5812/4700 4715/5827/4715 4716/5828/4716
f 4699/5811/4699 4716/5828/4716 4717/5829/4717 4698/5810/4698
f 4718/5830/4718 4697/5809/4697 4698/5810/4698 4717/5829/4717
f 4718/5830/4718 4719/5831/4719 4696/5808/4696 4697/5809/4697
f 4696/5808/4696 4719/5831/4719 4720/5832/4720 4695/5807/4695
f 4721/5833/4721 4694/5806/4694 4695/5807/4695 4720/5832/4720
f 4721/5833/4721 4722/5834/4722 4693/5805/4693 4694/5806/4694
f 4723/5835/4723 4691/6801/4691 4693/5805/4693 4722/5834/4722
f 4721/5833/4721 4720/5832/4720 4724/5836/4724 4722/5834/4722
f 4725/5837/4725 4723/5835/4723 4722/5834/4722 4724/5836/4724
f 4726/5838/4726 4724/5836/4724 4720/5832/4720 4719/5831/4719
f 4718/5830/4718 4727/5839/4727 4726/5838/4726 4719/5831/4719
f 4728/5840/4728 4727/5839/4727 4718/5830/4718 4717/5829/4717
f 4728/5840/4728 4717/5829/4717 4716/5828/4716 4729/5841/4729
f 4715/5827/4715 4730/5842/4730 4729/5841/4729 4716/5828/4716
f 4715/5827/4715 4712/5824/4712 4731/5843/4731 4730/5842/4730
f 4712/5824/4712 4713/5825/4713 4732/5844/4732 4731/5843/4731
f 4713/5825/4713 4714/5826/4714 4733/5845/4733 4732/5844/4732
f 4734/5846/4734 4714/5826/4714 4711/5823/4711 4735/5847/4735
f 4734/5846/4734 4736/5848/4736 4733/5845/4733 4714/5826/4714
f 4710/5822/4710 4737/5849/4737 4735/5847/4735 4711/5823/4711
f 4710/5822/4710 4709/5821/4709 4738/5850/4738 4737/5849/4737
f 4739/5851/4739 4735/5847/4735 4737/5849/4737 4740/5852/4740
f 4738/5850/4738 4741/5853/4741 4740/5852/4740 4737/5849/4737
f 4739/5851/4739 4742/5854/4742 4734/5846/4734 4735/5847/4735
f 4734/5846/4734 4742/5854/4742 4743/5855/4743 4736/5848/4736
f 4736/5848/4736 4743/5855/4743 4744/5856/4744 4745/5857/4745
f 4736/5848/4736 4745/5857/4745 4746/5858/4746 4733/5845/4733
f 4747/5859/4747 4732/5844/4732 4733/5845/4733 4746/5858/4746
f 4747/5859/4747 4748/5860/4748 4731/5843/4731 4732/5844/4732
f 4730/5842/4730 4731/5843/4731 4748/5860/4748 4749/5861/4749
f 4750/5862/4750 4729/5841/4729 4730/5842/4730 4749/5861/4749
f 4750/5862/4750 4751/5863/4751 4728/5840/4728 4729/5841/4729
f 4728/5840/4728 4751/5863/4751 4752/5864/4752 4727/5839/4727
f 4726/5838/4726 4727/5839/4727 4752/5864/4752 4753/5865/4753
f 4726/5838/4726 4753/5865/4753 4725/5837/4725 4724/5836/4724
f 4725/5837/4725 4753/5865/4753 4754/5866/4754 4755/5867/4755
f 4756/5868/4756 4754/5866/4754 4753/5865/4753 4752/5864/4752
f 4756/5868/4756 4752/5864/4752 4751/5863/4751 4757/5869/4757
f 4750/5862/4750 4758/5870/4758 4757/5869/4757 4751/5863/4751
f 4759/5871/4759 4758/5870/4758 4750/5862/4750 4749/5861/4749
f 4759/5871/4759 4749/5861/4749 4748/5860/4748 4760/5872/4760
f 4747/5859/4747 4746/5858/4746 4760/5872/4760 4748/5860/4748
f 4745/5857/4745 4761/5873/4761 4760/5872/4760 4746/5858/4746
f 4745/5857/4745 4744/5856/4744 4762/5874/4762 4761/5873/4761
f 4763/5875/4763 4762/5874/4762 4744/5856/4744 4764/5876/4764
f 4764/5876/4764 4744/5856/4744 4743/5855/4743 4765/5877/4765
f 4765/5877/4765 4743/5855/4743 4742/5854/4742 4766/5878/4766
f 4739/5851/4739 4767/5879/4767 4766/5878/4766 4742/5854/4742
f 4768/5880/4768 4767/5879/4767 4739/5851/4739 4740/5852/4740
f 4768/5880/4768 4740/5852/4740 4741/5853/4741 4769/5881/4769
f 4770/5882/4770 4771/5883/4771 4768/5880/4768 4769/5881/4769
f 4768/5880/4768 4771/5883/4771 4772/5884/4772 4767/5879/4767
f 4773/5885/4773 4766/5878/4766 4767/5879/4767 4772/5884/4772
f 4774/5886/4774 4765/5877/4765 4766/5878/4766 4773/5885/4773
f 4764/5876/4764 4765/5877/4765 4774/5886/4774 4775/5887/4775
f 4763/5875/4763 4764/5876/4764 4775/5887/4775 4776/5888/4776
f 4777/5889/4777 4778/5890/4778 4763/5875/4763 4776/5888/4776
f 4763/5875/4763 4778/5890/4778 4779/5891/4779 4762/5874/4762
f 4761/5873/4761 4762/5874/4762 4779/5891/4779 4780/5892/4780
f 4761/5873/4761 4780/5892/4780 4759/5871/4759 4760/5872/4760
f 4759/5871/4759 4780/5892/4780 4781/5893/4781 4758/5870/4758
f 4782/5894/4782 4757/5869/4757 4758/5870/4758 4781/5893/4781
f 4783/5895/4783 4756/5868/4756 4757/5869/4757 4782/5894/4782
f 4783/5895/4783 4784/5896/4784 4754/5866/4754 4756/5868/4756
f 4785/5897/4785 4786/5898/4786 4783/5895/4783 4782/5894/4782
f 4783/5895/4783 4786/5898/4786 4787/5899/4787 4784/5896/4784
f 4785/5897/4785 4782/5894/4782 4781/5893/4781 4788/5900/4788
f 4788/5900/4788 4781/5893/4781 4780/5892/4780 4779/5891/4779
f 4789/5901/4789 4788/5900/4788 4779/5891/4779 4778/5890/4778
f 4777/5889/4777 4790/5902/4790 4789/5901/4789 4778/5890/4778
f 4791/5903/4791 4792/5904/4792 4777/5889/4777 4776/5888/4776
f 4777/5889/4777 4792/5904/4792 4793/5905/4793 4790/5902/4790
f 4791/5903/4791 4776/5888/4776 4775/5887/4775 4794/5906/4794
f 4774/5886/4774 4795/5907/4795 4794/5906/4794 4775/5887/4775
f 4774/5886/4774 4773/5885/4773 4796/5908/4796 4795/5907/4795
f 4796/5908/4796 4773/5885/4773 4772/5884/4772 4797/5909/4797
f 4797/5909/4797 4772/5884/4772 4771/5883/4771 4798/5910/4798
f 4770/5882/4770 4799/5911/4799 4798/5910/4798 4771/5883/4771
f 4800/5912/4800 4797/5909/4797 4798/5910/4798 4801/5913/4801
f 4801/5913/4801 4798/5910/4798 4799/5911/4799 4802/5914/4802
f 4796/5908/4796 4797/5909/4797 4800/5912/4800 4803/5915/4803
f 4796/5908/4796 4803/5915/4803 4804/5916/4804 4795/5907/4795
f 4805/5917/4805 4794/5906/4794 4795/5907/4795 4804/5916/4804
f 4805/5917/4805 4806/5918/4806 4791/5903/4791 4794/5906/4794
f 4791/5903/4791 4806/5918/4806 4807/5919/4807 4792/5904/4792
f 4808/5920/4808 4793/5905/4793 4792/5904/4792 4807/5919/4807
f 4808/6808/4808 4809/5921/4809 4810/5922/4810 4793/6807/4793
f 4810/6809/4810 4811/5923/4811 4790/5902/4790 4793/5905/4793
f 4789/5901/4789 4790/5902/4790 4811/5923/4811 4812/5924/4812
f 4789/5901/4789 4812/5924/4812 4785/5897/4785 4788/5900/4788
f 4785/5897/4785 4812/5924/4812 4813/5925/4813 4786/5898/4786
f 4814/5926/4814 4787/5899/4787 4786/5898/4786 4813/5925/4813
f 4784/5896/4784 4787/5899/4787 4815/5927/4815 4816/5928/4816
f 4814/6812/4814 4817/5929/4817 4815/6813/4815 4787/6806/4787
f 4818/5930/4818 4819/5931/4819 4814/6812/4814 4813/6811/4813
f 4814/6812/4814 4819/5931/4819 4820/5932/4820 4817/5929/4817
f 4818/6815/4818 4813/5925/4813 4812/5924/4812 4811/5923/4811
f 4810/5922/4810 4821/5933/4821 4818/5930/4818 4811/6810/4811
f 4810/5922/4810 4809/5921/4809 4822/5934/4822 4821/5933/4821
f 4808/6808/4808 4823/5935/4823 4824/5936/4824 4809/5921/4809
f 4825/5937/4825 4822/5934/4822 4809/5921/4809 4824/5936/4824
f 4826/5938/4826 4823/6816/4823 4808/5920/4808 4807/5919/4807
f 4826/5938/4826 4807/5919/4807 4806/5918/4806 4827/5939/4827
f 4805/5917/4805 4828/5940/4828 4827/5939/4827 4806/5918/4806
f 4829/5941/4829 4828/5940/4828 4805/5917/4805 4804/5916/4804
f 4829/5941/4829 4804/5916/4804 4803/5915/4803 4830/5942/4830
f 4800/5912/4800 4831/5943/4831 4830/5942/4830 4803/5915/4803
f 4832/5944/4832 4830/5942/4830 4831/5943/4831 4833/5945/4833
f 4832/5944/4832 4834/5946/4834 4829/5941/4829 4830/5942/4830
f 4829/5941/4829 4834/5946/4834 4835/5947/4835 4828/5940/4828
f 4836/5948/4836 4827/5939/4827 4828/5940/4828 4835/5947/4835
f 4836/5948/4836 4837/5949/4837 4826/5938/4826 4827/5939/4827
f 4826/5938/4826 4837/5949/4837 4838/5950/4838 4823/6816/4823
f 4839/5951/4839 4824/5936/4824 4823/5935/4823 4838/6817/4838
f 4839/5951/4839 4840/5952/4840 4825/5937/4825 4824/5936/4824
f 4825/5937/4825 4840/5952/4840 4841/5953/4841 4842/5954/4842
f 4825/5937/4825 4842/5954/4842 4843/5955/4843 4822/5934/4822
f 4843/5955/4843 4844/5956/4844 4821/5933/4821 4822/5934/4822
f 4818/5930/4818 4821/5933/4821 4844/5956/4844 4819/5931/4819
f 4845/5957/4845 4820/5932/4820 4819/5931/4819 4844/5956/4844
f 4817/5929/4817 4820/5932/4820 4846/5958/4846 4847/5959/4847
f 4845/5957/4845 4848/5960/4848 4846/5958/4846 4820/5932/4820
f 4843/5955/4843 4849/5961/4849 4845/5957/4845 4844/5956/4844
f 4845/5957/4845 4849/5961/4849 4850/5962/4850 4848/5960/4848
f 4843/5955/4843 4842/5954/4842 4851/5963/4851 4849/5961/4849
f 4852/5964/4852 4851/5963/4851 4842/5954/4842 4841/5953/4841
f 4853/5965/4853 4841/5953/4841 4840/5952/4840 4854/5966/4854
f 4853/5965/4853 4855/5967/4855 4852/5964/4852 4841/5953/4841
f 4839/5951/4839 4856/5968/4856 4854/5966/4854 4840/5952/4840
f 4857/5969/4857 4856/5968/4856 4839/5951/4839 4838/6817/4838
f 4857/6818/4857 4838/5950/4838 4837/5949/4837 4858/5970/4858
f 4836/5948/4836 4859/5971/4859 4858/5970/4858 4837/5949/4837
f 4860/5972/4860 4859/5971/4859 4836/5948/4836 4835/5947/4835
f 4860/5972/4860 4835/5947/4835 4834/5946/4834 4861/5973/4861
f 4832/5944/4832 4862/5974/4862 4861/5973/4861 4834/5946/4834
f 4863/5975/4863 4861/5973/4861 4862/5974/4862 4864/5976/4864
f 4863/5975/4863 4865/5977/4865 4860/5972/4860 4861/5973/4861
f 4860/5972/4860 4865/5977/4865 4866/5978/4866 4859/5971/4859
f 4867/5979/4867 4858/5970/4858 4859/5971/4859 4866/5978/4866
f 4867/5979/4867 4868/5980/4868 4857/6818/4857 4858/5970/4858
f 4857/5969/4857 4868/6819/4868 4869/5981/4869 4856/5968/4856
f 4870/5982/4870 4854/5966/4854 4856/5968/4856 4869/5981/4869
f 4870/5982/4870 4871/5983/4871 4853/5965/4853 4854/5966/4854
f 4872/5984/4872 4855/5967/4855 4853/5965/4853 4871/5983/4871
f 4873/5985/4873 4874/5986/4874 4852/5964/4852 4855/5967/4855
f 4873/5985/4873 4855/5967/4855 4872/5984/4872 4875/5987/4875
f 4852/5964/4852 4874/5986/4874 4876/5988/4876 4851/5963/4851
f 4876/5988/4876 4850/5962/4850 4849/5961/4849 4851/5963/4851
f 4848/5960/4848 4850/5962/4850 4877/5989/4877 4878/5990/4878
f 4876/5988/4876 4879/5991/4879 4877/5989/4877 4850/5962/4850
f 4880/5992/4880 4879/5991/4879 4876/5988/4876 4874/5986/4874
f 4880/5992/4880 4874/5986/4874 4873/5985/4873 4881/5993/4881
f 4873/5985/4873 4875/5987/4875 4882/5994/4882 4881/5993/4881
f 4883/5995/4883 4882/5994/4882 4875/5987/4875 4884/5996/4884
f 4872/5984/4872 4885/5997/4885 4884/5996/4884 4875/5987/4875
f 4872/5984/4872 4871/5983/4871 4886/5998/4886 4885/5997/4885
f 4886/5998/4886 4871/5983/4871 4870/5982/4870 4887/5999/4887
f 4888/6000/4888 4887/5999/4887 4870/5982/4870 4869/5981/4869
f 4888/6000/4888 4869/5981/4869 4868/6819/4868 4889/6001/4889
f 4867/5979/4867 4890/6002/4890 4889/6826/4889 4868/5980/4868
f 4891/6003/4891 4890/6002/4890 4867/5979/4867 4866/5978/4866
f 4891/6003/4891 4866/5978/4866 4865/5977/4865 4892/6004/4892
f 4863/5975/4863 4893/6005/4893 4892/6004/4892 4865/5977/4865
f 5136/6248/5136 4892/6830/4892 4893/6831/4893 5137/6249/5137
f 5136/6248/5136 5138/6250/5138 4891/6829/4891 4892/6830/4892
f 4891/6829/4891 5138/6250/5138 5139/6251/5139 4890/6828/4890
f 5140/6252/5140 4889/6827/4889 4890/6828/4890 5139/6251/5139
f 5140/6252/5140 5141/6253/5141 4888/6825/4888 4889/6827/4889
f 5142/6254/5142 4887/6824/4887 4888/6825/4888 5141/6253/5141
f 4886/6823/4886 4887/6824/4887 5142/6254/5142 5143/6255/5143
f 4886/6823/4886 5143/6255/5143 5144/6256/5144 4885/6822/4885
f 5145/6257/5145 4884/6821/4884 4885/6822/4885 5144/6256/5144
f 4883/6820/4883 4884/6821/4884 5145/6257/5145 5146/6258/5146
f 4894/6006/4894 4882/5994/4882 4883/5995/4883 4895/6007/4895
f 4883/6820/4883 5146/6258/5146 5147/6259/5147 4895/6832/4895
f 4894/6006/4894 4896/6008/4896 4881/5993/4881 4882/5994/4882
f 4880/5992/4880 4881/5993/4881 4896/6008/4896 4897/6009/4897
f 4898/6010/4898 4879/5991/4879 4880/5992/4880 4897/6009/4897
f 4899/6011/4899 4900/6012/4900 4897/6009/4897 4896/6008/4896
f 4898/6010/4898 4897/6009/4897 4900/6012/4900 4901/6013/4901
f 4899/6011/4899 4896/6008/4896 4894/6006/4894 4902/6014/4902
f 4894/6006/4894 4895/6007/4895 4903/6015/4903 4902/6014/4902
f 5148/6260/5148 4903/6833/4903 4895/6832/4895 5147/6259/5147
f 5148/6886/5148 5147/6885/5147 5149/6261/5149 5150/6262/5150
f 5149/6261/5149 5147/6885/5147 5146/6884/5146 5151/6263/5151
f 5145/6883/5145 5152/6264/5152 5151/6263/5151 5146/6884/5146
f 5145/6883/5145 5144/6882/5144 5153/6265/5153 5152/6264/5152
f 5153/6265/5153 5144/6882/5144 5143/6881/5143 5154/6266/5154
f 5142/6880/5142 5155/6267/5155 5154/6266/5154 5143/6881/5143
f 5142/6880/5142 5141/6879/5141 5156/6268/5156 5155/6267/5155
f 5156/6268/5156 5141/6879/5141 5140/6878/5140 5157/6269/5157
f 5158/6270/5158 5157/6269/5157 5140/6878/5140 5139/6877/5139
f 5158/6270/5158 5139/6877/5139 5138/6876/5138 5159/6271/5159
f 5160/6272/5160 5157/6269/5157 5158/6270/5158 5161/6273/5161
f 5162/6274/5162 5161/6273/5161 5158/6270/5158 5159/6271/5159
f 5156/6268/5156 5157/6269/5157 5160/6272/5160 5163/6275/5163
f 5156/6268/5156 5163/6275/5163 5164/6276/5164 5155/6267/5155
f 5165/6277/5165 5154/6266/5154 5155/6267/5155 5164/6276/5164
f 5153/6265/5153 5154/6266/5154 5165/6277/5165 5166/6278/5166
f 5153/6265/5153 5166/6278/5166 5167/6279/5167 5152/6264/5152
f 5168/6280/5168 5151/6263/5151 5152/6264/5152 5167/6279/5167
f 5149/6261/5149 5151/6263/5151 5168/6280/5168 5169/6281/5169
f 5149/6261/5149 5169/6281/5169 5170/6282/5170 5150/6262/5150
f 5171/6283/5171 5172/6284/5172 5150/6262/5150 5170/6282/5170
f 5148/6886/5148 5150/6262/5150 5172/6284/5172 5173/6285/5173
f 4904/6016/4904 4903/6833/4903 5148/6260/5148 5173/6887/5173
f 4904/6834/4904 4905/6017/4905 4902/6014/4902 4903/6015/4903
f 4899/6011/4899 4902/6014/4902 4905/6017/4905 4906/6018/4906
f 4907/6019/4907 4908/6020/4908 4906/6018/4906 4905/6017/4905
f 4907/6019/4907 4905/6017/4905 4904/6834/4904 4909/6021/4909
f 4904/6016/4904 5173/6887/5173 5174/6286/5174 4909/6835/4909
f 5175/6287/5175 5174/6888/5174 5173/6285/5173 5172/6284/5172
f 5175/6287/5175 5172/6284/5172 5171/6283/5171 5176/6288/5176
f 5171/6283/5171 5170/6282/5170 5177/6289/5177 5178/6290/5178
f 5171/6283/5171 5178/6290/5178 5179/6291/5179 5176/6288/5176
f 5177/6289/5177 5170/6282/5170 5169/6281/5169 5180/6292/5180
f 5168/6280/5168 5181/6293/5181 5180/6292/5180 5169/6281/5169
f 5168/6280/5168 5167/6279/5167 5182/6294/5182 5181/6293/5181
f 5182/6294/5182 5167/6279/5167 5166/6278/5166 5183/6295/5183
f 5165/6277/5165 5184/6296/5184 5183/6295/5183 5166/6278/5166
f 5165/6277/5165 5164/6276/5164 5185/6297/5185 5184/6296/5184
f 5185/6297/5185 5164/6276/5164 5163/6275/5163 5186/6298/5186
f 5185/6297/5185 5186/6298/5186 5187/6299/5187 5188/6300/5188
f 5185/6297/5185 5188/6300/5188 5189/6301/5189 5184/6296/5184
f 5190/6302/5190 5183/6295/5183 5184/6296/5184 5189/6301/5189
f 5182/6294/5182 5183/6295/5183 5190/6302/5190 5191/6303/5191
f 5182/6294/5182 5191/6303/5191 5192/6304/5192 5181/6293/5181
f 5193/6305/5193 5180/6292/5180 5181/6293/5181 5192/6304/5192
f 5177/6289/5177 5180/6292/5180 5193/6305/5193 5194/6306/5194
f 5177/6289/5177 5194/6306/5194 5195/6307/5195 5178/6290/5178
f 5196/6308/5196 5179/6291/5179 5178/6290/5178 5195/6307/5195
f 5196/6308/5196 5197/6309/5197 5198/6310/5198 5179/6291/5179
f 5198/6310/5198 5199/6311/5199 5176/6288/5176 5179/6291/5179
f 5175/6287/5175 5176/6288/5176 5199/6311/5199 5200/6312/5200
f 5201/6313/5201 5174/6888/5174 5175/6287/5175 5200/6312/5200
f 5201/6892/5201 4910/6022/4910 4909/6835/4909 5174/6286/5174
f 4907/6019/4907 4909/6021/4909 4910/6836/4910 4911/6023/4911
f 4912/6024/4912 4913/6025/4913 4911/6023/4911 4910/6836/4910
f 4912/6837/4912 4910/6022/4910 5201/6892/5201 5202/6314/5202
f 5201/6313/5201 5200/6312/5200 5203/6315/5203 5202/6893/5202
f 5204/6316/5204 5203/6315/5203 5200/6312/5200 5199/6311/5199
f 5198/6310/5198 5205/6317/5205 5204/6316/5204 5199/6311/5199
f 5198/6891/5198 5197/6890/5197 5206/6318/5206 5205/6897/5205
f 5196/6889/5196 5207/6319/5207 5208/6320/5208 5197/6890/5197
f 5209/6321/5209 5206/6318/5206 5197/6890/5197 5208/6320/5208
f 5210/6322/5210 5207/6898/5207 5196/6308/5196 5195/6307/5195
f 5210/6322/5210 5195/6307/5195 5194/6306/5194 5211/6323/5211
f 5193/6305/5193 5212/6324/5212 5211/6323/5211 5194/6306/5194
f 5193/6305/5193 5192/6304/5192 5213/6325/5213 5212/6324/5212
f 5213/6325/5213 5192/6304/5192 5191/6303/5191 5214/6326/5214
f 5190/6302/5190 5215/6327/5215 5214/6326/5214 5191/6303/5191
f 5190/6302/5190 5189/6301/5189 5216/6328/5216 5215/6327/5215
f 5217/6329/5217 5214/6326/5214 5215/6327/5215 5218/6330/5218
f 5216/6328/5216 5219/6331/5219 5218/6330/5218 5215/6327/5215
f 5213/6325/5213 5214/6326/5214 5217/6329/5217 5220/6332/5220
f 5213/6325/5213 5220/6332/5220 5221/6333/5221 5212/6324/5212
f 5222/6334/5222 5211/6323/5211 5212/6324/5212 5221/6333/5221
f 5222/6901/5222 5223/6335/5223 5210/6899/5210 5211/6900/5211
f 5210/6899/5210 5223/6335/5223 5224/6336/5224 5207/6319/5207
f 5225/6337/5225 5208/6320/5208 5207/6319/5207 5224/6336/5224
f 5209/6321/5209 5208/6320/5208 5225/6337/5225 5226/6338/5226
f 5227/6339/5227 5228/6340/5228 5209/6321/5209 5226/6338/5226
f 5229/6341/5229 5206/6318/5206 5209/6321/5209 5228/6340/5228
f 5229/6341/5229 5230/6342/5230 5205/6897/5205 5206/6318/5206
f 5204/6896/5204 5205/6897/5205 5230/6342/5230 5231/6343/5231
f 5204/6896/5204 5231/6343/5231 5232/6344/5232 5203/6895/5203
f 5232/6344/5232 5233/6345/5233 5202/6894/5202 5203/6895/5203
f 5232/6344/5232 5231/6343/5231 5234/6346/5234 5235/6347/5235
f 5232/6344/5232 5235/6347/5235 5236/6348/5236 5233/6345/5233
f 5237/6349/5237 5234/6346/5234 5231/6343/5231 5230/6342/5230
f 5237/6349/5237 5230/6342/5230 5229/6341/5229 5238/6350/5238
f 5239/6351/5239 5238/6350/5238 5229/6341/5229 5228/6340/5228
f 5227/6339/5227 5240/6352/5240 5239/6351/5239 5228/6340/5228
f 5241/6353/5241 5242/6354/5242 5227/6339/5227 5226/6338/5226
f 5227/6339/5227 5242/6354/5242 5243/6355/5243 5240/6352/5240
f 5241/6353/5241 5226/6338/5226 5225/6337/5225 5244/6356/5244
f 5225/6337/5225 5224/6336/5224 5245/6357/5245 5244/6356/5244
f 5245/6357/5245 5224/6336/5224 5223/6335/5223 5246/6358/5246
f 5222/6901/5222 5247/6359/5247 5246/6358/5246 5223/6335/5223
f 5248/6360/5248 5247/6904/5247 5222/6334/5222 5221/6333/5221
f 5248/6360/5248 5221/6333/5221 5220/6332/5220 5249/6361/5249
f 5217/6329/5217 5250/6362/5250 5249/6361/5249 5220/6332/5220
f 5251/6363/5251 5249/6361/5249 5250/6362/5250 5252/6364/5252
f 5251/6363/5251 5253/6365/5253 5248/6360/5248 5249/6361/5249
f 5248/6360/5248 5253/6365/5253 5254/6366/5254 5247/6904/5247
f 5255/6367/5255 5246/6358/5246 5247/6359/5247 5254/6905/5254
f 5245/6357/5245 5246/6358/5246 5255/6367/5255 5256/6368/5256
f 5257/6369/5257 5244/6356/5244 5245/6357/5245 5256/6368/5256
f 5257/6369/5257 5258/6370/5258 5241/6353/5241 5244/6356/5244
f 5241/6353/5241 5258/6370/5258 5259/6371/5259 5242/6354/5242
f 5260/6372/5260 5243/6355/5243 5242/6354/5242 5259/6371/5259
f 5260/6372/5260 5261/6373/5261 5262/6374/5262 5243/6355/5243
f 5262/6374/5262 5263/6375/5263 5240/6352/5240 5243/6355/5243
f 5239/6351/5239 5240/6352/5240 5263/6375/5263 5264/6376/5264
f 5239/6351/5239 5264/6376/5264 5265/6377/5265 5238/6350/5238
f 5265/6377/5265 5266/6378/5266 5237/6349/5237 5238/6350/5238
f 5265/6377/5265 5264/6376/5264 5267/6379/5267 5268/6380/5268
f 5265/6377/5265 5268/6380/5268 5269/6381/5269 5266/6378/5266
f 5270/6382/5270 5267/6379/5267 5264/6376/5264 5263/6375/5263
f 5262/6374/5262 5271/6383/5271 5270/6382/5270 5263/6375/5263
f 5262/6374/5262 5261/6373/5261 5272/6384/5272 5271/6383/5271
f 5260/6372/5260 5273/6385/5273 5274/6386/5274 5261/6373/5261
f 5275/6387/5275 5272/6384/5272 5261/6373/5261 5274/6386/5274
f 5276/6388/5276 5273/6385/5273 5260/6372/5260 5259/6371/5259
f 5276/6388/5276 5259/6371/5259 5258/6370/5258 5277/6389/5277
f 5257/6369/5257 5278/6390/5278 5277/6389/5277 5258/6370/5258
f 5279/6391/5279 5278/6390/5278 5257/6369/5257 5256/6368/5256
f 5279/6391/5279 5256/6368/5256 5255/6367/5255 5280/6392/5280
f 5255/6367/5255 5254/6905/5254 5281/6393/5281 5280/6392/5280
f 5281/6906/5281 5254/6366/5254 5253/6365/5253 5282/6394/5282
f 5251/6363/5251 5283/6395/5283 5282/6394/5282 5253/6365/5253
f 5281/6906/5281 5282/6394/5282 5284/6396/5284 5285/6397/5285
f 5284/6396/5284 5282/6394/5282 5283/6395/5283 5286/6398/5286
f 5287/6399/5287 5280/6392/5280 5281/6393/5281 5285/6907/5285
f 5287/6399/5287 5288/6400/5288 5279/6391/5279 5280/6392/5280
f 5279/6391/5279 5288/6400/5288 5289/6401/5289 5278/6390/5278
f 5290/6402/5290 5277/6389/5277 5278/6390/5278 5289/6401/5289
f 5290/6402/5290 5291/6403/5291 5276/6388/5276 5277/6389/5277
f 5276/6388/5276 5291/6403/5291 5292/6404/5292 5273/6385/5273
f 5293/6405/5293 5274/6386/5274 5273/6385/5273 5292/6404/5292
f 5293/6405/5293 5294/6406/5294 5275/6387/5275 5274/6386/5274
f 5275/6387/5275 5294/6406/5294 5295/6407/5295 5296/6408/5296
f 5275/6387/5275 5296/6408/5296 5297/6409/5297 5272/6384/5272
f 5297/6409/5297 5298/6410/5298 5271/6383/5271 5272/6384/5272
f 5270/6382/5270 5271/6383/5271 5298/6410/5298 5299/6411/5299
f 5270/6382/5270 5299/6411/5299 5300/6412/5300 5267/6379/5267
f 5300/6412/5300 5299/6411/5299 5301/6413/5301 5302/6414/5302
f 5303/6415/5303 5301/6413/5301 5299/6411/5299 5298/6410/5298
f 5297/6409/5297 5304/6416/5304 5303/6415/5303 5298/6410/5298
f 5297/6409/5297 5296/6408/5296 5305/6417/5305 5304/6416/5304
f 5306/6418/5306 5305/6417/5305 5296/6408/5296 5295/6407/5295
f 5307/6419/5307 5295/6407/5295 5294/6406/5294 5308/6420/5308
f 5307/6419/5307 5309/6421/5309 5306/6418/5306 5295/6407/5295
f 5293/6405/5293 5310/6422/5310 5308/6420/5308 5294/6406/5294
f 5311/6423/5311 5310/6422/5310 5293/6405/5293 5292/6404/5292
f 5311/6423/5311 5292/6404/5292 5291/6403/5291 5312/6424/5312
f 5290/6402/5290 5313/6425/5313 5312/6424/5312 5291/6403/5291
f 5314/6426/5314 5313/6425/5313 5290/6402/5290 5289/6401/5289
f 5314/6426/5314 5289/6401/5289 5288/6400/5288 5315/6427/5315
f 5287/6399/5287 5316/6428/5316 5315/6427/5315 5288/6400/5288
f 5317/6429/5317 5315/6427/5315 5316/6428/5316 5318/6430/5318
f 5317/6429/5317 5319/6431/5319 5314/6426/5314 5315/6427/5315
f 5314/6426/5314 5319/6431/5319 5320/6432/5320 5313/6425/5313
f 5321/6433/5321 5312/6424/5312 5313/6425/5313 5320/6432/5320
f 5321/6433/5321 5322/6434/5322 5311/6423/5311 5312/6424/5312
f 5311/6423/5311 5322/6434/5322 5323/6435/5323 5310/6422/5310
f 5324/6436/5324 5308/6420/5308 5310/6422/5310 5323/6435/5323
f 5325/6437/5325 5307/6419/5307 5308/6420/5308 5324/6436/5324
f 5325/6437/5325 5326/6438/5326 5309/6421/5309 5307/6419/5307
f 5327/6439/5327 5328/6440/5328 5309/6421/5309 5326/6438/5326
f 5306/6418/5306 5309/6421/5309 5328/6440/5328 5329/6441/5329
f 5306/6418/5306 5329/6441/5329 5330/6442/5330 5305/6417/5305
f 5330/6442/5330 5331/6443/5331 5304/6416/5304 5305/6417/5305
f 5303/6415/5303 5304/6416/5304 5331/6443/5331 5332/6444/5332
f 5303/6415/5303 5332/6444/5332 5333/6445/5333 5301/6413/5301
f 5333/6445/5333 5332/6444/5332 5334/6446/5334 5335/6447/5335
f 5336/6448/5336 5334/6446/5334 5332/6444/5332 5331/6443/5331
f 5330/6442/5330 5337/6449/5337 5336/6448/5336 5331/6443/5331
f 5330/6442/5330 5329/6441/5329 5338/6450/5338 5337/6449/5337
f 5338/6450/5338 5329/6441/5329 5328/6440/5328 5339/6451/5339
f 5327/6439/5327 5340/6452/5340 5339/6451/5339 5328/6440/5328
f 5327/6439/5327 5326/6438/5326 5341/6453/5341 5340/6452/5340
f 5325/6437/5325 5342/6454/5342 5341/6453/5341 5326/6438/5326
f 5343/6455/5343 5342/6454/5342 5325/6437/5325 5324/6436/5324
f 5343/6455/5343 5324/6436/5324 5323/6435/5323 5344/6456/5344
f 5344/6456/5344 5323/6435/5323 5322/6434/5322 5345/6457/5345
f 5321/6433/5321 5346/6458/5346 5345/6457/5345 5322/6434/5322
f 5347/6459/5347 5346/6458/5346 5321/6433/5321 5320/6432/5320
f 5347/6459/5347 5320/6432/5320 5319/6431/5319 5348/6460/5348
f 5349/6461/5349 5350/6462/5350 5347/6910/5347 5348/6911/5348
f 5347/6910/5347 5350/6462/5350 5351/6463/5351 5346/6909/5346
f 5345/6908/5345 5346/6909/5346 5351/6463/5351 5352/6464/5352
f 5344/6456/5344 5345/6457/5345 5352/6912/5352 5353/6465/5353
f 5343/6455/5343 5344/6456/5344 5353/6465/5353 5354/6466/5354
f 5355/6467/5355 5342/6454/5342 5343/6455/5343 5354/6466/5354
f 5356/6468/5356 5341/6453/5341 5342/6454/5342 5355/6467/5355
f 5356/6468/5356 5357/6469/5357 5340/6452/5340 5341/6453/5341
f 5357/6469/5357 5358/6470/5358 5339/6451/5339 5340/6452/5340
f 5359/6471/5359 5338/6450/5338 5339/6451/5339 5358/6470/5358
f 5359/6471/5359 5360/6472/5360 5337/6449/5337 5338/6450/5338
f 5336/6448/5336 5337/6449/5337 5360/6472/5360 5361/6473/5361
f 5336/6448/5336 5361/6473/5361 5362/6474/5362 5334/6446/5334
f 5362/6474/5362 5363/6475/5363 5335/6447/5335 5334/6446/5334
f 5362/6474/5362 5361/6473/5361 5364/6476/5364 5365/6477/5365
f 5362/6474/5362 5365/6477/5365 5366/6478/5366 5363/6475/5363
f 5364/6476/5364 5361/6473/5361 5360/6472/5360 5367/6479/5367
f 5367/6479/5367 5360/6472/5360 5359/6471/5359 5368/6480/5368
f 5359/6471/5359 5358/6470/5358 5369/6481/5369 5368/6480/5368
f 5370/6482/5370 5369/6481/5369 5358/6470/5358 5357/6469/5357
f 5370/6482/5370 5357/6469/5357 5356/6468/5356 5371/6483/5371
f 5356/6468/5356 5355/6467/5355 5372/6484/5372 5371/6483/5371
f 5355/6467/5355 5354/6466/5354 5373/6485/5373 5372/6484/5372
f 5374/6486/5374 5373/6485/5373 5354/6466/5354 5353/6465/5353
f 5374/6486/5374 5353/6465/5353 5352/6912/5352 5375/6487/5375
f 5376/6488/5376 5375/6913/5375 5352/6464/5352 5351/6463/5351
f 5376/6488/5376 5351/6463/5351 5350/6462/5350 5377/6489/5377
f 5349/6461/5349 5378/6490/5378 5377/6489/5377 5350/6462/5350
f 5379/6491/5379 5377/6489/5377 5378/6490/5378 5380/6492/5380
f 5379/6491/5379 5381/6493/5381 5376/6488/5376 5377/6489/5377
f 5376/6488/5376 5381/6493/5381 5382/6494/5382 5375/6913/5375
f 5374/6486/5374 5375/6487/5375 5382/6914/5382 5373/6485/5373
f 5383/6495/5383 5372/6484/5372 5373/6485/5373 5382/6914/5382
f 5383/6495/5383 5384/6496/5384 5371/6483/5371 5372/6484/5372
f 5370/6482/5370 5371/6483/5371 5384/6496/5384 5385/6497/5385
f 5386/6498/5386 5369/6481/5369 5370/6482/5370 5385/6497/5385
f 5386/6498/5386 5387/6499/5387 5368/6480/5368 5369/6481/5369
f 5367/6479/5367 5368/6480/5368 5387/6499/5387 5388/6500/5388
f 5364/6476/5364 5367/6479/5367 5388/6500/5388 5389/6501/5389
f 5365/6477/5365 5364/6476/5364 5389/6501/5389 5390/6502/5390
f 5366/6478/5366 5365/6477/5365 5390/6502/5390 5391/6503/5391
f 5366/6478/5366 5392/6504/5392 5393/6505/5393 5363/6475/5363
f 5366/6478/5366 5391/6503/5391 5394/6506/5394 5392/6504/5392
f 5394/6922/5394 5391/6921/5391 5395/6507/5395 5396/6508/5396
f 5391/6921/5391 5390/6920/5390 5397/6509/5397 5395/6507/5395
f 5398/6510/5398 5397/6509/5397 5390/6920/5390 5389/6919/5389
f 5398/6923/5398 5389/6501/5389 5388/6500/5388 5399/6511/5399
f 5399/6511/5399 5388/6500/5388 5387/6499/5387 5400/6512/5400
f 5400/6512/5400 5387/6499/5387 5386/6498/5386 5401/6513/5401
f 5386/6918/5386 5385/6917/5385 5402/6514/5402 5401/6925/5401
f 5403/6515/5403 5402/6514/5402 5385/6917/5385 5384/6916/5384
f 5383/6915/5383 5404/6516/5404 5403/6515/5403 5384/6916/5384
f 5381/6493/5381 5404/6516/5404 5383/6915/5383 5382/6494/5382
f 5379/6491/5379 5405/6517/5405 5404/6516/5404 5381/6493/5381
f 5406/6518/5406 5405/6517/5405 5379/6491/5379 5380/6492/5380
f 5407/6519/5407 5408/6520/5408 5380/6492/5380 5378/6490/5378
f 5406/6518/5406 5380/6492/5380 5408/6520/5408 5409/6521/5409
f 5410/6522/5410 5411/6523/5411 5406/6518/5406 5409/6521/5409
f 5406/6518/5406 5411/6523/5411 5412/6524/5412 5405/6517/5405
f 5403/6515/5403 5404/6516/5404 5405/6517/5405 5412/6524/5412
f 5403/6515/5403 5412/6524/5412 5413/6525/5413 5402/6514/5402
f 5413/6525/5413 5414/6526/5414 5401/6925/5401 5402/6514/5402
f 5400/6512/5400 5401/6513/5401 5414/6926/5414 5415/6527/5415
f 5399/6511/5399 5400/6512/5400 5415/6527/5415 5416/6528/5416
f 5398/6510/5398 5399/6924/5399 5416/6928/5416 5417/6529/5417
f 5418/6530/5418 5397/6509/5397 5398/6510/5398 5417/6529/5417
f 5418/6530/5418 5419/6531/5419 5395/6507/5395 5397/6509/5397
f 5395/6507/5395 5419/6531/5419 5420/6532/5420 5396/6508/5396
f 5421/6533/5421 5422/6534/5422 5396/6508/5396 5420/6532/5420
f 5394/6922/5394 5396/6508/5396 5422/6534/5422 5423/6535/5423
f 5394/6506/5394 5423/6929/5423 5424/6536/5424 5392/6504/5392
f 5425/6537/5425 5424/6536/5424 5423/6929/5423 5426/6538/5426
f 5427/6539/5427 5426/6930/5426 5423/6535/5423 5422/6534/5422
f 5427/6539/5427 5422/6534/5422 5421/6533/5421 5428/6540/5428
f 5421/6533/5421 5420/6532/5420 5429/6541/5429 5430/6542/5430
f 5421/6533/5421 5430/6542/5430 5431/6543/5431 5428/6540/5428
f 5432/6544/5432 5429/6541/5429 5420/6532/5420 5419/6531/5419
f 5432/6544/5432 5419/6531/5419 5418/6530/5418 5433/6545/5433
f 5418/6530/5418 5417/6529/5417 5434/6546/5434 5433/6545/5433
f 5435/6547/5435 5434/6546/5434 5417/6529/5417 5416/6928/5416
f 5435/6547/5435 5416/6928/5416 5415/6927/5415 5436/6548/5436
f 5437/6549/5437 5436/6548/5436 5415/6927/5415 5414/6526/5414
f 5413/6525/5413 5438/6550/5438 5437/6549/5437 5414/6526/5414
f 5413/6525/5413 5412/6524/5412 5411/6523/5411 5438/6550/5438
f 5410/6522/5410 5439/6551/5439 5438/6550/5438 5411/6523/5411
f 5437/6549/5437 5438/6550/5438 5439/6551/5439 5440/6552/5440
f 5437/6549/5437 5440/6552/5440 5441/6553/5441 5436/6548/5436
f 5441/6553/5441 5442/6554/5442 5435/6547/5435 5436/6548/5436
f 5435/6547/5435 5442/6554/5442 5443/6555/5443 5434/6546/5434
f 5443/6555/5443 5444/6556/5444 5433/6545/5433 5434/6546/5434
f 5445/6557/5445 5432/6544/5432 5433/6545/5433 5444/6556/5444
f 5445/6557/5445 5446/6558/5446 5429/6541/5429 5432/6544/5432
f 5430/6542/5430 5429/6541/5429 5446/6558/5446 5447/6559/5447
f 5430/6542/5430 5447/6559/5447 5448/6560/5448 5431/6543/5431
f 5449/6561/5449 5450/6562/5450 5428/6540/5428 5431/6543/5431
f 5449/6561/5449 5431/6543/5431 5448/6560/5448 5451/6563/5451
f 5427/6539/5427 5428/6540/5428 5450/6562/5450 5452/6564/5452
f 5453/6565/5453 5426/6930/5426 5427/6539/5427 5452/6564/5452
f 5425/6537/5425 5426/6538/5426 5453/6931/5453 5454/6566/5454
f 5453/6931/5453 5455/6567/5455 5456/6568/5456 5454/6566/5454
f 5453/6565/5453 5452/6564/5452 5457/6569/5457 5455/6932/5455
f 5458/6570/5458 5457/6569/5457 5452/6564/5452 5450/6562/5450
f 5458/6570/5458 5450/6562/5450 5449/6561/5449 5459/6571/5459
f 5449/6561/5449 5451/6563/5451 5460/6572/5460 5459/6571/5459
f 5451/6563/5451 5448/6560/5448 5461/6573/5461 5462/6574/5462
f 5451/6563/5451 5462/6574/5462 5463/6575/5463 5460/6572/5460
f 5447/6559/5447 5464/6576/5464 5461/6573/5461 5448/6560/5448
f 5447/6559/5447 5446/6558/5446 5465/6577/5465 5464/6576/5464
f 5445/6557/5445 5466/6578/5466 5465/6577/5465 5446/6558/5446
f 5467/6579/5467 5466/6578/5466 5445/6557/5445 5444/6556/5444
f 5443/6555/5443 5468/6580/5468 5467/6579/5467 5444/6556/5444
f 5443/6555/5443 5442/6554/5442 5469/6581/5469 5468/6580/5468
f 5441/6553/5441 5470/6582/5470 5469/6581/5469 5442/6554/5442
f 5441/6553/5441 5440/6552/5440 5471/6583/5471 5470/6582/5470
f 5472/6584/5472 5473/6585/5473 5469/6581/5469 5470/6582/5470
f 5472/6584/5472 5470/6582/5470 5471/6583/5471 5474/6586/5474
f 5468/6580/5468 5469/6581/5469 5473/6585/5473 5475/6587/5475
f 5467/6579/5467 5468/6580/5468 5475/6587/5475 5476/6588/5476
f 5467/6579/5467 5476/6588/5476 5477/6589/5477 5466/6578/5466
f 5477/6589/5477 5478/6590/5478 5465/6577/5465 5466/6578/5466
f 5464/6576/5464 5465/6577/5465 5478/6590/5478 5479/6591/5479
f 5464/6576/5464 5479/6591/5479 5480/6592/5480 5461/6573/5461
f 5462/6574/5462 5461/6573/5461 5480/6592/5480 5481/6593/5481
f 5462/6574/5462 5481/6593/5481 5482/6594/5482 5463/6575/5463
f 5483/6595/5483 5460/6572/5460 5463/6575/5463 5484/6596/5484
f 5482/6594/5482 5485/6597/5485 5484/6596/5484 5463/6575/5463
f 5483/6595/5483 5486/6598/5486 5459/6571/5459 5460/6572/5460
f 5458/6570/5458 5459/6571/5459 5486/6598/5486 5487/6599/5487
f 5488/6600/5488 5457/6569/5457 5458/6570/5458 5487/6599/5487
f 4914/6026/4914 4915/6027/4915 5487/6938/5487 5486/6937/5486
f 5488/6939/5488 5487/6938/5487 4915/6027/4915 4916/6028/4916
f 4914/6026/4914 5486/6937/5486 5483/6934/5483 4917/6029/4917
f 5483/6934/5483 5484/6935/5484 4918/6030/4918 4917/6029/4917
f 4918/6030/4918 5484/6935/5484 5485/6936/5485 4919/6031/4919
f 5482/6594/5482 5489/6601/5489 5490/6602/5490 5485/6597/5485
f 5490/6941/5490 4920/6032/4920 4919/6031/4919 5485/6936/5485
f 5482/6594/5482 5481/6593/5481 5491/6603/5491 5489/6601/5489
f 5492/6604/5492 5491/6603/5491 5481/6593/5481 5480/6592/5480
f 5479/6591/5479 5493/6605/5493 5492/6604/5492 5480/6592/5480
f 5479/6591/5479 5478/6590/5478 5494/6606/5494 5493/6605/5493
f 5477/6589/5477 5495/6607/5495 5494/6606/5494 5478/6590/5478
f 5477/6589/5477 5476/6588/5476 5496/6608/5496 5495/6607/5495
f 5476/6588/5476 5475/6587/5475 5497/6609/5497 5496/6608/5496
f 5498/6610/5498 5497/6609/5497 5475/6587/5475 5473/6585/5473
f 5499/6611/5499 5496/6608/5496 5497/6609/5497 5500/6612/5500
f 5500/6612/5500 5497/6609/5497 5498/6610/5498 5501/6613/5501
f 5499/6611/5499 5502/6614/5502 5495/6607/5495 5496/6608/5496
f 5495/6607/5495 5502/6614/5502 5503/6615/5503 5494/6606/5494
f 5503/6615/5503 5504/6616/5504 5493/6605/5493 5494/6606/5494
f 5492/6604/5492 5493/6605/5493 5504/6616/5504 5505/6617/5505
f 5492/6604/5492 5505/6617/5505 5506/6618/5506 5491/6603/5491
f 5506/6618/5506 5507/6619/5507 5489/6601/5489 5491/6603/5491
f 5490/6602/5490 5489/6601/5489 5507/6619/5507 5508/6620/5508
f 5490/6941/5490 5508/6942/5508 4921/6033/4921 4920/6032/4920
f 4922/6034/4922 4919/6843/4919 4920/6844/4920 4923/6035/4923
f 4921/6845/4921 4864/5976/4864 4923/6035/4923 4920/6844/4920
f 4918/6842/4918 4919/6843/4919 4922/6034/4922 4924/6036/4924
f 4918/6842/4918 4924/6036/4924 4925/6037/4925 4917/6841/4917
f 4922/6034/4922 4926/6038/4926 4927/6039/4927 4924/6036/4924
f 4927/6039/4927 4928/6040/4928 4925/6037/4925 4924/6036/4924
f 4922/6034/4922 4923/6035/4923 4929/6041/4929 4926/6038/4926
f 4929/6041/4929 4923/6035/4923 4864/5976/4864 4862/5974/4862
f 4921/6845/4921 4893/6005/4893 4863/5975/4863 4864/5976/4864
f 4921/6033/4921 5508/6942/5508 5137/6249/5137 4893/6831/4893
f 5509/6621/5509 5137/6875/5137 5508/6620/5508 5507/6619/5507
f 5506/6618/5506 5510/6622/5510 5509/6621/5509 5507/6619/5507
f 5506/6618/5506 5505/6617/5505 5511/6623/5511 5510/6622/5510
f 5512/6624/5512 5511/6623/5511 5505/6617/5505 5504/6616/5504
f 5503/6615/5503 5513/6625/5513 5512/6624/5512 5504/6616/5504
f 5514/6626/5514 5513/6625/5513 5503/6615/5503 5502/6614/5502
f 5514/6626/5514 5502/6614/5502 5499/6611/5499 5515/6627/5515
f 5516/6628/5516 5513/6625/5513 5514/6626/5514 5517/6629/5517
f 5514/6626/5514 5515/6627/5515 5518/6630/5518 5517/6629/5517
f 5516/6628/5516 5519/6631/5519 5512/6624/5512 5513/6625/5513
f 5512/6624/5512 5519/6631/5519 5520/6632/5520 5511/6623/5511
f 5520/6632/5520 5521/6633/5521 5510/6622/5510 5511/6623/5511
f 5509/6621/5509 5510/6622/5510 5521/6633/5521 5522/6634/5522
f 5509/6621/5509 5522/6634/5522 5136/6874/5136 5137/6875/5137
f 5136/6874/5136 5522/6634/5522 5159/6271/5159 5138/6876/5138
f 5162/6274/5162 5159/6271/5159 5522/6634/5522 5521/6633/5521
f 5520/6632/5520 5523/6635/5523 5162/6274/5162 5521/6633/5521
f 5524/6636/5524 5523/6635/5523 5520/6632/5520 5519/6631/5519
f 5524/6636/5524 5519/6631/5519 5516/6628/5516 5525/6637/5525
f 5516/6628/5516 5517/6629/5517 5526/6638/5526 5525/6637/5525
f 5527/6639/5527 5526/6638/5526 5517/6629/5517 5518/6630/5518
f 5527/6639/5527 5518/6630/5518 5528/6640/5528 5529/6641/5529
f 5528/6640/5528 5518/6630/5518 5515/6627/5515 5530/6642/5530
f 5499/6611/5499 5500/6612/5500 5530/6642/5530 5515/6627/5515
f 5528/6640/5528 5530/6642/5530 5531/6643/5531 5532/6644/5532
f 5500/6612/5500 5501/6613/5501 5531/6643/5531 5530/6642/5530
f 5528/6640/5528 5532/6644/5532 5533/6645/5533 5529/6641/5529
f 5534/6646/5534 5535/6647/5535 5529/6641/5529 5533/6645/5533
f 5527/6639/5527 5529/6641/5529 5535/6647/5535 5536/6648/5536
f 5537/6649/5537 5526/6638/5526 5527/6639/5527 5536/6648/5536
f 5537/6649/5537 5538/6650/5538 5525/6637/5525 5526/6638/5526
f 5524/6636/5524 5525/6637/5525 5538/6650/5538 5539/6651/5539
f 5540/6652/5540 5523/6635/5523 5524/6636/5524 5539/6651/5539
f 5540/6652/5540 5161/6273/5161 5162/6274/5162 5523/6635/5523
f 5160/6272/5160 5161/6273/5161 5540/6652/5540 5541/6653/5541
f 5540/6652/5540 5539/6651/5539 5542/6654/5542 5541/6653/5541
f 5543/6655/5543 5542/6654/5542 5539/6651/5539 5538/6650/5538
f 5543/6655/5543 5538/6650/5538 5537/6649/5537 5544/6656/5544
f 5537/6649/5537 5536/6648/5536 5545/6657/5545 5544/6656/5544
f 5546/6658/5546 5545/6657/5545 5536/6648/5536 5535/6647/5535
f 5546/6658/5546 5535/6647/5535 5534/6646/5534 5547/6659/5547
f 5534/6646/5534 5533/6645/5533 5548/6660/5548 5549/6661/5549
f 5534/6646/5534 5549/6661/5549 5550/6662/5550 5547/6659/5547
f 5532/6644/5532 5551/6663/5551 5548/6660/5548 5533/6645/5533
f 5532/6644/5532 5531/6643/5531 5552/6664/5552 5551/6663/5551
f 5552/6664/5552 5531/6643/5531 5501/6613/5501 5553/6665/5553
f 5498/6610/5498 5554/6666/5554 5553/6665/5553 5501/6613/5501
f 5552/6664/5552 5553/6665/5553 5555/6667/5555 5556/6668/5556
f 5555/6667/5555 5553/6665/5553 5554/6666/5554 5557/6669/5557
f 5551/6663/5551 5552/6664/5552 5556/6668/5556 5558/6670/5558
f 5551/6663/5551 5558/6670/5558 5559/6671/5559 5548/6660/5548
f 5549/6661/5549 5548/6660/5548 5559/6671/5559 5560/6672/5560
f 5549/6661/5549 5560/6672/5560 5561/6673/5561 5550/6662/5550
f 5562/6674/5562 5563/6675/5563 5547/6659/5547 5550/6662/5550
f 5562/6674/5562 5550/6662/5550 5561/6673/5561 5564/6676/5564
f 5546/6658/5546 5547/6659/5547 5563/6675/5563 5565/6677/5565
f 5566/6678/5566 5545/6657/5545 5546/6658/5546 5565/6677/5565
f 5566/6678/5566 5567/6679/5567 5544/6656/5544 5545/6657/5545
f 5543/6655/5543 5544/6656/5544 5567/6679/5567 5568/6680/5568
f 5187/6299/5187 5542/6654/5542 5543/6655/5543 5568/6680/5568
f 5187/6299/5187 5186/6298/5186 5541/6653/5541 5542/6654/5542
f 5187/6299/5187 5568/6680/5568 5569/6681/5569 5188/6300/5188
f 5570/6682/5570 5569/6681/5569 5568/6680/5568 5567/6679/5567
f 5570/6682/5570 5567/6679/5567 5566/6678/5566 5571/6683/5571
f 5566/6678/5566 5565/6677/5565 5572/6684/5572 5571/6683/5571
f 5573/6685/5573 5572/6684/5572 5565/6677/5565 5563/6675/5563
f 5573/6685/5573 5563/6675/5563 5562/6674/5562 5574/6686/5574
f 5562/6674/5562 5564/6676/5564 5575/6687/5575 5574/6686/5574
f 5564/6676/5564 5561/6673/5561 5576/6688/5576 5577/6689/5577
f 5564/6676/5564 5577/6689/5577 5578/6690/5578 5575/6687/5575
f 5560/6672/5560 5579/6691/5579 5576/6688/5576 5561/6673/5561
f 5560/6672/5560 5559/6671/5559 5580/6692/5580 5579/6691/5579
f 5581/6693/5581 5580/6692/5580 5559/6671/5559 5558/6670/5558
f 5581/6693/5581 5558/6670/5558 5556/6668/5556 5582/6694/5582
f 5555/6667/5555 5583/6695/5583 5582/6694/5582 5556/6668/5556
f 5581/6693/5581 5582/6694/5582 5584/6696/5584 5580/6692/5580
f 5583/6695/5583 5585/6697/5585 5584/6696/5584 5582/6694/5582
f 5579/6691/5579 5580/6692/5580 5584/6696/5584 5586/6698/5586
f 5579/6691/5579 5586/6698/5586 5587/6699/5587 5576/6688/5576
f 5577/6689/5577 5576/6688/5576 5587/6699/5587 5588/6700/5588
f 5577/6689/5577 5588/6700/5588 5589/6701/5589 5578/6690/5578
f 5590/6702/5590 5575/6687/5575 5578/6690/5578 5591/6703/5591
f 5589/6701/5589 5592/6704/5592 5591/6703/5591 5578/6690/5578
f 5590/6702/5590 5593/6705/5593 5574/6686/5574 5575/6687/5575
f 5573/6685/5573 5574/6686/5574 5593/6705/5593 5594/6706/5594
f 5595/6707/5595 5572/6684/5572 5573/6685/5573 5594/6706/5594
f 5595/6707/5595 5596/6708/5596 5571/6683/5571 5572/6684/5572
f 5570/6682/5570 5571/6683/5571 5596/6708/5596 5219/6331/5219
f 5216/6328/5216 5569/6681/5569 5570/6682/5570 5219/6331/5219
f 5597/6709/5597 5218/6330/5218 5219/6331/5219 5596/6708/5596
f 5597/6709/5597 5596/6708/5596 5595/6707/5595 5598/6710/5598
f 5595/6707/5595 5594/6706/5594 5599/6711/5599 5598/6710/5598
f 5600/6712/5600 5599/6711/5599 5594/6706/5594 5593/6705/5593
f 5590/6702/5590 5601/6713/5601 5600/6712/5600 5593/6705/5593
f 5602/6714/5602 5601/6713/5601 5590/6702/5590 5591/6703/5591
f 5602/6714/5602 5591/6703/5591 5592/6704/5592 5603/6715/5603
f 5589/6701/5589 5604/6716/5604 5605/6717/5605 5592/6704/5592
f 5605/6717/5605 5606/6718/5606 5603/6715/5603 5592/6704/5592
f 5589/6701/5589 5588/6700/5588 5607/6719/5607 5604/6716/5604
f 5608/6720/5608 5607/6719/5607 5588/6700/5588 5587/6699/5587
f 5586/6698/5586 5609/6721/5609 5608/6720/5608 5587/6699/5587
f 5586/6698/5586 5584/6696/5584 5585/6697/5585 5609/6721/5609
f 5583/6695/5583 5610/6722/5610 5611/6723/5611 5585/6697/5585
f 5611/6723/5611 5612/6724/5612 5609/6721/5609 5585/6697/5585
f 5608/6720/5608 5609/6721/5609 5612/6724/5612 5613/6725/5613
f 5608/6720/5608 5613/6725/5613 5614/6726/5614 5607/6719/5607
f 5614/6726/5614 5615/6727/5615 5604/6716/5604 5607/6719/5607
f 5605/6717/5605 5604/6716/5604 5615/6727/5615 5616/6728/5616
f 5605/6717/5605 5616/6728/5616 5617/6729/5617 5606/6718/5606
f 5617/6729/5617 5618/6730/5618 5619/6731/5619 5606/6718/5606
f 5619/6731/5619 5620/6732/5620 5603/6715/5603 5606/6718/5606
f 5602/6714/5602 5603/6715/5603 5620/6732/5620 5601/6713/5601
f 5600/6712/5600 5601/6713/5601 5620/6732/5620 5621/6733/5621
f 5600/6712/5600 5621/6733/5621 5622/6734/5622 5599/6711/5599
f 5622/6734/5622 5252/6364/5252 5598/6710/5598 5599/6711/5599
f 5597/6709/5597 5598/6710/5598 5252/6364/5252 5250/6362/5250
f 5217/6329/5217 5218/6330/5218 5597/6709/5597 5250/6362/5250
f 5622/6734/5622 5283/6395/5283 5251/6363/5251 5252/6364/5252
f 5622/6734/5622 5621/6733/5621 5286/6398/5286 5283/6395/5283
f 5619/6731/5619 5286/6398/5286 5621/6733/5621 5620/6732/5620
f 5284/6396/5284 5286/6398/5286 5619/6731/5619 5618/6730/5618
f 5617/6729/5617 5623/6735/5623 5624/6736/5624 5618/6730/5618
f 5624/6736/5624 5285/6397/5285 5284/6396/5284 5618/6730/5618
f 5617/6729/5617 5616/6728/5616 5625/6737/5625 5623/6735/5623
f 5626/6738/5626 5625/6737/5625 5616/6728/5616 5615/6727/5615
f 5614/6726/5614 5627/6739/5627 5626/6738/5626 5615/6727/5615
f 5614/6726/5614 5613/6725/5613 5628/6740/5628 5627/6739/5627
f 5629/6741/5629 5628/6740/5628 5613/6725/5613 5612/6724/5612
f 5611/6723/5611 5630/6742/5630 5629/6741/5629 5612/6724/5612
f 5611/6723/5611 5610/6722/5610 5631/6743/5631 5630/6742/5630
f 5629/6741/5629 5630/6742/5630 5632/6744/5632 5633/6745/5633
f 5634/6746/5634 5632/6744/5632 5630/6742/5630 5631/6743/5631
f 5629/6741/5629 5633/6745/5633 5635/6747/5635 5628/6740/5628
f 5635/6747/5635 5636/6748/5636 5627/6739/5627 5628/6740/5628
f 5626/6738/5626 5627/6739/5627 5636/6748/5636 5637/6749/5637
f 5626/6738/5626 5637/6749/5637 5638/6750/5638 5625/6737/5625
f 5638/6946/5638 5318/6430/5318 5623/6943/5623 5625/6945/5625
f 5624/6944/5624 5623/6943/5623 5318/6430/5318 5316/6428/5316
f 5624/6944/5624 5316/6428/5316 5287/6399/5287 5285/6907/5285
f 5638/6946/5638 5639/6751/5639 5317/6429/5317 5318/6430/5318
f 5638/6750/5638 5637/6749/5637 5640/6752/5640 5639/6947/5639
f 5407/6519/5407 5640/6752/5640 5637/6749/5637 5636/6748/5636
f 5635/6747/5635 5408/6520/5408 5407/6519/5407 5636/6748/5636
f 5635/6747/5635 5633/6745/5633 5409/6521/5409 5408/6520/5408
f 5410/6522/5410 5409/6521/5409 5633/6745/5633 5632/6744/5632
f 5634/6746/5634 5439/6551/5439 5410/6522/5410 5632/6744/5632
f 5474/6586/5474 5471/6583/5471 5634/6746/5634 5631/6743/5631
f 5634/6746/5634 5471/6583/5471 5440/6552/5440 5439/6551/5439
f 5474/6586/5474 5631/6743/5631 5610/6722/5610 5557/6669/5557
f 5472/6584/5472 5474/6586/5474 5557/6669/5557 5554/6666/5554
f 5555/6667/5555 5557/6669/5557 5610/6722/5610 5583/6695/5583
f 5498/6610/5498 5473/6585/5473 5472/6584/5472 5554/6666/5554
f 5407/6519/5407 5378/6490/5378 5349/6461/5349 5640/6752/5640
f 5349/6461/5349 5348/6911/5348 5639/6947/5639 5640/6752/5640
f 5317/6429/5317 5639/6751/5639 5348/6460/5348 5319/6431/5319
f 5216/6328/5216 5189/6301/5189 5188/6300/5188 5569/6681/5569
f 5160/6272/5160 5541/6653/5541 5186/6298/5186 5163/6275/5163
f 4929/6041/4929 4862/5974/4862 4832/5944/4832 4833/5945/4833
f 4929/6041/4929 4833/5945/4833 4930/6042/4930 4926/6038/4926
f 4931/6043/4931 4930/6042/4930 4833/5945/4833 4831/5943/4831
f 4931/6043/4931 4932/6044/4932 4933/6045/4933 4930/6042/4930
f 4933/6045/4933 4927/6039/4927 4926/6038/4926 4930/6042/4930
f 4800/5912/4800 4801/5913/4801 4931/6043/4931 4831/5943/4831
f 4931/6043/4931 4801/5913/4801 4802/5914/4802 4932/6044/4932
f 4933/6045/4933 4932/6044/4932 4934/6046/4934 4935/6047/4935
f 4932/6044/4932 4802/5914/4802 4936/6048/4936 4934/6046/4934
f 4933/6045/4933 4935/6047/4935 4928/6040/4928 4927/6039/4927
f 4937/6049/4937 4928/6040/4928 4935/6047/4935 4938/6050/4938
f 4934/6046/4934 4939/6051/4939 4938/6050/4938 4935/6047/4935
f 4940/6052/4940 4939/6051/4939 4934/6046/4934 4936/6048/4936
f 4940/6052/4940 4936/6048/4936 4941/6053/4941 4942/6054/4942
f 4941/6053/4941 4936/6048/4936 4802/5914/4802 4799/5911/4799
f 4943/6055/4943 4939/6051/4939 4940/6052/4940 4944/6056/4944
f 4940/6052/4940 4942/6054/4942 4945/6057/4945 4944/6056/4944
f 4943/6055/4943 4946/6058/4946 4938/6050/4938 4939/6051/4939
f 4937/6049/4937 4938/6050/4938 4946/6058/4946 4947/6059/4947
f 4937/6049/4937 4948/6060/4948 4925/6037/4925 4928/6040/4928
f 4949/6061/4949 4950/6062/4950 4937/6049/4937 4947/6059/4947
f 4950/6062/4950 4951/6063/4951 4948/6060/4948 4937/6049/4937
f 4952/6064/4952 4953/6065/4953 4947/6059/4947 4946/6058/4946
f 4949/6061/4949 4947/6059/4947 4953/6065/4953 4954/6066/4954
f 4952/6064/4952 4946/6058/4946 4943/6055/4943 4955/6067/4955
f 4943/6055/4943 4944/6056/4944 4956/6068/4956 4955/6067/4955
f 4957/6069/4957 4956/6068/4956 4944/6056/4944 4945/6057/4945
f 4958/6070/4958 4959/6071/4959 4957/6069/4957 4945/6057/4945
f 4958/6070/4958 4945/6057/4945 4942/6054/4942 4960/6072/4960
f 4941/6053/4941 4961/6073/4961 4960/6072/4960 4942/6054/4942
f 4941/6053/4941 4799/5911/4799 4770/5882/4770 4961/6073/4961
f 4770/5882/4770 4769/5881/4769 4962/6074/4962 4961/6073/4961
f 4963/6075/4963 4960/6072/4960 4961/6073/4961 4962/6074/4962
f 4963/6075/4963 4964/6076/4964 4958/6070/4958 4960/6072/4960
f 4958/6070/4958 4964/6076/4964 4965/6077/4965 4959/6071/4959
f 4957/6851/4957 4959/6852/4959 4966/6078/4966 4967/6079/4967
f 4968/6080/4968 4966/6078/4966 4959/6852/4959 4965/6853/4965
f 4957/6851/4957 4967/6079/4967 4969/6081/4969 4956/6850/4956
f 4969/6081/4969 4970/6082/4970 4955/6849/4955 4956/6850/4956
f 4952/6846/4952 4955/6849/4955 4970/6082/4970 4971/6083/4971
f 4972/6084/4972 4953/6847/4953 4952/6846/4952 4971/6083/4971
f 4972/6084/4972 4973/6085/4973 4954/6848/4954 4953/6847/4953
f 4974/6086/4974 4954/6848/4954 4973/6085/4973 4975/6087/4975
f 4974/6854/4974 4976/6088/4976 4949/6061/4949 4954/6066/4954
f 4949/6061/4949 4976/6088/4976 4977/6089/4977 4950/6062/4950
f 4950/6062/4950 4977/6089/4977 4978/6090/4978 4951/6063/4951
f 4979/6091/4979 4978/6090/4978 4977/6089/4977 4980/6092/4980
f 4981/6093/4981 4980/6092/4980 4977/6089/4977 4976/6088/4976
f 4981/6093/4981 4976/6088/4976 4974/6854/4974 4982/6094/4982
f 4974/6086/4974 4975/6087/4975 4983/6095/4983 4982/6855/4982
f 4984/6096/4984 4985/6097/4985 4975/6087/4975 4973/6085/4973
f 4983/6095/4983 4975/6087/4975 4985/6097/4985 4986/6098/4986
f 4984/6096/4984 4973/6085/4973 4972/6084/4972 4987/6099/4987
f 4972/6084/4972 4971/6083/4971 4988/6100/4988 4987/6099/4987
f 4989/6101/4989 4988/6100/4988 4971/6083/4971 4970/6082/4970
f 4969/6081/4969 4990/6102/4990 4989/6101/4989 4970/6082/4970
f 4969/6081/4969 4967/6079/4967 4991/6103/4991 4990/6102/4990
f 4992/6104/4992 4991/6103/4991 4967/6079/4967 4966/6078/4966
f 4968/6080/4968 4993/6105/4993 4992/6104/4992 4966/6078/4966
f 4994/6106/4994 4995/6107/4995 4968/6080/4968 4965/6853/4965
f 4968/6080/4968 4995/6107/4995 4996/6108/4996 4993/6105/4993
f 4992/6104/4992 4993/6105/4993 4997/6109/4997 4998/6110/4998
f 4999/6111/4999 4997/6109/4997 4993/6105/4993 4996/6108/4996
f 4992/6104/4992 4998/6110/4998 5000/6112/5000 4991/6103/4991
f 5000/6112/5000 5001/6113/5001 4990/6102/4990 4991/6103/4991
f 4989/6101/4989 4990/6102/4990 5001/6113/5001 5002/6114/5002
f 4989/6101/4989 5002/6114/5002 5003/6115/5003 4988/6100/4988
f 5003/6115/5003 5004/6116/5004 4987/6099/4987 4988/6100/4988
f 4984/6096/4984 4987/6099/4987 5004/6116/5004 5005/6117/5005
f 5006/6118/5006 4985/6097/4985 4984/6096/4984 5005/6117/5005
f 5006/6118/5006 5007/6119/5007 4986/6098/4986 4985/6097/4985
f 4983/6095/4983 4986/6098/4986 5008/6120/5008 5009/6121/5009
f 5008/6120/5008 4986/6098/4986 5007/6119/5007 5010/6122/5010
f 5011/6123/5011 4982/6855/4982 4983/6095/4983 5009/6121/5009
f 5011/6861/5011 5012/6124/5012 4981/6093/4981 4982/6094/4982
f 5641/6753/5641 5642/6754/5642 5011/6862/5011 5009/6858/5009
f 5011/6862/5011 5642/6754/5642 5643/6755/5643 5012/6863/5012
f 5641/6948/5641 5009/6859/5009 5008/6857/5008 5644/6756/5644
f 5008/6857/5008 5010/6860/5010 5645/6757/5645 5644/6756/5644
f 5013/6125/5013 5014/6126/5014 5010/6122/5010 5007/6119/5007
f 5645/6757/5645 5010/6860/5010 5014/6864/5014 5646/6758/5646
f 5013/6125/5013 5007/6119/5007 5006/6118/5006 5015/6127/5015
f 5006/6118/5006 5005/6117/5005 5016/6128/5016 5015/6127/5015
f 5017/6129/5017 5016/6128/5016 5005/6117/5005 5004/6116/5004
f 5003/6115/5003 5018/6130/5018 5017/6129/5017 5004/6116/5004
f 5003/6115/5003 5002/6114/5002 5019/6131/5019 5018/6130/5018
f 5020/6132/5020 5019/6131/5019 5002/6114/5002 5001/6113/5001
f 5000/6112/5000 5021/6133/5021 5020/6132/5020 5001/6113/5001
f 5000/6112/5000 4998/6110/4998 5022/6134/5022 5021/6133/5021
f 5020/6132/5020 5021/6133/5021 5023/6135/5023 5024/6136/5024
f 5025/6137/5025 5023/6135/5023 5021/6133/5021 5022/6134/5022
f 5020/6132/5020 5024/6136/5024 5026/6138/5026 5019/6131/5019
f 5026/6138/5026 5027/6139/5027 5018/6130/5018 5019/6131/5019
f 5017/6129/5017 5018/6130/5018 5027/6139/5027 5028/6140/5028
f 5017/6129/5017 5028/6140/5028 5029/6141/5029 5016/6128/5016
f 5029/6141/5029 5030/6142/5030 5015/6127/5015 5016/6128/5016
f 5013/6125/5013 5015/6127/5015 5030/6142/5030 5031/6143/5031
f 5032/6144/5032 5014/6126/5014 5013/6125/5013 5031/6143/5031
f 5032/6865/5032 5647/6759/5647 5646/6758/5646 5014/6864/5014
f 5645/6953/5645 5646/6954/5646 5648/6760/5648 5649/6761/5649
f 5648/6760/5648 5646/6954/5646 5647/6955/5647 5650/6762/5650
f 5651/6763/5651 5644/6952/5644 5645/6953/5645 5649/6761/5649
f 5651/6763/5651 5652/6764/5652 5641/6949/5641 5644/6952/5644
f 5653/6765/5653 5654/6766/5654 5651/6763/5651 5649/6761/5649
f 5651/6763/5651 5654/6766/5654 5655/6767/5655 5652/6764/5652
f 5653/6765/5653 5649/6761/5649 5648/6760/5648 5656/6768/5656
f 5648/6760/5648 5650/6762/5650 5657/6769/5657 5656/6768/5656
f 5236/6348/5236 5235/6347/5235 5650/6762/5650 5647/6955/5647
f 5657/6769/5657 5650/6762/5650 5235/6347/5235 5234/6346/5234
f 5236/6903/5236 5647/6759/5647 5032/6865/5032 5033/6145/5033
f 5032/6144/5032 5031/6143/5031 5034/6146/5034 5033/6866/5033
f 5035/6147/5035 5034/6146/5034 5031/6143/5031 5030/6142/5030
f 5029/6141/5029 5036/6148/5036 5035/6147/5035 5030/6142/5030
f 5029/6141/5029 5028/6140/5028 5037/6149/5037 5036/6148/5036
f 5038/6150/5038 5037/6149/5037 5028/6140/5028 5027/6139/5027
f 5026/6138/5026 5039/6151/5039 5038/6150/5038 5027/6139/5027
f 5026/6138/5026 5024/6136/5024 5040/6152/5040 5039/6151/5039
f 5038/6150/5038 5039/6151/5039 5041/6153/5041 5042/6154/5042
f 5043/6155/5043 5041/6153/5041 5039/6151/5039 5040/6152/5040
f 5038/6150/5038 5042/6154/5042 5044/6156/5044 5037/6149/5037
f 5044/6156/5044 5045/6157/5045 5036/6148/5036 5037/6149/5037
f 5035/6147/5035 5036/6148/5036 5045/6157/5045 5046/6158/5046
f 5035/6147/5035 5046/6158/5046 5047/6159/5047 5034/6146/5034
f 5047/6159/5047 5048/6160/5048 5033/6866/5033 5034/6146/5034
f 5236/6903/5236 5033/6145/5033 5048/6867/5048 5233/6902/5233
f 5047/6159/5047 4913/6025/4913 4912/6024/4912 5048/6160/5048
f 4912/6837/4912 5202/6314/5202 5233/6902/5233 5048/6867/5048
f 5047/6159/5047 5046/6158/5046 5049/6161/5049 4913/6025/4913
f 5050/6162/5050 5049/6161/5049 5046/6158/5046 5045/6157/5045
f 5044/6156/5044 5051/6163/5051 5050/6162/5050 5045/6157/5045
f 5044/6156/5044 5042/6154/5042 5052/6164/5052 5051/6163/5051
f 5053/6165/5053 5052/6164/5052 5042/6154/5042 5041/6153/5041
f 5043/6155/5043 5054/6166/5054 5053/6165/5053 5041/6153/5041
f 5055/6167/5055 5056/6168/5056 5043/6155/5043 5040/6152/5040
f 5043/6155/5043 5056/6168/5056 5057/6169/5057 5054/6166/5054
f 5055/6167/5055 5040/6152/5040 5024/6136/5024 5023/6135/5023
f 5025/6137/5025 5058/6170/5058 5055/6167/5055 5023/6135/5023
f 5055/6167/5055 5058/6170/5058 5059/6171/5059 5056/6168/5056
f 5060/6172/5060 5057/6169/5057 5056/6168/5056 5059/6171/5059
f 5061/6173/5061 5062/6174/5062 5054/6166/5054 5057/6169/5057
f 5061/6173/5061 5057/6169/5057 5060/6172/5060 5063/6175/5063
f 5053/6165/5053 5054/6166/5054 5062/6174/5062 5064/6176/5064
f 5053/6165/5053 5064/6176/5064 5065/6177/5065 5052/6164/5052
f 5065/6177/5065 5066/6178/5066 5051/6163/5051 5052/6164/5052
f 5050/6162/5050 5051/6163/5051 5066/6178/5066 5067/6179/5067
f 5050/6162/5050 5067/6179/5067 5068/6180/5068 5049/6161/5049
f 5068/6180/5068 4911/6023/4911 4913/6025/4913 5049/6161/5049
f 5068/6180/5068 5067/6179/5067 5069/6181/5069 4908/6020/4908
f 5068/6180/5068 4908/6020/4908 4907/6019/4907 4911/6023/4911
f 5070/6182/5070 5069/6181/5069 5067/6179/5067 5066/6178/5066
f 5065/6177/5065 5071/6183/5071 5070/6182/5070 5066/6178/5066
f 5065/6177/5065 5064/6176/5064 5072/6184/5072 5071/6183/5071
f 5073/6185/5073 5072/6184/5072 5064/6176/5064 5062/6174/5062
f 5073/6185/5073 5062/6174/5062 5061/6173/5061 5074/6186/5074
f 5061/6173/5061 5063/6175/5063 5075/6187/5075 5074/6186/5074
f 5076/6188/5076 5075/6187/5075 5063/6175/5063 5077/6189/5077
f 5060/6172/5060 5078/6190/5078 5077/6189/5077 5063/6175/5063
f 5060/6172/5060 5059/6171/5059 5079/6191/5079 5078/6190/5078
f 5079/6191/5079 5059/6171/5059 5058/6170/5058 5080/6192/5080
f 5025/6137/5025 5081/6193/5081 5080/6192/5080 5058/6170/5058
f 5082/6194/5082 5081/6193/5081 5025/6137/5025 5022/6134/5022
f 5082/6194/5082 5083/6195/5083 5084/6196/5084 5081/6193/5081
f 5080/6192/5080 5081/6193/5081 5084/6196/5084 5085/6197/5085
f 5079/6191/5079 5080/6192/5080 5085/6197/5085 5086/6198/5086
f 5079/6191/5079 5086/6198/5086 5087/6199/5087 5078/6190/5078
f 5088/6200/5088 5077/6189/5077 5078/6190/5078 5087/6199/5087
f 5076/6188/5076 5077/6189/5077 5088/6200/5088 5089/6201/5089
f 5090/6202/5090 5075/6187/5075 5076/6188/5076 5091/6203/5091
f 5076/6188/5076 5089/6201/5089 4690/5802/4690 5091/6203/5091
f 5090/6202/5090 5092/6204/5092 5074/6186/5074 5075/6187/5075
f 5073/6185/5073 5074/6186/5074 5092/6204/5092 5093/6205/5093
f 5094/6206/5094 5072/6184/5072 5073/6185/5073 5093/6205/5093
f 5094/6206/5094 5095/6207/5095 5071/6183/5071 5072/6184/5072
f 5070/6182/5070 5071/6183/5071 5095/6207/5095 5096/6208/5096
f 5070/6182/5070 5096/6208/5096 5097/6209/5097 5069/6181/5069
f 5097/6209/5097 5096/6208/5096 4901/6013/4901 4900/6012/4900
f 5098/6210/5098 4901/6013/4901 5096/6208/5096 5095/6207/5095
f 5099/6211/5099 5098/6210/5098 5095/6207/5095 5094/6206/5094
f 5099/6211/5099 5094/6206/5094 5093/6205/5093 5100/6212/5100
f 5101/6213/5101 5100/6212/5100 5093/6205/5093 5092/6204/5092
f 5101/6213/5101 5092/6204/5092 5090/6202/5090 5102/6214/5102
f 5090/6202/5090 5091/6203/5091 5103/6215/5103 5102/6214/5102
f 4688/5800/4688 5103/6215/5103 5091/6203/5091 4690/5802/4690
f 4660/6797/4660 4690/5802/4690 5089/6201/5089 4662/5774/4662
f 5088/6200/5088 4663/5775/4663 4662/5774/4662 5089/6201/5089
f 5088/6200/5088 5087/6199/5087 4664/5776/4664 4663/5775/4663
f 4664/5776/4664 5087/6199/5087 5086/6198/5086 4665/5777/4665
f 4665/5777/4665 5086/6198/5086 5085/6197/5085 4666/5778/4666
f 4666/5778/4666 5085/6197/5085 5084/6196/5084 4667/5779/4667
f 5083/6195/5083 4668/5780/4668 4667/5779/4667 5084/6196/5084
f 4671/5783/4671 4668/5780/4668 5083/6195/5083 4999/6111/4999
f 4999/6111/4999 5083/6195/5083 5082/6194/5082 4997/6109/4997
f 4671/5783/4671 4999/6111/4999 4996/6108/4996 5104/6216/5104
f 4671/5783/4671 5104/6216/5104 5105/6217/5105 4669/5781/4669
f 5104/6216/5104 4996/6108/4996 4995/6107/4995 5106/6218/5106
f 5104/6216/5104 5106/6218/5106 5107/6219/5107 5105/6217/5105
f 5108/6220/5108 5105/6217/5105 5107/6219/5107 5109/6221/5109
f 5108/6220/5108 4670/5782/4670 4669/5781/4669 5105/6217/5105
f 5106/6218/5106 5110/6222/5110 5111/6223/5111 5107/6219/5107
f 5111/6223/5111 5112/6224/5112 5109/6221/5109 5107/6219/5107
f 4994/6106/4994 5110/6222/5110 5106/6218/5106 4995/6107/4995
f 5113/6225/5113 5114/6226/5114 5111/6223/5111 5110/6222/5110
f 5113/6225/5113 5110/6222/5110 4994/6106/4994 5115/6227/5115
f 5111/6223/5111 5114/6226/5114 5116/6228/5116 5112/6224/5112
f 5112/6224/5112 4673/5785/4673 4672/5784/4672 5109/6221/5109
f 5112/6224/5112 5116/6228/5116 4674/5786/4674 4673/5785/4673
f 5108/6220/5108 5109/6221/5109 4672/5784/4672 4670/5782/4670
f 4674/5786/4674 5116/6228/5116 4706/6803/4706 4675/5787/4675
f 4707/6804/4707 4706/6803/4706 5116/6228/5116 5114/6226/5114
f 4707/6804/4707 5114/6226/5114 5113/6225/5113 5117/6229/5117
f 5113/6868/5113 5115/6869/5115 5118/6230/5118 5117/6870/5117
f 4963/6075/4963 5118/6230/5118 5115/6869/5115 4964/6076/4964
f 4994/6856/4994 4965/6077/4965 4964/6076/4964 5115/6869/5115
f 5119/6231/5119 5120/6232/5120 5117/6870/5117 5118/6230/5118
f 5119/6231/5119 5118/6230/5118 4963/6075/4963 4962/6074/4962
f 4707/5819/4707 5117/6870/5117 5120/6232/5120 4708/5820/4708
f 4738/5850/4738 4709/5821/4709 4708/5820/4708 5120/6232/5120
f 4738/5850/4738 5120/6232/5120 5119/6231/5119 4741/5853/4741
f 5119/6231/5119 4962/6074/4962 4769/5881/4769 4741/5853/4741
f 5082/6194/5082 5022/6134/5022 4998/6110/4998 4997/6109/4997
f 5121/6233/5121 5122/6234/5122 5102/6214/5102 5103/6215/5103
f 5121/6233/5121 5103/6215/5103 4688/5800/4688 4689/5801/4689
f 5123/6235/5123 5124/6236/5124 5122/6234/5122 5121/6233/5121
f 5123/6235/5123 5121/6233/5121 4689/5801/4689 4692/5804/4692
f 5125/6237/5125 5126/6238/5126 5122/6234/5122 5124/6236/5124
f 5126/6238/5126 5101/6213/5101 5102/6214/5102 5122/6234/5122
f 5127/6239/5127 5128/6240/5128 5124/6236/5124 5123/6235/5123
f 4847/5959/4847 5125/6237/5125 5124/6236/5124 5128/6240/5128
f 5127/6239/5127 5123/6235/5123 4692/5804/4692 5129/6241/5129
f 4723/5835/4723 5129/6871/5129 4692/6802/4692 4691/6801/4691
f 4725/5837/4725 4755/5867/4755 5129/6871/5129 4723/5835/4723
f 4816/6814/4816 5127/6239/5127 5129/6241/5129 4755/6805/4755
f 4816/6814/4816 4815/6813/4815 5128/6240/5128 5127/6239/5127
f 4817/5929/4817 4847/5959/4847 5128/6240/5128 4815/6813/4815
f 4847/5959/4847 4846/5958/4846 5130/6242/5130 5125/6237/5125
f 5125/6237/5125 5130/6242/5130 5131/6243/5131 5126/6238/5126
f 5126/6238/5126 5131/6243/5131 5100/6212/5100 5101/6213/5101
f 4878/5990/4878 5132/6244/5132 5131/6243/5131 5130/6242/5130
f 5132/6244/5132 5099/6211/5099 5100/6212/5100 5131/6243/5131
f 4848/5960/4848 4878/5990/4878 5130/6242/5130 4846/5958/4846
f 4878/5990/4878 4877/5989/4877 5133/6245/5133 5132/6244/5132
f 5132/6244/5132 5133/6245/5133 5098/6210/5098 5099/6211/5099
f 5098/6210/5098 5133/6245/5133 4898/6010/4898 4901/6013/4901
f 4898/6010/4898 5133/6245/5133 4877/5989/4877 4879/5991/4879
f 4784/5896/4784 4816/5928/4816 4755/5867/4755 4754/5866/4754
f 5097/6209/5097 4900/6012/4900 4899/6011/4899 4906/6018/4906
f 5097/6209/5097 4906/6018/4906 4908/6020/4908 5069/6181/5069
f 5657/6769/5657 5234/6346/5234 5237/6349/5237 5266/6378/5266
f 5269/6381/5269 5656/6768/5656 5657/6769/5657 5266/6378/5266
f 5269/6381/5269 5268/6380/5268 5658/6770/5658 5659/6771/5659
f 5269/6381/5269 5659/6771/5659 5653/6765/5653 5656/6768/5656
f 5300/6412/5300 5658/6770/5658 5268/6380/5268 5267/6379/5267
f 5300/6412/5300 5302/6414/5302 5660/6772/5660 5658/6770/5658
f 5660/6772/5660 5661/6773/5661 5659/6771/5659 5658/6770/5658
f 5653/6765/5653 5659/6771/5659 5661/6773/5661 5654/6766/5654
f 5660/6772/5660 5662/6774/5662 5663/6775/5663 5661/6773/5661
f 5663/6775/5663 5655/6767/5655 5654/6766/5654 5661/6773/5661
f 5660/6772/5660 5302/6414/5302 5664/6776/5664 5662/6774/5662
f 5333/6445/5333 5664/6776/5664 5302/6414/5302 5301/6413/5301
f 5333/6445/5333 5335/6447/5335 5665/6777/5665 5664/6776/5664
f 5665/6777/5665 5666/6778/5666 5662/6774/5662 5664/6776/5664
f 5663/6775/5663 5662/6774/5662 5666/6778/5666 5667/6779/5667
f 5663/6775/5663 5667/6779/5667 5668/6780/5668 5655/6767/5655
f 5668/6780/5668 5669/6781/5669 5652/6764/5652 5655/6767/5655
f 5668/6780/5668 5667/6779/5667 5670/6782/5670 5671/6783/5671
f 5668/6780/5668 5671/6783/5671 5672/6784/5672 5669/6781/5669
f 5673/6785/5673 5670/6782/5670 5667/6779/5667 5666/6778/5666
f 5665/6777/5665 5393/6505/5393 5673/6785/5673 5666/6778/5666
f 5665/6777/5665 5335/6447/5335 5363/6475/5363 5393/6505/5393
f 5673/6785/5673 5393/6505/5393 5392/6504/5392 5424/6536/5424
f 5673/6785/5673 5424/6536/5424 5425/6537/5425 5670/6782/5670
f 5425/6537/5425 5454/6566/5454 5671/6783/5671 5670/6782/5670
f 5672/6784/5672 5671/6783/5671 5454/6566/5454 5456/6568/5456
f 5672/6784/5672 5643/6951/5643 5642/6950/5642 5669/6781/5669
f 5672/6784/5672 5456/6568/5456 5674/6786/5674 5643/6951/5643
f 5641/6949/5641 5652/6764/5652 5669/6781/5669 5642/6950/5642
f 5674/6956/5674 5134/6246/5134 5012/6863/5012 5643/6755/5643
f 5674/6786/5674 5456/6568/5456 5455/6567/5455 5675/6787/5675
f 5674/6956/5674 5675/6957/5675 5135/6247/5135 5134/6246/5134
f 4979/6091/4979 4980/6092/4980 5134/6872/5134 5135/6873/5135
f 4981/6093/4981 5012/6124/5012 5134/6872/5134 4980/6092/4980
f 4979/6091/4979 5135/6873/5135 4916/6840/4916 4978/6090/4978
f 5675/6957/5675 5488/6939/5488 4916/6028/4916 5135/6247/5135
f 5675/6787/5675 5455/6567/5455 5457/6933/5457 5488/6940/5488
f 4951/6063/4951 4978/6090/4978 4916/6840/4916 4915/6839/4915
f 4951/6063/4951 4915/6839/4915 4914/6838/4914 4948/6060/4948
f 4914/6838/4914 4917/6841/4917 4925/6037/4925 4948/6060/4948
