# Exported from Nomad Sculpt
mtllib BlueDragon.mtl
o Limbs_1
usemtl Limbs_1
v -0.64302939 -2.83237481 0.207001328 0.999999940 0.999999940 0.999999940
v -0.66842473 -2.77728939 0.145738795 0.999999940 0.999999940 0.999999940
v -0.60285246 -2.80610013 0.111589074 0.999999940 0.999999940 0.999999940
v -0.59138554 -2.86291099 0.204254537 0.999999940 0.999999940 0.999999940
v -0.58741176 -2.88255501 0.281070828 0.999999940 0.999999940 0.999999940
v -0.65768361 -2.82737207 0.260429412 0.999999940 0.999999940 0.999999940
v -0.70474041 -2.74063253 0.203219026 0.999999940 0.999999940 0.999999940
v -0.62521642 -2.73042798 0.008389558 0.999999940 0.999999940 0.999999940
v -0.70102143 -2.69709134 0.056686539 0.999999940 0.999999940 0.999999940
v -0.74849951 -2.65097547 0.129484027 0.999999940 0.999999940 0.999999940
v -0.5350461 -2.74410057 -0.01056478 0.999999940 0.999999940 0.999999940
v -0.52878517 -2.81706715 0.104647688 0.999999940 0.999999940 0.999999940
v -0.52379131 -2.86787152 0.206036925 0.999999940 0.999999940 0.999999940
v -0.52046746 -2.88876057 0.289557695 0.999999940 0.999999940 0.999999940
v -0.52340466 -2.87256837 0.356831044 0.999999940 0.999999940 0.999999940
v -0.58423918 -2.86316371 0.342857599 0.999999940 0.999999940 0.999999940
v -0.65914673 -2.80023599 0.320495605 0.999999940 0.999999940 0.999999940
v -0.70947325 -2.70293713 0.272849082 0.999999940 0.999999940 0.999999940
v -0.75855511 -2.59989047 0.216036543 0.999999940 0.999999940 0.999999940
v -0.74142438 -2.59045267 -0.04944904 0.999999940 0.999999940 0.999999940
v -0.79656023 -2.53864884 0.040563672 0.999999940 0.999999940 0.999999940
v -0.80900747 -2.47876215 0.144867375 0.999999940 0.999999940 0.999999940
v -0.6533314 -2.62650681 -0.11251765 0.999999940 0.999999940 0.999999940
v -0.54644829 -2.64101815 -0.14018561 0.999999940 0.999999940 0.999999940
v -0.4442063 -2.73620534 -0.00105745 0.999999940 0.999999940 0.999999940
v -0.45119578 -2.80749393 0.118985146 0.999999940 0.999999940 0.999999940
v -0.43598044 -2.63152218 -0.13034168 0.999999940 0.999999940 0.999999940
v -0.45796701 -2.85426855 0.220673635 0.999999940 0.999999940 0.999999940
v -0.46398947 -2.87833595 0.304387420 0.999999940 0.999999940 0.999999940
v -0.47582203 -2.85996723 0.372954189 0.999999940 0.999999940 0.999999940
v -0.57869995 -2.8312335 0.381322830 0.999999940 0.999999940 0.999999940
v -0.53881252 -2.82288909 0.399327665 0.999999940 0.999999940 0.999999940
v -0.49048665 -2.80423164 0.420706987 0.999999940 0.999999940 0.999999940
v -0.62503588 -2.76808357 0.372266322 0.999999940 0.999999940 0.999999940
v -0.67817116 -2.66693616 0.346023201 0.999999940 0.999999940 0.999999940
v -0.72780263 -2.55082369 0.304535388 0.999999940 0.999999940 0.999999940
v -0.7743718 -2.41911888 0.247611284 0.999999940 0.999999940 0.999999940
v -0.8352598 -2.40903187 -0.045956 0.999999940 0.999999940 0.999999940
v -0.84863281 -2.34546185 0.071415796 0.999999940 0.999999940 0.999999940
v -0.81022251 -2.28166676 0.185131877 0.999999940 0.999999940 0.999999940
v -0.77460676 -2.46322274 -0.14891183 0.999999940 0.999999940 0.999999940
v -0.67638177 -2.50104856 -0.22272748 0.999999940 0.999999940 0.999999940
v -0.55553257 -2.5167346 -0.25601149 0.999999940 0.999999940 0.999999940
v -0.43108717 -2.50698853 -0.2449473 0.999999940 0.999999940 0.999999940
v -0.32171643 -2.47224355 -0.1927319 0.999999940 0.999999940 0.999999940
v -0.33726782 -2.59788585 -0.08516799 0.999999940 0.999999940 0.999999940
v -0.35895759 -2.70482898 0.034720521 0.999999940 0.999999940 0.999999940
v -0.3794263 -2.77719522 0.148519814 0.999999940 0.999999940 0.999999940
v -0.39930123 -2.8292644 0.245376169 0.999999940 0.999999940 0.999999940
v -0.41538495 -2.85847473 0.324284732 0.999999940 0.999999940 0.999999940
v -0.42816472 -2.84280157 0.385615348 0.999999940 0.999999940 0.999999940
v -0.43432894 -2.78647804 0.430286079 0.999999940 0.999999940 0.999999940
v -0.51149887 -2.71771431 0.439375609 0.999999940 0.999999940 0.999999940
v -0.43915737 -2.69789076 0.447818309 0.999999940 0.999999940 0.999999940
v -0.57541662 -2.74145794 0.412579983 0.999999940 0.999999940 0.999999940
v -0.61763906 -2.63611269 0.404058367 0.999999940 0.999999940 0.999999940
v -0.66142869 -2.51047516 0.375181496 0.999999940 0.999999940 0.999999940
v -0.69984847 -2.37009859 0.329495966 0.999999940 0.999999940 0.999999940
v -0.72898662 -2.22797585 0.275433957 0.999999940 0.999999940 0.999999940
v -0.86857176 -2.20340347 -0.00005928 0.999999940 0.999999940 0.999999940
v -0.82944369 -2.14052486 0.119921252 0.999999940 0.999999940 0.999999940
v -0.74593669 -2.08761811 0.214666843 0.999999940 0.999999940 0.999999940
v -0.85424376 -2.26747608 -0.12366386 0.999999940 0.999999940 0.999999940
v -0.79100788 -2.32314587 -0.23185001 0.999999940 0.999999940 0.999999940
v -0.68708295 -2.36217093 -0.31088355 0.999999940 0.999999940 0.999999940
v -0.55905396 -2.37820959 -0.34655842 0.999999940 0.999999940 0.999999940
v -0.4288249 -2.36879158 -0.33479688 0.999999940 0.999999940 0.999999940
v -0.3153491 -2.33460712 -0.2790769 0.999999940 0.999999940 0.999999940
v -0.24315535 -2.41864157 -0.10776164 0.999999940 0.999999940 0.999999940
v -0.26528022 -2.54478788 -0.01266273 0.999999940 0.999999940 0.999999940
v -0.23426063 -2.28144097 -0.18776816 0.999999940 0.999999940 0.999999940
v -0.29408658 -2.65283251 0.091538973 0.999999940 0.999999940 0.999999940
v -0.32344615 -2.73089194 0.190502017 0.999999940 0.999999940 0.999999940
v -0.35215187 -2.79814577 0.277147203 0.999999940 0.999999940 0.999999940
v -0.37706727 -2.83636093 0.33132568 0.999999940 0.999999940 0.999999940
v -0.37001631 -2.81792831 0.378075480 0.999999940 0.999999940 0.999999940
v -0.36608976 -2.76257992 0.414457917 0.999999940 0.999999940 0.999999940
v -0.36794385 -2.68799686 0.433320730 0.999999940 0.999999940 0.999999940
v -0.45327953 -2.58860683 0.438899606 0.999999940 0.999999940 0.999999940
v -0.37236327 -2.5793438 0.415289998 0.999999940 0.999999940 0.999999940
v -0.53838676 -2.60923481 0.437135756 0.999999940 0.999999940 0.999999940
v -0.57109827 -2.48068666 0.415534496 0.999999940 0.999999940 0.999999940
v -0.59861887 -2.33710289 0.376169174 0.999999940 0.999999940 0.999999940
v -0.61746424 -2.19239593 0.327815949 0.999999940 0.999999940 0.999999940
v -0.62948251 -2.05083466 0.269520998 0.999999940 0.999999940 0.999999940
v -0.82633454 -2.00101399 0.046115674 0.999999940 0.999999940 0.999999940
v -0.74612683 -1.94929266 0.138165742 0.999999940 0.999999940 0.999999940
v -0.63320762 -1.91458905 0.192109555 0.999999940 0.999999940 0.999999940
v -0.86207616 -2.06132221 -0.07086638 0.999999940 0.999999940 0.999999940
v -0.84714025 -2.12286258 -0.19092956 0.999999940 0.999999940 0.999999940
v -0.78518659 -2.17745614 -0.29555979 0.999999940 0.999999940 0.999999940
v -0.6833235 -2.21609902 -0.37236035 0.999999940 0.999999940 0.999999940
v -0.55900741 -2.23052025 -0.40718782 0.999999940 0.999999940 0.999999940
v -0.43437135 -2.22050667 -0.39689803 0.999999940 0.999999940 0.999999940
v -0.32544172 -2.18861103 -0.3426924 0.999999940 0.999999940 0.999999940
v -0.24664634 -2.13968945 -0.25304067 0.999999940 0.999999940 0.999999940
v -0.20615995 -2.354146 -0.00037151 0.999999940 0.999999940 0.999999940
v -0.19593453 -2.21825433 -0.07286893 0.999999940 0.999999940 0.999999940
v -0.20814532 -2.08019304 -0.14036526 0.999999940 0.999999940 0.999999940
v -0.35277966 -2.04561281 -0.38001087 0.999999940 0.999999940 0.999999940
v -0.28136057 -2.00360775 -0.30001014 0.999999940 0.999999940 0.999999940
v -0.24608488 -1.95128644 -0.20062566 0.999999940 0.999999940 0.999999940
v -0.45028034 -2.07228518 -0.42861998 0.999999940 0.999999940 0.999999940
v -0.56038058 -2.0821774 -0.43648696 0.999999940 0.999999940 0.999999940
v -0.66905999 -2.07188702 -0.40495351 0.999999940 0.999999940 0.999999940
v -0.75921243 -2.03679132 -0.33768922 0.999999940 0.999999940 0.999999940
v -0.81375885 -1.98616505 -0.24585813 0.999999940 0.999999940 0.999999940
v -0.82828987 -1.9294281 -0.14061192 0.999999940 0.999999940 0.999999940
v -0.79793537 -1.87412834 -0.03784097 0.999999940 0.999999940 0.999999940
v -0.72773671 -1.82712233 0.042786605 0.999999940 0.999999940 0.999999940
v -0.6270352 -1.79575026 0.090729437 0.999999940 0.999999940 0.999999940
v -0.49692172 -2.03963661 0.277702599 0.999999940 0.999999940 0.999999940
v -0.50296772 -1.90405834 0.201806530 0.999999940 0.999999940 0.999999940
v -0.51103592 -1.78613329 0.099527344 0.999999940 0.999999940 0.999999940
v -0.49253744 -2.18101811 0.333663433 0.999999940 0.999999940 0.999999940
v -0.3697882 -2.0561924 0.238818228 0.999999940 0.999999940 0.999999940
v -0.37785599 -1.92124462 0.164081201 0.999999940 0.999999940 0.999999940
v -0.3725639 -2.19528532 0.295524299 0.999999940 0.999999940 0.999999940
v -0.39792797 -1.80260992 0.067904286 0.999999940 0.999999940 0.999999940
v -0.61583251 -1.71550953 -0.02071371 0.999999940 0.999999940 0.999999940
v -0.52041233 -1.70441985 -0.01331994 0.999999940 0.999999940 0.999999940
v -0.42475075 -1.7177031 -0.03838172 0.999999940 0.999999940 0.999999940
v -0.69557554 -1.74309611 -0.0574805 0.999999940 0.999999940 0.999999940
v -0.74976051 -1.78004265 -0.11953142 0.999999940 0.999999940 0.999999940
v -0.7728349 -1.8239212 -0.20126012 0.999999940 0.999999940 0.999999940
v -0.76007891 -1.86948001 -0.2879394 0.999999940 0.999999940 0.999999940
v -0.71636903 -1.91033077 -0.36007637 0.999999940 0.999999940 0.999999940
v -0.64587224 -1.93985081 -0.41256556 0.999999940 0.999999940 0.999999940
v -0.56065637 -1.94918716 -0.4350622 0.999999940 0.999999940 0.999999940
v -0.47274667 -1.94145131 -0.42827815 0.999999940 0.999999940 0.999999940
v -0.39334273 -1.92059708 -0.38883081 0.999999940 0.999999940 0.999999940
v -0.49674696 -1.84839129 -0.40664938 0.999999940 0.999999940 0.999999940
v -0.43379337 -1.83749819 -0.38074508 0.999999940 0.999999940 0.999999940
v -0.56648815 -1.84945202 -0.4102436 0.999999940 0.999999940 0.999999940
v -0.62265778 -1.8588984 -0.40463248 0.999999940 0.999999940 0.999999940
v -0.65098262 -1.8208251 -0.37116337 0.999999940 0.999999940 0.999999940
v -0.6851806 -1.78309727 -0.31957805 0.999999940 0.999999940 0.999999940
v -0.69742817 -1.74444258 -0.24987739 0.999999940 0.999999940 0.999999940
v -0.68743342 -1.71568274 -0.18492751 0.999999940 0.999999940 0.999999940
v -0.6683737 -1.70469093 -0.12553526 0.999999940 0.999999940 0.999999940
v -0.61007154 -1.67463183 -0.12645304 0.999999940 0.999999940 0.999999940
v -0.53131312 -1.66339231 -0.1318852 0.999999940 0.999999940 0.999999940
v -0.45716947 -1.67296648 -0.16001928 0.999999940 0.999999940 0.999999940
v -0.39900604 -1.70319545 -0.17937337 0.999999940 0.999999940 0.999999940
v -0.34890395 -1.75334978 -0.0954933 0.999999940 0.999999940 0.999999940
v -0.30488554 -1.8413161 -0.00069348 0.999999940 0.999999940 0.999999940
v -0.27699658 -1.96155393 0.086333788 0.999999940 0.999999940 0.999999940
v -0.21798047 -2.01818848 -0.02083 0.999999940 0.999999940 0.999999940
v -0.2520529 -1.89504337 -0.09608191 0.999999940 0.999999940 0.999999940
v -0.31031483 -1.79799962 -0.16847961 0.999999940 0.999999940 0.999999940
v -0.39324686 -1.72731876 -0.23088475 0.999999940 0.999999940 0.999999940
v -0.46685824 -1.68276024 -0.24616079 0.999999940 0.999999940 0.999999940
v -0.53804344 -1.66401291 -0.23306039 0.999999940 0.999999940 0.999999940
v -0.61871314 -1.67259705 -0.2148971 0.999999940 0.999999940 0.999999940
v -0.61647606 -1.70193362 -0.28283682 0.999999940 0.999999940 0.999999940
v -0.60388899 -1.74259746 -0.33577088 0.999999940 0.999999940 0.999999940
v -0.5831573 -1.79014421 -0.37734511 0.999999940 0.999999940 0.999999940
v -0.51626921 -1.7856667 -0.37869567 0.999999940 0.999999940 0.999999940
v -0.46519315 -1.79313183 -0.37027082 0.999999940 0.999999940 0.999999940
v -0.45941478 -1.75483024 -0.33984551 0.999999940 0.999999940 0.999999940
v -0.3915461 -1.80478191 -0.33630481 0.999999940 0.999999940 0.999999940
v -0.33507082 -1.88645339 -0.32466429 0.999999940 0.999999940 0.999999940
v -0.53072053 -1.73488581 -0.34248146 0.999999940 0.999999940 0.999999940
v -0.53909856 -1.69188261 -0.29657906 0.999999940 0.999999940 0.999999940
v -0.46317819 -1.71236467 -0.29797807 0.999999940 0.999999940 0.999999940
v -0.38301229 -1.76506662 -0.28148067 0.999999940 0.999999940 0.999999940
v -0.30664867 -1.84393001 -0.24811354 0.999999940 0.999999940 0.999999940
v -0.26821414 -2.09649253 0.159231916 0.999999940 0.999999940 0.999999940
v -0.2075783 -2.15357685 0.049558416 0.999999940 0.999999940 0.999999940
v -0.21789405 -2.28849363 0.114693909 0.999999940 0.999999940 0.999999940
v -0.27582783 -2.23299241 0.219236344 0.999999940 0.999999940 0.999999940
v -0.23888367 -2.41531277 0.179228305 0.999999940 0.999999940 0.999999940
v -0.22900197 -2.48008442 0.078456237 0.999999940 0.999999940 0.999999940
v -0.29014939 -2.36439705 0.272728890 0.999999940 0.999999940 0.999999940
v -0.37739918 -2.33290195 0.343546569 0.999999940 0.999999940 0.999999940
v -0.48609322 -2.32399607 0.380009114 0.999999940 0.999999940 0.999999940
v -0.30426919 -2.4873476 0.322459965 0.999999940 0.999999940 0.999999940
v -0.37908188 -2.46499348 0.384967654 0.999999940 0.999999940 0.999999940
v -0.4735595 -2.46427464 0.418022424 0.999999940 0.999999940 0.999999940
v -0.26182598 -2.5310595 0.242952004 0.999999940 0.999999940 0.999999940
v -0.25828877 -2.59008789 0.163215071 0.999999940 0.999999940 0.999999940
v -0.28717902 -2.68294787 0.242962598 0.999999940 0.999999940 0.999999940
v -0.28241369 -2.6341815 0.300882101 0.999999940 0.999999940 0.999999940
v -0.31219593 -2.59563828 0.361959219 0.999999940 0.999999940 0.999999940
v -0.31984305 -2.66970158 0.395284950 0.999999940 0.999999940 0.999999940
v -0.3044433 -2.72192693 0.362878233 0.999999940 0.999999940 0.999999940
v -0.31849292 -2.76334167 0.318233251 0.999999940 0.999999940 0.999999940
v 0.590837478 -2.86296535 0.20426476 0.999999940 0.999999940 0.999999940
v 0.602483093 -2.8065238 0.111164487 0.999999940 0.999999940 0.999999940
v 0.667997360 -2.77690673 0.145935863 0.999999940 0.999999940 0.999999940
v 0.641914784 -2.83096457 0.207837984 0.999999940 0.999999940 0.999999940
v 0.655307233 -2.82606125 0.26053828 0.999999940 0.999999940 0.999999940
v 0.589810311 -2.8827951 0.281019866 0.999999940 0.999999940 0.999999940
v 0.704605639 -2.74052238 0.203263536 0.999999940 0.999999940 0.999999940
v 0.524339556 -2.86851645 0.205560863 0.999999940 0.999999940 0.999999940
v 0.528808713 -2.81615686 0.105207517 0.999999940 0.999999940 0.999999940
v 0.519570529 -2.88911176 0.289696812 0.999999940 0.999999940 0.999999940
v 0.701062262 -2.69705439 0.056739155 0.999999940 0.999999940 0.999999940
v 0.625367701 -2.73054266 0.008331820 0.999999940 0.999999940 0.999999940
v 0.535121262 -2.74435091 -0.01073357 0.999999940 0.999999940 0.999999940
v 0.748302698 -2.65083241 0.129556000 0.999999940 0.999999940 0.999999940
v 0.758124709 -2.59974241 0.215976238 0.999999940 0.999999940 0.999999940
v 0.708407223 -2.70249534 0.272723615 0.999999940 0.999999940 0.999999940
v 0.658430516 -2.80053711 0.320279508 0.999999940 0.999999940 0.999999940
v 0.585326373 -2.86442471 0.344586223 0.999999940 0.999999940 0.999999940
v 0.523183882 -2.87118149 0.356224149 0.999999940 0.999999940 0.999999940
v 0.464735001 -2.87600613 0.304932802 0.999999940 0.999999940 0.999999940
v 0.457580059 -2.85474467 0.220512926 0.999999940 0.999999940 0.999999940
v 0.476503610 -2.8618381 0.372646361 0.999999940 0.999999940 0.999999940
v 0.451441854 -2.80741334 0.119025588 0.999999940 0.999999940 0.999999940
v 0.444050848 -2.7365253 -0.00129204 0.999999940 0.999999940 0.999999940
v 0.546393632 -2.64098644 -0.14016724 0.999999940 0.999999940 0.999999940
v 0.653190553 -2.62628865 -0.11232153 0.999999940 0.999999940 0.999999940
v 0.435997664 -2.63144326 -0.13026713 0.999999940 0.999999940 0.999999940
v 0.741173446 -2.59026003 -0.0493147 0.999999940 0.999999940 0.999999940
v 0.796470403 -2.53860521 0.040583618 0.999999940 0.999999940 0.999999940
v 0.808939933 -2.47874594 0.144861400 0.999999940 0.999999940 0.999999940
v 0.727538049 -2.55078077 0.304426193 0.999999940 0.999999940 0.999999940
v 0.677801370 -2.6668849 0.345643162 0.999999940 0.999999940 0.999999940
v 0.774281144 -2.41912174 0.247543469 0.999999940 0.999999940 0.999999940
v 0.624567508 -2.76797175 0.371697545 0.999999940 0.999999940 0.999999940
v 0.577885866 -2.83057427 0.380248278 0.999999940 0.999999940 0.999999940
v 0.539969623 -2.82374263 0.401005685 0.999999940 0.999999940 0.999999940
v 0.491105049 -2.80471802 0.422522157 0.999999940 0.999999940 0.999999940
v 0.426593303 -2.84502339 0.386309593 0.999999940 0.999999940 0.999999940
v 0.433843374 -2.78611469 0.430741488 0.999999940 0.999999940 0.999999940
v 0.416357785 -2.85654449 0.325376123 0.999999940 0.999999940 0.999999940
v 0.399313718 -2.82926464 0.245482265 0.999999940 0.999999940 0.999999940
v 0.378850698 -2.7782774 0.147944152 0.999999940 0.999999940 0.999999940
v 0.358903199 -2.70475006 0.034789498 0.999999940 0.999999940 0.999999940
v 0.337236911 -2.59787035 -0.08514151 0.999999940 0.999999940 0.999999940
v 0.431135296 -2.50699425 -0.24496935 0.999999940 0.999999940 0.999999940
v 0.555552721 -2.51675439 -0.25603503 0.999999940 0.999999940 0.999999940
v 0.321547001 -2.47232747 -0.19284338 0.999999940 0.999999940 0.999999940
v 0.676424145 -2.50108385 -0.22276376 0.999999940 0.999999940 0.999999940
v 0.774472534 -2.46313119 -0.14880276 0.999999940 0.999999940 0.999999940
v 0.835195660 -2.40901685 -0.04595005 0.999999940 0.999999940 0.999999940
v 0.848724126 -2.34548903 0.071413449 0.999999940 0.999999940 0.999999940
v 0.810342788 -2.28165388 0.185199946 0.999999940 0.999999940 0.999999940
v 0.699764490 -2.3700912 0.329467326 0.999999940 0.999999940 0.999999940
v 0.661084055 -2.51047468 0.374878138 0.999999940 0.999999940 0.999999940
v 0.728888332 -2.22798562 0.275378793 0.999999940 0.999999940 0.999999940
v 0.61721766 -2.6361239 0.403145968 0.999999940 0.999999940 0.999999940
v 0.574953138 -2.74130797 0.411412805 0.999999940 0.999999940 0.999999940
v 0.511429548 -2.71750379 0.438214838 0.999999940 0.999999940 0.999999940
v 0.438684731 -2.69833708 0.447906374 0.999999940 0.999999940 0.999999940
v 0.363138914 -2.76557469 0.413764715 0.999999940 0.999999940 0.999999940
v 0.369181096 -2.81919074 0.377780139 0.999999940 0.999999940 0.999999940
v 0.369814187 -2.6868484 0.430646389 0.999999940 0.999999940 0.999999940
v 0.379024952 -2.83385396 0.332010567 0.999999940 0.999999940 0.999999940
v 0.351831674 -2.79852915 0.277104944 0.999999940 0.999999940 0.999999940
v 0.319792091 -2.73382521 0.189074650 0.999999940 0.999999940 0.999999940
v 0.293749600 -2.65301871 0.091444291 0.999999940 0.999999940 0.999999940
v 0.265275448 -2.54478478 -0.01265833 0.999999940 0.999999940 0.999999940
v 0.243178606 -2.41862965 -0.10775114 0.999999940 0.999999940 0.999999940
v 0.428907424 -2.36866832 -0.3345176 0.999999940 0.999999940 0.999999940
v 0.315389514 -2.33457828 -0.27902567 0.999999940 0.999999940 0.999999940
v 0.234495729 -2.28138995 -0.18765397 0.999999940 0.999999940 0.999999940
v 0.559006869 -2.3781364 -0.34642464 0.999999940 0.999999940 0.999999940
v 0.687084078 -2.36218452 -0.31091839 0.999999940 0.999999940 0.999999940
v 0.790965676 -2.32313299 -0.23180732 0.999999940 0.999999940 0.999999940
v 0.854229509 -2.26747108 -0.12365817 0.999999940 0.999999940 0.999999940
v 0.868836343 -2.20340919 -0.00007077 0.999999940 0.999999940 0.999999940
v 0.829230070 -2.14055538 0.119843982 0.999999940 0.999999940 0.999999940
v 0.745761573 -2.08768749 0.214516818 0.999999940 0.999999940 0.999999940
v 0.617361366 -2.19251585 0.327477753 0.999999940 0.999999940 0.999999940
v 0.598547220 -2.33711505 0.376109629 0.999999940 0.999999940 0.999999940
v 0.629598438 -2.05068636 0.269834876 0.999999940 0.999999940 0.999999940
v 0.570888042 -2.48075032 0.415139466 0.999999940 0.999999940 0.999999940
v 0.538237273 -2.60936499 0.435807108 0.999999940 0.999999940 0.999999940
v 0.452871561 -2.58842564 0.439384758 0.999999940 0.999999940 0.999999940
v 0.376069724 -2.58068228 0.411218851 0.999999940 0.999999940 0.999999940
v 0.314084559 -2.59586239 0.361024916 0.999999940 0.999999940 0.999999940
v 0.321318149 -2.67054677 0.392812579 0.999999940 0.999999940 0.999999940
v 0.310694783 -2.71995902 0.361310124 0.999999940 0.999999940 0.999999940
v 0.316861748 -2.76361656 0.317059844 0.999999940 0.999999940 0.999999940
v 0.289522767 -2.68179703 0.243423 0.999999940 0.999999940 0.999999940
v 0.259109526 -2.5899148 0.163145631 0.999999940 0.999999940 0.999999940
v 0.229380607 -2.4800086 0.078443981 0.999999940 0.999999940 0.999999940
v 0.206171989 -2.35416961 -0.00041802 0.999999940 0.999999940 0.999999940
v 0.196424812 -2.21825504 -0.07284938 0.999999940 0.999999940 0.999999940
v 0.207951024 -2.08017445 -0.14042938 0.999999940 0.999999940 0.999999940
v 0.246460199 -2.13969588 -0.2531364 0.999999940 0.999999940 0.999999940
v 0.325412869 -2.18862867 -0.34275982 0.999999940 0.999999940 0.999999940
v 0.434388518 -2.2205081 -0.39691564 0.999999940 0.999999940 0.999999940
v 0.559077322 -2.23050833 -0.40716112 0.999999940 0.999999940 0.999999940
v 0.683245718 -2.21606207 -0.37223917 0.999999940 0.999999940 0.999999940
v 0.785280704 -2.17746592 -0.29564577 0.999999940 0.999999940 0.999999940
v 0.847184956 -2.12286258 -0.19094102 0.999999940 0.999999940 0.999999940
v 0.862261593 -2.0612886 -0.07087767 0.999999940 0.999999940 0.999999940
v 0.825952231 -2.0011394 0.046008892 0.999999940 0.999999940 0.999999940
v 0.746123671 -1.94928432 0.138170212 0.999999940 0.999999940 0.999999940
v 0.6333673 -1.91434693 0.192449405 0.999999940 0.999999940 0.999999940
v 0.496874153 -2.03959465 0.277808457 0.999999940 0.999999940 0.999999940
v 0.492497801 -2.18095398 0.333819448 0.999999940 0.999999940 0.999999940
v 0.502995193 -1.90429223 0.201472401 0.999999940 0.999999940 0.999999940
v 0.626949310 -1.79590642 0.090584844 0.999999940 0.999999940 0.999999940
v 0.727452933 -1.82741022 0.042622514 0.999999940 0.999999940 0.999999940
v 0.511029243 -1.78615618 0.099515184 0.999999940 0.999999940 0.999999940
v 0.797363221 -1.87444425 -0.03794257 0.999999940 0.999999940 0.999999940
v 0.827696859 -1.92961574 -0.14048305 0.999999940 0.999999940 0.999999940
v 0.813865244 -1.98618174 -0.2459604 0.999999940 0.999999940 0.999999940
v 0.759195685 -2.03683329 -0.33773905 0.999999940 0.999999940 0.999999940
v 0.669017255 -2.07187819 -0.40479165 0.999999940 0.999999940 0.999999940
v 0.560342788 -2.08216166 -0.436122 0.999999940 0.999999940 0.999999940
v 0.450313538 -2.07228732 -0.42851126 0.999999940 0.999999940 0.999999940
v 0.352835416 -2.04561973 -0.37991205 0.999999940 0.999999940 0.999999940
v 0.281773299 -2.00368381 -0.29975647 0.999999940 0.999999940 0.999999940
v 0.245961561 -1.95127416 -0.20075765 0.999999940 0.999999940 0.999999940
v 0.217750728 -2.01813555 -0.02080667 0.999999940 0.999999940 0.999999940
v 0.252425104 -1.89522243 -0.0961007 0.999999940 0.999999940 0.999999940
v 0.20809187 -2.15365767 0.049398995 0.999999940 0.999999940 0.999999940
v 0.308859169 -1.7969203 -0.16883478 0.999999940 0.999999940 0.999999940
v 0.307500511 -1.84446752 -0.24772689 0.999999940 0.999999940 0.999999940
v 0.335354030 -1.88662028 -0.32446399 0.999999940 0.999999940 0.999999940
v 0.393346607 -1.9205749 -0.38890475 0.999999940 0.999999940 0.999999940
v 0.472986370 -1.94149601 -0.42796248 0.999999940 0.999999940 0.999999940
v 0.560706436 -1.94915271 -0.43524596 0.999999940 0.999999940 0.999999940
v 0.645875871 -1.93986678 -0.4126721 0.999999940 0.999999940 0.999999940
v 0.716716587 -1.9102 -0.36047089 0.999999940 0.999999940 0.999999940
v 0.759987592 -1.86934042 -0.28774706 0.999999940 0.999999940 0.999999940
v 0.772408604 -1.82415998 -0.20112354 0.999999940 0.999999940 0.999999940
v 0.749975085 -1.77988625 -0.11953673 0.999999940 0.999999940 0.999999940
v 0.695805072 -1.74281013 -0.05741995 0.999999940 0.999999940 0.999999940
v 0.615616917 -1.71608877 -0.02094572 0.999999940 0.999999940 0.999999940
v 0.520428240 -1.70503426 -0.01361338 0.999999940 0.999999940 0.999999940
v 0.397563278 -1.80199873 0.068377137 0.999999940 0.999999940 0.999999940
v 0.377586334 -1.92095149 0.164481088 0.999999940 0.999999940 0.999999940
v 0.425201058 -1.71878982 -0.03885772 0.999999940 0.999999940 0.999999940
v 0.609158277 -1.67797172 -0.12671128 0.999999940 0.999999940 0.999999940
v 0.531271874 -1.66578043 -0.13206559 0.999999940 0.999999940 0.999999940
v 0.457722246 -1.6747911 -0.16008483 0.999999940 0.999999940 0.999999940
v 0.667943716 -1.7051928 -0.12564467 0.999999940 0.999999940 0.999999940
v 0.687975287 -1.71466339 -0.18500131 0.999999940 0.999999940 0.999999940
v 0.697511911 -1.74475193 -0.25023726 0.999999940 0.999999940 0.999999940
v 0.684067606 -1.78414536 -0.31809127 0.999999940 0.999999940 0.999999940
v 0.651608467 -1.8204236 -0.37297562 0.999999940 0.999999940 0.999999940
v 0.622121691 -1.85939872 -0.40283611 0.999999940 0.999999940 0.999999940
v 0.566568970 -1.84945726 -0.41023088 0.999999940 0.999999940 0.999999940
v 0.497372120 -1.84951711 -0.40435284 0.999999940 0.999999940 0.999999940
v 0.434080481 -1.83784151 -0.38006532 0.999999940 0.999999940 0.999999940
v 0.391397476 -1.80469096 -0.33610299 0.999999940 0.999999940 0.999999940
v 0.382988303 -1.7650435 -0.28146625 0.999999940 0.999999940 0.999999940
v 0.459352493 -1.75489724 -0.34002051 0.999999940 0.999999940 0.999999940
v 0.465265572 -1.79314125 -0.37018353 0.999999940 0.999999940 0.999999940
v 0.462877392 -1.71220589 -0.29831102 0.999999940 0.999999940 0.999999940
v 0.516570031 -1.78682947 -0.37709442 0.999999940 0.999999940 0.999999940
v 0.583257615 -1.78887618 -0.38009983 0.999999940 0.999999940 0.999999940
v 0.604354202 -1.7413919 -0.33802372 0.999999940 0.999999940 0.999999940
v 0.616099357 -1.70263076 -0.28263599 0.999999940 0.999999940 0.999999940
v 0.617640376 -1.67445874 -0.2140443 0.999999940 0.999999940 0.999999940
v 0.538386464 -1.66623366 -0.23245816 0.999999940 0.999999940 0.999999940
v 0.466961622 -1.68126416 -0.24582165 0.999999940 0.999999940 0.999999940
v 0.347660601 -1.75201106 -0.09534277 0.999999940 0.999999940 0.999999940
v 0.400103271 -1.70486546 -0.17919856 0.999999940 0.999999940 0.999999940
v 0.392640054 -1.72663391 -0.23111728 0.999999940 0.999999940 0.999999940
v 0.305299162 -1.8416611 -0.0008949 0.999999940 0.999999940 0.999999940
v 0.539469838 -1.69265652 -0.29588026 0.999999940 0.999999940 0.999999940
v 0.530854284 -1.73510194 -0.3419179 0.999999940 0.999999940 0.999999940
v 0.276607751 -1.96134019 0.086570650 0.999999940 0.999999940 0.999999940
v 0.268514126 -2.09660172 0.159009322 0.999999940 0.999999940 0.999999940
v 0.370017230 -2.05637884 0.238435104 0.999999940 0.999999940 0.999999940
v 0.372449994 -2.19523311 0.295673668 0.999999940 0.999999940 0.999999940
v 0.275671124 -2.2329669 0.219335347 0.999999940 0.999999940 0.999999940
v 0.217808723 -2.28850126 0.114697866 0.999999940 0.999999940 0.999999940
v 0.239379659 -2.41533065 0.179025247 0.999999940 0.999999940 0.999999940
v 0.290455728 -2.36448073 0.272449672 0.999999940 0.999999940 0.999999940
v 0.377586543 -2.33302999 0.343172401 0.999999940 0.999999940 0.999999940
v 0.486116558 -2.32409978 0.379701912 0.999999940 0.999999940 0.999999940
v 0.473410904 -2.46453285 0.417059987 0.999999940 0.999999940 0.999999940
v 0.379204988 -2.46519613 0.384350597 0.999999940 0.999999940 0.999999940
v 0.304663121 -2.48752594 0.321945726 0.999999940 0.999999940 0.999999940
v 0.262290716 -2.53159308 0.241970121 0.999999940 0.999999940 0.999999940
v 0.282808423 -2.63428712 0.300855785 0.999999940 0.999999940 0.999999940
v -1.15503073 -3.7638979 -0.46894747 0.999999940 0.999999940 0.999999940
v -1.16586065 -3.71290612 -0.38746214 0.999999940 0.999999940 0.999999940
v -1.19528234 -3.63777423 -0.46713763 0.999999940 0.999999940 0.999999940
v -1.16687799 -3.71913242 -0.54803073 0.999999940 0.999999940 0.999999940
v -1.11809611 -3.82518339 -0.46618235 0.999999940 0.999999940 0.999999940
v -1.12182522 -3.77756023 -0.33010727 0.999999940 0.999999940 0.999999940
v -1.12248707 -3.7873702 -0.60153937 0.999999940 0.999999940 0.999999940
v -1.1283865 -3.67297649 -0.1988323 0.999999940 0.999999940 0.999999940
v -1.17745268 -3.61383748 -0.28099245 0.999999940 0.999999940 0.999999940
v -1.2125988 -3.54725027 -0.38457286 0.999999940 0.999999940 0.999999940
v -1.22946298 -3.50317216 -0.46879712 0.999999940 0.999999940 0.999999940
v -1.21167934 -3.55186033 -0.55050039 0.999999940 0.999999940 0.999999940
v -1.17670596 -3.62547541 -0.65008181 0.999999940 0.999999940 0.999999940
v -1.12750053 -3.69118142 -0.72603983 0.999999940 0.999999940 0.999999940
v -1.06387389 -3.84290671 -0.63232523 0.999999940 0.999999940 0.999999940
v -1.06255722 -3.88175583 -0.46085191 0.999999940 0.999999940 0.999999940
v -1.06525707 -3.74266505 -0.77694315 0.999999940 0.999999940 0.999999940
v -1.06502759 -3.83223486 -0.29077119 0.999999940 0.999999940 0.999999940
v -1.06660867 -3.71912241 -0.13915522 0.999999940 0.999999940 0.999999940
v -1.06531036 -3.56130099 -0.02451915 0.999999940 0.999999940 0.999999940
v -1.13137841 -3.52797413 -0.09756548 0.999999940 0.999999940 0.999999940
v -1.18451023 -3.48584199 -0.19939731 0.999999940 0.999999940 0.999999940
v -1.22231913 -3.43968558 -0.32737064 0.999999940 0.999999940 0.999999940
v -1.23877394 -3.41697645 -0.46959442 0.999999940 0.999999940 0.999999940
v -1.22006643 -3.44870663 -0.60829198 0.999999940 0.999999940 0.999999940
v -1.18129539 -3.50370073 -0.73209089 0.999999940 0.999999940 0.999999940
v -1.12933707 -3.55455732 -0.82842225 0.999999940 0.999999940 0.999999940
v -1.06389713 -3.59535146 -0.8953253 0.999999940 0.999999940 0.999999940
v -0.98137271 -3.62373638 -0.93282199 0.999999940 0.999999940 0.999999940
v -0.98685855 -3.77648735 -0.80618316 0.999999940 0.999999940 0.999999940
v -0.98450053 -3.87318707 -0.64280927 0.999999940 0.999999940 0.999999940
v -0.99100411 -3.92026019 -0.45681795 0.999999940 0.999999940 0.999999940
v -0.99078345 -3.86964035 -0.26614091 0.999999940 0.999999940 0.999999940
v -0.98782808 -3.75127411 -0.10227758 0.999999940 0.999999940 0.999999940
v -0.98138309 -3.58308887 0.020365385 0.999999940 0.999999940 0.999999940
v -0.97463804 -3.38866138 0.093569673 0.999999940 0.999999940 0.999999940
v -1.06136346 -3.37852001 0.043672367 0.999999940 0.999999940 0.999999940
v -1.12987101 -3.36256027 -0.03795294 0.999999940 0.999999940 0.999999940
v -1.18526053 -3.34104443 -0.1519603 0.999999940 0.999999940 0.999999940
v -1.22488379 -3.31668901 -0.29647011 0.999999940 0.999999940 0.999999940
v -1.24363577 -3.30465794 -0.47022912 0.999999940 0.999999940 0.999999940
v -1.22338712 -3.3276 -0.64188164 0.999999940 0.999999940 0.999999940
v -1.1831646 -3.36149645 -0.78285205 0.999999940 0.999999940 0.999999940
v -1.12901306 -3.39321375 -0.89266527 0.999999940 0.999999940 0.999999940
v -1.06098008 -3.41850519 -0.96950376 0.999999940 0.999999940 0.999999940
v -0.97532523 -3.43830967 -1.01462543 0.999999940 0.999999940 0.999999940
v -0.8775509 -3.44852543 -1.01995492 0.999999940 0.999999940 0.999999940
v -0.88804132 -3.63385677 -0.93537378 0.999999940 0.999999940 0.999999940
v -0.89621502 -3.78586698 -0.8068912 0.999999940 0.999999940 0.999999940
v -0.90533662 -3.88276172 -0.64610517 0.999999940 0.999999940 0.999999940
v -0.90918475 -3.92973971 -0.45616755 0.999999940 0.999999940 0.999999940
v -0.90434587 -3.88027501 -0.26164153 0.999999940 0.999999940 0.999999940
v -0.89579713 -3.75874901 -0.09483947 0.999999940 0.999999940 0.999999940
v -0.88554442 -3.58715725 0.029432267 0.999999940 0.999999940 0.999999940
v -0.87424189 -3.39050889 0.102264367 0.999999940 0.999999940 0.999999940
v -1.05423784 -3.18756795 0.063490331 0.999999940 0.999999940 0.999999940
v -0.96547323 -3.18752003 0.116332195 0.999999940 0.999999940 0.999999940
v -0.86414778 -3.18732214 0.125588864 0.999999940 0.999999940 0.999999940
v -1.12300968 -3.18829775 -0.01901001 0.999999940 0.999999940 0.999999940
v -1.18042195 -3.188972 -0.13667154 0.999999940 0.999999940 0.999999940
v -1.22132516 -3.18956971 -0.28633693 0.999999940 0.999999940 0.999999940
v -1.24024963 -3.19234252 -0.470155 0.999999940 0.999999940 0.999999940
v -1.22096765 -3.1997962 -0.65310794 0.999999940 0.999999940 0.999999940
v -1.17997074 -3.20839882 -0.80216312 0.999999940 0.999999940 0.999999940
v -1.1229403 -3.21764708 -0.91831619 0.999999940 0.999999940 0.999999940
v -1.05380142 -3.22645807 -0.99956107 0.999999940 0.999999940 0.999999940
v -0.96637726 -3.23562717 -1.04883218 0.999999940 0.999999940 0.999999940
v -0.8667562 -3.24428129 -1.05525804 0.999999940 0.999999940 0.999999940
v -0.77412224 -3.25117922 -1.01724589 0.999999940 0.999999940 0.999999940
v -0.7860713 -3.44661784 -0.98192114 0.999999940 0.999999940 0.999999940
v -0.79835236 -3.62289453 -0.90228599 0.999999940 0.999999940 0.999999940
v -0.81064737 -3.76941466 -0.77968276 0.999999940 0.999999940 0.999999940
v -0.8256923 -3.86655569 -0.63153529 0.999999940 0.999999940 0.999999940
v -0.83117723 -3.90795851 -0.45938009 0.999999940 0.999999940 0.999999940
v -0.82229108 -3.85902333 -0.27718505 0.999999940 0.999999940 0.999999940
v -0.80859208 -3.73993158 -0.11787491 0.999999940 0.999999940 0.999999940
v -0.79446471 -3.57223368 -0.00070163 0.999999940 0.999999940 0.999999940
v -0.78114688 -3.38279176 0.066985338 0.999999940 0.999999940 0.999999940
v -0.76948625 -3.18594289 0.087185971 0.999999940 0.999999940 0.999999940
v -0.95419663 -2.9864502 0.089391179 0.999999940 0.999999940 0.999999940
v -0.85514414 -2.98404193 0.097125664 0.999999940 0.999999940 0.999999940
v -0.76222289 -2.99244547 0.060547158 0.999999940 0.999999940 0.999999940
v -1.04179919 -2.99733067 0.040657118 0.999999940 0.999999940 0.999999940
v -1.1121434 -3.01465917 -0.04027872 0.999999940 0.999999940 0.999999940
v -1.1699053 -3.03844976 -0.15372863 0.999999940 0.999999940 0.999999940
v -1.21167111 -3.06419086 -0.29692188 0.999999940 0.999999940 0.999999940
v -1.23137617 -3.08243418 -0.46968156 0.999999940 0.999999940 0.999999940
v -1.21211171 -3.07257795 -0.64230436 0.999999940 0.999999940 0.999999940
v -1.17034125 -3.05501103 -0.78677917 0.999999940 0.999999940 0.999999940
v -1.11267424 -3.04040694 -0.90147531 0.999999940 0.999999940 0.999999940
v -1.0429225 -3.03053951 -0.98194075 0.999999940 0.999999940 0.999999940
v -0.95556736 -3.0274179 -1.02986383 0.999999940 0.999999940 0.999999940
v -0.85693425 -3.03333354 -1.03753817 0.999999940 0.999999940 0.999999940
v -0.76484394 -3.04803109 -1.00233603 0.999999940 0.999999940 0.999999940
v -0.69202405 -3.06876755 -0.93392956 0.999999940 0.999999940 0.999999940
v -0.69945318 -3.2573123 -0.94521463 0.999999940 0.999999940 0.999999940
v -0.71058607 -3.43616486 -0.91044796 0.999999940 0.999999940 0.999999940
v -0.72345817 -3.59586525 -0.83866787 0.999999940 0.999999940 0.999999940
v -0.73912346 -3.73096657 -0.72810322 0.999999940 0.999999940 0.999999940
v -0.75738668 -3.82358241 -0.59928334 0.999999940 0.999999940 0.999999940
v -0.76617682 -3.8620224 -0.46468493 0.999999940 0.999999940 0.999999940
v -0.75538099 -3.8169744 -0.31195658 0.999999940 0.999999940 0.999999940
v -0.73755419 -3.70181513 -0.16583246 0.999999940 0.999999940 0.999999940
v -0.72076821 -3.54275393 -0.05989237 0.999999940 0.999999940 0.999999940
v -0.70584363 -3.36570573 -0.00222421 0.999999940 0.999999940 0.999999940
v -0.69440794 -3.18523312 0.013701554 0.999999940 0.999999940 0.999999940
v -0.68814713 -3.00711203 -0.01029371 0.999999940 0.999999940 0.999999940
v -0.84894329 -2.79608202 0.017408870 0.999999940 0.999999940 0.999999940
v -0.75982237 -2.81191087 -0.01473434 0.999999940 0.999999940 0.999999940
v -0.68856007 -2.84100628 -0.07829376 0.999999940 0.999999940 0.999999940
v -0.94292843 -2.79991436 0.011726958 0.999999940 0.999999940 0.999999940
v -0.84616029 -2.64168501 -0.10901781 0.999999940 0.999999940 0.999999940
v -0.9327119 -2.64673615 -0.11354905 0.999999940 0.999999940 0.999999940
v -0.76344562 -2.66127324 -0.13383593 0.999999940 0.999999940 0.999999940
v -0.69440556 -2.70071483 -0.18437997 0.999999940 0.999999940 0.999999940
v -0.63006765 -2.88223243 -0.17296851 0.999999940 0.999999940 0.999999940
v -0.63678271 -2.75910664 -0.26462168 0.999999940 0.999999940 0.999999940
v -0.62926376 -3.02605009 -0.11321032 0.999999940 0.999999940 0.999999940
v -0.63504994 -3.18279862 -0.08931461 0.999999940 0.999999940 0.999999940
v -0.64458466 -3.34308338 -0.09977771 0.999999940 0.999999940 0.999999940
v -0.6592977 -3.50154877 -0.14596885 0.999999940 0.999999940 0.999999940
v -0.67820859 -3.64802074 -0.23651052 0.999999940 0.999999940 0.999999940
v -0.70075476 -3.75859404 -0.36437726 0.999999940 0.999999940 0.999999940
v -0.72044194 -3.80748844 -0.46094841 0.999999940 0.999999940 0.999999940
v -0.70081878 -3.76608729 -0.54218835 0.999999940 0.999999940 0.999999940
v -0.67764461 -3.67543936 -0.64949548 0.999999940 0.999999940 0.999999940
v -0.66130543 -3.55625677 -0.74382108 0.999999940 0.999999940 0.999999940
v -0.64837408 -3.41758513 -0.80713856 0.999999940 0.999999940 0.999999940
v -0.61130476 -3.50414896 -0.61739576 0.999999940 0.999999940 0.999999940
v -0.62900448 -3.60259104 -0.53992605 0.999999940 0.999999940 0.999999940
v -0.60019863 -3.39277577 -0.66991961 0.999999940 0.999999940 0.999999940
v -0.65806139 -3.68743706 -0.44361603 0.999999940 0.999999940 0.999999940
v -0.63061321 -3.58000422 -0.33085868 0.999999940 0.999999940 0.999999940
v -0.61065197 -3.45115376 -0.25927356 0.999999940 0.999999940 0.999999940
v -0.59655541 -3.31475735 -0.22791333 0.999999940 0.999999940 0.999999940
v -0.58801955 -3.1788125 -0.22545049 0.999999940 0.999999940 0.999999940
v -0.58420146 -3.04901123 -0.24953586 0.999999940 0.999999940 0.999999940
v -0.58541763 -2.93457818 -0.29999554 0.999999940 0.999999940 0.999999940
v -0.59310097 -2.83827043 -0.37909421 0.999999940 0.999999940 0.999999940
v -0.65342641 -2.67079115 -0.36603898 0.999999940 0.999999940 0.999999940
v -0.70676112 -2.60727739 -0.30866987 0.999999940 0.999999940 0.999999940
v -0.61458826 -2.75182605 -0.47714293 0.999999940 0.999999940 0.999999940
v -0.77130413 -2.55978227 -0.27978149 0.999999940 0.999999940 0.999999940
v -0.84649652 -2.53455114 -0.2686967 0.999999940 0.999999940 0.999999940
v -0.76707083 -2.50879264 -0.44779184 0.999999940 0.999999940 0.999999940
v -0.84429109 -2.47804236 -0.45325404 0.999999940 0.999999940 0.999999940
v -0.70584172 -2.5639739 -0.43778902 0.999999940 0.999999940 0.999999940
v -0.66389382 -2.6269815 -0.44368538 0.999999940 0.999999940 0.999999940
v -0.65042448 -2.67531061 -0.55417889 0.999999940 0.999999940 0.999999940
v -0.59683055 -2.85669661 -0.59345597 0.999999940 0.999999940 0.999999940
v -0.63818419 -2.78373218 -0.6914748 0.999999940 0.999999940 0.999999940
v -0.57131147 -2.93232417 -0.48783052 0.999999940 0.999999940 0.999999940
v -0.56575179 -2.97825503 -0.40639827 0.999999940 0.999999940 0.999999940
v -0.56126297 -3.06169939 -0.40355611 0.999999940 0.999999940 0.999999940
v -0.56256241 -3.17127657 -0.38548258 0.999999940 0.999999940 0.999999940
v -0.56921148 -3.28576851 -0.37696287 0.999999940 0.999999940 0.999999940
v -0.5819214 -3.40133095 -0.38706172 0.999999940 0.999999940 0.999999940
v -0.5982855 -3.50838137 -0.43281722 0.999999940 0.999999940 0.999999940
v -0.58771938 -3.46088791 -0.51353002 0.999999940 0.999999940 0.999999940
v -0.57589942 -3.37813663 -0.51795828 0.999999940 0.999999940 0.999999940
v -0.56664735 -3.26785636 -0.54198563 0.999999940 0.999999940 0.999999940
v -0.56347811 -3.15188861 -0.55364972 0.999999940 0.999999940 0.999999940
v -0.56386435 -3.03553176 -0.53961432 0.999999940 0.999999940 0.999999940
v -0.58896673 -2.98504782 -0.66820669 0.999999940 0.999999940 0.999999940
v -0.63133264 -2.93206692 -0.78587776 0.999999940 0.999999940 0.999999940
v -0.68957853 -2.88605356 -0.87408447 0.999999940 0.999999940 0.999999940
v -0.69315058 -2.72379971 -0.7639569 0.999999940 0.999999940 0.999999940
v -0.70284343 -2.6081214 -0.60783905 0.999999940 0.999999940 0.999999940
v -0.7680409 -2.55860901 -0.64137143 0.999999940 0.999999940 0.999999940
v -0.84566492 -2.53327465 -0.65722483 0.999999940 0.999999940 0.999999940
v -0.9293924 -2.48241997 -0.45661551 0.999999940 0.999999940 0.999999940
v -0.9275614 -2.53923225 -0.27253661 0.999999940 0.999999940 0.999999940
v -0.92863244 -2.53848195 -0.65633225 0.999999940 0.999999940 0.999999940
v -0.84588146 -2.65720987 -0.83431357 0.999999940 0.999999940 0.999999940
v -0.93540323 -2.65851569 -0.82930267 0.999999940 0.999999940 0.999999940
v -0.76267701 -2.68069363 -0.8120541 0.999999940 0.999999940 0.999999940
v -0.76085782 -2.85247612 -0.93382931 0.999999940 0.999999940 0.999999940
v -0.63278973 -3.09510922 -0.83349454 0.999999940 0.999999940 0.999999940
v -0.58757174 -3.12485218 -0.70319921 0.999999940 0.999999940 0.999999940
v -0.59268558 -3.26431799 -0.70149767 0.999999940 0.999999940 0.999999940
v -0.63929164 -3.26148629 -0.83952022 0.999999940 0.999999940 0.999999940
v -0.8494966 -2.83125734 -0.96458083 0.999999940 0.999999940 0.999999940
v -0.94505358 -2.82893705 -0.9568429 0.999999940 0.999999940 0.999999940
v -1.03000307 -2.8448503 -0.91388416 0.999999940 0.999999940 0.999999940
v -1.01540279 -2.68502235 -0.79667044 0.999999940 0.999999940 0.999999940
v -1.00451362 -2.5736537 -0.63886857 0.999999940 0.999999940 0.999999940
v -1.00623596 -2.52593684 -0.45981795 0.999999940 0.999999940 0.999999940
v -1.00123692 -2.57388878 -0.29117459 0.999999940 0.999999940 0.999999940
v -1.01157701 -2.6746738 -0.14485097 0.999999940 0.999999940 0.999999940
v -1.07923639 -2.72187281 -0.20097779 0.999999940 0.999999940 0.999999940
v -1.0675652 -2.63137197 -0.3274861 0.999999940 0.999999940 0.999999940
v -1.06893992 -2.59477878 -0.4648824 0.999999940 0.999999940 0.999999940
v -1.07010341 -2.63134456 -0.6061213 0.999999940 0.999999940 0.999999940
v -1.0828464 -2.7288518 -0.73874962 0.999999940 0.999999940 0.999999940
v -1.09868264 -2.87337613 -0.84206438 0.999999940 0.999999940 0.999999940
v -1.15600932 -2.91155505 -0.73921204 0.999999940 0.999999940 0.999999940
v -1.13942969 -2.78894854 -0.65553117 0.999999940 0.999999940 0.999999940
v -1.12485075 -2.70571232 -0.54782081 0.999999940 0.999999940 0.999999940
v -1.11559653 -2.66348004 -0.46863422 0.999999940 0.999999940 0.999999940
v -1.12351668 -2.70465183 -0.38749528 0.999999940 0.999999940 0.999999940
v -1.13700831 -2.78537846 -0.28381279 0.999999940 0.999999940 0.999999940
v -1.15436828 -2.90009761 -0.2027701 0.999999940 0.999999940 0.999999940
v -1.09661889 -2.85571671 -0.10138001 0.999999940 0.999999940 0.999999940
v -1.02671504 -2.82095003 -0.02957211 0.999999940 0.999999940 0.999999940
v -1.19715583 -2.94898152 -0.3295342 0.999999940 0.999999940 0.999999940
v -1.17882943 -2.85421681 -0.38732132 0.999999940 0.999999940 0.999999940
v -1.160514 -2.77603865 -0.46854991 0.999999940 0.999999940 0.999999940
v -1.17918921 -2.85527945 -0.55063766 0.999999940 0.999999940 0.999999940
v -1.19770277 -2.9537425 -0.60965419 0.999999940 0.999999940 0.999999940
v -1.19875336 -2.89605141 -0.46843866 0.999999940 0.999999940 0.999999940
v -1.21755087 -2.97467446 -0.46930584 0.999999940 0.999999940 0.999999940
v -0.83737391 -3.93490076 -0.72531921 0.999999940 0.999999940 0.999999940
v -0.81086802 -3.9713397 -0.73003525 0.999999940 0.999999940 0.999999940
v -0.8531788 -3.99291897 -0.77282399 0.999999940 0.999999940 0.999999940
v -0.87410355 -3.94497228 -0.7515161 0.999999940 0.999999940 0.999999940
v -0.88418031 -3.89783907 -0.70231611 0.999999940 0.999999940 0.999999940
v -0.83374137 -3.90884852 -0.68490595 0.999999940 0.999999940 0.999999940
v -0.79128301 -3.95128274 -0.67323321 0.999999940 0.999999940 0.999999940
v -0.77421975 -4.00373745 -0.66589767 0.999999940 0.999999940 0.999999940
v -0.79720569 -4.01803398 -0.71813232 0.999999940 0.999999940 0.999999940
v -0.83865726 -4.04312515 -0.75967115 0.999999940 0.999999940 0.999999940
v -0.8995297 -4.0769453 -0.76543564 0.999999940 0.999999940 0.999999940
v -0.92094606 -4.02191448 -0.78418845 0.999999940 0.999999940 0.999999940
v -0.92572153 -3.96314192 -0.77036047 0.999999940 0.999999940 0.999999940
v -0.93596798 -3.90770721 -0.72415394 0.999999940 0.999999940 0.999999940
v -0.89860272 -3.86011219 -0.62913287 0.999999940 0.999999940 0.999999940
v -0.83339697 -3.88462257 -0.61158139 0.999999940 0.999999940 0.999999940
v -0.96552724 -3.86867237 -0.64728886 0.999999940 0.999999940 0.999999940
v -0.78164619 -3.93476462 -0.60012436 0.999999940 0.999999940 0.999999940
v -0.76101196 -3.99758482 -0.59456778 0.999999940 0.999999940 0.999999940
v -0.79484302 -4.05330896 -0.70368195 0.999999940 0.999999940 0.999999940
v -0.78061259 -4.05677366 -0.66265059 0.999999940 0.999999940 0.999999940
v -0.7688576 -4.06335926 -0.59315586 0.999999940 0.999999940 0.999999940
v -0.8236528 -4.08556747 -0.71983314 0.999999940 0.999999940 0.999999940
v -0.8756851 -4.11650658 -0.72123051 0.999999940 0.999999940 0.999999940
v -0.97229493 -4.09972525 -0.72751212 0.999999940 0.999999940 0.999999940
v -0.99195671 -4.03827858 -0.74734139 0.999999940 0.999999940 0.999999940
v -0.93394846 -4.1366539 -0.69387698 0.999999940 0.999999940 0.999999940
v -0.98693377 -3.9774828 -0.74818808 0.999999940 0.999999940 0.999999940
v -0.97916692 -3.93437839 -0.72617888 0.999999940 0.999999940 0.999999940
v -1.02420211 -3.90940499 -0.66307497 0.999999940 0.999999940 0.999999940
v -0.99598885 -3.84359264 -0.54975426 0.999999940 0.999999940 0.999999940
v -0.91563737 -3.83276892 -0.53427625 0.999999940 0.999999940 0.999999940
v -1.06485426 -3.88912034 -0.56650281 0.999999940 0.999999940 0.999999940
v -0.83911043 -3.85906863 -0.52124012 0.999999940 0.999999940 0.999999940
v -0.78275567 -3.91556931 -0.51153803 0.999999940 0.999999940 0.999999940
v -0.75699317 -3.99052024 -0.50693893 0.999999940 0.999999940 0.999999940
v -0.7646662 -4.06484365 -0.50615388 0.999999940 0.999999940 0.999999940
v -0.80318767 -4.12594318 -0.50624573 0.999999940 0.999999940 0.999999940
v -0.80327237 -4.11964941 -0.59455138 0.999999940 0.999999940 0.999999940
v -0.81130719 -4.10566998 -0.66549391 0.999999940 0.999999940 0.999999940
v -0.85923201 -4.13916969 -0.66588157 0.999999940 0.999999940 0.999999940
v -0.90362656 -4.1570549 -0.66045338 0.999999940 0.999999940 0.999999940
v -0.91940016 -4.1658473 -0.60936928 0.999999940 0.999999940 0.999999940
v -0.98219323 -4.14980412 -0.63077128 0.999999940 0.999999940 0.999999940
v -1.0334506 -4.10785484 -0.65575123 0.999999940 0.999999940 0.999999940
v -1.06349707 -4.04443741 -0.67371845 0.999999940 0.999999940 0.999999940
v -1.05899525 -3.97234607 -0.67423999 0.999999940 0.999999940 0.999999940
v -1.10758901 -3.95988035 -0.57917368 0.999999940 0.999999940 0.999999940
v -1.09788978 -3.87637162 -0.44635004 0.999999940 0.999999940 0.999999940
v -1.0212239 -3.82915831 -0.42949408 0.999999940 0.999999940 0.999999940
v -1.14714527 -3.94843006 -0.45785916 0.999999940 0.999999940 0.999999940
v -0.93288994 -3.81826925 -0.41451764 0.999999940 0.999999940 0.999999940
v -0.85042214 -3.84600806 -0.40477526 0.999999940 0.999999940 0.999999940
v -0.78831184 -3.9043119 -0.39925992 0.999999940 0.999999940 0.999999940
v -0.75839609 -3.98229074 -0.39549848 0.999999940 0.999999940 0.999999940
v -0.76687956 -4.06004906 -0.39291638 0.999999940 0.999999940 0.999999940
v -0.81041139 -4.12332153 -0.39215356 0.999999940 0.999999940 0.999999940
v -0.86565304 -4.16405153 -0.50832951 0.999999940 0.999999940 0.999999940
v -0.856673 -4.15476608 -0.59843755 0.999999940 0.999999940 0.999999940
v -0.88151044 -4.16158009 -0.39720359 0.999999940 0.999999940 0.999999940
v -0.94338334 -4.17410898 -0.51904464 0.999999940 0.999999940 0.999999940
v -1.02001691 -4.15616703 -0.54008824 0.999999940 0.999999940 0.999999940
v -1.08153188 -4.10972023 -0.56353188 0.999999940 0.999999940 0.999999940
v -1.11459148 -4.03910637 -0.57863826 0.999999940 0.999999940 0.999999940
v -1.15395832 -4.03064775 -0.45879883 0.999999940 0.999999940 0.999999940
v -1.17291737 -3.94489312 -0.30844018 0.999999940 0.999999940 0.999999940
v -1.12343276 -3.87525606 -0.29746696 0.999999940 0.999999940 0.999999940
v -1.18410099 -4.02904606 -0.31326893 0.999999940 0.999999940 0.999999940
v -1.04494607 -3.82962561 -0.28136802 0.999999940 0.999999940 0.999999940
v -0.95186168 -3.81937146 -0.26553884 0.999999940 0.999999940 0.999999940
v -0.86497086 -3.84661555 -0.25696859 0.999999940 0.999999940 0.999999940
v -0.8014586 -3.90291119 -0.25457653 0.999999940 0.999999940 0.999999940
v -0.76956004 -3.97828746 -0.25364453 0.999999940 0.999999940 0.999999940
v -0.77938545 -4.05553722 -0.25410032 0.999999940 0.999999940 0.999999940
v -0.82855844 -4.11842871 -0.25959638 0.999999940 0.999999940 0.999999940
v -0.90469468 -4.15833569 -0.27112639 0.999999940 0.999999940 0.999999940
v -0.96894389 -4.17253065 -0.41135842 0.999999940 0.999999940 0.999999940
v -0.99574029 -4.17037106 -0.28729355 0.999999940 0.999999940 0.999999940
v -1.05393219 -4.15304947 -0.43173808 0.999999940 0.999999940 0.999999940
v -1.11996472 -4.10437918 -0.44976643 0.999999940 0.999999940 0.999999940
v -1.14980483 -4.10441971 -0.31061733 0.999999940 0.999999940 0.999999940
v -1.19766808 -4.03478527 -0.17271392 0.999999940 0.999999940 0.999999940
v -1.18550634 -3.95470715 -0.16215259 0.999999940 0.999999940 0.999999940
v -1.16457069 -4.1105361 -0.17688301 0.999999940 0.999999940 0.999999940
v -1.13806272 -3.88846111 -0.1488229 0.999999940 0.999999940 0.999999940
v -1.06220937 -3.84663892 -0.13487111 0.999999940 0.999999940 0.999999940
v -0.97204542 -3.83815813 -0.12169975 0.999999940 0.999999940 0.999999940
v -0.88908494 -3.86374664 -0.11340444 0.999999940 0.999999940 0.999999940
v -0.82764637 -3.91465068 -0.10985336 0.999999940 0.999999940 0.999999940
v -0.79471093 -3.98724747 -0.11203073 0.999999940 0.999999940 0.999999940
v -0.80579853 -4.06375217 -0.12204476 0.999999940 0.999999940 0.999999940
v -0.85498405 -4.12474442 -0.13773325 0.999999940 0.999999940 0.999999940
v -0.93012589 -4.16194677 -0.15271586 0.999999940 0.999999940 0.999999940
v -1.01686478 -4.17480612 -0.1648069 0.999999940 0.999999940 0.999999940
v -1.08279443 -4.1533289 -0.30164507 0.999999940 0.999999940 0.999999940
v -1.09886432 -4.15841722 -0.17343742 0.999999940 0.999999940 0.999999940
v -1.16920733 -4.12384081 -0.06540699 0.999999940 0.999999940 0.999999940
v -1.20174277 -4.04935169 -0.0571319 0.999999940 0.999999940 0.999999940
v -1.1041981 -4.16546869 -0.06613474 0.999999940 0.999999940 0.999999940
v -1.18733788 -3.97232771 -0.04409333 0.999999940 0.999999940 0.999999940
v -1.13928163 -3.91141582 -0.02946646 0.999999940 0.999999940 0.999999940
v -1.07009757 -3.87442493 -0.01623899 0.999999940 0.999999940 0.999999940
v -0.99012959 -3.86786413 -0.00492798 0.999999940 0.999999940 0.999999940
v -0.91573846 -3.89014316 0.003196006 0.999999940 0.999999940 0.999999940
v -0.85684097 -3.93677831 0.004348330 0.999999940 0.999999940 0.999999940
v -0.81883901 -4.00665236 -0.00365939 0.999999940 0.999999940 0.999999940
v -0.82795262 -4.08347988 -0.02170108 0.999999940 0.999999940 0.999999940
v -0.87794262 -4.1391983 -0.04108294 0.999999940 0.999999940 0.999999940
v -0.94742113 -4.16911697 -0.05440907 0.999999940 0.999999940 0.999999940
v -1.02667129 -4.17948818 -0.0621101 0.999999940 0.999999940 0.999999940
v -1.0993681 -4.17383766 0.027917433 0.999999940 0.999999940 0.999999940
v -1.16353834 -4.14040899 0.033920262 0.999999940 0.999999940 0.999999940
v -1.02822971 -4.18118095 0.025811895 0.999999940 0.999999940 0.999999940
v -1.19995999 -4.06265545 0.046029765 0.999999940 0.999999940 0.999999940
v -1.17940128 -3.99168539 0.059077590 0.999999940 0.999999940 0.999999940
v -1.13069284 -3.940027 0.070813253 0.999999940 0.999999940 0.999999940
v -1.07144117 -3.91180944 0.082925677 0.999999940 0.999999940 0.999999940
v -1.006464 -3.90623641 0.092980906 0.999999940 0.999999940 0.999999940
v -0.94130903 -3.92668748 0.097641967 0.999999940 0.999999940 0.999999940
v -0.88504797 -3.96741128 0.096332877 0.999999940 0.999999940 0.999999940
v -0.84597808 -4.02993679 0.087422423 0.999999940 0.999999940 0.999999940
v -0.84888005 -4.10337925 0.066591776 0.999999940 0.999999940 0.999999940
v -0.8965162 -4.15455532 0.046810962 0.999999940 0.999999940 0.999999940
v -0.95951349 -4.17542505 0.032388273 0.999999940 0.999999940 0.999999940
v -1.02735662 -4.1755662 0.095968931 0.999999940 0.999999940 0.999999940
v -1.08265674 -4.16771984 0.104314953 0.999999940 0.999999940 0.999999940
v -0.97643131 -4.17289114 0.101726591 0.999999940 0.999999940 0.999999940
v -1.13601649 -4.13923264 0.120320826 0.999999940 0.999999940 0.999999940
v -1.16854239 -4.07072163 0.135834425 0.999999940 0.999999940 0.999999940
v -1.15020585 -4.00592756 0.142858266 0.999999940 0.999999940 0.999999940
v -1.11724806 -3.96594429 0.131550461 0.999999940 0.999999940 0.999999940
v -1.07888532 -3.95747471 0.152988165 0.999999940 0.999999940 0.999999940
v -1.0249548 -3.954041 0.163388341 0.999999940 0.999999940 0.999999940
v -0.96799123 -3.96788383 0.166042774 0.999999940 0.999999940 0.999999940
v -0.91673857 -4.00224304 0.163678959 0.999999940 0.999999940 0.999999940
v -0.88835812 -4.05361509 0.156127601 0.999999940 0.999999940 0.999999940
v -0.88683152 -4.11107159 0.140330389 0.999999940 0.999999940 0.999999940
v -0.92487973 -4.15783882 0.123219609 0.999999940 0.999999940 0.999999940
v -1.02584076 -4.16877174 0.136449739 0.999999940 0.999999940 0.999999940
v -0.99588454 -4.15738106 0.152445778 0.999999940 0.999999940 0.999999940
v -0.95544291 -4.13787365 0.174894228 0.999999940 0.999999940 0.999999940
v -1.05662251 -4.15502262 0.155249565 0.999999940 0.999999940 0.999999940
v -1.09126639 -4.1200881 0.177111074 0.999999940 0.999999940 0.999999940
v -1.10775137 -4.0633707 0.197652563 0.999999940 0.999999940 0.999999940
v -1.09786654 -4.00470209 0.187709510 0.999999940 0.999999940 0.999999940
v -1.04619563 -4.00585747 0.205962419 0.999999940 0.999999940 0.999999940
v -0.99783897 -4.01890516 0.209564209 0.999999940 0.999999940 0.999999940
v -0.95913553 -4.04507303 0.208659902 0.999999940 0.999999940 0.999999940
v -0.93645215 -4.0773716 0.197747498 0.999999940 0.999999940 0.999999940
v -0.92487901 -4.11203766 0.174147367 0.999999940 0.999999940 0.999999940
v -0.97916794 -4.11226845 0.200385063 0.999999940 0.999999940 0.999999940
v -1.02337956 -4.13887501 0.185661390 0.999999940 0.999999940 0.999999940
v -1.04055512 -4.10606623 0.209458857 0.999999940 0.999999940 0.999999940
v -1.05490971 -4.06429291 0.218721747 0.999999940 0.999999940 0.999999940
v -1.01831055 -4.05035305 0.220283985 0.999999940 0.999999940 0.999999940
v -1.00353038 -4.08770514 0.215601041 0.999999940 0.999999940 0.999999940
v 1.164408326 -3.71844625 -0.5476681 0.999999940 0.999999940 0.999999940
v 1.195725679 -3.63780975 -0.46714777 0.999999940 0.999999940 0.999999940
v 1.166105747 -3.71298599 -0.38743836 0.999999940 0.999999940 0.999999940
v 1.151074171 -3.76273632 -0.46904677 0.999999940 0.999999940 0.999999940
v 1.117640018 -3.82483912 -0.466223 0.999999940 0.999999940 0.999999940
v 1.121991753 -3.78710055 -0.60135031 0.999999940 0.999999940 0.999999940
v 1.176760792 -3.62555265 -0.65006346 0.999999940 0.999999940 0.999999940
v 1.127733349 -3.69130516 -0.72609067 0.999999940 0.999999940 0.999999940
v 1.211340308 -3.55179334 -0.5504598 0.999999940 0.999999940 0.999999940
v 1.212417841 -3.54718566 -0.3845928 0.999999940 0.999999940 0.999999940
v 1.227251887 -3.5028863 -0.46859607 0.999999940 0.999999940 0.999999940
v 1.177454233 -3.61383104 -0.2809827 0.999999940 0.999999940 0.999999940
v 1.121858596 -3.77757716 -0.330098 0.999999940 0.999999940 0.999999940
v 1.128316521 -3.67293787 -0.19885933 0.999999940 0.999999940 0.999999940
v 1.062266349 -3.88150549 -0.46097761 0.999999940 0.999999940 0.999999940
v 1.063735127 -3.84279799 -0.63227385 0.999999940 0.999999940 0.999999940
v 1.064512610 -3.83181953 -0.29101363 0.999999940 0.999999940 0.999999940
v 1.065655946 -3.74302936 -0.77718925 0.999999940 0.999999940 0.999999940
v 1.129393339 -3.55457878 -0.8284499 0.999999940 0.999999940 0.999999940
v 1.181860566 -3.5038271 -0.73226249 0.999999940 0.999999940 0.999999940
v 1.063583374 -3.59515095 -0.89502734 0.999999940 0.999999940 0.999999940
v 1.219095706 -3.44852901 -0.60815036 0.999999940 0.999999940 0.999999940
v 1.233765125 -3.41658044 -0.46952543 0.999999940 0.999999940 0.999999940
v 1.222027421 -3.43964505 -0.32741839 0.999999940 0.999999940 0.999999940
v 1.184456348 -3.48584747 -0.19942221 0.999999940 0.999999940 0.999999940
v 1.131122469 -3.52791166 -0.0977089 0.999999940 0.999999940 0.999999940
v 1.065337538 -3.56126761 -0.02451866 0.999999940 0.999999940 0.999999940
v 1.066926717 -3.71937847 -0.13890347 0.999999940 0.999999940 0.999999940
v 0.991053819 -3.86993837 -0.26604971 0.999999940 0.999999940 0.999999940
v 0.991022944 -3.920017 -0.45680147 0.999999940 0.999999940 0.999999940
v 0.987686216 -3.75100899 -0.10252801 0.999999940 0.999999940 0.999999940
v 0.985535860 -3.87139654 -0.64414865 0.999999940 0.999999940 0.999999940
v 0.986276984 -3.77549028 -0.80535811 0.999999940 0.999999940 0.999999940
v 0.981230855 -3.62354302 -0.93251944 0.999999940 0.999999940 0.999999940
v 1.128491640 -3.39310765 -0.89234877 0.999999940 0.999999940 0.999999940
v 1.061089873 -3.41853523 -0.96962047 0.999999940 0.999999940 0.999999940
v 0.975386023 -3.43836212 -1.01481104 0.999999940 0.999999940 0.999999940
v 1.183711290 -3.36156225 -0.78305495 0.999999940 0.999999940 0.999999940
v 1.223533034 -3.32760763 -0.64191103 0.999999940 0.999999940 0.999999940
v 1.243559360 -3.30466509 -0.47020563 0.999999940 0.999999940 0.999999940
v 1.224921464 -3.3166995 -0.29646495 0.999999940 0.999999940 0.999999940
v 1.185447335 -3.34105921 -0.15188316 0.999999940 0.999999940 0.999999940
v 1.129818201 -3.36256957 -0.03799937 0.999999940 0.999999940 0.999999940
v 1.061357140 -3.37854147 0.043684620 0.999999940 0.999999940 0.999999940
v 0.974736690 -3.38870001 0.093723818 0.999999940 0.999999940 0.999999940
v 0.981498241 -3.5831666 0.020707232 0.999999940 0.999999940 0.999999940
v 0.895780146 -3.75906467 -0.09458228 0.999999940 0.999999940 0.999999940
v 0.904307961 -3.88016987 -0.26155287 0.999999940 0.999999940 0.999999940
v 0.885538697 -3.5870285 0.029242415 0.999999940 0.999999940 0.999999940
v 0.909156322 -3.92964649 -0.45617771 0.999999940 0.999999940 0.999999940
v 0.905351519 -3.88209915 -0.64587337 0.999999940 0.999999940 0.999999940
v 0.896261930 -3.78476167 -0.80613708 0.999999940 0.999999940 0.999999940
v 0.888024330 -3.63398886 -0.93557763 0.999999940 0.999999940 0.999999940
v 0.877655565 -3.44821334 -1.01911521 0.999999940 0.999999940 0.999999940
v 0.966231226 -3.23559761 -1.04838085 0.999999940 0.999999940 0.999999940
v 1.053982853 -3.22646332 -0.99977934 0.999999940 0.999999940 0.999999940
v 0.866736531 -3.24428082 -1.05534077 0.999999940 0.999999940 0.999999940
v 1.123170852 -3.21764851 -0.91847026 0.999999940 0.999999940 0.999999940
v 1.179612636 -3.20840144 -0.80201709 0.999999940 0.999999940 0.999999940
v 1.221091747 -3.19979119 -0.65313655 0.999999940 0.999999940 0.999999940
v 1.240217328 -3.19234204 -0.47015768 0.999999940 0.999999940 0.999999940
v 1.221204996 -3.18957353 -0.28636357 0.999999940 0.999999940 0.999999940
v 1.180314898 -3.18897581 -0.13671806 0.999999940 0.999999940 0.999999940
v 1.123209714 -3.18829298 -0.01887303 0.999999940 0.999999940 0.999999940
v 1.054309845 -3.1875608 0.063588179 0.999999940 0.999999940 0.999999940
v 0.965443193 -3.18747258 0.116278588 0.999999940 0.999999940 0.999999940
v 0.874171495 -3.39057589 0.102471001 0.999999940 0.999999940 0.999999940
v 0.864175379 -3.18724489 0.125485956 0.999999940 0.999999940 0.999999940
v 0.794304728 -3.57238436 -0.00044375 0.999999940 0.999999940 0.999999940
v 0.781350970 -3.38271904 0.066691070 0.999999940 0.999999940 0.999999940
v 0.808683514 -3.7397933 -0.1179661 0.999999940 0.999999940 0.999999940
v 0.822355270 -3.8588562 -0.27721691 0.999999940 0.999999940 0.999999940
v 0.831333816 -3.90728903 -0.45964611 0.999999940 0.999999940 0.999999940
v 0.825632989 -3.86646795 -0.63170785 0.999999940 0.999999940 0.999999940
v 0.811209619 -3.76861238 -0.77904814 0.999999940 0.999999940 0.999999940
v 0.798361182 -3.62292552 -0.90229201 0.999999940 0.999999940 0.999999940
v 0.785799026 -3.44677973 -0.98235965 0.999999940 0.999999940 0.999999940
v 0.774005293 -3.25119734 -1.01743805 0.999999940 0.999999940 0.999999940
v 0.856914937 -3.03330731 -1.03764141 0.999999940 0.999999940 0.999999940
v 0.765168368 -3.04809856 -1.00185657 0.999999940 0.999999940 0.999999940
v 0.955637693 -3.02735758 -1.03013778 0.999999940 0.999999940 0.999999940
v 1.042726993 -3.03060007 -0.98169076 0.999999940 0.999999940 0.999999940
v 1.112624287 -3.04041481 -0.90144128 0.999999940 0.999999940 0.999999940
v 1.170287370 -3.05501914 -0.78675818 0.999999940 0.999999940 0.999999940
v 1.212059974 -3.07258391 -0.64229268 0.999999940 0.999999940 0.999999940
v 1.231345892 -3.08243704 -0.46967894 0.999999940 0.999999940 0.999999940
v 1.211636424 -3.06419396 -0.2969299 0.999999940 0.999999940 0.999999940
v 1.169885397 -3.03845072 -0.15373665 0.999999940 0.999999940 0.999999940
v 1.112136602 -3.0146606 -0.04029012 0.999999940 0.999999940 0.999999940
v 1.041811227 -2.99735117 0.040677372 0.999999940 0.999999940 0.999999940
v 0.954176962 -2.98648548 0.089362576 0.999999940 0.999999940 0.999999940
v 0.855166316 -2.9840827 0.097013048 0.999999940 0.999999940 0.999999940
v 0.769531726 -3.18597412 0.087112575 0.999999940 0.999999940 0.999999940
v 0.762205243 -2.99242187 0.060572110 0.999999940 0.999999940 0.999999940
v 0.694540023 -3.18522835 0.013609719 0.999999940 0.999999940 0.999999940
v 0.705657303 -3.36574697 -0.00207501 0.999999940 0.999999940 0.999999940
v 0.720744490 -3.54274321 -0.05986253 0.999999940 0.999999940 0.999999940
v 0.737744092 -3.70168686 -0.16596881 0.999999940 0.999999940 0.999999940
v 0.755717039 -3.81667852 -0.31215692 0.999999940 0.999999940 0.999999940
v 0.766970932 -3.86112261 -0.46480668 0.999999940 0.999999940 0.999999940
v 0.756928324 -3.82416821 -0.59943706 0.999999940 0.999999940 0.999999940
v 0.738429367 -3.73156309 -0.72848576 0.999999940 0.999999940 0.999999940
v 0.723603725 -3.59577084 -0.83855009 0.999999940 0.999999940 0.999999940
v 0.710290432 -3.4362669 -0.91068435 0.999999940 0.999999940 0.999999940
v 0.699804008 -3.25726342 -0.94493389 0.999999940 0.999999940 0.999999940
v 0.691901147 -3.06875634 -0.93402702 0.999999940 0.999999940 0.999999940
v 0.760647773 -2.85235047 -0.93409884 0.999999940 0.999999940 0.999999940
v 0.689230978 -2.8859508 -0.87431931 0.999999940 0.999999940 0.999999940
v 0.849629998 -2.83154488 -0.96397489 0.999999940 0.999999940 0.999999940
v 0.632391095 -3.09509826 -0.83367676 0.999999940 0.999999940 0.999999940
v 0.631786882 -2.93214011 -0.78569382 0.999999940 0.999999940 0.999999940
v 0.638824343 -3.26153708 -0.83974159 0.999999940 0.999999940 0.999999940
v 0.648754060 -3.41749024 -0.80696386 0.999999940 0.999999940 0.999999940
v 0.661299586 -3.55625772 -0.74381661 0.999999940 0.999999940 0.999999940
v 0.678125977 -3.67516565 -0.64933765 0.999999940 0.999999940 0.999999940
v 0.702020824 -3.76523399 -0.54195952 0.999999940 0.999999940 0.999999940
v 0.721491634 -3.80672264 -0.46105307 0.999999940 0.999999940 0.999999940
v 0.701398789 -3.75824428 -0.36454636 0.999999940 0.999999940 0.999999940
v 0.678397119 -3.6479454 -0.23658124 0.999999940 0.999999940 0.999999940
v 0.659459948 -3.50150418 -0.14604318 0.999999940 0.999999940 0.999999940
v 0.644789814 -3.34305716 -0.09987332 0.999999940 0.999999940 0.999999940
v 0.634842336 -3.18280125 -0.0892226 0.999999940 0.999999940 0.999999940
v 0.688131749 -3.00712419 -0.01027793 0.999999940 0.999999940 0.999999940
v 0.629127860 -3.02603865 -0.11315408 0.999999940 0.999999940 0.999999940
v 0.584485292 -3.04904842 -0.24959055 0.999999940 0.999999940 0.999999940
v 0.588209986 -3.17881489 -0.22549453 0.999999940 0.999999940 0.999999940
v 0.596856474 -3.31473327 -0.22798587 0.999999940 0.999999940 0.999999940
v 0.610718846 -3.45114136 -0.25929046 0.999999940 0.999999940 0.999999940
v 0.630189538 -3.58012676 -0.33077925 0.999999940 0.999999940 0.999999940
v 0.659214496 -3.68698335 -0.44371259 0.999999940 0.999999940 0.999999940
v 0.629962265 -3.60219526 -0.53979015 0.999999940 0.999999940 0.999999940
v 0.611786186 -3.50400567 -0.61728138 0.999999940 0.999999940 0.999999940
v 0.600256204 -3.39276433 -0.6698997 0.999999940 0.999999940 0.999999940
v 0.592345655 -3.26434898 -0.7015909 0.999999940 0.999999940 0.999999940
v 0.588622272 -3.12483907 -0.70293021 0.999999940 0.999999940 0.999999940
v 0.587811410 -2.98494434 -0.66845083 0.999999940 0.999999940 0.999999940
v 0.637163341 -2.78343844 -0.69178355 0.999999940 0.999999940 0.999999940
v 0.693617701 -2.7240243 -0.76371104 0.999999940 0.999999940 0.999999940
v 0.594959855 -2.85635829 -0.59373736 0.999999940 0.999999940 0.999999940
v 0.564028322 -3.03553915 -0.53959942 0.999999940 0.999999940 0.999999940
v 0.572701990 -2.93247843 -0.48778617 0.999999940 0.999999940 0.999999940
v 0.562940359 -3.15189219 -0.55370533 0.999999940 0.999999940 0.999999940
v 0.567431628 -3.26779985 -0.54189402 0.999999940 0.999999940 0.999999940
v 0.575644135 -3.37817121 -0.51798522 0.999999940 0.999999940 0.999999940
v 0.588561058 -3.46071529 -0.51343262 0.999999940 0.999999940 0.999999940
v 0.598966181 -3.50822997 -0.43285173 0.999999940 0.999999940 0.999999940
v 0.581738829 -3.40135765 -0.38705102 0.999999940 0.999999940 0.999999940
v 0.569420337 -3.2857523 -0.37697601 0.999999940 0.999999940 0.999999940
v 0.562337636 -3.17127728 -0.38546824 0.999999940 0.999999940 0.999999940
v 0.561706900 -3.0617218 -0.40357664 0.999999940 0.999999940 0.999999940
v 0.58574754 -2.93461585 -0.30005294 0.999999940 0.999999940 0.999999940
v 0.566396772 -2.97830129 -0.4064253 0.999999940 0.999999940 0.999999940
v 0.630171120 -2.88223696 -0.17301452 0.999999940 0.999999940 0.999999940
v 0.688384831 -2.84094286 -0.07820097 0.999999940 0.999999940 0.999999940
v 0.637103378 -2.75919557 -0.26470989 0.999999940 0.999999940 0.999999940
v 0.694686770 -2.70084047 -0.18451913 0.999999940 0.999999940 0.999999940
v 0.594141662 -2.83840442 -0.37921727 0.999999940 0.999999940 0.999999940
v 0.611829817 -2.75111461 -0.47724777 0.999999940 0.999999940 0.999999940
v 0.650353670 -2.67527962 -0.55419087 0.999999940 0.999999940 0.999999940
v 0.702965319 -2.6082015 -0.60779852 0.999999940 0.999999940 0.999999940
v 0.768115878 -2.55872393 -0.64131474 0.999999940 0.999999940 0.999999940
v 0.762432694 -2.6804409 -0.81233639 0.999999940 0.999999940 0.999999940
v 0.706407785 -2.56447077 -0.43787146 0.999999940 0.999999940 0.999999940
v 0.667802572 -2.6292789 -0.44382435 0.999999940 0.999999940 0.999999940
v 0.766931295 -2.50868058 -0.44777697 0.999999940 0.999999940 0.999999940
v 0.652648508 -2.67045403 -0.36591238 0.999999940 0.999999940 0.999999940
v 0.707728564 -2.60795498 -0.3089965 0.999999940 0.999999940 0.999999940
v 0.763676166 -2.66146851 -0.13407418 0.999999940 0.999999940 0.999999940
v 0.771800518 -2.56039643 -0.28011459 0.999999940 0.999999940 0.999999940
v 0.759816050 -2.81193304 -0.01472519 0.999999940 0.999999940 0.999999940
v 0.848922193 -2.79605389 0.017521515 0.999999940 0.999999940 0.999999940
v 0.846205174 -2.64182281 -0.10919134 0.999999940 0.999999940 0.999999940
v 0.846736431 -2.53537512 -0.26915064 0.999999940 0.999999940 0.999999940
v 0.844368457 -2.4780314 -0.45329982 0.999999940 0.999999940 0.999999940
v 0.845621466 -2.533108 -0.65729582 0.999999940 0.999999940 0.999999940
v 0.845772564 -2.65690827 -0.83462447 0.999999940 0.999999940 0.999999940
v 0.928679704 -2.53861213 -0.65624946 0.999999940 0.999999940 0.999999940
v 0.935317158 -2.65880561 -0.82900012 0.999999940 0.999999940 0.999999940
v 0.945187032 -2.82866573 -0.9573617 0.999999940 0.999999940 0.999999940
v 0.929190337 -2.48265958 -0.45671237 0.999999940 0.999999940 0.999999940
v 0.927430570 -2.53932476 -0.27257901 0.999999940 0.999999940 0.999999940
v 0.932797670 -2.6463728 -0.11318288 0.999999940 0.999999940 0.999999940
v 0.943045675 -2.79969072 0.012156335 0.999999940 0.999999940 0.999999940
v 1.026706576 -2.82096243 -0.02959481 0.999999940 0.999999940 0.999999940
v 1.011808157 -2.67444658 -0.1446331 0.999999940 0.999999940 0.999999940
v 1.001482844 -2.57357717 -0.29101914 0.999999940 0.999999940 0.999999940
v 1.006246805 -2.52633405 -0.4599283 0.999999940 0.999999940 0.999999940
v 1.004203558 -2.57407427 -0.63865793 0.999999940 0.999999940 0.999999940
v 1.015461921 -2.68497372 -0.79671508 0.999999940 0.999999940 0.999999940
v 1.030104398 -2.84478736 -0.91399562 0.999999940 0.999999940 0.999999940
v 1.082774281 -2.7288959 -0.73871171 0.999999940 0.999999940 0.999999940
v 1.098645925 -2.87338924 -0.84203929 0.999999940 0.999999940 0.999999940
v 1.070053815 -2.63132954 -0.60615224 0.999999940 0.999999940 0.999999940
v 1.063252568 -2.5977962 -0.46509343 0.999999940 0.999999940 0.999999940
v 1.067703008 -2.63128829 -0.32745367 0.999999940 0.999999940 0.999999940
v 1.079396486 -2.72177935 -0.20089956 0.999999940 0.999999940 0.999999940
v 1.096398234 -2.85580277 -0.10151648 0.999999940 0.999999940 0.999999940
v 1.154032111 -2.90019274 -0.20289446 0.999999940 0.999999940 0.999999940
v 1.137513637 -2.78516626 -0.28366908 0.999999940 0.999999940 0.999999940
v 1.123490214 -2.70467329 -0.38750425 0.999999940 0.999999940 0.999999940
v 1.115563035 -2.66355062 -0.46863261 0.999999940 0.999999940 0.999999940
v 1.124843597 -2.70571041 -0.54782212 0.999999940 0.999999940 0.999999940
v 1.138550996 -2.78932047 -0.65527403 0.999999940 0.999999940 0.999999940
v 1.155238628 -2.91177011 -0.73892462 0.999999940 0.999999940 0.999999940
v 1.180565595 -2.85482144 -0.55079818 0.999999940 0.999999940 0.999999940
v 1.197574019 -2.95377016 -0.6096307 0.999999940 0.999999940 0.999999940
v 1.156619191 -2.77778625 -0.46851987 0.999999940 0.999999940 0.999999940
v 1.179786682 -2.85389304 -0.38719493 0.999999940 0.999999940 0.999999940
v 1.196808338 -2.94905591 -0.32960364 0.999999940 0.999999940 0.999999940
v 1.217239379 -2.97471666 -0.46929604 0.999999940 0.999999940 0.999999940
v 1.195509910 -2.89678001 -0.46844602 0.999999940 0.999999940 0.999999940
v 0.872985243 -3.94294715 -0.7552141 0.999999940 0.999999940 0.999999940
v 0.850695550 -3.99256921 -0.77258742 0.999999940 0.999999940 0.999999940
v 0.811358094 -3.97168827 -0.73036391 0.999999940 0.999999940 0.999999940
v 0.836355865 -3.93372488 -0.72469443 0.999999940 0.999999940 0.999999940
v 0.833457589 -3.9090414 -0.68459469 0.999999940 0.999999940 0.999999940
v 0.884776711 -3.89773417 -0.70214736 0.999999940 0.999999940 0.999999940
v 0.927513659 -3.96421933 -0.77080929 0.999999940 0.999999940 0.999999940
v 0.922100186 -4.0215683 -0.78434622 0.999999940 0.999999940 0.999999940
v 0.936246752 -3.90706325 -0.72390157 0.999999940 0.999999940 0.999999940
v 0.837676763 -4.04395485 -0.76057875 0.999999940 0.999999940 0.999999940
v 0.900110006 -4.07812595 -0.76742834 0.999999940 0.999999940 0.999999940
v 0.797071814 -4.01815414 -0.71813786 0.999999940 0.999999940 0.999999940
v 0.791421532 -3.95124626 -0.6731118 0.999999940 0.999999940 0.999999940
v 0.773940682 -4.00376844 -0.66598016 0.999999940 0.999999940 0.999999940
v 0.834369480 -3.88592219 -0.61128443 0.999999940 0.999999940 0.999999940
v 0.898567915 -3.85989547 -0.62914723 0.999999940 0.999999940 0.999999940
v 0.781512796 -3.93457937 -0.6002183 0.999999940 0.999999940 0.999999940
v 0.965181708 -3.86933875 -0.64694923 0.999999940 0.999999940 0.999999940
v 0.985931038 -3.97765255 -0.74640167 0.999999940 0.999999940 0.999999940
v 0.980625629 -3.93336987 -0.72832233 0.999999940 0.999999940 0.999999940
v 1.024668574 -3.90898609 -0.6635766 0.999999940 0.999999940 0.999999940
v 0.992716848 -4.03885365 -0.74836141 0.999999940 0.999999940 0.999999940
v 0.972295880 -4.10008955 -0.72757006 0.999999940 0.999999940 0.999999940
v 0.934030532 -4.13737297 -0.69409394 0.999999940 0.999999940 0.999999940
v 0.875376939 -4.11727476 -0.72145236 0.999999940 0.999999940 0.999999940
v 0.825288593 -4.08491182 -0.71909869 0.999999940 0.999999940 0.999999940
v 0.795394718 -4.05292559 -0.70359206 0.999999940 0.999999940 0.999999940
v 0.780452489 -4.05688 -0.66283125 0.999999940 0.999999940 0.999999940
v 0.760885894 -3.99766684 -0.59458166 0.999999940 0.999999940 0.999999940
v 0.768240451 -4.06359243 -0.59322792 0.999999940 0.999999940 0.999999940
v 0.782260775 -3.91593909 -0.51146227 0.999999940 0.999999940 0.999999940
v 0.839532256 -3.85993481 -0.52136803 0.999999940 0.999999940 0.999999940
v 0.757014274 -3.99047923 -0.5069136 0.999999940 0.999999940 0.999999940
v 0.915554881 -3.832129 -0.53438568 0.999999940 0.999999940 0.999999940
v 0.995886385 -3.84399223 -0.54967809 0.999999940 0.999999940 0.999999940
v 1.065430879 -3.88833928 -0.56677961 0.999999940 0.999999940 0.999999940
v 1.058393478 -3.97260189 -0.673958 0.999999940 0.999999940 0.999999940
v 1.108711242 -3.95955324 -0.57966715 0.999999940 0.999999940 0.999999940
v 1.061698317 -4.0439887 -0.6725353 0.999999940 0.999999940 0.999999940
v 1.034371137 -4.10888815 -0.65646493 0.999999940 0.999999940 0.999999940
v 0.982680022 -4.15128994 -0.63130027 0.999999940 0.999999940 0.999999940
v 0.859646678 -4.13819408 -0.66555357 0.999999940 0.999999940 0.999999940
v 0.903369247 -4.15614128 -0.66059887 0.999999940 0.999999940 0.999999940
v 0.919335246 -4.16686535 -0.60962671 0.999999940 0.999999940 0.999999940
v 0.811862409 -4.10510063 -0.66512024 0.999999940 0.999999940 0.999999940
v 0.803102076 -4.11972713 -0.59469879 0.999999940 0.999999940 0.999999940
v 0.764228642 -4.06498671 -0.50615299 0.999999940 0.999999940 0.999999940
v 0.802500724 -4.12667894 -0.50626922 0.999999940 0.999999940 0.999999940
v 0.758345603 -3.98222208 -0.39550674 0.999999940 0.999999940 0.999999940
v 0.788417220 -3.90431666 -0.39927554 0.999999940 0.999999940 0.999999940
v 0.766659677 -4.05995846 -0.39288545 0.999999940 0.999999940 0.999999940
v 0.850268602 -3.84570503 -0.40479776 0.999999940 0.999999940 0.999999940
v 0.932897687 -3.81831312 -0.41452715 0.999999940 0.999999940 0.999999940
v 1.021140575 -3.82948899 -0.42943794 0.999999940 0.999999940 0.999999940
v 1.097817063 -3.87639666 -0.44631678 0.999999940 0.999999940 0.999999940
v 1.147215724 -3.94860792 -0.457856 0.999999940 0.999999940 0.999999940
v 1.113580226 -4.03880835 -0.57829517 0.999999940 0.999999940 0.999999940
v 1.154697775 -4.03089762 -0.4589667 0.999999940 0.999999940 0.999999940
v 1.080749750 -4.10896969 -0.56324434 0.999999940 0.999999940 0.999999940
v 1.019844770 -4.15575981 -0.54002941 0.999999940 0.999999940 0.999999940
v 0.943374276 -4.17403936 -0.51904875 0.999999940 0.999999940 0.999999940
v 0.856117188 -4.15579033 -0.59874272 0.999999940 0.999999940 0.999999940
v 0.865619540 -4.16417456 -0.50835305 0.999999940 0.999999940 0.999999940
v 0.881588578 -4.16124725 -0.3972351 0.999999940 0.999999940 0.999999940
v 0.810868859 -4.12264729 -0.3922573 0.999999940 0.999999940 0.999999940
v 0.828598737 -4.11836672 -0.25960237 0.999999940 0.999999940 0.999999940
v 0.780034184 -4.05513477 -0.25424016 0.999999940 0.999999940 0.999999940
v 0.769434392 -3.97821426 -0.25363633 0.999999940 0.999999940 0.999999940
v 0.801026463 -3.90264416 -0.254538 0.999999940 0.999999940 0.999999940
v 0.865210592 -3.84716249 -0.25701886 0.999999940 0.999999940 0.999999940
v 0.951844930 -3.81913352 -0.26553783 0.999999940 0.999999940 0.999999940
v 1.045041799 -3.82932401 -0.28138703 0.999999940 0.999999940 0.999999940
v 1.123666286 -3.87496328 -0.29749647 0.999999940 0.999999940 0.999999940
v 1.172760009 -3.94490409 -0.30841464 0.999999940 0.999999940 0.999999940
v 1.183929681 -4.02909327 -0.31323561 0.999999940 0.999999940 0.999999940
v 1.120575904 -4.10498476 -0.44989502 0.999999940 0.999999940 0.999999940
v 1.149377822 -4.10396004 -0.31055772 0.999999940 0.999999940 0.999999940
v 1.054318547 -4.15403843 -0.43181968 0.999999940 0.999999940 0.999999940
v 0.968922138 -4.17208004 -0.41136029 0.999999940 0.999999940 0.999999940
v 0.904836893 -4.15784359 -0.27115113 0.999999940 0.999999940 0.999999940
v 0.995746493 -4.17115307 -0.28729099 0.999999940 0.999999940 0.999999940
v 0.854931712 -4.12476301 -0.13772251 0.999999940 0.999999940 0.999999940
v 0.805924713 -4.06370926 -0.12209687 0.999999940 0.999999940 0.999999940
v 0.929898202 -4.16268539 -0.15270166 0.999999940 0.999999940 0.999999940
v 0.794386982 -3.98727417 -0.11198682 0.999999940 0.999999940 0.999999940
v 0.827775955 -3.91459632 -0.10987511 0.999999940 0.999999940 0.999999940
v 0.888860940 -3.86322021 -0.11326484 0.999999940 0.999999940 0.999999940
v 0.972051382 -3.83806276 -0.12169054 0.999999940 0.999999940 0.999999940
v 1.062074899 -3.84705997 -0.13490945 0.999999940 0.999999940 0.999999940
v 1.137465119 -3.88917875 -0.14885208 0.999999940 0.999999940 0.999999940
v 1.185390472 -3.95476437 -0.16211846 0.999999940 0.999999940 0.999999940
v 1.197680354 -4.03488493 -0.17272317 0.999999940 0.999999940 0.999999940
v 1.164625763 -4.11043072 -0.17687187 0.999999940 0.999999940 0.999999940
v 1.082630515 -4.15285587 -0.30161643 0.999999940 0.999999940 0.999999940
v 1.098620891 -4.15762329 -0.17339195 0.999999940 0.999999940 0.999999940
v 1.016873836 -4.17447662 -0.16479716 0.999999940 0.999999940 0.999999940
v 1.026682615 -4.17932701 -0.06212286 0.999999940 0.999999940 0.999999940
v 0.947111845 -4.17049694 -0.05436537 0.999999940 0.999999940 0.999999940
v 0.877069890 -4.14047003 -0.04083658 0.999999940 0.999999940 0.999999940
v 0.827887773 -4.08341455 -0.02190386 0.999999940 0.999999940 0.999999940
v 0.818625032 -4.00757408 -0.00383376 0.999999940 0.999999940 0.999999940
v 0.856513559 -3.93604994 0.004526280 0.999999940 0.999999940 0.999999940
v 0.915648698 -3.89003515 0.003209536 0.999999940 0.999999940 0.999999940
v 0.990140318 -3.86695981 -0.00468008 0.999999940 0.999999940 0.999999940
v 1.070113658 -3.8743577 -0.01628248 0.999999940 0.999999940 0.999999940
v 1.139555573 -3.91109753 -0.02942798 0.999999940 0.999999940 0.999999940
v 1.187297821 -3.97246385 -0.04410303 0.999999940 0.999999940 0.999999940
v 1.201860785 -4.04942703 -0.05716433 0.999999940 0.999999940 0.999999940
v 1.168833255 -4.12408876 -0.06549084 0.999999940 0.999999940 0.999999940
v 1.104664087 -4.16642857 -0.06624915 0.999999940 0.999999940 0.999999940
v 1.028233051 -4.1815958 0.025801599 0.999999940 0.999999940 0.999999940
v 0.959794819 -4.17382336 0.032394308 0.999999940 0.999999940 0.999999940
v 1.098766446 -4.17328835 0.027906283 0.999999940 0.999999940 0.999999940
v 0.897943139 -4.15187597 0.046867378 0.999999940 0.999999940 0.999999940
v 0.850721478 -4.10290623 0.067019440 0.999999940 0.999999940 0.999999940
v 0.846828579 -4.03018284 0.086413376 0.999999940 0.999999940 0.999999940
v 0.883044123 -3.96853423 0.096722535 0.999999940 0.999999940 0.999999940
v 0.941078603 -3.92601442 0.097980111 0.999999940 0.999999940 0.999999940
v 1.006494283 -3.90600944 0.092998638 0.999999940 0.999999940 0.999999940
v 1.071545481 -3.91151404 0.083089649 0.999999940 0.999999940 0.999999940
v 1.131057024 -3.93973541 0.070973321 0.999999940 0.999999940 0.999999940
v 1.178032994 -3.99258614 0.058550432 0.999999940 0.999999940 0.999999940
v 1.197869420 -4.06195736 0.046259373 0.999999940 0.999999940 0.999999940
v 1.162360906 -4.1420784 0.033354215 0.999999940 0.999999940 0.999999940
v 1.082644343 -4.16899872 0.104374565 0.999999940 0.999999940 0.999999940
v 1.135597229 -4.14015627 0.119704790 0.999999940 0.999999940 0.999999940
v 1.027347326 -4.1749258 0.095878019 0.999999940 0.999999940 0.999999940
v 0.976532459 -4.16947269 0.101237945 0.999999940 0.999999940 0.999999940
v 0.926508188 -4.15243912 0.120395936 0.999999940 0.999999940 0.999999940
v 0.888584733 -4.11199093 0.138997405 0.999999940 0.999999940 0.999999940
v 0.887068033 -4.05358601 0.156799301 0.999999940 0.999999940 0.999999940
v 0.916292011 -4.00172758 0.163831144 0.999999940 0.999999940 0.999999940
v 0.967769384 -3.96720743 0.166602283 0.999999940 0.999999940 0.999999940
v 1.025094509 -3.95384669 0.163900628 0.999999940 0.999999940 0.999999940
v 1.078890085 -3.95745826 0.152866438 0.999999940 0.999999940 0.999999940
v 1.117235660 -3.96612334 0.131474837 0.999999940 0.999999940 0.999999940
v 1.149089455 -4.00656605 0.142404943 0.999999940 0.999999940 0.999999940
v 1.167712211 -4.06869411 0.135039567 0.999999940 0.999999940 0.999999940
v 1.116173505 -4.07154942 0.193268269 0.999999940 0.999999940 0.999999940
v 1.092966079 -4.12602615 0.180964931 0.999999940 0.999999940 0.999999940
v 1.055948376 -4.15465832 0.155514881 0.999999940 0.999999940 0.999999940
v 1.025509238 -4.16794491 0.135612711 0.999999940 0.999999940 0.999999940
v 0.995844662 -4.15563774 0.151314169 0.999999940 0.999999940 0.999999940
v 0.955264747 -4.13644028 0.172747567 0.999999940 0.999999940 0.999999940
v 0.925535202 -4.11251736 0.174631387 0.999999940 0.999999940 0.999999940
v 0.937436401 -4.07834578 0.198513403 0.999999940 0.999999940 0.999999940
v 0.961008250 -4.04439306 0.208142519 0.999999940 0.999999940 0.999999940
v 0.996878922 -4.01973915 0.210814952 0.999999940 0.999999940 0.999999940
v 1.047592878 -4.00519943 0.205705508 0.999999940 0.999999940 0.999999940
v 1.098452210 -4.00604343 0.186848819 0.999999940 0.999999940 0.999999940
v 1.053870201 -4.06455374 0.218899592 0.999999940 0.999999940 0.999999940
v 1.041787624 -4.10471249 0.211703553 0.999999940 0.999999940 0.999999940
v 1.023789405 -4.13954973 0.184588760 0.999999940 0.999999940 0.999999940
v 0.978337049 -4.11149597 0.199622482 0.999999940 0.999999940 0.999999940
v 1.002440452 -4.08553123 0.216730952 0.999999940 0.999999940 0.999999940
v 1.017061710 -4.05204582 0.220160692 0.999999940 0.999999940 0.999999940
vt 0.490332096 0.206324398
vt 0.473938316 0.202824056
vt 0.47730425 0.184781849
vt 0.497968047 0.195546567
vt 0.508919894 0.210900366
vt 0.494587570 0.219585895
vt 0.472850084 0.221863746
vt 0.451660186 0.177159309
vt 0.448971837 0.199145436
vt 0.449085265 0.221824765
vt 0.454872518 0.158316016
vt 0.483021944 0.168072402
vt 0.504830777 0.182822704
vt 0.519420146 0.201828360
vt 0.523229658 0.227560818
vt 0.513539910 0.229335010
vt 0.497108399 0.236569047
vt 0.474684983 0.241352796
vt 0.450209945 0.245728015
vt 0.417853146 0.196915149
vt 0.418500244 0.222245037
vt 0.420364022 0.248218119
vt 0.418532967 0.172829508
vt 0.420805156 0.150948941
vt 0.458294928 0.140289068
vt 0.485201597 0.152202725
vt 0.421243429 0.129500746
vt 0.806611776 0.863374054
vt 0.808202028 0.840072989
vt 0.798907637 0.816204071
vt 0.514090776 0.245184183
vt 0.519491910 0.252888381
vt 0.522841453 0.264925479
vt 0.500441193 0.254410266
vt 0.478883862 0.262079656
vt 0.453558087 0.270070433
vt 0.423246592 0.275344491
vt 0.386008203 0.224592208
vt 0.388838827 0.252637505
vt 0.391946196 0.280912160
vt 0.383160859 0.197172582
vt 0.383251041 0.172294676
vt 0.382611155 0.147826492
vt 0.382966160 0.125007271
vt 0.716060757 0.946014821
vt 0.744341313 0.926252484
vt 0.768478155 0.902892470
vt 0.784313976 0.878218531
vt 0.793593466 0.855755686
vt 0.797290802 0.836690485
vt 0.791371583 0.810009121
vt 0.527715802 0.276128530
vt 0.509376168 0.286563217
vt 0.514434456 0.302274882
vt 0.504510223 0.269326508
vt 0.483994424 0.282677888
vt 0.457729667 0.293275415
vt 0.427066355 0.300913512
vt 0.396052688 0.308363795
vt 0.356432974 0.257861077
vt 0.360334485 0.286432147
vt 0.363768190 0.313381910
vt 0.352807432 0.229562163
vt 0.349875986 0.202129960
vt 0.347009003 0.175402939
vt 0.344873100 0.151865184
vt 0.344750940 0.127884268
vt 0.685846328 0.960943579
vt 0.703598618 0.924188077
vt 0.730151891 0.905761241
vt 0.673980772 0.938047409
vt 0.753715157 0.886020362
vt 0.769076585 0.864447772
vt 0.782678127 0.845851421
vt 0.788748502 0.831624686
vt 0.781898081 0.816835463
vt 0.767387986 0.805829405
vt 0.750600516 0.798347055
vt 0.724971532 0.779782831
vt 0.728006959 0.799732089
vt 0.488659530 0.302056789
vt 0.462779849 0.314677476
vt 0.432261794 0.325096309
vt 0.400602877 0.333424449
vt 0.368095964 0.339686334
vt 0.328048676 0.290498971
vt 0.331245452 0.317063331
vt 0.332435846 0.343467354
vt 0.324355453 0.262309491
vt 0.320473104 0.234534621
vt 0.316536933 0.207131266
vt 0.313564807 0.182137608
vt 0.310037523 0.157785534
vt 0.305612266 0.135923206
vt 0.652917087 0.970949769
vt 0.643643021 0.950676262
vt 0.689935922 0.900409698
vt 0.661737620 0.914964258
vt 0.632149577 0.926564097
vt 0.621790826 0.980488359
vt 0.613672971 0.959753751
vt 0.604631543 0.938762009
vt 0.626363039 0.999383807
vt 0.277631402 0.168541967
vt 0.282172471 0.190664649
vt 0.286728143 0.214796900
vt 0.289731591 0.239218771
vt 0.293673813 0.265412271
vt 0.296696543 0.290405035
vt 0.298708558 0.314966440
vt 0.298747837 0.337721705
vt 0.375453949 0.364122986
vt 0.343030303 0.366659343
vt 0.556181132 0.855259597
vt 0.405919581 0.357821226
vt 0.623075425 0.837641298
vt 0.594992876 0.854101181
vt 0.650320649 0.823375463
vt 0.567686557 0.873068749
vt 0.522663295 0.868766784
vt 0.536241352 0.879056572
vt 0.546621561 0.896366715
vt 0.272882223 0.305941999
vt 0.269885659 0.287682056
vt 0.266611874 0.265558123
vt 0.263624727 0.243038952
vt 0.258686035 0.221749365
vt 0.255425453 0.201643586
vt 0.250211745 0.186118483
vt 0.242059871 0.172296524
vt 0.591908872 0.982994735
vt 0.570304572 0.994472146
vt 0.571251392 0.982427954
vt 0.232104808 0.204503715
vt 0.238930061 0.211675345
vt 0.238445416 0.226266562
vt 0.240193456 0.244946420
vt 0.244202464 0.264473736
vt 0.247921615 0.282685995
vt 0.253186613 0.297859668
vt 0.245826602 0.305323481
vt 0.522078156 0.908356845
vt 0.533175766 0.922286033
vt 0.544141769 0.929675579
vt 0.559943258 0.912326514
vt 0.581387877 0.894828379
vt 0.607656359 0.877719581
vt 0.620095074 0.901690006
vt 0.593611180 0.916891932
vt 0.569653689 0.929898083
vt 0.549806535 0.943107366
vt 0.533358275 0.945418834
vt 0.518667817 0.939986288
vt 0.506294012 0.926433742
vt 0.225877568 0.260697484
vt 0.224563911 0.241080403
vt 0.224637597 0.222203671
vt 0.215697825 0.213550031
vt 0.558430433 0.982437968
vt 0.549732625 0.972549259
vt 0.566179931 0.970071435
vt 0.587172091 0.965552032
vt 0.537689089 0.978206992
vt 0.213307216 0.253020107
vt 0.539167642 0.960571289
vt 0.557071566 0.956903398
vt 0.579059004 0.948849439
vt 0.635283231 0.862905800
vt 0.648512244 0.888988435
vt 0.675551950 0.874677598
vt 0.662454247 0.848365545
vt 0.701228737 0.861884653
vt 0.715325415 0.884405076
vt 0.688947975 0.837406814
vt 0.678479552 0.813035130
vt 0.670156121 0.788962781
vt 0.712926685 0.826182603
vt 0.704778373 0.803682446
vt 0.699046433 0.782021701
vt 0.724050104 0.847493529
vt 0.737873971 0.867080867
vt 0.755531072 0.849935889
vt 0.743760705 0.835387587
vt 0.734246611 0.818442225
vt 0.749450385 0.812199890
vt 0.760417878 0.823119282
vt 0.771799147 0.834133923
vt 0.781689107 0.753785133
vt 0.764630019 0.739722728
vt 0.781663775 0.729521751
vt 0.789940476 0.743000686
vt 0.803314507 0.743109762
vt 0.798537492 0.759786486
vt 0.799692928 0.722157418
vt 0.772033453 0.765938639
vt 0.751483917 0.750179767
vt 0.795220136 0.773026406
vt 0.769291818 0.708508849
vt 0.749497294 0.718229770
vt 0.731548011 0.729270458
vt 0.790690660 0.699504852
vt 0.813218951 0.692513346
vt 0.818531811 0.716982603
vt 0.819864153 0.740011751
vt 0.819165945 0.757852375
vt 0.816000402 0.768603086
vt 0.796388268 0.784521460
vt 0.768811762 0.778170466
vt 0.822066962 0.772367715
vt 0.737107336 0.762125015
vt 0.714541971 0.740079581
vt 0.710345029 0.700935363
vt 0.732367992 0.690613865
vt 0.690414965 0.712248206
vt 0.755361557 0.680380344
vt 0.779871344 0.671964645
vt 0.805338323 0.664453387
vt 0.837449789 0.687677085
vt 0.839645206 0.714488327
vt 0.830772221 0.657836914
vt 0.837171495 0.737366676
vt 0.831786632 0.752491831
vt 0.840132474 0.755226373
vt 0.849256157 0.756917119
vt 0.810472548 0.389862775
vt 0.801275730 0.412950456
vt 0.807816505 0.365113318
vt 0.798655688 0.343228459
vt 0.780256331 0.324666261
vt 0.756187677 0.308975517
vt 0.724076807 0.295088172
vt 0.672158360 0.680033803
vt 0.694842934 0.668629527
vt 0.690107762 0.288666665
vt 0.717760503 0.659182190
vt 0.742822647 0.649977803
vt 0.769029140 0.641255140
vt 0.796301960 0.633947134
vt 0.823356568 0.627355098
vt 0.85620296 0.653421640
vt 0.859635889 0.684739828
vt 0.848933517 0.621779441
vt 0.859690129 0.712659955
vt 0.854314982 0.736006021
vt 0.871338069 0.736672103
vt 0.785062313 0.431959748
vt 0.793660163 0.401356756
vt 0.801685094 0.383858680
vt 0.780154824 0.414743483
vt 0.801664471 0.369879305
vt 0.792016327 0.357845306
vt 0.772822082 0.342729568
vt 0.749229729 0.330856025
vt 0.719799816 0.319972693
vt 0.687884986 0.314922630
vt 0.655637621 0.262515425
vt 0.655055701 0.287528693
vt 0.654094278 0.312696456
vt 0.683080256 0.635344743
vt 0.707775592 0.626594483
vt 0.732330203 0.617478489
vt 0.759653270 0.609639763
vt 0.786837220 0.602494001
vt 0.814735770 0.595947146
vt 0.840490222 0.590821981
vt 0.874252140 0.617236793
vt 0.879681587 0.649893105
vt 0.865087211 0.585370063
vt 0.881165385 0.681811094
vt 0.880852401 0.711638510
vt 0.763028860 0.439758658
vt 0.759660065 0.421211004
vt 0.758928537 0.400918781
vt 0.774106383 0.401485502
vt 0.781729400 0.388497352
vt 0.785751700 0.373187184
vt 0.766650617 0.362560570
vt 0.742973744 0.354029119
vt 0.716249942 0.345620095
vt 0.685005307 0.342295646
vt 0.653089284 0.340887427
vt 0.621425926 0.340192318
vt 0.621332883 0.314167916
vt 0.620801329 0.288509666
vt 0.618328988 0.265519082
vt 0.676103770 0.600432753
vt 0.699238479 0.593148708
vt 0.724787771 0.586182355
vt 0.750357687 0.578417003
vt 0.777569353 0.571130514
vt 0.803957998 0.565117538
vt 0.829397082 0.558319687
vt 0.852699160 0.552888929
vt 0.643699526 0.450796008
vt 0.676243007 0.452591002
vt 0.609827876 0.444392204
vt 0.834149420 0.521403133
vt 0.813329517 0.528744339
vt 0.576776146 0.436185061
vt 0.792035698 0.534715414
vt 0.767059922 0.541857600
vt 0.742138564 0.549142539
vt 0.717224597 0.555685281
vt 0.693861782 0.563389897
vt 0.674423635 0.568083643
vt 0.654932916 0.571673512
vt 0.588728368 0.295576214
vt 0.590225815 0.316666126
vt 0.591066479 0.341425478
vt 0.620786845 0.368054091
vt 0.590640544 0.366560041
vt 0.652210354 0.369616508
vt 0.563453078 0.363179564
vt 0.564488172 0.343387723
vt 0.562954723 0.323438704
vt 0.560227572 0.304871499
vt 0.554731905 0.289922833
vt 0.677172243 0.536339044
vt 0.694920897 0.533276140
vt 0.714931368 0.528568208
vt 0.735016584 0.522227346
vt 0.756903708 0.517263174
vt 0.777212739 0.510265886
vt 0.795224547 0.502845764
vt 0.81022048 0.49469769
vt 0.548524737 0.421476423
vt 0.583846688 0.414622724
vt 0.614658296 0.422548472
vt 0.555873036 0.403737366
vt 0.519906103 0.415568828
vt 0.526380777 0.401720881
vt 0.531815469 0.387087643
vt 0.781642258 0.491338610
vt 0.765843272 0.490672171
vt 0.747497081 0.494616031
vt 0.727431714 0.501488924
vt 0.708706140 0.506604552
vt 0.697070121 0.515797615
vt 0.687607884 0.511804640
vt 0.533559620 0.308082580
vt 0.540841877 0.315773248
vt 0.542372643 0.330530881
vt 0.540704727 0.346010386
vt 0.526459455 0.335382163
vt 0.530155062 0.324262499
vt 0.523189246 0.350827515
vt 0.521613240 0.321328401
vt 0.509802937 0.323540806
vt 0.717046916 0.486574471
vt 0.736613929 0.479679346
vt 0.758787334 0.475895285
vt 0.515094041 0.380153000
vt 0.522644698 0.367903351
vt 0.560996472 0.383941531
vt 0.540420830 0.375253081
vt 0.537629485 0.361619114
vt 0.587898552 0.391768515
vt 0.509680092 0.357914388
vt 0.513261914 0.340310394
vt 0.618469059 0.395649254
vt 0.650031149 0.397362351
vt 0.647041201 0.424798071
vt 0.678701698 0.426055848
vt 0.681128680 0.398721456
vt 0.683070242 0.370233476
vt 0.712110579 0.373467683
vt 0.709957242 0.400717437
vt 0.707730531 0.427331686
vt 0.707781195 0.452273905
vt 0.737871587 0.447776019
vt 0.736206173 0.424999177
vt 0.736396968 0.401096820
vt 0.738172352 0.376999735
vt 0.761635482 0.381098270
vt 0.251687735 0.824285447
vt 0.272938638 0.837459206
vt 0.248735964 0.860064983
vt 0.228528156 0.836303472
vt 0.250607132 0.805271863
vt 0.288337320 0.811442732
vt 0.215114116 0.813421011
vt 0.319941252 0.830360472
vt 0.297997266 0.857384085
vt 0.267527699 0.879579961
vt 0.243745297 0.894710183
vt 0.221880883 0.880901098
vt 0.196865007 0.858237803
vt 0.177440881 0.833066523
vt 0.205481723 0.790784597
vt 0.251265198 0.784310758
vt 0.165630891 0.809259951
vt 0.295322984 0.786725699
vt 0.335095495 0.801365256
vt 0.363303303 0.830760836
vt 0.345372736 0.857302963
vt 0.316847622 0.884943962
vt 0.279632300 0.906160593
vt 0.238906413 0.916386842
vt 0.202919602 0.905708015
vt 0.168820917 0.885821700
vt 0.144938677 0.863609850
vt 0.129387915 0.836380124
vt 0.113014146 0.812123775
vt 0.154816687 0.786904335
vt 0.200420647 0.768509626
vt 0.249799534 0.763385534
vt 0.301131218 0.763966321
vt 0.342336297 0.772620976
vt 0.378972768 0.797584891
vt 0.394848287 0.845560252
vt 0.379122048 0.869065463
vt 0.358070313 0.895146846
vt 0.322176903 0.916836261
vt 0.281403452 0.936134815
vt 0.232326522 0.944651544
vt 0.187167406 0.934224903
vt 0.149169668 0.914866626
vt 0.120880127 0.893043994
vt 0.099309690 0.870948910
vt 0.084476091 0.843810439
vt 0.073094062 0.812945962
vt 0.104123167 0.790849328
vt 0.145759090 0.765938341
vt 0.195370301 0.747434198
vt 0.245587945 0.738417923
vt 0.296151310 0.742026090
vt 0.334628671 0.748186528
vt 0.390263438 0.755871892
vt 0.044520556 0.585091054
vt 0.110384874 0.633088946
vt 0.096263676 0.609130978
vt 0.075250737 0.583830595
vt 0.353731006 0.939135491
vt 0.318757265 0.953560948
vt 0.276361972 0.966111540
vt 0.225386962 0.973328888
vt 0.174374491 0.964095950
vt 0.133912518 0.947259843
vt 0.099837318 0.927294373
vt 0.075979799 0.901592016
vt 0.052890311 0.875401616
vt 0.041541572 0.841906666
vt 0.038697205 0.800566434
vt 0.066508345 0.771276235
vt 0.106795430 0.758715987
vt 0.146264776 0.745962739
vt 0.188156679 0.728463172
vt 0.238084539 0.723465561
vt 0.285404741 0.721505045
vt 0.332250744 0.733455896
vt 0.361780256 0.728222489
vt 0.033330123 0.557071328
vt 0.064237505 0.551622867
vt 0.127558291 0.600930392
vt 0.110430933 0.573812365
vt 0.094845391 0.547526836
vt 0.150817856 0.614263653
vt 0.172506570 0.625447809
vt 0.306686878 0.990743815
vt 0.266943723 0.997140049
vt 0.219975978 0.999471187
vt 0.170781463 0.992436409
vt 0.12545681 0.983611822
vt 0.088491275 0.963987529
vt 0.061958365 0.939087510
vt 0.028035989 0.910084843
vt 0.002996650 0.872381687
vt 0.007294237 0.828974247
vt 0.000985071 0.781021654
vt 0.039444670 0.760108470
vt 0.074109412 0.746835827
vt 0.108572170 0.740468978
vt 0.144919857 0.725584268
vt 0.187576994 0.716343462
vt 0.233108609 0.708300948
vt 0.270313501 0.701891064
vt 0.3144584 0.709083020
vt 0.336523830 0.702966988
vt 0.032425232 0.510765373
vt 0.060020867 0.515237510
vt 0.090523749 0.515161275
vt 0.142631277 0.559927642
vt 0.132117956 0.533331573
vt 0.124487035 0.506259262
vt 0.159019514 0.576994836
vt 0.180247560 0.534764230
vt 0.193096891 0.553569793
vt 0.169280722 0.515229523
vt 0.158447742 0.491595506
vt 0.120540067 0.472055792
vt 0.153159722 0.459871053
vt 0.089735917 0.478467285
vt 0.062608197 0.474388718
vt 0.037753839 0.471629321
vt 0.013255504 0.459687650
vt 0.275213807 0.670500993
vt 0.248071685 0.689607024
vt 0.226393774 0.69845891
vt 0.179899945 0.704716682
vt 0.155778780 0.701563715
vt 0.116021513 0.717906534
vt 0.077947937 0.721900463
vt 0.145258650 0.691669106
vt 0.178205937 0.686353385
vt 0.111533165 0.695470273
vt 0.204346031 0.688846588
vt 0.226797327 0.676701605
vt 0.234318703 0.646362185
vt 0.047872569 0.428858161
vt 0.071218513 0.431539714
vt 0.096338205 0.435449183
vt 0.124691568 0.434855759
vt 0.150616347 0.424739599
vt 0.184131890 0.451985716
vt 0.193286806 0.475343167
vt 0.183899074 0.418889164
vt 0.204488545 0.493724703
vt 0.218310803 0.511066913
vt 0.236526832 0.467782437
vt 0.251882046 0.482389390
vt 0.218560114 0.454994082
vt 0.204707831 0.441546559
vt 0.214008942 0.418006956
vt 0.183598026 0.388285398
vt 0.221649259 0.385734558
vt 0.153920978 0.396477758
vt 0.129636988 0.405246734
vt 0.113512508 0.399486720
vt 0.092788189 0.392567396
vt 0.066215872 0.390035092
vt 0.042608890 0.386439323
vt 0.199407160 0.676809549
vt 0.157908335 0.681877255
vt 0.145661965 0.678017616
vt 0.144683808 0.668146133
vt 0.115227989 0.658886909
vt 0.141190439 0.37792629
vt 0.175065338 0.366341650
vt 0.212969631 0.357694089
vt 0.253565013 0.360748946
vt 0.251336425 0.394069433
vt 0.239771440 0.423084557
vt 0.262782186 0.437792003
vt 0.285818398 0.451020062
vt 0.266934782 0.498933434
vt 0.229709386 0.527520656
vt 0.297781497 0.473589837
vt 0.298763364 0.420987963
vt 0.318628370 0.440311074
vt 0.276358962 0.403714776
vt 0.279741048 0.372789502
vt 0.207696735 0.335894465
vt 0.164015546 0.350328803
vt 0.088543966 0.690301179
vt 0.042598485 0.734555780
vt 0.303324878 0.388155400
vt 0.336961209 0.413874864
vt 0.354999184 0.450908660
vt 0.334611892 0.472035646
vt 0.305961787 0.499803483
vt 0.274958461 0.518448412
vt 0.244618088 0.543747186
vt 0.205175727 0.569500803
vt 0.226859450 0.580866694
vt 0.256486326 0.555746376
vt 0.286724716 0.535990357
vt 0.313112318 0.515073180
vt 0.334667772 0.507262826
vt 0.361905932 0.487633049
vt 0.351356059 0.524643898
vt 0.329036235 0.535574495
vt 0.310096949 0.537362813
vt 0.291183948 0.549086689
vt 0.271513998 0.568306267
vt 0.248451992 0.588372349
vt 0.229412883 0.609921813
vt 0.190667480 0.604449152
vt 0.174642607 0.594118475
vt 0.262900233 0.614137649
vt 0.274119556 0.590968966
vt 0.293520480 0.572104692
vt 0.310165107 0.566838145
vt 0.325364351 0.567570924
vt 0.292739421 0.592102527
vt 0.296367794 0.602438569
vt 0.550239265 0.059174656
vt 0.550699293 0.047015130
vt 0.562812209 0.050950884
vt 0.556824386 0.066988349
vt 0.54488796 0.074871838
vt 0.541275501 0.062058210
vt 0.539596021 0.047341823
vt 0.539036035 0.033531725
vt 0.550031662 0.0335235
vt 0.560654938 0.031525075
vt 0.91140908 0.761706829
vt 0.895058214 0.754739344
vt 0.563037812 0.081906855
vt 0.549534857 0.087743222
vt 0.529255271 0.080700695
vt 0.526425063 0.064072012
vt 0.533106029 0.095809400
vt 0.524979353 0.046960115
vt 0.524556100 0.032138705
vt 0.547395765 0.023698747
vt 0.538811206 0.021029949
vt 0.524599432 0.017649710
vt 0.551941990 0.016166329
vt 0.923542916 0.772157073
vt 0.898681461 0.773361623
vt 0.882803261 0.767487704
vt 0.912085473 0.780713200
vt 0.867363154 0.762411654
vt 0.552350223 0.100798070
vt 0.536050379 0.111169397
vt 0.512012660 0.102173447
vt 0.509340286 0.084319710
vt 0.515662193 0.119975924
vt 0.508043050 0.066846907
vt 0.50743258 0.049492597
vt 0.506711840 0.032490611
vt 0.506703496 0.016751229
vt 0.506378352 0.003007650
vt 0.525663971 0.004568934
vt 0.541045486 0.008287191
vt 0.931537032 0.784033417
vt 0.921732306 0.786931991
vt 0.920396626 0.797852218
vt 0.905420661 0.794707000
vt 0.889891803 0.789997100
vt 0.874673187 0.786346793
vt 0.859494626 0.781277418
vt 0.851892173 0.803190112
vt 0.489259153 0.124056935
vt 0.486286103 0.106299042
vt 0.846373319 0.829174697
vt 0.485548257 0.087445199
vt 0.484507709 0.069286346
vt 0.484813481 0.050660371
vt 0.484171599 0.032350659
vt 0.483236193 0.017800271
vt 0.482816189 0.003242373
vt 0.934749841 0.816333174
vt 0.934423208 0.797835230
vt 0.93463552 0.839504063
vt 0.917941808 0.816414713
vt 0.900700628 0.814014554
vt 0.884164154 0.810289025
vt 0.867829203 0.806767582
vt 0.862602770 0.831765532
vt 0.842421889 0.860318541
vt 0.825762331 0.859642148
vt 0.859527885 0.861086547
vt 0.456029474 0.108293831
vt 0.455466508 0.089382290
vt 0.455263942 0.069853246
vt 0.455938398 0.051746308
vt 0.456270963 0.035470962
vt 0.455131799 0.019630372
vt 0.454448908 0.004497945
vt 0.933734834 0.866026103
vt 0.916117191 0.838942885
vt 0.913941144 0.864405036
vt 0.896837770 0.836277782
vt 0.878933608 0.833595097
vt 0.876547992 0.862117111
vt 0.859341859 0.889944195
vt 0.843002975 0.890887677
vt 0.877027213 0.888992369
vt 0.827879965 0.891251206
vt 0.425488203 0.106465816
vt 0.426127880 0.088721811
vt 0.425975561 0.070501864
vt 0.426372975 0.053064167
vt 0.426815062 0.035952091
vt 0.427704840 0.020635843
vt 0.428914427 0.004998982
vt 0.931215167 0.890120208
vt 0.91265136 0.889532744
vt 0.894709229 0.863018631
vt 0.894540786 0.889179885
vt 0.878669381 0.911553800
vt 0.861942291 0.913482427
vt 0.895750641 0.910739898
vt 0.845757544 0.915666818
vt 0.830405056 0.918281495
vt 0.399933069 0.103110492
vt 0.401138305 0.085625886
vt 0.401706397 0.068451404
vt 0.402880817 0.051877021
vt 0.404679954 0.035434007
vt 0.406536877 0.019020855
vt 0.406717509 0.003846824
vt 0.929597735 0.909653544
vt 0.912582933 0.910507559
vt 0.898098647 0.929606020
vt 0.882601976 0.931227386
vt 0.913555026 0.927754879
vt 0.864013254 0.934655368
vt 0.849980533 0.937844395
vt 0.836404919 0.940682530
vt 0.378688037 0.096819639
vt 0.379935234 0.082604825
vt 0.381275385 0.066816210
vt 0.383042901 0.051160574
vt 0.384924411 0.035028457
vt 0.387278586 0.019333779
vt 0.388822883 0.005565941
vt 0.926674604 0.927797436
vt 0.913410842 0.941466271
vt 0.901578486 0.944635272
vt 0.923525810 0.942682325
vt 0.888125658 0.948533177
vt 0.870959103 0.952109873
vt 0.855938971 0.956442177
vt 0.842338383 0.955389022
vt 0.362554967 0.093587875
vt 0.363081008 0.079939067
vt 0.364980787 0.065183460
vt 0.366486579 0.048935234
vt 0.368215352 0.034222781
vt 0.370330959 0.019868493
vt 0.371899247 0.006617844
vt 0.913786053 0.950074732
vt 0.919165730 0.953186869
vt 0.926903486 0.957640349
vt 0.905672192 0.954466402
vt 0.894131839 0.961080431
vt 0.879446446 0.968832254
vt 0.861158728 0.970968604
vt 0.349821507 0.077929318
vt 0.351658284 0.062305867
vt 0.353176385 0.048259496
vt 0.35489887 0.034634947
vt 0.359135121 0.023083508
vt 0.922555863 0.967016995
vt 0.912526309 0.960781753
vt 0.903965115 0.969286263
vt 0.892173171 0.975490808
vt 0.344716578 0.061503589
vt 0.342248499 0.048899471
vt 0.851151585 0.158489823
vt 0.859298527 0.183474421
vt 0.844221532 0.197378814
vt 0.840275704 0.174455046
vt 0.829184293 0.170605778
vt 0.835063755 0.138819456
vt 0.858699321 0.128715515
vt 0.844008326 0.106926798
vt 0.874776005 0.163566231
vt 0.866725742 0.216067850
vt 0.878349125 0.191090822
vt 0.837000310 0.230954349
vt 0.821349382 0.202395916
vt 0.808499813 0.237816572
vt 0.814238667 0.165744364
vt 0.819123625 0.128705442
vt 0.803031146 0.203317105
vt 0.825033307 0.091974437
vt 0.186545610 0.181266307
vt 0.175800740 0.158324241
vt 0.194362178 0.202847063
vt 0.166278034 0.130911767
vt 0.160902768 0.103421270
vt 0.623361647 0.494923055
vt 0.831758141 0.259285748
vt 0.792296528 0.270324707
vt 0.764532625 0.266987144
vt 0.785296022 0.235425233
vt 0.784745931 0.198623061
vt 0.797236323 0.161052584
vt 0.764343857 0.233359634
vt 0.803728222 0.122135996
vt 0.806745767 0.082975685
vt 0.801732957 0.042150259
vt 0.153023943 0.189974308
vt 0.157800212 0.211918294
vt 0.163048192 0.231935083
vt 0.147164672 0.165792882
vt 0.138416856 0.138403832
vt 0.134275004 0.105234623
vt 0.613305926 0.518013417
vt 0.575388252 0.504754006
vt 0.536489665 0.499049961
vt 0.501861214 0.499504983
vt 0.468133509 0.505616664
vt 0.472287207 0.473516285
vt 0.743138074 0.228355050
vt 0.764975786 0.192754566
vt 0.713914156 0.257343232
vt 0.780781269 0.156039953
vt 0.786812543 0.117063343
vt 0.787160038 0.081740558
vt 0.780537962 0.042249083
vt 0.165926978 0.253168284
vt 0.122271426 0.240470528
vt 0.119896046 0.219228565
vt 0.124761335 0.261177063
vt 0.116495080 0.197938442
vt 0.112813100 0.171910166
vt 0.108610034 0.142572581
vt 0.105096876 0.108943224
vt 0.611569583 0.543946266
vt 0.572399377 0.533706843
vt 0.536166012 0.528632879
vt 0.501431047 0.533678054
vt 0.469313591 0.539321601
vt 0.430939883 0.517221987
vt 0.443343520 0.549253165
vt 0.405301868 0.496181070
vt 0.406662732 0.533724665
vt 0.724128603 0.217048227
vt 0.748517692 0.184352099
vt 0.763875782 0.150044858
vt 0.768517494 0.113813042
vt 0.767597317 0.079784214
vt 0.757129073 0.043219089
vt 0.169030264 0.273428618
vt 0.129207938 0.282112419
vt 0.082844510 0.266676724
vt 0.087099425 0.286899328
vt 0.081134036 0.244741320
vt 0.079641021 0.222919344
vt 0.078828215 0.200682222
vt 0.078844673 0.175038754
vt 0.076617039 0.144595623
vt 0.075976684 0.111638248
vt 0.606042385 0.571522831
vt 0.573541700 0.564995944
vt 0.537953853 0.564777612
vt 0.508419632 0.566171109
vt 0.480078458 0.5756917
vt 0.453064650 0.584276497
vt 0.417234152 0.564428567
vt 0.435038030 0.598176956
vt 0.399685889 0.584128022
vt 0.387595236 0.555554270
vt 0.380166858 0.516658544
vt 0.707708001 0.203591764
vt 0.733104765 0.174003660
vt 0.747625470 0.144046068
vt 0.749763608 0.115196764
vt 0.746130704 0.083879053
vt 0.734463930 0.048944532
vt 0.173030793 0.294980943
vt 0.134289771 0.301258206
vt 0.092243470 0.308007657
vt 0.042721044 0.290703296
vt 0.050819192 0.310489833
vt 0.039195090 0.267977774
vt 0.100698761 0.328963756
vt 0.059226084 0.336280226
vt 0.141311883 0.323745191
vt 0.177973240 0.318412840
vt 0.210652545 0.312210917
vt 0.721832990 0.093174517
vt 0.729407131 0.121815383
vt 0.733617723 0.141367197
vt 0.718342602 0.159760952
vt 0.693569064 0.184495866
vt 0.663832843 0.203523814
vt 0.632486045 0.208903312
vt 0.387807041 0.615903496
vt 0.416062176 0.613320052
vt 0.404501199 0.645418405
vt 0.395251631 0.674031019
vt 0.369371205 0.649935185
vt 0.626960158 0.175349295
vt 0.653860330 0.172842800
vt 0.679570853 0.160168767
vt 0.705697715 0.138574183
vt 0.695154964 0.112315237
vt 0.681473672 0.091201841
vt 0.662486434 0.077882766
vt 0.638382494 0.068093359
vt 0.107716471 0.355057299
vt 0.074015453 0.355979085
vt 0.466622382 0.786551237
vt 0.504411637 0.797630548
vt 0.440673559 0.768495142
vt 0.411643385 0.749247014
vt 0.420566201 0.740191817
vt 0.605500519 0.097034514
vt 0.628295779 0.101119279
vt 0.648880183 0.109034001
vt 0.665188908 0.112887263
vt 0.669579267 0.132438123
vt 0.647360980 0.139902412
vt 0.625485420 0.136197030
vt 0.603208720 0.133704543
vt 0.585275828 0.134232342
vt 0.407035768 0.699600815
vt 0.405140250 0.719400584
vt 0.420022279 0.672963142
vt 0.435796797 0.651593804
vt 0.441050052 0.700255632
vt 0.458155304 0.684865713
vt 0.426943868 0.719619333
vt 0.448147177 0.746419787
vt 0.474898219 0.764029681
vt 0.506457567 0.771220088
vt 0.534203410 0.769996821
vt 0.545967102 0.792555749
vt 0.492314577 0.742623329
vt 0.476277470 0.743486762
vt 0.514394998 0.741397619
vt 0.460446864 0.728582263
vt 0.476333290 0.714237630
vt 0.472740471 0.673536181
vt 0.495913028 0.710196971
vt 0.451265007 0.632704377
vt 0.472967147 0.622762680
vt 0.491339981 0.662000954
vt 0.512777626 0.699895083
vt 0.533051013 0.736336231
vt 0.556338667 0.758823216
vt 0.573284804 0.783554852
vt 0.581775248 0.748885512
vt 0.601164460 0.773532152
vt 0.622638583 0.794261157
vt 0.552070319 0.723326325
vt 0.531149208 0.690407872
vt 0.511233985 0.653115391
vt 0.493183374 0.612213492
vt 0.517698764 0.605993330
vt 0.533074855 0.644553780
vt 0.549802959 0.680038094
vt 0.573305726 0.711024642
vt 0.597180604 0.739038765
vt 0.617651581 0.752937078
vt 0.642888307 0.763376414
vt 0.631810188 0.726568400
vt 0.656548202 0.726219534
vt 0.607875526 0.716705083
vt 0.589020192 0.693297505
vt 0.571980178 0.669120788
vt 0.555946648 0.636735975
vt 0.545488834 0.59909302
vt 0.576897621 0.599701523
vt 0.584676206 0.629589676
vt 0.594565808 0.660718917
vt 0.599891722 0.679951369
vt 0.616089165 0.685837745
vt 0.636438548 0.691359043
vt 0.661878645 0.684012472
vt 0.636134028 0.657463729
vt 0.653906941 0.648078441
vt 0.615094602 0.658781945
vt 0.611417710 0.631048202
vt 0.607929289 0.599445343
vt 0.633546292 0.616582036
vt 0.627217650 0.634494781
vt 0.884328901 0.515104949
vt 0.871868312 0.519935965
vt 0.863627731 0.509993314
vt 0.876152575 0.507761478
vt 0.878247022 0.499897182
vt 0.892248928 0.503812670
vt 0.898626685 0.522599756
vt 0.885382533 0.531003296
vt 0.905534625 0.509071350
vt 0.852757811 0.520090043
vt 0.863119840 0.533067345
vt 0.850155949 0.507628321
vt 0.863249301 0.497453987
vt 0.849455356 0.496249973
vt 0.882196784 0.485025525
vt 0.898733258 0.488368392
vt 0.865340769 0.482982158
vt 0.914073884 0.492589116
vt 0.917219579 0.521584987
vt 0.918560266 0.511948943
vt 0.929738700 0.497566103
vt 0.924012422 0.272250413
vt 0.938668549 0.265944838
vt 0.952429413 0.260630965
vt 0.962322831 0.270113408
vt 0.975652694 0.272761642
vt 0.839542686 0.504779577
vt 0.836063921 0.496404290
vt 0.849782645 0.481870830
vt 0.835088014 0.480516552
vt 0.866720497 0.464974343
vt 0.885278940 0.466659128
vt 0.849068522 0.463883519
vt 0.903966486 0.469255983
vt 0.920694351 0.471701622
vt 0.937427580 0.475859999
vt 0.902262389 0.254180908
vt 0.895289421 0.232611179
vt 0.915867149 0.252392351
vt 0.931436479 0.248192071
vt 0.946801006 0.245510637
vt 0.969633042 0.258065581
vt 0.961073696 0.254212677
vt 0.961274325 0.243504166
vt 0.980441391 0.261103928
vt 0.989109933 0.246878802
vt 0.834597110 0.462581694
vt 0.821015477 0.459601283
vt 0.851779162 0.441500067
vt 0.869332909 0.442720294
vt 0.835927069 0.439535617
vt 0.888015151 0.443345069
vt 0.907227873 0.445085167
vt 0.926261127 0.446967303
vt 0.944595277 0.450478255
vt 0.888488292 0.205301702
vt 0.911289274 0.230279624
vt 0.905686438 0.204865038
vt 0.927245080 0.227709412
vt 0.944921672 0.225416481
vt 0.961880505 0.224533855
vt 0.975600361 0.244655966
vt 0.977623283 0.225841462
vt 0.979028046 0.202763378
vt 0.995483875 0.205280184
vt 0.824064075 0.408557891
vt 0.838917017 0.410360276
vt 0.853285908 0.411990881
vt 0.870555877 0.413369178
vt 0.888840317 0.413606286
vt 0.907479882 0.414327561
vt 0.926862359 0.415899276
vt 0.944275796 0.416997790
vt 0.959888696 0.416578650
vt 0.903513371 0.174503564
vt 0.923040866 0.203889727
vt 0.921503782 0.175175070
vt 0.940851211 0.202846169
vt 0.960025072 0.201923012
vt 0.978733003 0.176859855
vt 0.958804607 0.176186204
vt 0.824716985 0.381977081
vt 0.839718163 0.382000327
vt 0.978529274 0.152018249
vt 0.855331540 0.382865965
vt 0.871619582 0.383683145
vt 0.888389766 0.383939385
vt 0.907514691 0.384278476
vt 0.926972806 0.385555148
vt 0.943757712 0.385667502
vt 0.9588992 0.386610448
vt 0.905006289 0.145933210
vt 0.922847211 0.147999763
vt 0.939440131 0.175756454
vt 0.941004574 0.149441838
vt 0.959182679 0.151019513
vt 0.960774838 0.130343377
vt 0.977784872 0.131468236
vt 0.99426651 0.131168901
vt 0.840836286 0.360305607
vt 0.856488764 0.359649360
vt 0.874451339 0.359297335
vt 0.891080498 0.359654784
vt 0.908692300 0.359869360
vt 0.925047099 0.360558807
vt 0.941454172 0.360193610
vt 0.956502378 0.360135555
vt 0.908697664 0.122637033
vt 0.926483988 0.125846624
vt 0.943232178 0.128190457
vt 0.962402284 0.112129092
vt 0.977332353 0.113743782
vt 0.947422027 0.109568774
vt 0.991816997 0.112777531
vt 0.841003537 0.341434896
vt 0.858037173 0.340604841
vt 0.874244332 0.339350521
vt 0.891256570 0.338748753
vt 0.907210826 0.338830292
vt 0.922545552 0.338650763
vt 0.937211632 0.338311255
vt 0.951011717 0.338548600
vt 0.915029406 0.101990640
vt 0.932333469 0.106469631
vt 0.953272402 0.094614148
vt 0.939738750 0.090238690
vt 0.964982271 0.098443806
vt 0.975025236 0.099442541
vt 0.985258400 0.096867263
vt 0.993730008 0.089626908
vt 0.861113369 0.324336767
vt 0.875655055 0.324447214
vt 0.890669345 0.322802782
vt 0.905893504 0.321230828
vt 0.920413076 0.321781635
vt 0.931696593 0.324385166
vt 0.907713592 0.079364597
vt 0.922369897 0.08296597
vt 0.935100853 0.070853352
vt 0.949102044 0.077376425
vt 0.959498107 0.084817290
vt 0.966014802 0.090612351
vt 0.973040938 0.088111341
vt 0.981769502 0.084058821
vt 0.988967061 0.082064986
vt 0.864451944 0.310995340
vt 0.876778602 0.310384213
vt 0.890502929 0.308520436
vt 0.905346632 0.308914184
vt 0.920762538 0.309431135
vt 0.900405228 0.297740578
vt 0.961620390 0.070964157
vt 0.967113196 0.079682946
vt 0.979308128 0.075435161
vt 0.878000915 0.299941420
vt 0.888651728 0.301089644
vt 0.812707126 0.890249908
vt 0.819455266 0.870066225
vt 0.820789277 0.842812180
vt 0.811576366 0.823972463
vt 0.783073723 0.918939411
vt 0.797813832 0.891493260
vt 0.758535027 0.945202589
vt 0.532448530 0.237737894
vt 0.7291345 0.967917919
vt 0.535054564 0.251335620
vt 0.770905971 0.790297687
vt 0.748771667 0.781117200
vt 0.695162475 0.982211411
vt 0.493854373 0.321442604
vt 0.558395028 0.822185754
vt 0.660387992 0.991690933
vt 0.270173728 0.151260256
vt 0.542551934 0.840282857
vt 0.610946059 0.813643872
vt 0.582118094 0.831559717
vt 0.640118598 0.799595952
vt 0.269748121 0.323259890
vt 0.594520807 0.997485518
vt 0.224523052 0.194871604
vt 0.511095941 0.900122284
vt 0.216668784 0.273278474
vt 0.232777059 0.282802462
vt 0.552554428 0.988672375
vt 0.212862059 0.233782589
vt 0.524696648 0.961753308
vt 0.437815427 0.347350478
vt 0.467038393 0.335318148
vt 0.814669072 0.363153755
vt 0.805533409 0.329366505
vt 0.818260908 0.390778005
vt 0.787964165 0.306029200
vt 0.761338353 0.289132893
vt 0.727903902 0.271274685
vt 0.809389829 0.419363081
vt 0.691794693 0.262593627
vt 0.790395379 0.446360528
vt 0.660850465 0.644765973
vt 0.674144625 0.477068007
vt 0.707572102 0.475308537
vt 0.639205753 0.474285781
vt 0.739744842 0.469029486
vt 0.767636060 0.459529280
vt 0.654251098 0.607888579
vt 0.604177475 0.468039274
vt 0.569346189 0.454637885
vt 0.584890604 0.275165557
vt 0.660476923 0.540393948
vt 0.538141846 0.287434935
vt 0.541291475 0.436047315
vt 0.783859014 0.480498015
vt 0.522114932 0.306760489
vt 0.699341952 0.497097313
vt 0.500962376 0.344109356
vt 0.500489175 0.368952870
vt 0.506183207 0.393312871
vt 0.023429226 0.607396125
vt 0.067768774 0.615320086
vt 0.083882764 0.637760162
vt 0.002679426 0.579224467
vt 0.380479961 0.920750200
vt 0.143856659 0.643118619
vt 0.004670326 0.540026903
vt 0.340413212 0.982422351
vt 0.219172716 0.629645466
vt 0.264334619 0.639703393
vt 0.307749897 0.611991405
vt 0.334309190 0.571850955
vt 0.363239020 0.539587140
vt 0.386903822 0.480833172
vt 0.378906935 0.435388326
vt 0.352084010 0.385970115
vt 0.311822682 0.358168363
vt 0.280803471 0.338899910
vt 0.246344015 0.329798102
vt 0.007247086 0.500777483
vt 0.302435755 0.660805106
vt 0.025669436 0.416975379
vt 0.158832594 0.646508455
vt 0.180743843 0.666064858
vt 0.194191664 0.674773216
vt 0.125855043 0.365313053
vt 0.013281667 0.735210359
vt 0.054607447 0.686307966
vt 0.914168953 0.746168136
vt 0.925178825 0.755659163
vt 0.572789847 0.069261074
vt 0.873974382 0.750083506
vt 0.937562823 0.769193768
vt 0.561473369 0.100173771
vt 0.852866113 0.763185739
vt 0.843945384 0.779484868
vt 0.834573626 0.800830006
vt 0.950185120 0.814661860
vt 0.948323547 0.796568930
vt 0.944330036 0.781528711
vt 0.829764723 0.827840864
vt 0.951278030 0.838237226
vt 0.457080721 0.126158952
vt 0.951320886 0.866085827
vt 0.424505323 0.122938871
vt 0.948632895 0.892067909
vt 0.399167388 0.119457721
vt 0.945262610 0.911952734
vt 0.378010183 0.111376047
vt 0.939302444 0.929098784
vt 0.354233622 0.106922566
vt 0.364124655 0.105260074
vt 0.941424787 0.954307556
vt 0.931300044 0.94780761
vt 0.350696742 0.094724297
vt 0.871910631 0.980915367
vt 0.932946205 0.969510018
vt 0.935062944 0.960578441
vt 0.344109833 0.036360621
vt 0.339710205 0.069207131
vt 0.902433455 0.980007231
vt 0.913005471 0.972995340
vt 0.200118571 0.143418073
vt 0.213346347 0.160839498
vt 0.187936589 0.119303047
vt 0.642321944 0.481134295
vt 0.177295312 0.102354407
vt 0.657900571 0.497650742
vt 0.220784112 0.176725566
vt 0.821528315 0.051208317
vt 0.653712213 0.51280725
vt 0.865350604 0.236765563
vt 0.584216177 0.479409933
vt 0.547214627 0.468912363
vt 0.508800983 0.469472885
vt 0.200086012 0.224077701
vt 0.651582419 0.536129772
vt 0.737862885 0.266307354
vt 0.437775701 0.482873678
vt 0.204275637 0.245325565
vt 0.647251784 0.562617838
vt 0.693540871 0.245649218
vt 0.206828370 0.267286300
vt 0.642244517 0.588357687
vt 0.640306472 0.232805550
vt 0.677171111 0.227976858
vt 0.209072396 0.288713455
vt 0.550526917 0.811242938
vt 0.510944187 0.820670962
vt 0.591437876 0.814666748
vt 0.466362178 0.81096977
vt 0.652792871 0.040092170
vt 0.682251095 0.049472212
vt 0.70803684 0.066928088
vt 0.373981624 0.583914876
vt 0.602469325 0.206905484
vt 0.579984247 0.163760721
vt 0.601635694 0.172890245
vt 0.137410134 0.350932657
vt 0.610304415 0.065015137
vt 0.426103681 0.784814000
vt 0.583152294 0.061810374
vt 0.583918511 0.088566958
vt 0.398382812 0.751883387
vt 0.375059783 0.729217469
vt 0.389207899 0.713794708
vt 0.037549208 0.244893908
vt 0.039411835 0.223766028
vt 0.040496215 0.199003398
vt 0.046195600 0.174489736
vt 0.047902081 0.143183052
vt 0.051275923 0.117412447
vt 0.913850665 0.289069175
vt 0.933839142 0.286288559
vt 0.968871474 0.285023212
vt 0.949982464 0.279756307
vt 0.909496963 0.275420129
vt 0.898100614 0.274777710
vt 0.888278842 0.257464051
vt 0.838128566 0.513607382
vt 0.985423624 0.273926973
vt 0.989146709 0.268326461
vt 0.994965493 0.257411778
vt 0.879964232 0.234695673
vt 0.819277763 0.479792535
vt 0.992097795 0.228652536
vt 0.875449419 0.215241193
vt 0.958485305 0.446431040
vt 0.821470201 0.436770439
vt 0.997054696 0.177529871
vt 0.885012805 0.173878312
vt 0.996100544 0.152461469
vt 0.887362062 0.143320858
vt 0.825753629 0.360217273
vt 0.892218709 0.118818581
vt 0.826830446 0.342816352
vt 0.999550700 0.102006316
vt 0.894854545 0.085595428
vt 0.900674879 0.097642064
vt 0.846592009 0.325072407
vt 0.900012254 0.075067102
vt 0.933995485 0.314470052
vt 0.917866349 0.296099364
vt 0.851970851 0.313798666
vt 0.988025546 0.073132634
vt 0.915043830 0.065734326
vt 0.953722059 0.063400745
vt 0.867172002 0.300229013
vt 0.973214924 0.068199992
vt 0.965789496 0.060931026
s 1
g Patch
f 1/1 2/2 3/3 4/4
f 1/1 4/4 5/5 6/6
f 1/1 6/6 7/7 2/2
f 8/8 3/3 2/2 9/9
f 10/10 9/9 2/2 7/7
f 8/8 11/11 12/12 3/3
f 12/12 13/13 4/4 3/3
f 14/14 5/5 4/4 13/13
f 14/14 15/15 16/16 5/5
f 16/16 17/17 6/6 5/5
f 18/18 7/7 6/6 17/17
f 18/18 19/19 10/10 7/7
f 20/20 9/9 10/10 21/21
f 19/19 22/22 21/21 10/10
f 20/20 23/23 8/8 9/9
f 8/8 23/23 24/24 11/11
f 12/12 11/11 25/25 26/26
f 27/27 25/25 11/11 24/24
f 12/1109 26/1114 28/28 13/1110
f 28/28 29/29 14/1111 13/1110
f 30/30 15/1112 14/1111 29/29
f 31/31 16/16 15/15 32/32
f 30/1116 33/33 32/32 15/15
f 31/31 34/34 17/17 16/16
f 35/35 18/18 17/17 34/34
f 35/35 36/36 19/19 18/18
f 19/19 36/36 37/37 22/22
f 38/38 21/21 22/22 39/39
f 37/37 40/40 39/39 22/22
f 38/38 41/41 20/20 21/21
f 20/20 41/41 42/42 23/23
f 43/43 24/24 23/23 42/42
f 43/43 44/44 27/27 24/24
f 27/1115 44/1117 45/45 46/46
f 27/1115 46/46 47/47 25/1113
f 48/48 26/1114 25/1113 47/47
f 28/28 26/1114 48/48 49/49
f 28/28 49/49 50/50 29/29
f 30/30 29/29 50/50 51/51
f 52/52 33/33 30/1116 51/1118
f 53/53 33/33 52/52 54/54
f 53/53 55/55 32/32 33/33
f 31/31 32/32 55/55 34/34
f 56/56 35/35 34/34 55/55
f 56/56 57/57 36/36 35/35
f 37/37 36/36 57/57 58/58
f 37/37 58/58 59/59 40/40
f 60/60 39/39 40/40 61/61
f 59/59 62/62 61/61 40/40
f 60/60 63/63 38/38 39/39
f 38/38 63/63 64/64 41/41
f 65/65 42/42 41/41 64/64
f 65/65 66/66 43/43 42/42
f 43/43 66/66 67/67 44/44
f 68/68 45/45 44/1117 67/1121
f 46/46 45/45 69/69 70/70
f 68/68 71/71 69/69 45/45
f 46/46 70/70 72/72 47/47
f 48/48 47/47 72/72 73/73
f 48/48 73/73 74/74 49/49
f 75/75 50/50 49/49 74/74
f 75/75 76/76 51/51 50/50
f 52/1119 51/51 76/76 77/77
f 52/1119 77/77 78/78 54/1120
f 79/79 54/1120 78/78 80/80
f 79/1122 81/81 53/53 54/54
f 53/53 81/81 56/56 55/55
f 56/56 81/81 82/82 57/57
f 83/83 58/58 57/57 82/82
f 59/59 58/58 83/83 84/84
f 59/59 84/84 85/85 62/62
f 86/86 61/61 62/62 87/87
f 85/85 88/88 87/87 62/62
f 86/86 89/89 60/60 61/61
f 60/60 89/89 90/90 63/63
f 91/91 64/64 63/63 90/90
f 91/91 92/92 65/65 64/64
f 65/65 92/92 93/93 66/66
f 94/94 67/67 66/66 93/93
f 94/1124 95/95 68/68 67/1121
f 96/96 71/71 68/68 95/95
f 97/97 69/69 71/71 98/98
f 98/98 71/71 96/96 99/99
f 96/96 95/95 100/100 101/101
f 96/96 101/101 102/102 99/99
f 100/100 95/95 94/1124 103/103
f 104/104 103/1125 94/94 93/93
f 104/104 93/93 92/92 105/105
f 91/91 106/106 105/105 92/92
f 107/107 106/106 91/91 90/90
f 107/107 90/90 89/89 108/108
f 86/86 109/109 108/108 89/89
f 110/110 109/109 86/86 87/87
f 110/110 87/87 88/88 111/111
f 85/85 112/112 113/113 88/88
f 113/1128 114/114 111/1126 88/1123
f 85/85 84/84 115/115 112/112
f 113/1128 112/1127 116/116 117/117
f 118/118 116/116 112/1127 115/1129
f 113/1128 117/117 119/119 114/114
f 120/120 111/1126 114/114 121/121
f 119/119 122/122 121/121 114/114
f 120/1130 123/123 110/110 111/111
f 110/110 123/123 124/124 109/109
f 125/125 108/108 109/109 124/124
f 125/125 126/126 107/107 108/108
f 107/107 126/126 127/127 106/106
f 105/105 106/106 127/127 128/128
f 104/104 105/105 128/128 129/129
f 130/130 103/1125 104/104 129/129
f 100/100 103/103 130/1131 131/131
f 131/131 130/1131 132/132 133/133
f 130/130 129/129 134/134 132/1132
f 135/135 134/134 129/129 128/128
f 135/135 128/128 127/127 136/136
f 137/137 136/136 127/127 126/126
f 137/137 126/126 125/125 138/138
f 125/125 124/124 139/139 138/138
f 140/140 139/139 124/124 123/123
f 140/140 123/123 120/1130 141/141
f 120/120 121/121 142/142 141/1133
f 142/142 121/121 122/122 143/143
f 144/144 143/143 122/122 145/145
f 119/119 146/146 145/145 122/122
f 119/119 117/117 147/147 146/146
f 146/146 147/147 148/148 149/149
f 146/146 149/149 150/150 145/145
f 144/144 145/145 150/150 151/151
f 144/144 151/151 152/152 143/143
f 153/153 142/142 143/143 152/152
f 153/153 154/154 141/1133 142/142
f 140/140 141/141 154/1135 139/139
f 155/155 138/138 139/139 154/1135
f 155/155 156/156 137/137 138/138
f 137/137 156/156 157/157 136/136
f 135/135 136/136 157/157 134/134
f 157/157 158/158 132/1132 134/134
f 159/159 133/133 132/132 158/1136
f 159/159 160/160 161/161 133/133
f 131/131 133/133 161/161 162/162
f 159/159 158/1136 163/163 160/160
f 156/156 163/1137 158/158 157/157
f 155/155 164/164 163/1137 156/156
f 153/1134 164/164 155/155 154/1135
f 165/165 164/1138 153/153 152/152
f 166/166 165/165 152/152 151/151
f 167/167 166/166 151/151 150/150
f 149/149 102/102 167/167 150/150
f 149/149 148/148 99/99 102/102
f 168/168 169/169 148/148 147/147
f 169/169 98/98 99/99 148/148
f 168/168 147/147 117/117 116/116
f 170/170 169/169 168/168 171/171
f 171/171 168/168 116/116 118/118
f 97/97 98/98 169/169 170/170
f 97/97 170/170 172/172 173/173
f 170/170 171/171 174/174 172/172
f 171/171 118/118 175/175 174/174
f 118/118 115/1129 176/176 175/175
f 177/177 174/174 175/175 178/178
f 178/178 175/175 176/176 179/179
f 180/180 172/172 174/174 177/177
f 180/180 181/181 173/173 172/172
f 70/70 69/69 97/97 173/173
f 70/70 173/173 181/181 72/72
f 73/73 72/72 181/181 182/182
f 182/182 181/181 180/180 183/183
f 180/180 177/177 184/184 183/183
f 177/177 178/178 80/80 184/184
f 178/178 179/179 79/79 80/80
f 79/1122 179/1140 82/82 81/81
f 83/83 82/82 179/1140 176/1139
f 115/115 84/84 83/83 176/1139
f 185/185 184/184 80/80 78/78
f 185/185 186/186 183/183 184/184
f 182/182 183/183 186/186 187/187
f 73/73 182/182 187/187 74/74
f 75/75 74/74 187/187 76/76
f 187/187 186/186 77/77 76/76
f 185/185 78/78 77/77 186/186
f 167/167 102/102 101/101 162/162
f 167/167 162/162 161/161 166/166
f 100/100 131/131 162/162 101/101
f 166/166 161/161 160/160 165/165
f 165/165 160/160 163/163 164/1138
f 188/188 189/189 190/190 191/191
f 192/192 193/193 188/188 191/191
f 190/190 194/194 192/192 191/191
f 189/189 188/188 195/195 196/196
f 195/195 188/188 193/193 197/197
f 198/198 190/190 189/189 199/199
f 189/189 196/196 200/200 199/199
f 194/194 190/190 198/198 201/201
f 194/194 201/201 202/202 203/203
f 204/204 192/192 194/194 203/203
f 193/193 192/192 204/204 205/205
f 193/193 205/205 206/206 197/197
f 195/195 197/197 207/207 208/208
f 207/207 197/197 206/206 209/209
f 195/195 208/208 210/210 196/196
f 210/210 211/211 200/200 196/196
f 200/200 212/212 213/213 199/199
f 212/212 200/200 211/211 214/214
f 198/198 199/199 213/213 215/215
f 216/216 201/201 198/198 215/215
f 201/201 216/216 217/217 202/202
f 203/203 202/202 218/218 219/219
f 217/217 220/220 218/218 202/202
f 221/221 204/204 203/203 219/219
f 205/205 204/204 221/221 222/222
f 223/223 206/206 205/205 222/222
f 206/206 223/223 224/224 209/209
f 225/225 209/1143 224/1147 226/226
f 225/225 227/227 207/1141 209/1143
f 207/1141 227/227 228/228 208/1142
f 228/228 229/229 210/1144 208/1142
f 230/230 211/1145 210/1144 229/229
f 211/1145 230/230 231/231 214/1146
f 212/212 214/214 232/232 233/233
f 231/231 234/234 232/1148 214/1146
f 235/235 213/213 212/212 233/233
f 213/213 235/235 236/236 215/215
f 216/216 215/215 236/236 237/237
f 238/238 217/217 216/216 237/237
f 217/217 238/238 239/239 220/220
f 240/240 241/241 218/218 220/220
f 239/239 242/242 240/240 220/220
f 219/219 218/218 241/241 243/243
f 244/244 221/221 219/219 243/243
f 221/221 244/244 223/223 222/222
f 224/224 223/223 244/244 245/245
f 246/246 226/226 224/1147 245/1149
f 247/247 248/248 225/225 226/226
f 246/246 249/249 247/247 226/226
f 227/227 225/225 248/248 250/250
f 251/251 228/228 227/227 250/250
f 228/228 251/251 252/252 229/229
f 252/252 253/253 230/230 229/229
f 230/230 253/253 254/254 231/231
f 254/254 255/255 234/234 231/231
f 256/256 232/1148 234/234 257/257
f 234/234 255/255 258/258 257/257
f 232/232 256/1150 259/259 233/233
f 235/235 233/233 259/259 260/260
f 261/261 236/236 235/235 260/260
f 236/236 261/261 262/262 237/237
f 238/238 237/237 262/262 263/263
f 264/264 239/239 238/238 263/263
f 239/239 264/264 265/265 242/242
f 266/266 267/267 240/240 242/242
f 265/265 268/268 266/266 242/242
f 269/269 241/241 240/240 267/267
f 241/241 269/269 270/270 243/243
f 244/244 243/243 270/270 245/245
f 246/246 245/1149 270/1155 271/271
f 272/272 249/249 246/246 271/271
f 249/249 272/272 273/273 274/274
f 275/275 247/247 249/249 274/274
f 248/248 247/247 275/275 276/276
f 248/248 276/276 251/251 250/250
f 251/251 276/276 277/277 252/252
f 277/277 278/278 253/253 252/252
f 253/253 278/278 279/279 254/254
f 279/279 280/280 255/255 254/254
f 281/281 258/258 255/255 280/280
f 282/282 283/283 258/258 281/281
f 284/284 257/257 258/258 283/283
f 256/256 257/257 284/284 285/285
f 286/286 259/259 256/1150 285/1156
f 259/259 286/286 287/287 260/260
f 261/261 260/260 287/287 288/288
f 289/289 262/262 261/261 288/288
f 262/262 289/289 290/290 263/263
f 264/264 263/263 290/290 291/291
f 292/292 265/265 264/264 291/291
f 265/265 292/292 293/293 268/268
f 294/294 295/295 266/1151 268/1153
f 293/1157 296/296 294/294 268/1153
f 297/297 293/293 292/292 298/298
f 293/1157 297/1158 299/299 296/296
f 292/292 291/291 300/300 298/298
f 290/290 301/301 300/300 291/291
f 301/301 290/290 289/289 302/302
f 289/289 288/288 303/303 302/302
f 287/287 304/304 303/303 288/288
f 304/304 287/287 286/286 305/305
f 286/286 285/1156 306/306 305/305
f 306/1159 285/285 284/284 307/307
f 308/308 307/307 284/284 283/283
f 282/282 309/309 308/308 283/283
f 309/309 282/282 310/310 311/311
f 310/310 282/282 281/281 312/312
f 313/313 314/314 309/309 311/311
f 315/315 308/308 309/309 314/314
f 308/308 315/315 316/316 307/307
f 316/316 317/317 306/1159 307/307
f 318/318 305/305 306/306 317/1160
f 318/318 319/319 304/304 305/305
f 319/319 320/320 303/303 304/304
f 303/303 320/320 321/321 302/302
f 301/301 302/302 321/321 322/322
f 323/323 300/300 301/301 322/322
f 300/300 323/323 324/324 298/298
f 297/297 298/298 324/324 325/325
f 326/326 299/299 297/1158 325/1162
f 299/299 327/327 328/328 296/296
f 299/299 326/326 329/329 327/327
f 330/330 331/331 326/326 325/1162
f 332/332 329/329 326/326 331/331
f 330/1163 325/325 324/324 333/333
f 324/324 323/323 334/334 333/333
f 335/335 334/334 323/323 322/322
f 335/335 322/322 321/321 336/336
f 321/321 320/320 337/337 336/336
f 337/337 320/320 319/319 338/338
f 319/319 318/318 339/339 338/338
f 340/340 339/1164 318/1161 317/317
f 341/341 340/340 317/317 316/316
f 315/315 342/342 341/341 316/316
f 343/343 342/342 315/315 314/314
f 341/341 342/342 344/344 345/345
f 346/346 344/344 342/342 343/343
f 347/347 340/340 341/341 345/345
f 339/1164 340/340 347/347 348/348
f 339/339 348/1165 337/337 338/338
f 337/337 348/1165 349/349 336/336
f 335/335 336/336 349/349 350/350
f 351/351 334/334 335/335 350/350
f 334/334 351/351 330/1163 333/333
f 331/331 330/330 351/1168 352/352
f 353/353 332/332 331/331 352/352
f 354/354 329/329 332/332 355/355
f 332/332 353/353 356/356 355/355
f 329/329 354/354 357/357 327/327
f 356/356 313/313 354/354 355/355
f 354/354 313/313 311/311 357/357
f 313/313 356/356 343/343 314/314
f 356/356 353/353 346/346 343/343
f 353/353 352/352 358/358 346/346
f 358/358 359/359 344/344 346/346
f 344/344 359/359 347/347 345/345
f 348/348 347/347 359/359 349/1166
f 349/1166 359/359 358/358 350/1167
f 351/1168 350/1167 358/358 352/352
f 357/357 360/360 328/328 327/327
f 311/311 310/310 360/360 357/357
f 360/360 310/310 312/312 361/361
f 362/362 328/328 360/360 361/361
f 328/328 362/362 294/294 296/296
f 363/363 362/362 361/361 364/364
f 295/295 294/294 362/362 363/363
f 364/364 361/361 312/312 365/365
f 365/365 312/312 281/281 280/280
f 279/279 366/366 365/365 280/280
f 366/366 367/367 364/364 365/365
f 367/367 368/368 363/363 364/364
f 368/368 369/369 295/295 363/363
f 369/369 267/1152 266/1151 295/295
f 370/370 369/369 368/368 371/371
f 369/369 370/370 269/1154 267/1152
f 371/371 368/368 367/367 372/372
f 372/372 367/367 366/366 373/373
f 366/366 279/279 278/278 373/373
f 374/374 373/373 278/278 277/277
f 374/374 273/273 372/372 373/373
f 273/273 272/272 371/371 372/372
f 272/272 271/271 370/370 371/371
f 270/1155 269/1154 370/370 271/271
f 273/273 374/374 275/275 274/274
f 276/276 275/275 374/374 277/277
g Patch_1
f 375/375 376/376 377/377 378/378
f 375/375 379/379 380/380 376/376
f 375/375 378/378 381/381 379/379
f 382/382 383/383 376/376 380/380
f 383/383 384/384 377/377 376/376
f 385/385 386/386 377/377 384/384
f 387/387 378/378 377/377 386/386
f 388/388 381/381 378/378 387/387
f 389/389 390/390 379/379 381/381
f 389/389 381/381 388/388 391/391
f 390/390 392/392 380/380 379/379
f 393/393 382/382 380/380 392/392
f 393/393 394/394 395/395 382/382
f 382/382 395/395 396/396 383/383
f 383/383 396/396 397/397 384/384
f 385/385 384/384 397/397 398/398
f 385/385 398/398 399/399 386/386
f 400/400 387/387 386/386 399/399
f 388/388 387/387 400/400 401/401
f 388/388 401/401 402/402 391/391
f 403/403 404/404 391/391 402/402
f 389/389 391/391 404/404 405/405
f 406/406 390/390 389/389 405/405
f 406/406 407/407 392/392 390/390
f 393/393 392/392 407/407 408/408
f 409/409 394/394 393/393 408/408
f 409/409 410/410 411/411 394/394
f 412/412 395/395 394/394 411/411
f 396/396 395/395 412/412 413/413
f 396/396 413/413 414/414 397/397
f 414/414 415/415 398/398 397/397
f 416/416 399/399 398/398 415/415
f 400/400 399/399 416/416 417/417
f 400/400 417/417 418/418 401/401
f 419/419 402/402 401/401 418/418
f 419/419 420/420 403/403 402/402
f 403/403 420/420 421/421 422/422
f 403/403 422/422 423/423 404/404
f 423/423 424/424 405/405 404/404
f 406/406 405/405 424/424 425/425
f 426/426 407/407 406/406 425/425
f 426/426 427/427 408/408 407/407
f 428/428 409/409 408/408 427/427
f 428/1172 429/429 410/1170 409/1169
f 430/430 411/1171 410/1170 431/431
f 431/431 410/1170 429/429 432/432
f 412/412 411/411 430/1173 433/433
f 412/412 433/433 434/434 413/413
f 413/413 434/434 435/435 414/414
f 436/436 415/415 414/414 435/435
f 416/416 415/415 436/436 437/437
f 416/416 437/437 438/438 417/417
f 439/439 418/418 417/417 438/438
f 439/439 440/440 419/419 418/418
f 419/419 440/440 441/441 420/420
f 442/442 421/421 420/420 441/441
f 442/442 443/443 444/444 421/421
f 444/444 445/445 422/422 421/421
f 423/423 422/422 445/445 446/446
f 423/423 446/446 447/447 424/424
f 447/447 448/448 425/425 424/424
f 449/449 426/426 425/425 448/448
f 449/449 450/450 427/427 426/426
f 428/428 427/427 450/450 451/451
f 452/452 429/429 428/1172 451/1175
f 452/452 453/453 432/432 429/429
f 454/454 431/431 432/432 455/455
f 456/456 455/455 432/432 453/453
f 430/430 431/431 454/454 457/457
f 430/430 457/457 458/458 433/1174
f 433/433 458/1176 459/459 434/434
f 460/460 435/435 434/434 459/459
f 436/436 435/435 460/460 461/461
f 436/436 461/461 462/462 437/437
f 463/463 438/438 437/437 462/462
f 463/463 464/464 439/439 438/438
f 439/439 464/464 465/465 440/440
f 466/466 441/441 440/440 465/465
f 467/467 442/442 441/441 466/466
f 468/468 443/443 442/442 467/467
f 468/468 469/469 470/470 443/443
f 444/444 443/443 470/470 471/471
f 444/444 471/471 472/472 445/445
f 473/473 446/446 445/445 472/472
f 447/447 446/446 473/473 474/474
f 447/447 474/474 475/475 448/448
f 449/449 448/448 475/475 476/476
f 477/477 450/450 449/449 476/476
f 477/477 478/478 451/451 450/450
f 479/479 452/452 451/1175 478/1188
f 479/479 480/480 453/453 452/452
f 456/456 453/453 480/480 481/481
f 482/482 455/455 456/456 483/483
f 456/456 481/481 484/484 483/483
f 454/454 455/455 482/482 485/485
f 482/482 486/486 487/487 485/485
f 482/482 483/483 488/488 486/486
f 489/489 488/488 483/483 484/484
f 489/489 484/484 490/490 491/491
f 490/490 484/484 481/481 492/492
f 492/492 481/481 480/480 493/493
f 493/493 480/480 479/479 494/494
f 479/479 478/1188 495/495 494/494
f 496/496 495/1189 478/478 477/477
f 496/496 477/477 476/476 497/497
f 498/498 497/497 476/476 475/475
f 498/498 475/475 474/474 499/499
f 473/473 500/500 499/499 474/474
f 473/473 472/472 501/501 500/500
f 501/501 472/472 471/471 502/502
f 500/500 501/501 503/503 504/504
f 501/501 502/502 505/505 503/503
f 500/500 504/504 506/506 499/499
f 498/498 499/499 506/506 497/497
f 507/507 496/496 497/497 506/506
f 508/508 495/1189 496/496 507/507
f 508/1190 509/509 494/494 495/495
f 493/493 494/494 509/509 510/510
f 492/492 493/493 510/510 511/511
f 490/490 492/492 511/511 512/512
f 491/491 490/490 512/512 513/513
f 489/489 491/491 514/514 515/515
f 491/491 513/513 516/516 514/514
f 517/517 488/488 489/489 515/515
f 517/517 518/518 486/486 488/488
f 519/519 520/520 518/518 517/517
f 519/519 517/517 515/515 521/521
f 522/522 521/521 515/515 514/514
f 522/522 514/514 516/516 523/523
f 524/524 525/525 523/523 516/516
f 524/524 516/516 513/513 526/526
f 527/527 526/526 513/513 512/512
f 527/527 512/512 511/511 528/528
f 510/510 529/529 528/528 511/511
f 530/530 529/529 510/510 509/509
f 530/530 509/509 508/1190 531/531
f 508/508 507/507 532/532 531/1193
f 507/507 506/506 504/504 532/532
f 533/533 532/532 504/504 503/503
f 533/533 534/534 531/1193 532/532
f 535/535 530/1192 531/1193 534/534
f 535/535 536/536 529/1191 530/1192
f 529/529 536/1194 537/537 528/528
f 527/527 528/528 537/537 526/526
f 538/538 524/524 526/526 537/537
f 539/539 525/525 524/524 538/538
f 540/540 541/541 525/525 539/539
f 525/525 541/541 542/542 523/523
f 522/522 523/523 542/542 521/521
f 543/543 519/519 521/521 542/542
f 544/544 520/520 519/519 543/543
f 545/545 546/546 518/518 520/520
f 545/545 520/520 544/544 547/547
f 544/544 548/548 549/549 547/547
f 544/544 543/543 550/550 548/548
f 550/550 543/543 542/542 541/541
f 550/550 541/541 540/540 551/551
f 540/540 469/1187 468/1186 551/551
f 540/540 539/539 552/552 469/1187
f 539/539 538/538 553/553 552/552
f 538/538 537/537 536/1194 553/553
f 554/554 553/1196 536/536 535/535
f 554/554 535/535 534/534 505/505
f 533/533 503/503 505/505 534/534
f 502/502 555/555 554/554 505/505
f 554/554 555/555 552/1195 553/1196
f 469/469 552/1195 555/555 470/470
f 502/502 471/471 470/470 555/555
f 550/550 551/551 556/556 548/548
f 468/1186 467/1185 556/556 551/551
f 557/557 549/549 548/548 556/556
f 557/557 558/558 559/559 549/549
f 559/559 560/560 547/547 549/549
f 545/545 547/547 560/560 561/561
f 562/562 546/546 545/545 561/561
f 562/562 563/563 487/487 546/546
f 486/486 518/518 546/546 487/487
f 564/564 563/563 562/562 565/565
f 562/562 561/561 566/566 565/565
f 560/560 567/567 566/566 561/561
f 559/559 568/568 567/567 560/560
f 559/559 558/558 569/569 568/568
f 557/557 466/1184 465/1183 558/558
f 558/558 465/1183 464/1182 569/569
f 467/1185 466/1184 557/557 556/556
f 463/1181 570/570 569/569 464/1182
f 568/568 569/569 570/570 571/571
f 568/568 571/571 572/572 567/567
f 573/573 566/566 567/567 572/572
f 573/573 574/574 565/565 566/566
f 564/564 565/565 574/574 575/575
f 576/576 577/577 564/564 575/575
f 564/564 577/577 578/578 563/563
f 485/485 487/487 563/563 578/578
f 454/454 485/485 578/578 457/457
f 457/457 578/578 577/577 458/458
f 576/576 459/1177 458/458 577/577
f 460/1178 459/1177 576/576 579/579
f 576/576 575/575 580/580 579/579
f 575/575 574/574 581/581 580/580
f 573/573 572/572 581/581 574/574
f 571/571 582/582 581/581 572/572
f 583/583 582/582 571/571 570/570
f 583/583 570/570 463/1181 462/1180
f 584/584 582/582 583/583 585/585
f 583/583 462/1180 461/1179 585/585
f 584/584 580/580 581/581 582/582
f 584/584 585/585 579/579 580/580
f 460/1178 579/579 585/585 461/1179
f 742/742 743/743 744/744 745/745
f 746/746 747/747 742/742 745/745
f 748/748 742/742 747/747 749/749
f 750/750 743/743 742/742 748/748
f 751/751 743/743 750/750 752/752
f 744/744 743/743 751/751 753/753
f 744/744 754/754 746/746 745/745
f 754/754 744/744 753/753 755/755
f 747/747 746/746 756/756 757/757
f 746/746 754/754 758/758 756/756
f 759/759 749/749 747/747 757/757
f 760/760 761/761 748/1231 749/1232
f 759/1237 762/762 760/760 749/1232
f 763/763 750/1233 748/1231 761/761
f 750/1233 763/763 764/764 752/1235
f 764/1239 765/765 751/1234 752/1236
f 751/751 765/1240 766/766 753/753
f 753/753 766/766 767/767 755/755
f 755/755 767/767 768/768 769/769
f 758/758 754/754 755/755 769/769
f 756/756 758/758 770/770 771/771
f 772/772 770/770 758/758 769/769
f 773/773 757/757 756/756 771/771
f 773/773 774/774 759/759 757/757
f 762/1238 759/759 774/774 775/775
f 776/776 760/760 762/762 777/777
f 762/762 775/1244 778/778 777/777
f 760/760 776/776 779/779 761/761
f 779/779 780/780 763/763 761/761
f 781/781 764/764 763/763 780/780
f 765/765 764/1239 781/1245 782/782
f 765/765 782/782 783/783 766/1241
f 783/783 784/784 767/1242 766/1241
f 785/785 768/1243 767/1242 784/784
f 768/1243 785/785 786/786 787/787
f 772/772 769/769 768/768 787/1246
f 770/770 772/772 788/788 789/789
f 788/788 772/772 787/1246 790/790
f 791/791 771/771 770/770 789/789
f 791/791 792/792 773/773 771/771
f 774/774 773/773 792/792 793/793
f 774/774 793/793 794/794 775/775
f 794/1248 795/795 778/778 775/1244
f 778/778 796/796 797/797 777/777
f 796/796 778/778 795/795 798/798
f 776/776 777/777 797/797 799/799
f 800/800 779/779 776/776 799/799
f 779/779 800/800 801/801 780/780
f 801/801 802/802 781/781 780/780
f 803/803 782/782 781/1245 802/1249
f 782/782 803/803 804/804 783/783
f 783/783 804/804 805/805 784/784
f 805/805 806/806 785/785 784/784
f 807/807 786/786 785/785 806/806
f 787/787 786/786 808/808 790/1247
f 809/809 808/808 786/786 807/807
f 810/810 790/1247 808/808 811/811
f 810/1250 812/812 788/788 790/790
f 789/789 788/788 812/812 813/813
f 814/814 791/791 789/789 813/813
f 792/792 791/791 814/814 815/815
f 792/792 815/815 816/816 793/793
f 816/816 817/817 794/794 793/793
f 795/795 794/1248 817/1251 818/818
f 795/795 818/818 819/819 798/798
f 820/820 798/798 819/819 821/821
f 822/822 796/796 798/798 820/820
f 823/823 797/797 796/796 822/822
f 797/797 823/823 824/824 799/799
f 800/800 799/799 824/824 825/825
f 826/826 801/801 800/800 825/825
f 801/801 826/826 827/827 802/802
f 827/1252 828/828 803/803 802/1249
f 829/829 804/804 803/803 828/828
f 804/804 829/829 830/830 805/805
f 805/805 830/830 831/831 806/806
f 831/831 832/832 807/807 806/806
f 833/833 809/809 807/807 832/832
f 808/808 809/809 834/834 811/811
f 834/834 809/809 833/833 835/835
f 811/811 834/834 836/836 837/837
f 838/838 810/810 811/811 837/837
f 812/812 810/1250 838/1254 839/839
f 840/840 813/813 812/812 839/839
f 840/840 841/841 814/814 813/813
f 814/814 841/841 842/842 815/815
f 842/842 843/843 816/816 815/815
f 844/844 817/817 816/816 843/843
f 817/1251 844/1255 845/845 818/818
f 845/845 846/846 819/819 818/818
f 819/819 846/846 847/847 821/821
f 848/848 821/821 847/847 849/849
f 848/848 850/850 820/820 821/821
f 847/847 851/851 852/852 849/849
f 846/846 853/853 851/851 847/847
f 853/853 846/846 845/845 854/854
f 854/854 845/845 844/1255 855/855
f 856/856 855/1262 844/844 843/843
f 842/842 857/857 856/856 843/843
f 857/857 842/842 841/841 858/858
f 841/841 840/840 859/859 858/858
f 859/859 840/840 839/839 860/860
f 839/839 838/1254 861/861 860/860
f 862/862 861/861 838/1254 837/1253
f 862/1263 837/837 836/836 863/863
f 863/863 836/836 864/864 865/865
f 864/864 836/836 834/834 835/835
f 866/866 867/867 863/863 865/865
f 867/1266 868/868 862/862 863/1264
f 861/861 862/862 868/868 869/869
f 870/870 860/860 861/861 869/869
f 871/871 859/859 860/860 870/870
f 859/859 871/871 857/857 858/858
f 857/857 871/871 872/872 856/856
f 872/872 873/873 855/1262 856/856
f 873/873 874/874 854/1261 855/1262
f 874/874 875/875 853/1260 854/1261
f 876/876 851/851 853/853 875/1267
f 851/851 876/876 877/877 852/852
f 852/1259 878/878 879/879 849/1257
f 877/1269 880/880 878/878 852/1259
f 881/881 882/882 880/880 877/1269
f 876/1268 883/883 881/1271 877/1270
f 884/884 883/883 876/1268 875/875
f 874/874 885/885 884/884 875/875
f 885/885 874/874 873/873 886/886
f 873/873 872/872 887/887 886/886
f 887/887 872/872 871/871 870/870
f 888/888 887/887 870/870 869/869
f 888/888 869/869 868/868 889/889
f 868/868 867/1266 890/890 889/889
f 866/1265 891/891 890/890 867/1266
f 891/1274 866/866 892/892 893/893
f 892/892 866/866 865/865 894/894
f 865/865 864/864 895/895 894/894
f 896/896 894/894 895/895 897/897
f 898/898 892/892 894/894 896/896
f 892/892 898/898 882/882 893/893
f 882/882 881/881 891/1274 893/893
f 882/882 898/898 899/899 880/880
f 899/899 900/900 878/878 880/880
f 900/900 901/901 879/879 878/878
f 879/879 901/901 902/902 903/903
f 848/1256 849/1257 879/879 903/903
f 904/904 901/901 900/900 905/905
f 901/901 904/904 906/906 902/902
f 900/900 899/899 907/907 905/905
f 907/907 899/899 898/898 896/896
f 908/908 907/907 896/896 897/897
f 908/908 897/897 909/909 910/910
f 895/895 911/911 909/909 897/897
f 911/911 895/895 864/864 835/835
f 911/911 835/835 833/833 912/912
f 913/913 909/909 911/911 912/912
f 909/909 913/913 914/914 910/910
f 910/910 914/914 915/915 906/906
f 904/904 908/908 910/910 906/906
f 907/907 908/908 904/904 905/905
f 902/902 906/906 915/915 916/916
f 917/917 903/903 902/902 916/916
f 917/917 850/1258 848/1256 903/903
f 918/918 919/919 917/917 916/916
f 850/1258 917/917 919/919 920/920
f 918/918 916/916 915/915 921/921
f 915/915 914/914 922/922 921/921
f 923/923 922/922 914/914 913/913
f 924/924 923/923 913/913 912/912
f 924/924 912/912 833/833 832/832
f 831/831 925/925 924/924 832/832
f 925/925 926/926 923/923 924/924
f 922/922 923/923 926/926 927/927
f 928/928 921/921 922/922 927/927
f 928/928 929/929 918/918 921/921
f 919/919 918/918 929/929 930/930
f 919/919 930/930 931/931 920/920
f 850/850 920/1275 822/822 820/820
f 931/1276 823/823 822/822 920/1275
f 932/932 933/933 931/931 930/930
f 933/1277 824/824 823/823 931/1276
f 929/929 934/934 932/932 930/930
f 928/928 935/935 934/934 929/929
f 936/936 935/935 928/928 927/927
f 936/936 927/927 926/926 937/937
f 926/926 925/925 938/938 937/937
f 830/830 938/938 925/925 831/831
f 938/938 830/830 829/829 939/939
f 940/940 937/937 938/938 939/939
f 940/940 941/941 936/936 937/937
f 935/935 936/936 941/941 942/942
f 943/943 934/934 935/935 942/942
f 934/934 943/943 944/944 932/932
f 944/944 945/945 933/933 932/932
f 824/824 933/1277 945/1278 825/825
f 945/945 944/944 946/946 947/947
f 826/826 825/825 945/1278 947/1279
f 943/943 948/948 946/946 944/944
f 941/941 948/948 943/943 942/942
f 949/949 948/948 941/941 940/940
f 950/950 949/949 940/940 939/939
f 950/950 939/939 829/829 828/828
f 949/949 950/950 951/951 952/952
f 827/1252 951/951 950/950 828/828
f 946/946 948/948 949/949 952/952
f 951/951 947/947 946/946 952/952
f 951/1280 827/827 826/826 947/1279
f 891/1274 881/881 883/1272 890/1273
f 889/889 890/890 883/883 884/884
f 885/885 888/888 889/889 884/884
f 887/887 888/888 885/885 886/886
g Patch_2
f 586/586 587/587 588/588 589/589
f 586/586 589/589 590/590 591/591
f 586/586 591/591 592/592 587/587
f 593/593 594/594 587/587 592/592
f 594/594 595/595 588/588 587/587
f 596/596 597/597 588/1197 595/1198
f 597/1199 598/598 589/589 588/588
f 598/598 599/599 590/590 589/589
f 600/600 601/601 591/591 590/590
f 600/600 590/590 599/599 602/602
f 601/601 603/603 592/592 591/591
f 603/603 604/604 593/593 592/592
f 605/605 594/594 593/593 606/606
f 604/604 607/607 606/606 593/593
f 605/605 608/608 595/595 594/594
f 596/596 595/1198 608/1201 609/609
f 610/610 611/611 597/597 596/596
f 610/610 596/596 609/609 612/612
f 597/597 611/611 613/613 598/1200
f 614/614 599/599 598/598 613/1202
f 614/614 615/615 602/602 599/599
f 616/616 617/617 600/600 602/602
f 616/616 602/602 615/615 618/618
f 600/600 617/617 619/619 601/601
f 601/601 619/619 620/620 603/603
f 603/603 620/620 621/621 604/604
f 604/604 621/621 622/622 607/607
f 607/607 622/622 623/623 624/624
f 607/607 624/624 625/625 606/606
f 605/605 606/606 625/625 608/608
f 625/1208 626/626 609/609 608/1201
f 627/627 612/612 609/609 626/626
f 627/627 628/628 629/629 612/612
f 630/630 610/610 612/612 629/629
f 630/630 631/631 611/611 610/610
f 632/632 613/613 611/611 631/631
f 614/1203 613/613 632/632 615/1204
f 632/632 633/633 618/1205 615/1204
f 634/634 635/635 616/616 618/618
f 634/1209 618/1205 633/633 636/636
f 616/616 635/635 637/637 617/617
f 638/638 619/619 617/617 637/637
f 638/638 639/639 620/620 619/619
f 639/639 640/640 621/621 620/620
f 640/640 641/641 622/622 621/621
f 642/642 623/623 622/622 641/641
f 624/1207 623/1206 643/643 644/644
f 643/643 623/1206 642/1210 645/645
f 624/1207 644/644 626/626 625/1208
f 627/627 626/626 644/644 628/628
f 643/643 646/646 628/628 644/644
f 646/646 647/647 629/629 628/628
f 647/647 648/648 630/630 629/629
f 649/649 631/631 630/630 648/648
f 632/632 631/631 649/649 633/633
f 649/649 650/650 636/636 633/633
f 651/651 652/652 634/1209 636/636
f 651/651 636/636 650/650 653/653
f 634/634 652/1211 654/654 635/635
f 655/655 637/637 635/635 654/654
f 655/655 656/656 638/638 637/637
f 638/638 656/656 657/657 639/639
f 639/639 657/657 658/658 640/640
f 659/659 641/641 640/640 658/658
f 642/642 641/641 659/659 660/660
f 642/1210 660/1212 661/661 645/645
f 643/643 645/645 662/662 646/646
f 645/645 661/661 663/663 662/662
f 646/646 662/662 664/664 647/647
f 665/665 648/648 647/647 664/664
f 649/649 648/648 665/665 650/650
f 665/665 666/666 653/653 650/650
f 667/667 668/668 651/651 653/653
f 667/667 653/653 666/666 669/669
f 651/651 668/668 670/670 652/652
f 654/654 652/1211 670/1213 671/671
f 655/655 654/654 671/671 672/672
f 673/673 656/656 655/655 672/672
f 674/674 657/657 656/656 673/673
f 675/675 658/658 657/657 674/674
f 659/659 658/658 675/675 676/676
f 659/659 676/676 677/677 660/660
f 660/1212 677/1214 678/678 661/661
f 679/679 663/663 661/661 678/678
f 680/680 664/664 662/662 663/663
f 680/680 663/663 679/679 681/681
f 665/665 664/664 680/680 666/666
f 680/680 681/681 669/669 666/666
f 682/682 683/683 667/667 669/669
f 682/682 669/669 681/681 684/684
f 685/685 668/668 667/667 683/683
f 686/686 670/670 668/668 685/685
f 687/687 671/671 670/1213 686/1215
f 687/687 688/688 672/672 671/671
f 673/673 672/672 688/688 689/689
f 674/674 673/673 689/689 690/690
f 675/675 674/674 690/690 691/691
f 675/675 691/691 692/692 676/676
f 676/676 692/692 693/693 677/677
f 694/694 678/678 677/1214 693/1216
f 679/679 678/678 694/694 695/695
f 679/679 695/695 684/684 681/681
f 696/696 697/697 682/682 684/684
f 696/696 684/684 695/695 698/698
f 699/699 683/683 682/682 697/697
f 685/685 683/683 699/699 700/700
f 686/686 685/685 700/700 701/701
f 687/687 686/1215 701/1217 702/702
f 703/703 688/688 687/687 702/702
f 703/703 704/704 689/689 688/688
f 689/689 704/704 705/705 690/690
f 706/706 691/691 690/690 705/705
f 707/707 692/692 691/691 706/706
f 708/708 693/693 692/692 707/707
f 694/694 693/1216 708/1218 709/709
f 694/694 709/709 698/698 695/695
f 696/696 698/698 710/710 711/711
f 698/698 709/709 712/712 710/710
f 713/713 697/697 696/696 711/711
f 699/699 697/697 713/713 714/714
f 699/699 714/714 715/715 700/700
f 716/716 701/701 700/700 715/715
f 716/1220 717/717 702/702 701/1217
f 718/718 703/703 702/702 717/717
f 719/719 704/704 703/703 718/718
f 720/720 705/705 704/704 719/719
f 706/706 705/705 720/720 721/721
f 707/707 706/706 721/721 722/722
f 708/708 707/707 722/722 723/723
f 708/1218 723/1222 712/712 709/709
f 724/724 710/710 712/712 725/725
f 712/712 723/1222 726/726 725/725
f 724/724 727/727 711/711 710/710
f 713/713 711/711 727/727 728/728
f 713/713 728/728 729/729 714/714
f 729/729 730/730 715/715 714/714
f 716/1220 715/1219 730/1223 717/717
f 718/718 717/717 730/1223 731/731
f 719/719 718/718 731/731 732/732
f 720/720 719/719 732/732 733/733
f 720/720 733/733 734/734 721/721
f 735/735 722/722 721/721 734/734
f 735/1226 726/726 723/1222 722/1221
f 735/1226 734/1225 736/736 726/726
f 737/737 725/725 726/726 736/736
f 724/724 725/725 737/737 727/727
f 728/728 727/727 737/737 738/738
f 729/729 728/728 738/738 739/739
f 729/729 739/739 731/1224 730/730
f 740/740 732/732 731/731 739/1228
f 740/740 741/741 733/733 732/732
f 733/733 741/741 736/1227 734/734
f 738/738 737/737 736/736 741/1230
f 740/1229 739/739 738/738 741/1230
f 953/953 954/954 955/955 956/956
f 957/957 958/958 953/953 956/956
f 954/954 953/953 959/959 960/960
f 953/953 958/958 961/961 959/959
f 962/962 954/954 960/960 963/963
f 955/955 954/954 962/962 964/964
f 955/955 965/965 957/957 956/956
f 965/965 955/955 964/964 966/966
f 958/958 957/957 967/967 968/968
f 957/957 965/965 969/969 967/967
f 970/970 961/961 958/958 968/968
f 971/971 959/959 961/961 972/972
f 961/961 970/970 973/973 972/972
f 959/1281 971/1285 974/974 960/1282
f 963/1284 960/1282 974/974 975/975
f 976/976 977/977 963/1284 975/975
f 977/977 978/978 962/1283 963/1284
f 964/964 962/962 978/1288 979/979
f 980/980 966/966 964/964 979/979
f 965/965 966/966 981/981 969/969
f 966/966 980/980 982/982 981/981
f 969/969 983/983 984/984 967/967
f 981/981 985/985 983/983 969/969
f 967/967 984/984 986/986 968/968
f 970/970 968/968 986/986 987/987
f 988/988 973/973 970/970 987/987
f 973/1287 989/989 971/1285 972/1286
f 973/1287 988/1292 990/990 989/989
f 991/991 974/974 971/1285 989/989
f 975/975 974/974 991/991 992/992
f 993/993 976/976 975/975 992/992
f 994/994 977/977 976/976 995/995
f 976/976 993/993 996/996 995/995
f 978/978 977/977 994/994 997/997
f 978/978 997/997 980/1290 979/1289
f 980/1290 997/997 998/998 982/1291
f 982/982 999/999 985/985 981/981
f 998/1293 1000/1000 999/999 982/982
f 983/983 985/985 1001/1001 1002/1002
f 985/985 999/999 1003/1003 1001/1001
f 984/984 983/983 1002/1002 1004/1004
f 1005/1005 986/986 984/984 1004/1004
f 986/986 1005/1005 1006/1006 987/987
f 988/988 987/987 1006/1006 1007/1007
f 1008/1008 990/990 988/1292 1007/1295
f 990/990 1009/1009 991/991 989/989
f 990/990 1008/1008 1010/1010 1009/1009
f 1011/1011 992/992 991/991 1009/1009
f 993/993 992/992 1011/1011 1012/1012
f 996/996 993/993 1012/1012 1013/1013
f 996/996 1014/1014 994/994 995/995
f 1014/1014 996/996 1013/1013 1015/1015
f 997/997 994/994 1014/1014 998/998
f 1014/1014 1015/1015 1000/1294 998/998
f 1016/1016 1017/1017 1000/1294 1015/1015
f 1003/1003 999/999 1000/1000 1017/1297
f 1018/1018 1019/1019 1003/1003 1017/1297
f 1020/1020 1001/1001 1003/1003 1019/1019
f 1001/1001 1020/1020 1021/1021 1002/1002
f 1002/1002 1021/1021 1022/1022 1004/1004
f 1005/1005 1004/1004 1022/1022 1023/1023
f 1024/1024 1006/1006 1005/1005 1023/1023
f 1006/1006 1024/1024 1025/1025 1007/1007
f 1008/1296 1007/1007 1025/1025 1026/1026
f 1027/1027 1010/1010 1008/1008 1026/1299
f 1010/1010 1028/1028 1011/1011 1009/1009
f 1010/1010 1027/1027 1029/1029 1028/1028
f 1030/1030 1012/1012 1011/1011 1028/1028
f 1012/1012 1030/1030 1031/1031 1013/1013
f 1013/1013 1031/1031 1016/1016 1015/1015
f 1016/1016 1032/1032 1018/1298 1017/1017
f 1031/1031 1033/1033 1032/1032 1016/1016
f 1018/1018 1034/1034 1035/1035 1019/1019
f 1032/1032 1036/1036 1034/1300 1018/1298
f 1035/1035 1037/1037 1020/1020 1019/1019
f 1038/1038 1021/1021 1020/1020 1037/1037
f 1039/1039 1022/1022 1021/1021 1038/1038
f 1040/1040 1023/1023 1022/1022 1039/1039
f 1040/1040 1041/1041 1024/1024 1023/1023
f 1041/1041 1042/1042 1025/1025 1024/1024
f 1025/1025 1042/1042 1043/1043 1026/1026
f 1027/1027 1026/1299 1043/1301 1044/1044
f 1045/1045 1029/1029 1027/1027 1044/1044
f 1029/1029 1046/1046 1030/1030 1028/1028
f 1029/1029 1045/1045 1047/1047 1046/1046
f 1033/1033 1031/1031 1030/1030 1046/1046
f 1047/1047 1048/1048 1033/1033 1046/1046
f 1036/1036 1032/1032 1033/1033 1048/1048
f 1049/1049 1050/1050 1036/1036 1048/1048
f 1051/1051 1034/1300 1036/1036 1050/1050
f 1034/1034 1051/1302 1052/1052 1035/1035
f 1035/1035 1052/1052 1053/1053 1037/1037
f 1053/1053 1054/1054 1038/1038 1037/1037
f 1054/1054 1055/1055 1039/1039 1038/1038
f 1055/1055 1056/1056 1040/1040 1039/1039
f 1041/1041 1040/1040 1056/1056 1057/1057
f 1058/1058 1042/1042 1041/1041 1057/1057
f 1059/1059 1043/1043 1042/1042 1058/1058
f 1060/1060 1044/1044 1043/1301 1059/1303
f 1045/1045 1044/1044 1060/1060 1061/1061
f 1062/1062 1047/1047 1045/1045 1061/1061
f 1047/1047 1062/1062 1049/1049 1048/1048
f 1049/1049 1063/1063 1064/1064 1050/1050
f 1063/1063 1049/1049 1062/1062 1065/1065
f 1064/1064 1066/1066 1051/1051 1050/1050
f 1067/1067 1052/1052 1051/1302 1066/1304
f 1068/1068 1053/1053 1052/1052 1067/1067
f 1069/1069 1054/1054 1053/1053 1068/1068
f 1054/1054 1069/1069 1070/1070 1055/1055
f 1056/1056 1055/1055 1070/1070 1071/1071
f 1072/1072 1057/1057 1056/1056 1071/1071
f 1072/1072 1073/1073 1058/1058 1057/1057
f 1073/1073 1074/1074 1059/1059 1058/1058
f 1074/1307 1075/1075 1060/1060 1059/1303
f 1076/1076 1061/1061 1060/1060 1075/1075
f 1062/1062 1061/1061 1076/1076 1065/1065
f 1077/1077 1065/1065 1076/1076 1078/1078
f 1077/1077 1079/1079 1063/1063 1065/1065
f 1079/1079 1080/1080 1064/1064 1063/1063
f 1064/1064 1080/1080 1081/1081 1066/1066
f 1081/1081 1082/1082 1067/1305 1066/1066
f 1082/1308 1083/1083 1068/1068 1067/1067
f 1083/1083 1084/1084 1069/1069 1068/1068
f 1085/1085 1070/1070 1069/1069 1084/1084
f 1086/1086 1071/1071 1070/1070 1085/1085
f 1087/1087 1072/1072 1071/1071 1086/1086
f 1073/1073 1072/1072 1087/1087 1088/1088
f 1089/1089 1074/1307 1073/1306 1088/1309
f 1074/1307 1089/1089 1090/1090 1075/1075
f 1090/1090 1078/1078 1076/1076 1075/1075
f 1090/1090 1091/1091 1092/1092 1078/1078
f 1092/1092 1093/1093 1077/1077 1078/1078
f 1079/1079 1077/1077 1093/1093 1094/1094
f 1095/1095 1080/1080 1079/1079 1094/1094
f 1095/1095 1096/1096 1081/1081 1080/1080
f 1082/1082 1081/1081 1096/1096 1097/1097
f 1098/1098 1083/1083 1082/1308 1097/1312
f 1083/1083 1098/1098 1099/1099 1084/1084
f 1099/1099 1100/1100 1085/1085 1084/1084
f 1100/1100 1101/1101 1086/1086 1085/1085
f 1101/1101 1102/1102 1087/1087 1086/1086
f 1087/1087 1102/1102 1089/1310 1088/1088
f 1090/1090 1089/1089 1102/1314 1091/1091
f 1102/1102 1101/1101 1103/1103 1091/1311
f 1103/1315 1104/1104 1092/1092 1091/1091
f 1104/1104 1105/1105 1093/1093 1092/1092
f 1093/1093 1105/1105 1095/1095 1094/1094
f 1106/1106 1096/1096 1095/1095 1105/1105
f 1096/1096 1106/1106 1098/1313 1097/1097
f 1098/1098 1106/1316 1107/1107 1099/1099
f 1100/1100 1099/1099 1107/1107 1108/1108
f 1103/1103 1101/1101 1100/1100 1108/1108
f 1107/1317 1104/1104 1103/1315 1108/1318
f 1107/1317 1106/1106 1105/1105 1104/1104
o Bod_1
usemtl Bod_1
v -0.39649683 0.323762953 0.215919971 0.999999940 0.999999940 0.999999940
v -0.31066722 0.406972408 0.306358099 0.999999940 0.999999940 0.999999940
v -0.35216242 0.539605379 0.295336723 0.999999940 0.999999940 0.999999940
v -0.45555568 0.498350739 0.218436718 0.999999940 0.999999940 0.999999940
v -0.38191515 0.368784546 0.136356592 0.999999940 0.999999940 0.999999940
v -0.36447325 0.353893518 -0.01038313 0.999999940 0.999999940 0.999999940
v -0.44298691 0.250919640 0.097279071 0.999999940 0.999999940 0.999999940
v -0.41664046 0.173200130 0.346240282 0.999999940 0.999999940 0.999999940
v -0.31012934 0.224498868 0.436066150 0.999999940 0.999999940 0.999999940
v -0.49118137 0.113886147 0.224998712 0.999999940 0.999999940 0.999999940
v -0.36898416 0.550770521 0.127948999 0.999999940 0.999999940 0.999999940
v -0.2032609 0.418255239 0.334293127 0.999999940 0.999999940 0.999999940
v -0.2538653 0.577945649 0.307424068 0.999999940 0.999999940 0.999999940
v -0.18409348 0.268606782 0.482716798 0.999999940 0.999999940 0.999999940
v -0.30510074 0.717439711 0.280055761 0.999999940 0.999999940 0.999999940
v -0.37129676 0.683343052 0.284104228 0.999999940 0.999999940 0.999999940
v -0.51879787 0.659312427 0.259534120 0.999999940 0.999999940 0.999999940
v -0.38454223 0.674775838 0.139269113 0.999999940 0.999999940 0.999999940
v -0.25324672 0.473652511 0.102179050 0.999999940 0.999999940 0.999999940
v -0.30483997 0.570722520 0.136431932 0.999999940 0.999999940 0.999999940
v -0.34324855 0.693302929 0.151982307 0.999999940 0.999999940 0.999999940
v -0.21551389 0.448569476 -0.06391108 0.999999940 0.999999940 0.999999940
v -0.21470195 0.384170442 -0.24113369 0.999999940 0.999999940 0.999999940
v -0.37743619 0.285352438 -0.16479218 0.999999940 0.999999940 0.999999940
v -0.48185307 0.157870471 -0.04464746 0.999999940 0.999999940 0.999999940
v -0.5410068 0.018423020 0.079703331 0.999999940 0.999999940 0.999999940
v -0.44046545 -0.00156289 0.461529970 0.999999940 0.999999940 0.999999940
v -0.52380061 -0.06358966 0.334828615 0.999999940 0.999999940 0.999999940
v -0.57730037 -0.14721966 0.194248914 0.999999940 0.999999940 0.999999940
v -0.32433689 0.052818208 0.559811592 0.999999940 0.999999940 0.999999940
v -0.17460704 0.099496483 0.619292736 0.999999940 0.999999940 0.999999940
v 0.000293493 0.295324146 0.498530387 0.999999940 0.999999940 0.999999940
v 0.000469058 0.418569624 0.341520547 0.999999940 0.999999940 0.999999940
v 0.000398784 0.122712045 0.639444351 0.999999940 0.999999940 0.999999940
v -0.22859299 0.446329295 0.216660022 0.999999940 0.999999940 0.999999940
v -0.26171243 0.577430367 0.227779626 0.999999940 0.999999940 0.999999940
v -0.00001806 0.464474022 0.206075429 0.999999940 0.999999940 0.999999940
v -0.31360927 0.704908788 0.220420837 0.999999940 0.999999940 0.999999940
v -0.39930302 0.820780158 0.241638064 0.999999940 0.999999940 0.999999940
v -0.42639267 0.795091927 0.261405468 0.999999940 0.999999940 0.999999940
v -0.37109011 0.787663638 0.212619066 0.999999940 0.999999940 0.999999940
v -0.50553226 0.741774380 0.239718556 0.999999940 0.999999940 0.999999940
v -0.42181122 0.782896757 0.158811688 0.999999940 0.999999940 0.999999940
v -0.40030581 0.798942029 0.178078174 0.999999940 0.999999940 0.999999940
v 0.000598728 0.493413627 0.085280895 0.999999940 0.999999940 0.999999940
v -0.00069302 0.488497376 -0.07758033 0.999999940 0.999999940 0.999999940
v -0.00170818 0.428966343 -0.27156687 0.999999940 0.999999940 0.999999940
v -0.00192866 0.302811920 -0.45447874 0.999999940 0.999999940 0.999999940
v -0.21262127 0.261656880 -0.41606784 0.999999940 0.999999940 0.999999940
v -0.37927717 0.167209267 -0.31922531 0.999999940 0.999999940 0.999999940
v -0.49100071 0.039561092 -0.19129014 0.999999940 0.999999940 0.999999940
v -0.55481464 -0.09869364 -0.06424308 0.999999940 0.999999940 0.999999940
v -0.59315467 -0.25229639 0.053300142 0.999999940 0.999999940 0.999999940
v -0.59228563 -0.32508123 0.303290367 0.999999940 0.999999940 0.999999940
v -0.53637457 -0.24597454 0.436966419 0.999999940 0.999999940 0.999999940
v -0.61382401 -0.41850984 0.167701721 0.999999940 0.999999940 0.999999940
v -0.44570297 -0.18114954 0.561567306 0.999999940 0.999999940 0.999999940
v -0.43683535 -0.36141315 0.657287359 0.999999940 0.999999940 0.999999940
v -0.52803546 -0.42754784 0.538368225 0.999999940 0.999999940 0.999999940
v -0.58484602 -0.50307643 0.413172006 0.999999940 0.999999940 0.999999940
v -0.61024451 -0.58786273 0.283821344 0.999999940 0.999999940 0.999999940
v -0.59385043 -0.67784846 0.153229713 0.999999940 0.999999940 0.999999940
v -0.59567761 -0.52032781 0.038095235 0.999999940 0.999999940 0.999999940
v -0.57384408 -0.36764404 -0.07615852 0.999999940 0.999999940 0.999999940
v -0.53266448 -0.22748145 -0.19203305 0.999999940 0.999999940 0.999999940
v -0.46752515 -0.10004938 -0.31684315 0.999999940 0.999999940 0.999999940
v -0.35946953 0.007170379 -0.44457793 0.999999940 0.999999940 0.999999940
v -0.20136485 0.083622247 -0.54702401 0.999999940 0.999999940 0.999999940
v -0.0018959 0.115585818 -0.5912149 0.999999940 0.999999940 0.999999940
v 0.217927128 0.388905853 -0.24221849 0.999999940 0.999999940 0.999999940
v 0.216402053 0.265407860 -0.41948438 0.999999940 0.999999940 0.999999940
v 0.202783942 0.084450185 -0.54883003 0.999999940 0.999999940 0.999999940
v 0.213167816 0.439575493 -0.0616293 0.999999940 0.999999940 0.999999940
v 0.258406639 0.464074194 0.108922481 0.999999940 0.999999940 0.999999940
v 0.233109712 0.442721426 0.217004060 0.999999940 0.999999940 0.999999940
v 0.381563305 0.368924796 0.138088941 0.999999940 0.999999940 0.999999940
v 0.362191319 0.352545738 -0.01007342 0.999999940 0.999999940 0.999999940
v 0.329515278 0.564980983 0.173371553 0.999999940 0.999999940 0.999999940
v 0.368772983 0.550900995 0.126237392 0.999999940 0.999999940 0.999999940
v 0.290902853 0.572917163 0.241922855 0.999999940 0.999999940 0.999999940
v 0.377310514 0.285184204 -0.16467118 0.999999940 0.999999940 0.999999940
v 0.382665276 0.169059947 -0.32071531 0.999999940 0.999999940 0.999999940
v 0.360348582 0.007264070 -0.44515002 0.999999940 0.999999940 0.999999940
v 0.314442515 -0.1757614 -0.51994669 0.999999940 0.999999940 0.999999940
v 0.175638526 -0.12547241 -0.61104238 0.999999940 0.999999940 0.999999940
v -0.0022129 -0.10848106 -0.65157199 0.999999940 0.999999940 0.999999940
v -0.17567033 -0.12544614 -0.61088085 0.999999940 0.999999940 0.999999940
v -0.3143985 -0.17559996 -0.51982474 0.999999940 0.999999940 0.999999940
v -0.4135339 -0.25775683 -0.4074043 0.999999940 0.999999940 0.999999940
v -0.47590515 -0.36529818 -0.29533553 0.999999940 0.999999940 0.999999940
v -0.51610029 -0.4883253 -0.18651307 0.999999940 0.999999940 0.999999940
v -0.53789437 -0.62333173 -0.07817531 0.999999940 0.999999940 0.999999940
v -0.41916898 -0.60417855 -0.26958001 0.999999940 0.999999940 0.999999940
v -0.43680438 -0.71564209 -0.16939068 0.999999940 0.999999940 0.999999940
v -0.38201326 -0.50478065 -0.36630678 0.999999940 0.999999940 0.999999940
v -0.32424495 -0.42384136 -0.45759642 0.999999940 0.999999940 0.999999940
v -0.2435447 -0.36507916 -0.54084063 0.999999940 0.999999940 0.999999940
v -0.13497159 -0.33071235 -0.6052345 0.999999940 0.999999940 0.999999940
v 0.000752985 -0.32169944 -0.62992096 0.999999940 0.999999940 0.999999940
v 0.133641436 -0.33012211 -0.60258198 0.999999940 0.999999940 0.999999940
v 0.242330253 -0.36431259 -0.53906655 0.999999940 0.999999940 0.999999940
v 0.413137733 -0.25783396 -0.40724838 0.999999940 0.999999940 0.999999940
v 0.322986185 -0.42315614 -0.4562149 0.999999940 0.999999940 0.999999940
v 0.468016982 -0.09999909 -0.31705582 0.999999940 0.999999940 0.999999940
v 0.494921267 0.040616795 -0.19224644 0.999999940 0.999999940 0.999999940
v 0.484021961 0.158757433 -0.0447197 0.999999940 0.999999940 0.999999940
v 0.443046391 0.250750482 0.097424984 0.999999940 0.999999940 0.999999940
v 0.542181372 0.018773287 0.079740047 0.999999940 0.999999940 0.999999940
v 0.556589365 -0.09841821 -0.06447601 0.999999940 0.999999940 0.999999940
v 0.490984320 0.113780021 0.224954843 0.999999940 0.999999940 0.999999940
v 0.532763779 -0.22751661 -0.19207323 0.999999940 0.999999940 0.999999940
v 0.475419998 -0.36521107 -0.29505408 0.999999940 0.999999940 0.999999940
v 0.381490677 -0.50468153 -0.36598885 0.999999940 0.999999940 0.999999940
v 0.275750756 -0.63904738 -0.41849697 0.999999940 0.999999940 0.999999940
v 0.223251640 -0.58336651 -0.48265684 0.999999940 0.999999940 0.999999940
v 0.159633413 -0.54524046 -0.53175986 0.999999940 0.999999940 0.999999940
v 0.087005451 -0.52353889 -0.5646497 0.999999940 0.999999940 0.999999940
v -0.00013572 -0.51406521 -0.57843065 0.999999940 0.999999940 0.999999940
v -0.08986303 -0.5218879 -0.56984591 0.999999940 0.999999940 0.999999940
v -0.16287094 -0.54399145 -0.53511035 0.999999940 0.999999940 0.999999940
v -0.22627833 -0.58248818 -0.48451507 0.999999940 0.999999940 0.999999940
v -0.27524668 -0.63913387 -0.41822815 0.999999940 0.999999940 0.999999940
v -0.30988321 -0.714239 -0.33888757 0.999999940 0.999999940 0.999999940
v -0.34562528 -0.94074172 -0.42812264 0.999999940 0.999999940 0.999999940
v -0.30212548 -0.89523005 -0.515558 0.999999940 0.999999940 0.999999940
v -0.23820412 -0.85959971 -0.58575666 0.999999940 0.999999940 0.999999940
v -0.16399577 -0.83595216 -0.6337204 0.999999940 0.999999940 0.999999940
v -0.08407086 -0.82212973 -0.66249633 0.999999940 0.999999940 0.999999940
v -0.0000087 -0.81832254 -0.67052293 0.999999940 0.999999940 0.999999940
v 0.083893954 -0.822752 -0.66062665 0.999999940 0.999999940 0.999999940
v 0.164076551 -0.83588803 -0.63393247 0.999999940 0.999999940 0.999999940
v 0.238001152 -0.85966265 -0.58568859 0.999999940 0.999999940 0.999999940
v 0.301328867 -0.89549017 -0.515221 0.999999940 0.999999940 0.999999940
v 0.314108938 -0.71355927 -0.33939767 0.999999940 0.999999940 0.999999940
v 0.347436547 -0.94016474 -0.42838585 0.999999940 0.999999940 0.999999940
v 0.419171094 -0.60428321 -0.26973546 0.999999940 0.999999940 0.999999940
v 0.515007853 -0.48812273 -0.18597627 0.999999940 0.999999940 0.999999940
v 0.573584616 -0.36764854 -0.07609153 0.999999940 0.999999940 0.999999940
v 0.594543457 -0.25214899 0.053174734 0.999999940 0.999999940 0.999999940
v 0.596200048 -0.52036953 0.037985324 0.999999940 0.999999940 0.999999940
v 0.535675168 -0.62270868 -0.07725739 0.999999940 0.999999940 0.999999940
v 0.613177120 -0.41853201 0.167713880 0.999999940 0.999999940 0.999999940
v 0.437529563 -0.7161355 -0.16999769 0.999999940 0.999999940 0.999999940
v 0.331825614 -0.80378765 -0.25057948 0.999999940 0.999999940 0.999999940
v 0.368296533 -0.99519962 -0.32852221 0.999999940 0.999999940 0.999999940
v 0.426790773 -1.1903677 -0.35086727 0.999999940 0.999999940 0.999999940
v 0.406388491 -1.16063106 -0.46481824 0.999999940 0.999999940 0.999999940
v 0.355311930 -1.13414323 -0.57462049 0.999999940 0.999999940 0.999999940
v 0.269045770 -1.10230041 -0.66441262 0.999999940 0.999999940 0.999999940
v 0.181832671 -1.08754897 -0.71725559 0.999999940 0.999999940 0.999999940
v 0.092721700 -1.08035755 -0.74681187 0.999999940 0.999999940 0.999999940
v -0.00001997 -1.07787895 -0.75785494 0.999999940 0.999999940 0.999999940
v -0.09287122 -1.07977211 -0.74845576 0.999999940 0.999999940 0.999999940
v -0.18228012 -1.08710837 -0.7183758 0.999999940 0.999999940 0.999999940
v -0.27014244 -1.10162914 -0.66596508 0.999999940 0.999999940 0.999999940
v -0.3569414 -1.13354421 -0.5754199 0.999999940 0.999999940 0.999999940
v -0.1994943 -1.29337716 -0.79688978 0.999999940 0.999999940 0.999999940
v -0.28285781 -1.30835545 -0.75316739 0.999999940 0.999999940 0.999999940
v -0.40729347 -1.36019993 -0.64596105 0.999999940 0.999999940 0.999999940
v -0.1045289 -1.29025853 -0.82810724 0.999999940 0.999999940 0.999999940
v -0.00000456 -1.28927433 -0.84061396 0.999999940 0.999999940 0.999999940
v 0.104177653 -1.2914089 -0.82551837 0.999999940 0.999999940 0.999999940
v 0.198289364 -1.29474914 -0.79402959 0.999999940 0.999999940 0.999999940
v 0.281420409 -1.3094418 -0.75116241 0.999999940 0.999999940 0.999999940
v 0.40807724 -1.35990739 -0.64629829 0.999999940 0.999999940 0.999999940
v 0.472252458 -1.36577547 -0.49285901 0.999999940 0.999999940 0.999999940
v 0.485817492 -1.37424541 -0.3624022 0.999999940 0.999999940 0.999999940
v 0.415442735 -1.21981525 -0.23641992 0.999999940 0.999999940 0.999999940
v 0.470888495 -1.38665783 -0.23443818 0.999999940 0.999999940 0.999999940
v 0.358440935 -1.04954123 -0.22213435 0.999999940 0.999999940 0.999999940
v 0.326419115 -0.89803118 -0.16110158 0.999999940 0.999999940 0.999999940
v 0.432396143 -0.83124977 -0.0693562 0.999999940 0.999999940 0.999999940
v 0.531278729 -0.76221865 0.032030344 0.999999940 0.999999940 0.999999940
v 0.489666670 -0.89610314 0.140154600 0.999999940 0.999999940 0.999999940
v 0.394441247 -0.9351148 0.025069236 0.999999940 0.999999940 0.999999940
v 0.296907901 -0.97798592 -0.08212113 0.999999940 0.999999940 0.999999940
v 0.321687728 -1.10290861 -0.12296009 0.999999940 0.999999940 0.999999940
v 0.374928176 -1.25018883 -0.13048863 0.999999940 0.999999940 0.999999940
v 0.422540009 -1.40210855 -0.11566019 0.999999940 0.999999940 0.999999940
v 0.524260342 -1.53423131 -0.22227597 0.999999940 0.999999940 0.999999940
v 0.541683912 -1.52045369 -0.36412728 0.999999940 0.999999940 0.999999940
v 0.469850212 -1.54809058 -0.08902407 0.999999940 0.999999940 0.999999940
v 0.528154134 -1.50159812 -0.49895036 0.999999940 0.999999940 0.999999940
v 0.497847139 -1.49190295 -0.62531877 0.999999940 0.999999940 0.999999940
v 0.373031377 -1.42913568 -0.79584503 0.999999940 0.999999940 0.999999940
v 0.312908440 -1.45807362 -0.88749087 0.999999940 0.999999940 0.999999940
v 0.491198480 -1.47842944 -0.73364246 0.999999940 0.999999940 0.999999940
v 0.256174683 -1.46349108 -0.89663529 0.999999940 0.999999940 0.999999940
v 0.126551032 -1.45628834 -0.90605879 0.999999940 0.999999940 0.999999940
v 0.000385701 -1.4476546 -0.92194617 0.999999940 0.999999940 0.999999940
v 0.162499815 -1.5975852 -0.98954225 0.999999940 0.999999940 0.999999940
v 0.000175297 -1.57142603 -0.99896133 0.999999940 0.999999940 0.999999940
v 0.406666398 -1.68689907 -0.97290432 0.999999940 0.999999940 0.999999940
v 0.394628554 -1.35610723 -0.91973114 0.999999940 0.999999940 0.999999940
v 0.471017539 -1.49112892 -1.03051436 0.999999940 0.999999940 0.999999940
v 0.442244529 -1.34569144 -0.83965003 0.999999940 0.999999940 0.999999940
v 0.561844706 -1.39233947 -0.80408871 0.999999940 0.999999940 0.999999940
v 0.540342152 -1.53304279 -0.71427989 0.999999940 0.999999940 0.999999940
v 0.566089272 -1.60908568 -0.61757481 0.999999940 0.999999940 0.999999940
v 0.623350143 -1.43960965 -0.82339132 0.999999940 0.999999940 0.999999940
v 0.592120230 -1.64413488 -0.50296998 0.999999940 0.999999940 0.999999940
v 0.603975474 -1.6617918 -0.36214292 0.999999940 0.999999940 0.999999940
v 0.582413971 -1.67423928 -0.2057426 0.999999940 0.999999940 0.999999940
v 0.521022677 -1.68995667 -0.05857968 0.999999940 0.999999940 0.999999940
v 0.346770584 -1.41885293 -0.01259542 0.999999940 0.999999940 0.999999940
v 0.384264916 -1.56306207 0.024556636 0.999999940 0.999999940 0.999999940
v 0.424805283 -1.70770323 0.066399812 0.999999940 0.999999940 0.999999940
v 0.308973729 -1.27922583 -0.03971958 0.999999940 0.999999940 0.999999940
v 0.220500290 -1.30546331 0.033948183 0.999999940 0.999999940 0.999999940
v 0.246975958 -1.43769956 0.067901134 0.999999940 0.999999940 0.999999940
v 0.272429883 -1.57806528 0.110403537 0.999999940 0.999999940 0.999999940
v 0.299101501 -1.72580922 0.159523248 0.999999940 0.999999940 0.999999940
v 0.468144238 -1.85843897 0.109459877 0.999999940 0.999999940 0.999999940
v 0.329439282 -1.88122821 0.210253715 0.999999940 0.999999940 0.999999940
v 0.573903203 -1.83576417 -0.02673221 0.999999940 0.999999940 0.999999940
v 0.641973495 -1.81475461 -0.18751526 0.999999940 0.999999940 0.999999940
v 0.667208254 -1.80310178 -0.35988295 0.999999940 0.999999940 0.999999940
v 0.658242940 -1.78915262 -0.5174191 0.999999940 0.999999940 0.999999940
v 0.620588302 -1.76062417 -0.64512289 0.999999940 0.999999940 0.999999940
v 0.589175224 -1.70705116 -0.75554907 0.999999940 0.999999940 0.999999940
v 0.676892042 -1.54074693 -0.90286863 0.999999940 0.999999940 0.999999940
v 0.690259754 -1.300565 -0.91822052 0.999999940 0.999999940 0.999999940
v 0.618486046 -1.26378965 -0.86575902 0.999999940 0.999999940 0.999999940
v 0.744905531 -1.35106957 -1.00995529 0.999999940 0.999999940 0.999999940
v 0.513895392 -1.23086226 -0.86641622 0.999999940 0.999999940 0.999999940
v 0.458092629 -1.22600031 -0.94731545 0.999999940 0.999999940 0.999999940
v 0.588768124 -1.10024071 -0.90349901 0.999999940 0.999999940 0.999999940
v 0.530768752 -1.08460748 -0.96146655 0.999999940 0.999999940 0.999999940
v 0.679275035 -1.1291194 -0.90774035 0.999999940 0.999999940 0.999999940
v 0.738038659 -1.16755629 -0.98574817 0.999999940 0.999999940 0.999999940
v 0.784053564 -1.20908141 -1.06877732 0.999999940 0.999999940 0.999999940
v 0.828863501 -1.24321544 -1.15135407 0.999999940 0.999999940 0.999999940
v 0.794116795 -1.40487778 -1.10567629 0.999999940 0.999999940 0.999999940
v 0.699576497 -1.61118174 -0.95426106 0.999999940 0.999999940 0.999999940
v 0.611338436 -1.82025659 -0.80491793 0.999999940 0.999999940 0.999999940
v 0.664316177 -1.88239527 -0.69258392 0.999999940 0.999999940 0.999999940
v 0.717377185 -1.92464328 -0.54311585 0.999999940 0.999999940 0.999999940
v 0.728662133 -1.94008374 -0.35905528 0.999999940 0.999999940 0.999999940
v 0.701602637 -1.95733941 -0.17134309 0.999999940 0.999999940 0.999999940
v 0.628867805 -1.9865371 0.003423690 0.999999940 0.999999940 0.999999940
v 0.512943863 -2.01608944 0.152037143 0.999999940 0.999999940 0.999999940
v 0.360792040 -2.04358912 0.260762691 0.999999940 0.999999940 0.999999940
v 0.557988405 -2.18133211 0.188215255 0.999999940 0.999999940 0.999999940
v 0.683239936 -2.1435883 0.027695894 0.999999940 0.999999940 0.999999940
v 0.391697853 -2.21518946 0.305048942 0.999999940 0.999999940 0.999999940
v 0.763480901 -2.10557723 -0.15812707 0.999999940 0.999999940 0.999999940
v 0.789854884 -2.07793427 -0.35860515 0.999999940 0.999999940 0.999999940
v 0.764352798 -2.05958295 -0.56725228 0.999999940 0.999999940 0.999999940
v 0.688108205 -1.99295461 -0.7545166 0.999999940 0.999999940 0.999999940
v 0.620125532 -1.89690924 -0.85422635 0.999999940 0.999999940 0.999999940
v 0.708065271 -1.68955743 -0.99114335 0.999999940 0.999999940 0.999999940
v 0.799873709 -1.52849829 -1.1410197 0.999999940 0.999999940 0.999999940
v 0.886771023 -1.36275792 -1.27710414 0.999999940 0.999999940 0.999999940
v 0.894910335 -1.26911199 -1.27624953 0.999999940 0.999999940 0.999999940
v 0.882686376 -1.46047509 -1.2922951 0.999999940 0.999999940 0.999999940
v 0.859202981 -1.12952161 -1.19433057 0.999999940 0.999999940 0.999999940
v 0.816182136 -1.08676565 -1.11684 0.999999940 0.999999940 0.999999940
v 0.913617014 -1.17351532 -1.29690552 0.999999940 0.999999940 0.999999940
v 0.774883389 -1.04280782 -1.04302227 0.999999940 0.999999940 0.999999940
v 0.734228670 -0.99671036 -0.95789182 0.999999940 0.999999940 0.999999940
v 0.846583366 -1.00597465 -1.16803205 0.999999940 0.999999940 0.999999940
v 0.810738086 -0.93417341 -1.11103332 0.999999940 0.999999940 0.999999940
v 0.803733944 -0.86648709 -1.04285359 0.999999940 0.999999940 0.999999940
v 0.885043442 -1.05102432 -1.23614526 0.999999940 0.999999940 0.999999940
v 0.936498582 -1.09067976 -1.33482122 0.999999940 0.999999940 0.999999940
v 0.988043904 -1.21253836 -1.44598722 0.999999940 0.999999940 0.999999940
v 1.003981590 -1.14111137 -1.48039484 0.999999940 0.999999940 0.999999940
v 0.974675536 -1.28585076 -1.43142045 0.999999940 0.999999940 0.999999940
v 0.966129422 -1.36276686 -1.42859054 0.999999940 0.999999940 0.999999940
v 0.952539444 -1.44699645 -1.43721819 0.999999940 0.999999940 0.999999940
v 0.868384718 -1.5491519 -1.31826806 0.999999940 0.999999940 0.999999940
v 0.939716339 -1.52991831 -1.45009124 0.999999940 0.999999940 0.999999940
v 0.795264005 -1.6176188 -1.17888439 0.999999940 0.999999940 0.999999940
v 0.707511305 -1.75199389 -1.03268254 0.999999940 0.999999940 0.999999940
v 0.619630396 -1.94860232 -0.89907861 0.999999940 0.999999940 0.999999940
v 0.714412450 -2.11201739 -0.80463386 0.999999940 0.999999940 0.999999940
v 0.814039468 -2.18288207 -0.58680391 0.999999940 0.999999940 0.999999940
v 0.849489510 -2.22766447 -0.36246443 0.999999940 0.999999940 0.999999940
v 0.886024832 -2.3754642 -0.59182024 0.999999940 0.999999940 0.999999940
v 0.912823677 -2.39730573 -0.36857128 0.999999940 0.999999940 0.999999940
v 0.804281115 -2.35658431 -0.80470002 0.999999940 0.999999940 0.999999940
v 0.659841299 -2.14710736 -0.92228913 0.999999940 0.999999940 0.999999940
v 0.606752276 -1.98277307 -0.94027853 0.999999940 0.999999940 0.999999940
v 0.716256976 -2.36529589 -0.95842671 0.999999940 0.999999940 0.999999940
v 0.685315191 -1.79435873 -1.08277786 0.999999940 0.999999940 0.999999940
v 0.759541809 -1.68244934 -1.22901309 0.999999940 0.999999940 0.999999940
v 0.820393800 -1.61563969 -1.35934079 0.999999940 0.999999940 0.999999940
v 0.878468871 -1.58032513 -1.48647094 0.999999940 0.999999940 0.999999940
v 0.991091549 -1.5412848 -1.58576238 0.999999940 0.999999940 0.999999940
v 1.018300533 -1.47087801 -1.57524562 0.999999940 0.999999940 0.999999940
v 0.944802820 -1.58546436 -1.60583258 0.999999940 0.999999940 0.999999940
v 1.035006284 -1.39966416 -1.57575667 0.999999940 0.999999940 0.999999940
v 1.044321298 -1.33479631 -1.58902144 0.999999940 0.999999940 0.999999940
v 1.055913925 -1.27330041 -1.61496449 0.999999940 0.999999940 0.999999940
v 1.068232059 -1.22035813 -1.65041137 0.999999940 0.999999940 0.999999940
v 1.112618088 -1.36740828 -1.76386952 0.999999940 0.999999940 0.999999940
v 1.115998864 -1.32460022 -1.8012017 0.999999940 0.999999940 0.999999940
v 1.105100274 -1.41323125 -1.73727643 0.999999940 0.999999940 0.999999940
v 1.094804644 -1.46452641 -1.72279453 0.999999940 0.999999940 0.999999940
v 1.074473857 -1.52047801 -1.71770644 0.999999940 0.999999940 0.999999940
v 1.041670441 -1.57532454 -1.72366977 0.999999940 0.999999940 0.999999940
v 0.987237989 -1.60165 -1.74509668 0.999999940 0.999999940 0.999999940
v 0.877939641 -1.56337357 -1.64342153 0.999999940 0.999999940 0.999999940
v 0.946304142 -1.58048213 -1.76892352 0.999999940 0.999999940 0.999999940
v 0.806109368 -1.57481325 -1.52205253 0.999999940 0.999999940 0.999999940
v 0.736277341 -1.61081779 -1.39439559 0.999999940 0.999999940 0.999999940
v 0.693327903 -1.68943024 -1.26227427 0.999999940 0.999999940 0.999999940
v 0.637466430 -1.80261374 -1.11826324 0.999999940 0.999999940 0.999999940
v 0.587700903 -1.9973321 -0.96629155 0.999999940 0.999999940 0.999999940
v 0.596455872 -2.16643524 -1.01176512 0.999999940 0.999999940 0.999999940
v 0.594649672 -2.36103034 -1.09494293 0.999999940 0.999999940 0.999999940
v 0.740545153 -2.56092906 -0.9912324 0.999999940 0.999999940 0.999999940
v 0.559659123 -2.57424831 -1.18688798 0.999999940 0.999999940 0.999999940
v 0.851994991 -2.55283594 -0.80919635 0.999999940 0.999999940 0.999999940
v 0.373833805 -2.46280289 -1.29809535 0.999999940 0.999999940 0.999999940
v 0.421204984 -2.31896806 -1.21421993 0.999999940 0.999999940 0.999999940
v 0.460965454 -2.16141891 -1.12904954 0.999999940 0.999999940 0.999999940
v 0.567469835 -2.00886989 -0.98897433 0.999999940 0.999999940 0.999999940
v 0.583433508 -1.76414204 -1.12307763 0.999999940 0.999999940 0.999999940
v 0.618488252 -1.6257664 -1.26521873 0.999999940 0.999999940 0.999999940
v 0.674909293 -1.54042232 -1.40342975 0.999999940 0.999999940 0.999999940
v 0.758025646 -1.50313771 -1.53583026 0.999999940 0.999999940 0.999999940
v 0.840323507 -1.50239563 -1.66484213 0.999999940 0.999999940 0.999999940
v 0.921164929 -1.52964604 -1.79019046 0.999999940 0.999999940 0.999999940
v 0.990128874 -1.56966639 -1.91239119 0.999999940 0.999999940 0.999999940
v 1.008322596 -1.61011374 -1.89430666 0.999999940 0.999999940 0.999999940
v 1.045038104 -1.63026655 -1.87363935 0.999999940 0.999999940 0.999999940
v 1.083604097 -1.61501157 -1.86025453 0.999999940 0.999999940 0.999999940
v 1.117683410 -1.57388818 -1.8561039 0.999999940 0.999999940 0.999999940
v 1.115238666 -1.64584255 -1.97038198 0.999999940 0.999999940 0.999999940
v 1.144034981 -1.62030065 -1.96925092 0.999999940 0.999999940 0.999999940
v 1.081880092 -1.65362382 -1.981673 0.999999940 0.999999940 0.999999940
v 1.052873253 -1.63585949 -1.99792445 0.999999940 0.999999940 0.999999940
v 1.040621042 -1.60465956 -2.01348376 0.999999940 0.999999940 0.999999940
v 0.914989709 -1.46581948 -1.80467081 0.999999940 0.999999940 0.999999940
v 0.987252831 -1.52494621 -1.92978692 0.999999940 0.999999940 0.999999940
v 1.037993431 -1.57374763 -2.02761841 0.999999940 0.999999940 0.999999940
v 0.829842209 -1.42338538 -1.67148018 0.999999940 0.999999940 0.999999940
v 0.741007924 -1.41342127 -1.53188062 0.999999940 0.999999940 0.999999940
v 0.659166932 -1.44625819 -1.38609278 0.999999940 0.999999940 0.999999940
v 0.586822986 -1.54059255 -1.23570728 0.999999940 0.999999940 0.999999940
v 0.534785389 -1.68620944 -1.11460996 0.999999940 0.999999940 0.999999940
v 0.492123395 -1.87584841 -0.99600625 0.999999940 0.999999940 0.999999940
v 0.241233617 -1.96811903 -1.17458105 0.999999940 0.999999940 0.999999940
v 0.213474944 -1.84348619 -1.12282789 0.999999940 0.999999940 0.999999940
v 0.224247485 -2.12010336 -1.24048185 0.999999940 0.999999940 0.999999940
v 0.210031241 -2.26625705 -1.29300356 0.999999940 0.999999940 0.999999940
v 0.000006526 -2.1027441 -1.2767688 0.999999940 0.999999940 0.999999940
v -0.00000381 -1.95286798 -1.21571052 0.999999940 0.999999940 0.999999940
v -0.00002608 -2.24984527 -1.31871641 0.999999940 0.999999940 0.999999940
v -0.00000212 -1.81315696 -1.14587617 0.999999940 0.999999940 0.999999940
v 0.186599075 -1.70613861 -1.05507934 0.999999940 0.999999940 0.999999940
v 0.000070571 -1.68286014 -1.07060599 0.999999940 0.999999940 0.999999940
v 0.446155488 -1.7767477 -0.98659062 0.999999940 0.999999940 0.999999940
v 0.502393961 -1.59089553 -1.09257352 0.999999940 0.999999940 0.999999940
v 0.573241174 -1.41147673 -1.1937542 0.999999940 0.999999940 0.999999940
v 0.662501812 -1.34185028 -1.36307621 0.999999940 0.999999940 0.999999940
v 0.753669798 -1.31773436 -1.51841307 0.999999940 0.999999940 0.999999940
v 0.843384385 -1.34742606 -1.67240071 0.999999940 0.999999940 0.999999940
v 0.925763249 -1.40893829 -1.81560528 0.999999940 0.999999940 0.999999940
v 0.993571877 -1.48561692 -1.94515622 0.999999940 0.999999940 0.999999940
v 1.04236269 -1.54384732 -2.04098105 0.999999940 0.999999940 0.999999940
v 1.075032591 -1.58616209 -2.11157608 0.999999940 0.999999940 0.999999940
v 1.071002125 -1.60838342 -2.10079455 0.999999940 0.999999940 0.999999940
v 1.073581934 -1.63176286 -2.09028339 0.999999940 0.999999940 0.999999940
v 1.052050352 -1.51435697 -2.05415511 0.999999940 0.999999940 0.999999940
v 1.082352519 -1.56593037 -2.12222362 0.999999940 0.999999940 0.999999940
v 1.008788943 -1.44729352 -1.95951366 0.999999940 0.999999940 0.999999940
v 0.947584629 -1.35962033 -1.83100915 0.999999940 0.999999940 0.999999940
v 0.868923664 -1.28102887 -1.68230557 0.999999940 0.999999940 0.999999940
v 0.780360579 -1.22844779 -1.52065217 0.999999940 0.999999940 0.999999940
v 0.691807270 -1.21153617 -1.36020684 0.999999940 0.999999940 0.999999940
v 0.626438736 -1.20744812 -1.21851397 0.999999940 0.999999940 0.999999940
v 0.529772520 -1.32092154 -1.07274187 0.999999940 0.999999940 0.999999940
v 0.588073909 -1.15521872 -1.10733044 0.999999940 0.999999940 0.999999940
v -0.1867407 -1.70590496 -1.05545235 0.999999940 0.999999940 0.999999940
v -0.16246495 -1.59772861 -0.98932827 0.999999940 0.999999940 0.999999940
v -0.21367934 -1.84324527 -1.12335324 0.999999940 0.999999940 0.999999940
v -0.12689576 -1.45513761 -0.90809965 0.999999940 0.999999940 0.999999940
v -0.41028726 -1.68910468 -0.96024585 0.999999940 0.999999940 0.999999940
v -0.44830632 -1.77714932 -0.97738338 0.999999940 0.999999940 0.999999940
v -0.25618857 -1.46370244 -0.89650762 0.999999940 0.999999940 0.999999940
v -0.49349153 -1.87483704 -0.99170327 0.999999940 0.999999940 0.999999940
v -0.56975549 -2.01030278 -0.99028409 0.999999940 0.999999940 0.999999940
v -0.24031664 -1.96900594 -1.17249393 0.999999940 0.999999940 0.999999940
v -0.5822503 -1.76470113 -1.12460458 0.999999940 0.999999940 0.999999940
v -0.53587699 -1.68605995 -1.11411452 0.999999940 0.999999940 0.999999940
v -0.50978959 -1.59065509 -1.08650613 0.999999940 0.999999940 0.999999940
v -0.4742108 -1.49076533 -1.02563572 0.999999940 0.999999940 0.999999940
v -0.31385639 -1.45986545 -0.88751876 0.999999940 0.999999940 0.999999940
v -0.39275673 -1.3553791 -0.92057145 0.999999940 0.999999940 0.999999940
v -0.37363333 -1.4311347 -0.79781449 0.999999940 0.999999940 0.999999940
v -0.44257089 -1.34660161 -0.84304357 0.999999940 0.999999940 0.999999940
v -0.45893115 -1.22635841 -0.94707942 0.999999940 0.999999940 0.999999940
v -0.51447529 -1.23431659 -0.87602639 0.999999940 0.999999940 0.999999940
v -0.52963489 -1.32093 -1.07294321 0.999999940 0.999999940 0.999999940
v -0.57254958 -1.41134465 -1.19404864 0.999999940 0.999999940 0.999999940
v -0.58837914 -1.54054761 -1.23492897 0.999999940 0.999999940 0.999999940
v -0.6214664 -1.62286019 -1.26222253 0.999999940 0.999999940 0.999999940
v -0.58837938 -1.99782372 -0.96654916 0.999999940 0.999999940 0.999999940
v -0.64049953 -1.80466914 -1.11902535 0.999999940 0.999999940 0.999999940
v -0.67718172 -1.68427658 -1.26897931 0.999999940 0.999999940 0.999999940
v -0.46394986 -2.16005802 -1.1329149 0.999999940 0.999999940 0.999999940
v -0.59683609 -2.16627479 -1.01208103 0.999999940 0.999999940 0.999999940
v -0.22664863 -2.11800337 -1.245785 0.999999940 0.999999940 0.999999940
v -0.21151504 -2.26326632 -1.30274677 0.999999940 0.999999940 0.999999940
v -0.4259913 -2.31690288 -1.22023499 0.999999940 0.999999940 0.999999940
v -0.59757191 -2.35994458 -1.0987761 0.999999940 0.999999940 0.999999940
v -0.71729046 -2.36492443 -0.95921278 0.999999940 0.999999940 0.999999940
v -0.65984875 -2.1471014 -0.92230427 0.999999940 0.999999940 0.999999940
v -0.60563594 -1.98226655 -0.9403466 0.999999940 0.999999940 0.999999940
v -0.68321764 -1.79321146 -1.08273649 0.999999940 0.999999940 0.999999940
v -0.75959444 -1.68202639 -1.22861791 0.999999940 0.999999940 0.999999940
v -0.81554306 -1.60828769 -1.35800123 0.999999940 0.999999940 0.999999940
v -0.7350527 -1.61205649 -1.39564872 0.999999940 0.999999940 0.999999940
v -0.67926556 -1.54011285 -1.4008534 0.999999940 0.999999940 0.999999940
v -0.66089875 -1.44629753 -1.3851738 0.999999940 0.999999940 0.999999940
v -0.6619221 -1.3417244 -1.36336792 0.999999940 0.999999940 0.999999940
v -0.62553209 -1.20722437 -1.21890974 0.999999940 0.999999940 0.999999940
v -0.58836377 -1.15529513 -1.10719466 0.999999940 0.999999940 0.999999940
v -0.69262022 -1.21176028 -1.35976553 0.999999940 0.999999940 0.999999940
v -0.53264701 -1.08581638 -0.96370149 0.999999940 0.999999940 0.999999940
v -0.68173146 -1.06467795 -1.25776255 0.999999940 0.999999940 0.999999940
v -0.64191985 -1.01354837 -1.136042 0.999999940 0.999999940 0.999999940
v -0.60137296 -0.94442093 -0.98061097 0.999999940 0.999999940 0.999999940
v -0.74038267 -1.09532237 -1.38670075 0.999999940 0.999999940 0.999999940
v -0.75393963 -1.31779635 -1.51825559 0.999999940 0.999999940 0.999999940
v -0.78048515 -1.22848177 -1.52059817 0.999999940 0.999999940 0.999999940
v -0.82531655 -1.14414799 -1.54629898 0.999999940 0.999999940 0.999999940
v -0.74113846 -1.41313887 -1.53184485 0.999999940 0.999999940 0.999999940
v -0.75801039 -1.50314665 -1.53588581 0.999999940 0.999999940 0.999999940
v -0.80706179 -1.57302642 -1.52075565 0.999999940 0.999999940 0.999999940
v -0.88188964 -1.58472848 -1.48549855 0.999999940 0.999999940 0.999999940
v -0.86421669 -1.54789066 -1.31979573 0.999999940 0.999999940 0.999999940
v -0.93554926 -1.52834773 -1.45230484 0.999999940 0.999999940 0.999999940
v -0.79062784 -1.61642873 -1.18059301 0.999999940 0.999999940 0.999999940
v -0.70472693 -1.75103521 -1.03347611 0.999999940 0.999999940 0.999999940
v -0.61840403 -1.94802451 -0.89916921 0.999999940 0.999999940 0.999999940
v -0.71383691 -2.11229062 -0.80431592 0.999999940 0.999999940 0.999999940
v -0.803482 -2.35681772 -0.80422032 0.999999940 0.999999940 0.999999940
v -0.81602317 -2.18205047 -0.58710623 0.999999940 0.999999940 0.999999940
v -0.76808763 -2.05786991 -0.56793773 0.999999940 0.999999940 0.999999940
v -0.6879127 -1.99301171 -0.75443625 0.999999940 0.999999940 0.999999940
v -0.6192922 -1.89673829 -0.85449314 0.999999940 0.999999940 0.999999940
v -0.88572693 -2.37556338 -0.59173894 0.999999940 0.999999940 0.999999940
v -0.70671177 -1.68947446 -0.99192929 0.999999940 0.999999940 0.999999940
v -0.7971983 -1.52813125 -1.1422087 0.999999940 0.999999940 0.999999940
v -0.88319075 -1.46061277 -1.29210734 0.999999940 0.999999940 0.999999940
v -0.94959998 -1.44635081 -1.43859136 0.999999940 0.999999940 0.999999940
v -1.01586378 -1.47040761 -1.57631612 0.999999940 0.999999940 0.999999940
v -0.99064809 -1.53958607 -1.58623779 0.999999940 0.999999940 0.999999940
v -0.94964796 -1.5884614 -1.60459709 0.999999940 0.999999940 0.999999940
v -0.87835562 -1.56200278 -1.64277411 0.999999940 0.999999940 0.999999940
v -0.84228164 -1.50186038 -1.66312981 0.999999940 0.999999940 0.999999940
v -0.8293227 -1.42321455 -1.67224932 0.999999940 0.999999940 0.999999940
v -0.84329462 -1.34719563 -1.67252767 0.999999940 0.999999940 0.999999940
v -0.86895072 -1.28103757 -1.68227851 0.999999940 0.999999940 0.999999940
v -0.90908885 -1.21655369 -1.70761418 0.999999940 0.999999940 0.999999940
v -0.9252063 -1.40878212 -1.81605327 0.999999940 0.999999940 0.999999940
v -0.94741964 -1.35960042 -1.83110023 0.999999940 0.999999940 0.999999940
v -0.97892308 -1.31418109 -1.85399616 0.999999940 0.999999940 0.999999940
v -0.91403079 -1.46574759 -1.80563331 0.999999940 0.999999940 0.999999940
v -0.92082119 -1.53000689 -1.79043329 0.999999940 0.999999940 0.999999940
v -0.94630718 -1.58025634 -1.76898301 0.999999940 0.999999940 0.999999940
v -0.98567808 -1.60355234 -1.74544239 0.999999940 0.999999940 0.999999940
v -1.04322708 -1.57532024 -1.72271729 0.999999940 0.999999940 0.999999940
v -1.0732156 -1.51979256 -1.71777332 0.999999940 0.999999940 0.999999940
v -0.96645379 -1.36281753 -1.42842305 0.999999940 0.999999940 0.999999940
v -1.03452849 -1.39979053 -1.57561886 0.999999940 0.999999940 0.999999940
v -1.09254909 -1.46453452 -1.72355914 0.999999940 0.999999940 0.999999940
v -0.88670003 -1.36274552 -1.27715015 0.999999940 0.999999940 0.999999940
v -0.79391038 -1.4048655 -1.1057868 0.999999940 0.999999940 0.999999940
v -0.70016968 -1.61121559 -0.95394945 0.999999940 0.999999940 0.999999940
v -0.61104655 -1.82023442 -0.80506015 0.999999940 0.999999940 0.999999940
v -0.67727816 -1.54077673 -0.90268493 0.999999940 0.999999940 0.999999940
v -0.74497795 -1.35108244 -1.00993085 0.999999940 0.999999940 0.999999940
v -0.59054196 -1.70706916 -0.75479257 0.999999940 0.999999940 0.999999940
v -0.78417516 -1.2090857 -1.06870008 0.999999940 0.999999940 0.999999940
v -0.8290422 -1.24322677 -1.15125179 0.999999940 0.999999940 0.999999940
v -0.89541686 -1.26915598 -1.2759726 0.999999940 0.999999940 0.999999940
v -0.97491568 -1.28587198 -1.43129683 0.999999940 0.999999940 0.999999940
v -1.04664683 -1.33498275 -1.58796942 0.999999940 0.999999940 0.999999940
v -1.10503209 -1.41336727 -1.73724663 0.999999940 0.999999940 0.999999940
v -1.14947343 -1.49398828 -1.87790585 0.999999940 0.999999940 0.999999940
v -1.1368686 -1.53454757 -1.86265564 0.999999940 0.999999940 0.999999940
v -1.11831427 -1.57417202 -1.85594463 0.999999940 0.999999940 0.999999940
v -1.08523822 -1.6173079 -1.85900021 0.999999940 0.999999940 0.999999940
v -1.04371643 -1.63262105 -1.87357759 0.999999940 0.999999940 0.999999940
v -1.00792623 -1.61082411 -1.89428663 0.999999940 0.999999940 0.999999940
v -0.98903048 -1.57026994 -1.91279876 0.999999940 0.999999940 0.999999940
v -0.98523498 -1.52500033 -1.93070853 0.999999940 0.999999940 0.999999940
v -0.9932279 -1.4855547 -1.94542444 0.999999940 0.999999940 0.999999940
v -1.03940654 -1.6052506 -2.01380348 0.999999940 0.999999940 0.999999940
v -1.03654051 -1.57396865 -2.02817535 0.999999940 0.999999940 0.999999940
v -1.04099536 -1.54373145 -2.04167128 0.999999940 0.999999940 0.999999940
v -1.05134737 -1.63735676 -1.99810719 0.999999940 0.999999940 0.999999940
v -1.07938623 -1.65747643 -1.98150229 0.999999940 0.999999940 0.999999940
v -1.11608267 -1.64682353 -1.97025204 0.999999940 0.999999940 0.999999940
v -1.14433956 -1.62056518 -1.96896446 0.999999940 0.999999940 0.999999940
v -1.16171169 -1.59202909 -1.9756496 0.999999940 0.999999940 0.999999940
v -1.17401385 -1.5590589 -1.98775613 0.999999940 0.999999940 0.999999940
v -1.11522889 -1.36749792 -1.76303566 0.999999940 0.999999940 0.999999940
v -1.15491903 -1.45708299 -1.8984623 0.999999940 0.999999940 0.999999940
v -1.17823207 -1.52864194 -2.00475383 0.999999940 0.999999940 0.999999940
v -1.06028545 -1.27325571 -1.61340547 0.999999940 0.999999940 0.999999940
v -0.98869967 -1.21259713 -1.44565189 0.999999940 0.999999940 0.999999940
v -0.91391206 -1.17353582 -1.29674518 0.999999940 0.999999940 0.999999940
v -0.85940993 -1.12954378 -1.19420922 0.999999940 0.999999940 0.999999940
v -0.88515925 -1.05101073 -1.23608971 0.999999940 0.999999940 0.999999940
v -0.93728089 -1.09067369 -1.33443022 0.999999940 0.999999940 0.999999940
v -1.00500751 -1.14109826 -1.47996521 0.999999940 0.999999940 0.999999940
v -1.07185853 -1.22036457 -1.6491425 0.999999940 0.999999940 0.999999940
v -1.12201262 -1.32331884 -1.80038416 0.999999940 0.999999940 0.999999940
v -1.15621018 -1.42009902 -1.92754936 0.999999940 0.999999940 0.999999940
v -1.17785192 -1.50001109 -2.02687716 0.999999940 0.999999940 0.999999940
v -1.18671489 -1.56099069 -2.10250735 0.999999940 0.999999940 0.999999940
v -1.18745279 -1.58488071 -2.08576441 0.999999940 0.999999940 0.999999940
v -1.18367016 -1.60989785 -2.07444668 0.999999940 0.999999940 0.999999940
v -1.17637837 -1.63286495 -2.06720591 0.999999940 0.999999940 0.999999940
v -1.16039586 -1.65660048 -2.06385636 0.999999940 0.999999940 0.999999940
v -1.13455713 -1.67530203 -2.06696677 0.999999940 0.999999940 0.999999940
v -1.09857941 -1.67339301 -2.0542109 0.999999940 0.999999940 0.999999940
v -1.08343732 -1.65711069 -2.08031774 0.999999940 0.999999940 0.999999940
v -1.07309639 -1.63269472 -2.09010148 0.999999940 0.999999940 0.999999940
v -1.0984782 -1.67249322 -2.11521578 0.999999940 0.999999940 0.999999940
v -1.08840513 -1.64725864 -2.12692285 0.999999940 0.999999940 0.999999940
v -1.14696217 -1.6863265 -2.11056232 0.999999940 0.999999940 0.999999940
v -1.18055069 -1.65198386 -2.12164617 0.999999940 0.999999940 0.999999940
v -1.18499768 -1.64117205 -2.1309669 0.999999940 0.999999940 0.999999940
v -1.18846238 -1.62384582 -2.14140677 0.999999940 0.999999940 0.999999940
v -1.1834631 -1.6055845 -2.1598084 0.999999940 0.999999940 0.999999940
v -1.17770278 -1.5399332 -2.12620091 0.999999940 0.999999940 0.999999940
v -1.16673779 -1.58465338 -2.1710844 0.999999940 0.999999940 0.999999940
v -1.16837192 -1.47157001 -2.05770111 0.999999940 0.999999940 0.999999940
v -1.14934957 -1.38547134 -1.96405876 0.999999940 0.999999940 0.999999940
v -1.12079179 -1.27974308 -1.84525144 0.999999940 0.999999940 0.999999940
v -1.06863403 -1.16509116 -1.69659567 0.999999940 0.999999940 0.999999940
v -1.01544666 -1.07747197 -1.53038621 0.999999940 0.999999940 0.999999940
v -0.95800269 -1.01568949 -1.38429904 0.999999940 0.999999940 0.999999940
v -0.90656006 -0.97900844 -1.2792064 0.999999940 0.999999940 0.999999940
v -0.96671152 -0.94379997 -1.42320871 0.999999940 0.999999940 0.999999940
v -1.02164507 -1.01135862 -1.57919729 0.999999940 0.999999940 0.999999940
v -0.91318315 -0.90757513 -1.30316854 0.999999940 0.999999940 0.999999940
v -1.05551445 -1.09514976 -1.74618244 0.999999940 0.999999940 0.999999940
v -1.08613706 -1.24307871 -1.88868093 0.999999940 0.999999940 0.999999940
v -1.1166122 -1.35898149 -2.00084901 0.999999940 0.999999940 0.999999940
v -1.14082241 -1.45359349 -2.08517861 0.999999940 0.999999940 0.999999940
v -1.13707626 -1.53066528 -2.14762974 0.999999940 0.999999940 0.999999940
v -1.11619925 -1.58102012 -2.17195082 0.999999940 0.999999940 0.999999940
v -1.12394404 -1.60065794 -2.19000745 0.999999940 0.999999940 0.999999940
v -1.10323071 -1.60856247 -2.17061186 0.999999940 0.999999940 0.999999940
v -1.10095477 -1.64008784 -2.16914153 0.999999940 0.999999940 0.999999940
v -1.10102332 -1.66042542 -2.15744615 0.999999940 0.999999940 0.999999940
v -1.09612501 -1.65482461 -2.14629126 0.999999940 0.999999940 0.999999940
v -1.09696078 -1.63288069 -2.15947056 0.999999940 0.999999940 0.999999940
v -1.08613229 -1.62185991 -2.13698959 0.999999940 0.999999940 0.999999940
v -1.09704816 -1.57896054 -2.15229464 0.999999940 0.999999940 0.999999940
v -1.08816886 -1.60445786 -2.14335394 0.999999940 0.999999940 0.999999940
v -1.11446095 -1.53555679 -2.14449573 0.999999940 0.999999940 0.999999940
v -1.09774303 -1.4638412 -2.08477688 0.999999940 0.999999940 0.999999940
v -1.06322849 -1.37708759 -1.99751234 0.999999940 0.999999940 0.999999940
v -1.01969004 -1.27229714 -1.87984753 0.999999940 0.999999940 0.999999940
v -0.9665134 -1.15224659 -1.73844409 0.999999940 0.999999940 0.999999940
v -0.89446068 -1.05259454 -1.59097099 0.999999940 0.999999940 0.999999940
v -0.97559774 -0.9039253 -1.43806648 0.999999940 0.999999940 0.999999940
v -0.94460261 -0.96023583 -1.57743943 0.999999940 0.999999940 0.999999940
v -0.92894268 -0.85361171 -1.30901098 0.999999940 0.999999940 0.999999940
v -0.8739149 -0.96273196 -1.2174015 0.999999940 0.999999940 0.999999940
v -0.86321747 -0.90382206 -1.20530689 0.999999940 0.999999940 0.999999940
v -0.85105467 -0.81444502 -1.18830383 0.999999940 0.999999940 0.999999940
v -0.84454685 -0.73937154 -1.17616856 0.999999940 0.999999940 0.999999940
v -0.91711712 -0.77861166 -1.34722114 0.999999940 0.999999940 0.999999940
v -0.97182029 -0.86429989 -1.47493744 0.999999940 0.999999940 0.999999940
v -0.97987336 -0.93417937 -1.57552159 0.999999940 0.999999940 0.999999940
v -0.92558396 -0.86989689 -1.48715055 0.999999940 0.999999940 0.999999940
v -0.88900715 -0.9008559 -1.48126698 0.999999940 0.999999940 0.999999940
v -0.9651196 -0.93973684 -1.57471633 0.999999940 0.999999940 0.999999940
v -0.805875 -0.99937022 -1.43852162 0.999999940 0.999999940 0.999999940
v -1.03162611 -1.40979648 -1.97698212 0.999999940 0.999999940 0.999999940
v -1.06740606 -1.48771191 -2.06809163 0.999999940 0.999999940 0.999999940
v -1.08788264 -1.53436208 -2.1193397 0.999999940 0.999999940 0.999999940
v -1.08153236 -1.56552768 -2.12271285 0.999999940 0.999999940 0.999999940
v -1.07322574 -1.58646369 -2.11248875 0.999999940 0.999999940 0.999999940
v -1.06979275 -1.60817111 -2.10156846 0.999999940 0.999999940 0.999999940
v -1.05131674 -1.51416302 -2.05463648 0.999999940 0.999999940 0.999999940
v -1.00829315 -1.44714546 -1.95984566 0.999999940 0.999999940 0.999999940
v -0.73898536 -0.95942771 -1.30461895 0.999999940 0.999999940 0.999999940
v -0.81369746 -0.84726816 -1.35168195 0.999999940 0.999999940 0.999999940
v -0.85839558 -0.79439533 -1.36072612 0.999999940 0.999999940 0.999999940
v -0.75043488 -0.84449595 -1.24643528 0.999999940 0.999999940 0.999999940
v -0.69466424 -0.90203637 -1.17289448 0.999999940 0.999999940 0.999999940
v -0.79064047 -0.72848701 -1.20789456 0.999999940 0.999999940 0.999999940
v -0.68713999 -0.7973243 -1.03833711 0.999999940 0.999999940 0.999999940
v -0.74432385 -0.81093132 -1.00451601 0.999999940 0.999999940 0.999999940
v -0.66185153 -0.96082824 -0.93771672 0.999999940 0.999999940 0.999999940
v -0.58838838 -1.10043025 -0.90587366 0.999999940 0.999999940 0.999999940
v -0.73398578 -0.99729335 -0.95911908 0.999999940 0.999999940 0.999999940
v -0.67482948 -1.12839925 -0.91245019 0.999999940 0.999999940 0.999999940
v -0.80598426 -0.86699057 -1.04207277 0.999999940 0.999999940 0.999999940
v -0.81153303 -0.9341203 -1.11057961 0.999999940 0.999999940 0.999999940
v -0.77433509 -1.04279184 -1.04332578 0.999999940 0.999999940 0.999999940
v -0.73713416 -1.1675036 -0.98624384 0.999999940 0.999999940 0.999999940
v -0.69070065 -1.30043495 -0.91767478 0.999999940 0.999999940 0.999999940
v -0.61686969 -1.26365745 -0.86757612 0.999999940 0.999999940 0.999999940
v -0.55529535 -1.39566076 -0.81772232 0.999999940 0.999999940 0.999999940
v -0.62177193 -1.44124651 -0.8268795 0.999999940 0.999999940 0.999999940
v -0.81668222 -1.08676624 -1.11654365 0.999999940 0.999999940 0.999999940
v -0.84693158 -1.00596631 -1.16783655 0.999999940 0.999999940 0.999999940
v -0.54348451 -1.53152347 -0.71126997 0.999999940 0.999999940 0.999999940
v -0.48733181 -1.48079491 -0.73473656 0.999999940 0.999999940 0.999999940
v -0.50216222 -1.48965549 -0.62497365 0.999999940 0.999999940 0.999999940
v -0.56754398 -1.60839629 -0.61776173 0.999999940 0.999999940 0.999999940
v -0.63194269 -1.75531352 -0.64737678 0.999999940 0.999999940 0.999999940
v -0.66029096 -1.88415575 -0.69153488 0.999999940 0.999999940 0.999999940
v -0.71746612 -1.92455053 -0.543028 0.999999940 0.999999940 0.999999940
v -0.65820831 -1.78917217 -0.51745272 0.999999940 0.999999940 0.999999940
v -0.59256399 -1.64393044 -0.50298393 0.999999940 0.999999940 0.999999940
v -0.52953899 -1.50094104 -0.49921167 0.999999940 0.999999940 0.999999940
v -0.4705025 -1.36647463 -0.49244714 0.999999940 0.999999940 0.999999940
v -0.4077552 -1.16017163 -0.46508718 0.999999940 0.999999940 0.999999940
v -0.54262531 -1.52002931 -0.3641516 0.999999940 0.999999940 0.999999940
v -0.48637125 -1.37403917 -0.36240447 0.999999940 0.999999940 0.999999940
v -0.42549288 -1.19080114 -0.35089278 0.999999940 0.999999940 0.999999940
v -0.60580146 -1.66098428 -0.36220002 0.999999940 0.999999940 0.999999940
v -0.66874886 -1.80244493 -0.35990906 0.999999940 0.999999940 0.999999940
v -0.72741485 -1.94057703 -0.35902476 0.999999940 0.999999940 0.999999940
v -0.78784883 -2.07895112 -0.35875082 0.999999940 0.999999940 0.999999940
v -0.85331523 -2.22598147 -0.36203671 0.999999940 0.999999940 0.999999940
v -0.8250488 -2.26454544 -0.14980459 0.999999940 0.999999940 0.999999940
v -0.76128185 -2.10645247 -0.15888309 0.999999940 0.999999940 0.999999940
v -0.70110345 -1.95751262 -0.17146277 0.999999940 0.999999940 0.999999940
v -0.64003283 -1.8157692 -0.18793941 0.999999940 0.999999940 0.999999940
v -0.58094609 -1.67496943 -0.20601439 0.999999940 0.999999940 0.999999940
v -0.52346873 -1.53458679 -0.22243547 0.999999940 0.999999940 0.999999940
v -0.46981794 -1.3870753 -0.23469377 0.999999940 0.999999940 0.999999940
v -0.41551647 -1.21981764 -0.23642802 0.999999940 0.999999940 0.999999940
v -0.3667118 -0.99566358 -0.32871139 0.999999940 0.999999940 0.999999940
v -0.3611035 -1.04885101 -0.22123098 0.999999940 0.999999940 0.999999940
v -0.32858533 -0.80416775 -0.25084984 0.999999940 0.999999940 0.999999940
v -0.32554576 -0.8981092 -0.16137123 0.999999940 0.999999940 0.999999940
v -0.37610972 -1.24976301 -0.129812 0.999999940 0.999999940 0.999999940
v -0.32311291 -1.10233712 -0.12192035 0.999999940 0.999999940 0.999999940
v -0.29752332 -0.97797686 -0.08176589 0.999999940 0.999999940 0.999999940
v -0.42383042 -1.40157723 -0.11496067 0.999999940 0.999999940 0.999999940
v -0.47098553 -1.54754579 -0.0884521 0.999999940 0.999999940 0.999999940
v -0.52175498 -1.6895678 -0.05822468 0.999999940 0.999999940 0.999999940
v -0.57450265 -1.83551872 -0.02644277 0.999999940 0.999999940 0.999999940
v -0.62960625 -1.98620057 0.003875494 0.999999940 0.999999940 0.999999940
v -0.68541783 -2.1425519 0.029188633 0.999999940 0.999999940 0.999999940
v -0.73574167 -2.30965281 0.045843839 0.999999940 0.999999940 0.999999940
v -0.91207826 -2.39753437 -0.36853814 0.999999940 0.999999940 0.999999940
v -0.87681895 -2.43516302 -0.14962864 0.999999940 0.999999940 0.999999940
v -0.78282613 -2.48435926 0.054815769 0.999999940 0.999999940 0.999999940
v -0.92623377 -2.55664921 -0.60321093 0.999999940 0.999999940 0.999999940
v -0.95583969 -2.57516146 -0.3833766 0.999999940 0.999999940 0.999999940
v -0.91942644 -2.61222792 -0.160882 0.999999940 0.999999940 0.999999940
v -0.82010359 -2.66541433 0.047006607 0.999999940 0.999999940 0.999999940
v -0.65954685 -2.72570491 0.217231035 0.999999940 0.999999940 0.999999940
v -0.63637775 -2.53692412 0.228830337 0.999999940 0.999999940 0.999999940
v -0.59852946 -2.35566401 0.213134288 0.999999940 0.999999940 0.999999940
v -0.55681604 -2.18191767 0.186905384 0.999999940 0.999999940 0.999999940
v -0.51280046 -2.01613903 0.151895761 0.999999940 0.999999940 0.999999940
v -0.46799174 -1.85849059 0.109342098 0.999999940 0.999999940 0.999999940
v -0.42432064 -1.70794225 0.065979242 0.999999940 0.999999940 0.999999940
v -0.3843295 -1.56302023 0.024653911 0.999999940 0.999999940 0.999999940
v -0.34662172 -1.41887736 -0.01269174 0.999999940 0.999999940 0.999999940
v -0.3087092 -1.27936625 -0.0399816 0.999999940 0.999999940 0.999999940
v -0.26727894 -1.14838135 -0.04709625 0.999999940 0.999999940 0.999999940
v -0.24219212 -1.04132962 -0.01538134 0.999999940 0.999999940 0.999999940
v -0.39646867 -0.93728572 0.023900032 0.999999940 0.999999940 0.999999940
v -0.4316338 -0.83056235 -0.06876206 0.999999940 0.999999940 0.999999940
v -0.32767406 -1.02302766 0.103003501 0.999999940 0.999999940 0.999999940
v -0.19137985 -1.18740225 0.013950824 0.999999940 0.999999940 0.999999940
v -0.17169759 -1.08554673 0.031038045 0.999999940 0.999999940 0.999999940
v -0.23255068 -1.08326471 0.154086113 0.999999940 0.999999940 0.999999940
v -0.21954435 -1.30597043 0.032519817 0.999999940 0.999999940 0.999999940
v -0.24639952 -1.43805397 0.067037344 0.999999940 0.999999940 0.999999940
v -0.27216715 -1.57825994 0.109990358 0.999999940 0.999999940 0.999999940
v -0.29905629 -1.72588849 0.159412384 0.999999940 0.999999940 0.999999940
v -0.3293196 -1.88136101 0.210041523 0.999999940 0.999999940 0.999999940
v -0.36091167 -2.04347157 0.261044025 0.999999940 0.999999940 0.999999940
v -0.39180052 -2.2151165 0.305301189 0.999999940 0.999999940 0.999999940
v -0.4197641 -2.39529467 0.337360620 0.999999940 0.999999940 0.999999940
v -0.4421263 -2.58337212 0.351163148 0.999999940 0.999999940 0.999999940
v -0.45735052 -2.77748108 0.342082977 0.999999940 0.999999940 0.999999940
v -0.21498108 -2.42199039 0.410529613 0.999999940 0.999999940 0.999999940
v -0.22528645 -2.61365581 0.428307294 0.999999940 0.999999940 0.999999940
v -0.23120588 -2.8122673 0.419758558 0.999999940 0.999999940 0.999999940
v -0.20110139 -2.23788166 0.375201225 0.999999940 0.999999940 0.999999940
v -0.1855211 -2.06282234 0.326688766 0.999999940 0.999999940 0.999999940
v -0.17009875 -1.89751661 0.271639347 0.999999940 0.999999940 0.999999940
v -0.15435928 -1.73941112 0.216536045 0.999999940 0.999999940 0.999999940
v -0.13960171 -1.59022892 0.164542675 0.999999940 0.999999940 0.999999940
v -0.1278781 -1.45123482 0.118031024 0.999999940 0.999999940 0.999999940
v -0.11536682 -1.32388127 0.078994512 0.999999940 0.999999940 0.999999940
v -0.10035512 -1.21245992 0.053533315 0.999999940 0.999999940 0.999999940
v -0.08916134 -1.11206806 0.059012174 0.999999940 0.999999940 0.999999940
v -0.11702585 -1.11963868 0.180481433 0.999999940 0.999999940 0.999999940
v -0.13991284 -1.14003205 0.310973882 0.999999940 0.999999940 0.999999940
v -0.2813049 -1.09484255 0.284334182 0.999999940 0.999999940 0.999999940
v -0.40771925 -1.00878954 0.228255271 0.999999940 0.999999940 0.999999940
v -0.4934327 -0.89888555 0.138664007 0.999999940 0.999999940 0.999999940
v -0.30982071 -1.08743787 0.428063392 0.999999940 0.999999940 0.999999940
v -0.45692685 -0.97727001 0.371732711 0.999999940 0.999999940 0.999999940
v -0.55351466 -0.83232367 0.271408557 0.999999940 0.999999940 0.999999940
v -0.15351945 -1.14218593 0.456897258 0.999999940 0.999999940 0.999999940
v -0.00001135 -1.13067317 0.189843893 0.999999940 0.999999940 0.999999940
v -0.00013629 -1.15298367 0.319889545 0.999999940 0.999999940 0.999999940
v 0.000009000 -1.15706122 0.466873884 0.999999940 0.999999940 0.999999940
v -0.00000045 -1.1220144 0.068721056 0.999999940 0.999999940 0.999999940
v 0.000003546 -1.22070193 0.068239688 0.999999940 0.999999940 0.999999940
v -0.00000933 -1.33068466 0.095527410 0.999999940 0.999999940 0.999999940
v 0.000002533 -1.45440578 0.134297132 0.999999940 0.999999940 0.999999940
v 0.000012010 -1.59401727 0.182113647 0.999999940 0.999999940 0.999999940
v 0.000070959 -1.7443248 0.236253976 0.999999940 0.999999940 0.999999940
v 0.000050872 -1.90285397 0.293347597 0.999999940 0.999999940 0.999999940
v -0.00000206 -2.06836176 0.350052595 0.999999940 0.999999940 0.999999940
v 0.000001460 -2.24623156 0.401250839 0.999999940 0.999999940 0.999999940
v 0.200910478 -2.23801136 0.374728202 0.999999940 0.999999940 0.999999940
v 0.185265094 -2.06306887 0.326016426 0.999999940 0.999999940 0.999999940
v 0.169880285 -1.89772224 0.271107196 0.999999940 0.999999940 0.999999940
v 0.154131323 -1.73962319 0.215999364 0.999999940 0.999999940 0.999999940
v 0.139403909 -1.59039664 0.164096593 0.999999940 0.999999940 0.999999940
v 0.127748698 -1.45136344 0.117746353 0.999999940 0.999999940 0.999999940
v 0.115466237 -1.32383776 0.079345226 0.999999940 0.999999940 0.999999940
v 0.101092934 -1.21255589 0.055471420 0.999999940 0.999999940 0.999999940
v 0.090025275 -1.11539221 0.058903694 0.999999940 0.999999940 0.999999940
v 0.116930604 -1.11920655 0.180579662 0.999999940 0.999999940 0.999999940
v 0.140020281 -1.1402452 0.310952901 0.999999940 0.999999940 0.999999940
v 0.153494954 -1.14180696 0.456877946 0.999999940 0.999999940 0.999999940
v 0.000178724 -1.12905622 0.630923509 0.999999940 0.999999940 0.999999940
v -0.1569894 -1.11151242 0.616159439 0.999999940 0.999999940 0.999999940
v 0.157726615 -1.11370802 0.616552352 0.999999940 0.999999940 0.999999940
v -0.31415856 -1.05021775 0.578641891 0.999999940 0.999999940 0.999999940
v -0.00210109 -1.05488241 0.797452688 0.999999940 0.999999940 0.999999940
v -0.15604508 -1.03354526 0.777468681 0.999999940 0.999999940 0.999999940
v -0.30662483 -0.97760886 0.721130609 0.999999940 0.999999940 0.999999940
v 0.157505512 -1.03577709 0.779460907 0.999999940 0.999999940 0.999999940
v 0.314691126 -1.05065906 0.579246044 0.999999940 0.999999940 0.999999940
v 0.308000564 -0.97871447 0.722303152 0.999999940 0.999999940 0.999999940
v 0.308994472 -1.086007 0.427995443 0.999999940 0.999999940 0.999999940
v 0.281035810 -1.09431422 0.284425020 0.999999940 0.999999940 0.999999940
v 0.232136517 -1.0822444 0.154405832 0.999999940 0.999999940 0.999999940
v 0.17317909 -1.08828437 0.030800342 0.999999940 0.999999940 0.999999940
v 0.193031519 -1.18754244 0.016135931 0.999999940 0.999999940 0.999999940
v 0.419828176 -2.39527464 0.337393760 0.999999940 0.999999940 0.999999940
v 0.214952260 -2.42196846 0.410640478 0.999999940 0.999999940 0.999999940
v 0.600417017 -2.35497594 0.215356111 0.999999940 0.999999940 0.999999940
v -0.00007746 -2.43146944 0.437981605 0.999999940 0.999999940 0.999999940
v 0.224988341 -2.61372137 0.427399873 0.999999940 0.999999940 0.999999940
v 0.443183958 -2.58325005 0.353318452 0.999999940 0.999999940 0.999999940
v -0.00000641 -2.62433672 0.456127405 0.999999940 0.999999940 0.999999940
v 0.633078932 -2.53747749 0.225116252 0.999999940 0.999999940 0.999999940
v 0.737882018 -2.30887032 0.047391653 0.999999940 0.999999940 0.999999940
v 0.785622954 -2.48356009 0.056767702 0.999999940 0.999999940 0.999999940
v 0.817745685 -2.66564417 0.045188188 0.999999940 0.999999940 0.999999940
v 0.66154778 -2.72585368 0.219685554 0.999999940 0.999999940 0.999999940
v 0.458016693 -2.77762008 0.343423605 0.999999940 0.999999940 0.999999940
v 0.230699271 -2.81205511 0.418124198 0.999999940 0.999999940 0.999999940
v -0.00005376 -2.82591629 0.447700738 0.999999940 0.999999940 0.999999940
v -0.23354355 -3.01119018 0.375717163 0.999999940 0.999999940 0.999999940
v -0.00002751 -3.02648306 0.403491258 0.999999940 0.999999940 0.999999940
v 0.233654409 -3.01134109 0.376232862 0.999999940 0.999999940 0.999999940
v 0.464703708 -2.97169638 0.302645444 0.999999940 0.999999940 0.999999940
v 0.671990752 -2.91412497 0.181453466 0.999999940 0.999999940 0.999999940
v 0.837172150 -2.84828758 0.014311313 0.999999940 0.999999940 0.999999940
v 0.942089974 -2.79301834 -0.18940949 0.999999940 0.999999940 0.999999940
v 0.920666098 -2.61195731 -0.16019487 0.999999940 0.999999940 0.999999940
v 0.878748774 -2.43456554 -0.14890766 0.999999940 0.999999940 0.999999940
v 0.821341991 -2.2660253 -0.15132356 0.999999940 0.999999940 0.999999940
v 0.955996453 -2.57512689 -0.38346696 0.999999940 0.999999940 0.999999940
v 0.974451541 -2.75832224 -0.4084444 0.999999940 0.999999940 0.999999940
v 0.964039027 -2.94871426 -0.43637252 0.999999940 0.999999940 0.999999940
v 0.932704687 -2.97020388 -0.23934841 0.999999940 0.999999940 0.999999940
v 0.833929657 -3.02082229 -0.04630327 0.999999940 0.999999940 0.999999940
v 0.669691562 -3.09286737 0.113408565 0.999999940 0.999999940 0.999999940
v 0.464048773 -3.15811539 0.228637456 0.999999940 0.999999940 0.999999940
v 0.235647171 -3.2036984 0.297854661 0.999999940 0.999999940 0.999999940
v 0.000062555 -3.22057438 0.321708440 0.999999940 0.999999940 0.999999940
v -0.23523113 -3.20306587 0.296663761 0.999999940 0.999999940 0.999999940
v -0.46442777 -2.97154069 0.302158355 0.999999940 0.999999940 0.999999940
v -0.46417254 -3.15823102 0.228847503 0.999999940 0.999999940 0.999999940
v 0.000014483 -3.40130329 0.203104734 0.999999940 0.999999940 0.999999940
v -0.23359317 -3.38238335 0.181254386 0.999999940 0.999999940 0.999999940
v -0.45861429 -3.32983828 0.121541500 0.999999940 0.999999940 0.999999940
v 0.234224975 -3.38395548 0.183021068 0.999999940 0.999999940 0.999999940
v 0.458841145 -3.33010459 0.121860265 0.999999940 0.999999940 0.999999940
v 0.660702347 -3.25360346 0.018399477 0.999999940 0.999999940 0.999999940
v 0.821647644 -3.17662048 -0.1286695 0.999999940 0.999999940 0.999999940
v 0.892787694 -3.14140987 -0.28846192 0.999999940 0.999999940 0.999999940
v 0.913771510 -3.13799119 -0.45625401 0.999999940 0.999999940 0.999999940
v 0.888816893 -3.13903904 -0.63014221 0.999999940 0.999999940 0.999999940
v 0.939447581 -2.93729138 -0.63008893 0.999999940 0.999999940 0.999999940
v 0.948070406 -2.74186206 -0.61821592 0.999999940 0.999999940 0.999999940
v 0.926895320 -2.55652618 -0.60340106 0.999999940 0.999999940 0.999999940
v 0.872101783 -2.73709536 -0.81508505 0.999999940 0.999999940 0.999999940
v 0.867515444 -2.93294835 -0.81493104 0.999999940 0.999999940 0.999999940
v 0.822059273 -3.13509321 -0.80242968 0.999999940 0.999999940 0.999999940
v 0.730284094 -3.32999277 -0.77472103 0.999999940 0.999999940 0.999999940
v 0.785869300 -3.34043145 -0.60945952 0.999999940 0.999999940 0.999999940
v 0.812201976 -3.33591485 -0.44735646 0.999999940 0.999999940 0.999999940
v 0.811048567 -3.30754805 -0.29830265 0.999999940 0.999999940 0.999999940
v 0.784730553 -3.28905892 -0.18816638 0.999999940 0.999999940 0.999999940
v 0.652201771 -3.38414192 -0.10101557 0.999999940 0.999999940 0.999999940
v 0.454378187 -3.47649693 -0.01659012 0.999999940 0.999999940 0.999999940
v 0.231707215 -3.53662825 0.030610084 0.999999940 0.999999940 0.999999940
v 0.000022769 -3.55769157 0.047106981 0.999999940 0.999999940 0.999999940
v -0.23118943 -3.53501511 0.029410123 0.999999940 0.999999940 0.999999940
v -0.45289207 -3.47406149 -0.01833797 0.999999940 0.999999940 0.999999940
v -0.67070657 -3.09345484 0.114494085 0.999999940 0.999999940 0.999999940
v -0.66190374 -3.2546916 0.019556045 0.999999940 0.999999940 0.999999940
v -0.65237355 -3.38421559 -0.10076022 0.999999940 0.999999940 0.999999940
v -0.45301753 -3.58215284 -0.18275523 0.999999940 0.999999940 0.999999940
v -0.23077703 -3.65153122 -0.148489 0.999999940 0.999999940 0.999999940
v -0.65238148 -3.46906471 -0.24392939 0.999999940 0.999999940 0.999999940
v 0.000035941 -3.67749476 -0.13550925 0.999999940 0.999999940 0.999999940
v 0.231012105 -3.65214372 -0.14820838 0.999999940 0.999999940 0.999999940
v 0.452351152 -3.58088088 -0.18330073 0.999999940 0.999999940 0.999999940
v 0.651867330 -3.46827507 -0.2440083 0.999999940 0.999999940 0.999999940
v 0.651522517 -3.51054478 -0.40538621 0.999999940 0.999999940 0.999999940
v 0.637467503 -3.52125716 -0.57577634 0.999999940 0.999999940 0.999999940
v 0.598022818 -3.5064199 -0.74295485 0.999999940 0.999999940 0.999999940
v 0.646487832 -3.31188655 -0.93322551 0.999999940 0.999999940 0.999999940
v 0.723903894 -3.12866068 -0.96195424 0.999999940 0.999999940 0.999999940
v 0.529925346 -3.47149277 -0.90580618 0.999999940 0.999999940 0.999999940
v 0.761216700 -2.9357307 -0.98247194 0.999999940 0.999999940 0.999999940
v 0.762119948 -2.74460578 -0.99360228 0.999999940 0.999999940 0.999999940
v 0.608207523 -3.12097025 -1.10912633 0.999999940 0.999999940 0.999999940
v 0.633064389 -2.94656086 -1.13431633 0.999999940 0.999999940 0.999999940
v 0.616771280 -2.77262616 -1.16167927 0.999999940 0.999999940 0.999999940
v 0.542570352 -3.28393745 -1.08258772 0.999999940 0.999999940 0.999999940
v 0.442426443 -3.4219265 -1.05770195 0.999999940 0.999999940 0.999999940
v 0.377311646 -3.59222579 -0.88679433 0.999999940 0.999999940 0.999999940
v 0.315162986 -3.5260458 -1.03935874 0.999999940 0.999999940 0.999999940
v 0.421521812 -3.63755965 -0.72031474 0.999999940 0.999999940 0.999999940
v 0.445169329 -3.65564299 -0.54538846 0.999999940 0.999999940 0.999999940
v 0.453216314 -3.64041328 -0.3639698 0.999999940 0.999999940 0.999999940
v 0.232460856 -3.72280836 -0.33848715 0.999999940 0.999999940 0.999999940
v 0.000044107 -3.75034761 -0.33002782 0.999999940 0.999999940 0.999999940
v -0.23177034 -3.72031116 -0.33893871 0.999999940 0.999999940 0.999999940
v -0.45491749 -3.6436832 -0.36365151 0.999999940 0.999999940 0.999999940
v -0.65380216 -3.51328397 -0.40526056 0.999999940 0.999999940 0.999999940
v -0.44625318 -3.65747857 -0.54553461 0.999999940 0.999999940 0.999999940
v -0.22849596 -3.74043012 -0.52950454 0.999999940 0.999999940 0.999999940
v -0.63528317 -3.51874542 -0.57539892 0.999999940 0.999999940 0.999999940
v 0.000068724 -3.77250481 -0.5240972 0.999999940 0.999999940 0.999999940
v 0.229129552 -3.74252558 -0.52960014 0.999999940 0.999999940 0.999999940
v 0.217867672 -3.72253156 -0.71100461 0.999999940 0.999999940 0.999999940
v 0.195976436 -3.67126203 -0.87776506 0.999999940 0.999999940 0.999999940
v 0.164823323 -3.59280038 -1.02936828 0.999999940 0.999999940 0.999999940
v 0.259497433 -3.47748566 -1.18972254 0.999999940 0.999999940 0.999999940
v 0.377622664 -3.39731359 -1.2075156 0.999999940 0.999999940 0.999999940
v 0.131471484 -3.52122116 -1.17731702 0.999999940 0.999999940 0.999999940
v 0.475351780 -3.28008103 -1.23081386 0.999999940 0.999999940 0.999999940
v 0.537050187 -3.13387179 -1.25879478 0.999999940 0.999999940 0.999999940
v 0.551880419 -2.973032 -1.29460263 0.999999940 0.999999940 0.999999940
v 0.513784527 -2.81062126 -1.33298039 0.999999940 0.999999940 0.999999940
v 0.428563386 -2.66777301 -1.37530828 0.999999940 0.999999940 0.999999940
v 0.499414324 -2.80071616 -1.51613593 0.999999940 0.999999940 0.999999940
v 0.389176696 -2.64345479 -1.53135979 0.999999940 0.999999940 0.999999940
v 0.544043302 -2.97389269 -1.49486315 0.999999940 0.999999940 0.999999940
v 0.523703277 -3.14128828 -1.47595394 0.999999940 0.999999940 0.999999940
v 0.455277234 -3.28814626 -1.45738816 0.999999940 0.999999940 0.999999940
v 0.353134155 -3.39919233 -1.44282687 0.999999940 0.999999940 0.999999940
v 0.2359972 -3.47130394 -1.43195665 0.999999940 0.999999940 0.999999940
v 0.114208191 -3.50575614 -1.42509782 0.999999940 0.999999940 0.999999940
v -0.00049424 -3.61615896 -1.02544129 0.999999940 0.999999940 0.999999940
v -0.00038552 -3.53048277 -1.17163813 0.999999940 0.999999940 0.999999940
v -0.00085175 -3.50811768 -1.42154467 0.999999940 0.999999940 0.999999940
v 0.000088870 -3.69849229 -0.8732444 0.999999940 0.999999940 0.999999940
v 0.000041306 -3.75155163 -0.70747066 0.999999940 0.999999940 0.999999940
v -0.2169717 -3.71971321 -0.71037841 0.999999940 0.999999940 0.999999940
v -0.1950646 -3.66881037 -0.87668216 0.999999940 0.999999940 0.999999940
v -0.16398108 -3.59047341 -1.02786291 0.999999940 0.999999940 0.999999940
v -0.12691468 -3.50511956 -1.17595744 0.999999940 0.999999940 0.999999940
v -0.11019462 -3.48540568 -1.42362463 0.999999940 0.999999940 0.999999940
v -0.09938997 -3.46632195 -1.65680468 0.999999940 0.999999940 0.999999940
v -0.00075269 -3.48727846 -1.65615344 0.999999940 0.999999940 0.999999940
v 0.098302066 -3.48894262 -1.65885651 0.999999940 0.999999940 0.999999940
v 0.219264149 -3.46004033 -1.66429806 0.999999940 0.999999940 0.999999940
v 0.335728794 -3.39593601 -1.67113304 0.999999940 0.999999940 0.999999940
v 0.443541884 -3.28113866 -1.67794943 0.999999940 0.999999940 0.999999940
v 0.518149614 -3.13015819 -1.6825881 0.999999940 0.999999940 0.999999940
v 0.536061048 -2.95256138 -1.69068456 0.999999940 0.999999940 0.999999940
v 0.483995974 -2.77112412 -1.69755721 0.999999940 0.999999940 0.999999940
v 0.358688890 -2.62069178 -1.69860125 0.999999940 0.999999940 0.999999940
v 0.234701156 -2.54685926 -1.70205772 0.999999940 0.999999940 0.999999940
v 0.258582711 -2.55621815 -1.54627681 0.999999940 0.999999940 0.999999940
v 0.287277400 -2.55363727 -1.40526104 0.999999940 0.999999940 0.999999940
v 0.337230473 -2.60504651 -1.86650264 0.999999940 0.999999940 0.999999940
v 0.213409617 -2.53960705 -1.86430168 0.999999940 0.999999940 0.999999940
v 0.466069638 -2.74935532 -1.87519562 0.999999940 0.999999940 0.999999940
v 0.524776995 -2.92842054 -1.87983918 0.999999940 0.999999940 0.999999940
v 0.508803606 -3.11454892 -1.8815062 0.999999940 0.999999940 0.999999940
v 0.425033032 -3.27398372 -1.88100338 0.999999940 0.999999940 0.999999940
v 0.316698670 -3.37890315 -1.88279676 0.999999940 0.999999940 0.999999940
v 0.198189556 -3.44130182 -1.88051748 0.999999940 0.999999940 0.999999940
v 0.085690319 -3.46402812 -1.87738228 0.999999940 0.999999940 0.999999940
v -0.00031686 -3.46014762 -1.87527764 0.999999940 0.999999940 0.999999940
v -0.08919901 -3.44070554 -1.87446451 0.999999940 0.999999940 0.999999940
v -0.2174626 -3.43655014 -1.4295156 0.999999940 0.999999940 0.999999940
v -0.19997138 -3.4214325 -1.65967739 0.999999940 0.999999940 0.999999940
v -0.18235213 -3.40063143 -1.87395799 0.999999940 0.999999940 0.999999940
v -0.24360383 -3.44962931 -1.1879226 0.999999940 0.999999940 0.999999940
v -0.31592059 -3.35784793 -1.43969893 0.999999940 0.999999940 0.999999940
v -0.29766035 -3.34540582 -1.66482806 0.999999940 0.999999940 0.999999940
v -0.34556258 -3.3636055 -1.20416737 0.999999940 0.999999940 0.999999940
v -0.27883554 -3.32854891 -1.87402248 0.999999940 0.999999940 0.999999940
v -0.2592994 -3.30122519 -2.07555723 0.999999940 0.999999940 0.999999940
v -0.16940832 -3.36915994 -2.07861733 0.999999940 0.999999940 0.999999940
v -0.08305365 -3.40564895 -2.08061004 0.999999940 0.999999940 0.999999940
v -0.00042516 -3.42456627 -2.08248901 0.999999940 0.999999940 0.999999940
v 0.086074411 -3.42897701 -2.08520341 0.999999940 0.999999940 0.999999940
v 0.184516727 -3.40785217 -2.08656001 0.999999940 0.999999940 0.999999940
v 0.295365035 -3.35524225 -2.0859046 0.999999940 0.999999940 0.999999940
v 0.407756447 -3.25600243 -2.0855937 0.999999940 0.999999940 0.999999940
v 0.489803135 -3.09694123 -2.07579637 0.999999940 0.999999940 0.999999940
v 0.507948577 -2.90426683 -2.06391382 0.999999940 0.999999940 0.999999940
v 0.443848550 -2.73142242 -2.05242085 0.999999940 0.999999940 0.999999940
v 0.313173741 -2.59185719 -2.0359993 0.999999940 0.999999940 0.999999940
v 0.419097155 -2.70952535 -2.22654009 0.999999940 0.999999940 0.999999940
v 0.288170516 -2.58117771 -2.20947313 0.999999940 0.999999940 0.999999940
v 0.485550075 -2.88018084 -2.24546742 0.999999940 0.999999940 0.999999940
v 0.468521326 -3.07036138 -2.26576519 0.999999940 0.999999940 0.999999940
v 0.386888623 -3.22396231 -2.27958512 0.999999940 0.999999940 0.999999940
v 0.277452468 -3.31860876 -2.28608513 0.999999940 0.999999940 0.999999940
v 0.170660078 -3.36610794 -2.28703642 0.999999940 0.999999940 0.999999940
v 0.079957902 -3.382864 -2.28724527 0.999999940 0.999999940 0.999999940
v -0.00053793 -3.37895775 -2.28502917 0.999999940 0.999999940 0.999999940
v -0.0775218 -3.36039329 -2.28205228 0.999999940 0.999999940 0.999999940
v -0.1584236 -3.3263185 -2.27802515 0.999999940 0.999999940 0.999999940
v -0.24151325 -3.261801 -2.27123308 0.999999940 0.999999940 0.999999940
v -0.33943397 -3.1967361 -2.07081938 0.999999940 0.999999940 0.999999940
v -0.31852633 -3.16287827 -2.2619946 0.999999940 0.999999940 0.999999940
v -0.36106318 -3.22134757 -1.87450981 0.999999940 0.999999940 0.999999940
v -0.37936807 -3.23760891 -1.67042017 0.999999940 0.999999940 0.999999940
v -0.42898312 -3.1017561 -1.67745113 0.999999940 0.999999940 0.999999940
v -0.41182098 -3.08416438 -1.87354815 0.999999940 0.999999940 0.999999940
v -0.39212382 -3.0607934 -2.06310105 0.999999940 0.999999940 0.999999940
v -0.36858386 -3.03202915 -2.24886346 0.999999940 0.999999940 0.999999940
v -0.34395197 -2.9966352 -2.43163967 0.999999940 0.999999940 0.999999940
v -0.29736668 -3.11891317 -2.44880223 0.999999940 0.999999940 0.999999940
v -0.22563261 -3.21098089 -2.46227264 0.999999940 0.999999940 0.999999940
v -0.14863473 -3.27182293 -2.47243261 0.999999940 0.999999940 0.999999940
v -0.07310581 -3.3042326 -2.47835016 0.999999940 0.999999940 0.999999940
v -0.0005765 -3.32194352 -2.48275876 0.999999940 0.999999940 0.999999940
v 0.075027883 -3.32532668 -2.48567152 0.999999940 0.999999940 0.999999940
v 0.159646332 -3.31049514 -2.48627949 0.999999940 0.999999940 0.999999940
v 0.260189026 -3.26690578 -2.48362589 0.999999940 0.999999940 0.999999940
v 0.363670706 -3.17837453 -2.47475839 0.999999940 0.999999940 0.999999940
v 0.441219717 -3.03391266 -2.45686555 0.999999940 0.999999940 0.999999940
v 0.458158165 -2.85221863 -2.42922592 0.999999940 0.999999940 0.999999940
v 0.391486108 -2.69077206 -2.40086985 0.999999940 0.999999940 0.999999940
v 0.425600886 -2.81928849 -2.60750318 0.999999940 0.999999940 0.999999940
v 0.362081527 -2.67127466 -2.57759857 0.999999940 0.999999940 0.999999940
v 0.410720229 -2.99020743 -2.63861012 0.999999940 0.999999940 0.999999940
v 0.338887035 -3.12283206 -2.66003466 0.999999940 0.999999940 0.999999940
v 0.242876261 -3.20464563 -2.67111039 0.999999940 0.999999940 0.999999940
v 0.148546189 -3.24458838 -2.67527032 0.999999940 0.999999940 0.999999940
v 0.070300340 -3.2574873 -2.67573667 0.999999940 0.999999940 0.999999940
v -0.00038779 -3.25462413 -2.67264032 0.999999940 0.999999940 0.999999940
v -0.06843007 -3.23731947 -2.66783285 0.999999940 0.999999940 0.999999940
v -0.13797385 -3.20730782 -2.66036582 0.999999940 0.999999940 0.999999940
v -0.2098223 -3.15060401 -2.64815307 0.999999940 0.999999940 0.999999940
v -0.27521306 -3.06564975 -2.63214183 0.999999940 0.999999940 0.999999940
v -0.31730604 -2.95392728 -2.61194086 0.999999940 0.999999940 0.999999940
v -0.37462246 -2.88673425 -2.23318505 0.999999940 0.999999940 0.999999940
v -0.34856063 -2.85973072 -2.4117465 0.999999940 0.999999940 0.999999940
v -0.32082823 -2.8283875 -2.58918619 0.999999940 0.999999940 0.999999940
v -0.29352403 -2.79275012 -2.76626253 0.999999940 0.999999940 0.999999940
v -0.29066977 -2.90576744 -2.79041553 0.999999940 0.999999940 0.999999940
v -0.25252521 -3.0073185 -2.81240749 0.999999940 0.999999940 0.999999940
v -0.19321793 -3.08477044 -2.82976246 0.999999940 0.999999940 0.999999940
v -0.12853843 -3.13649607 -2.84337831 0.999999940 0.999999940 0.999999940
v -0.06380337 -3.16495538 -2.85177493 0.999999940 0.999999940 0.999999940
v -0.00026822 -3.18138599 -2.85697651 0.999999940 0.999999940 0.999999940
v 0.065626442 -3.18393993 -2.85975838 0.999999940 0.999999940 0.999999940
v 0.138922512 -3.17191362 -2.8586297 0.999999940 0.999999940 0.999999940
v 0.224671125 -3.13602853 -2.85324144 0.999999940 0.999999940 0.999999940
v 0.313374787 -3.06031966 -2.84054589 0.999999940 0.999999940 0.999999940
v 0.379158973 -2.93872595 -2.81690741 0.999999940 0.999999940 0.999999940
v 0.391939520 -2.78422499 -2.78354096 0.999999940 0.999999940 0.999999940
v 0.332979679 -2.64812541 -2.75124526 0.999999940 0.999999940 0.999999940
v 0.359427541 -2.7441628 -2.95796919 0.999999940 0.999999940 0.999999940
v 0.305550068 -2.62169194 -2.92556214 0.999999940 0.999999940 0.999999940
v 0.346719265 -2.88501787 -2.99194098 0.999999940 0.999999940 0.999999940
v 0.288891851 -2.99452734 -3.01642609 0.999999940 0.999999940 0.999999940
v 0.208669602 -3.06290221 -3.03094506 0.999999940 0.999999940 0.999999940
v 0.129655569 -3.09633517 -3.03756928 0.999999940 0.999999940 0.999999940
v 0.061318635 -3.10749888 -3.03925991 0.999999940 0.999999940 0.999999940
v -0.00028777 -3.10519862 -3.03699136 0.999999940 0.999999940 0.999999940
v -0.05956209 -3.08957124 -3.03145647 0.999999940 0.999999940 0.999999940
v -0.11964935 -3.06243777 -3.02249551 0.999999940 0.999999940 0.999999940
v -0.17821664 -3.0153296 -3.0081172 0.999999940 0.999999940 0.999999940
v -0.23095918 -2.94573951 -2.98950863 0.999999940 0.999999940 0.999999940
v -0.26514512 -2.8546207 -2.96722579 0.999999940 0.999999940 0.999999940
v -0.2672216 -2.75384068 -2.94303989 0.999999940 0.999999940 0.999999940
v -0.282444 -2.71334457 -2.5688982 0.999999940 0.999999940 0.999999940
v -0.25857684 -2.689744 -2.74467516 0.999999940 0.999999940 0.999999940
v -0.23630899 -2.66156435 -2.92120647 0.999999940 0.999999940 0.999999940
v -0.21455008 -2.62906647 -3.09712768 0.999999940 0.999999940 0.999999940
v -0.24162355 -2.71202326 -3.11874866 0.999999940 0.999999940 0.999999940
v -0.23937666 -2.80099177 -3.14244723 0.999999940 0.999999940 0.999999940
v -0.21064776 -2.88049173 -3.164958 0.999999940 0.999999940 0.999999940
v -0.16422927 -2.94288826 -3.18396902 0.999999940 0.999999940 0.999999940
v -0.11092901 -2.98649526 -3.19835067 0.999999940 0.999999940 0.999999940
v -0.05548453 -3.01203132 -3.20750117 0.999999940 0.999999940 0.999999940
v -0.00045896 -3.02701187 -3.21338749 0.999999940 0.999999940 0.999999940
v 0.057130396 -3.02934766 -3.21532845 0.999999940 0.999999940 0.999999940
v 0.121048152 -3.01849866 -3.21330976 0.999999940 0.999999940 0.999999940
v 0.193644285 -2.98711061 -3.20610499 0.999999940 0.999999940 0.999999940
v 0.265561461 -2.92521501 -3.18983316 0.999999940 0.999999940 0.999999940
v 0.317722797 -2.82588959 -3.16525173 0.999999940 0.999999940 0.999999940
v 0.327777802 -2.70151377 -3.13207197 0.999999940 0.999999940 0.999999940
v 0.287493765 -2.76399541 -3.33741331 0.999999940 0.999999940 0.999999940
v 0.295826047 -2.65335584 -3.30319834 0.999999940 0.999999940 0.999999940
v 0.241860896 -2.85255289 -3.36277103 0.999999940 0.999999940 0.999999940
v 0.176713883 -2.90908837 -3.37814188 0.999999940 0.999999940 0.999999940
v 0.110188305 -2.93753266 -3.38624978 0.999999940 0.999999940 0.999999940
v 0.051703959 -2.94719434 -3.38819814 0.999999940 0.999999940 0.999999940
v -0.000476 -2.94504571 -3.38638735 0.999999940 0.999999940 0.999999940
v -0.05022115 -2.93105149 -3.38039279 0.999999940 0.999999940 0.999999940
v -0.10055935 -2.90736318 -3.37128234 0.999999940 0.999999940 0.999999940
v -0.1488567 -2.86796808 -3.35668111 0.999999940 0.999999940 0.999999940
v -0.18915415 -2.81163073 -3.33771133 0.999999940 0.999999940 0.999999940
v -0.21378136 -2.74196267 -3.31612563 0.999999940 0.999999940 0.999999940
v -0.21531206 -2.66479874 -3.29267097 0.999999940 0.999999940 0.999999940
v -0.19149983 -2.59251451 -3.27103138 0.999999940 0.999999940 0.999999940
v -0.18529019 -2.58868432 -2.90453744 0.999999940 0.999999940 0.999999940
v -0.16885489 -2.56308842 -3.0805943 0.999999940 0.999999940 0.999999940
v -0.15147939 -2.53354239 -3.25436115 0.999999940 0.999999940 0.999999940
v -0.13164827 -2.50106311 -3.42442298 0.999999940 0.999999940 0.999999940
v -0.16571084 -2.55117798 -3.44048595 0.999999940 0.999999940 0.999999940
v -0.18585271 -2.61249256 -3.46128654 0.999999940 0.999999940 0.999999940
v -0.18545905 -2.67797661 -3.48364544 0.999999940 0.999999940 0.999999940
v -0.16509333 -2.73852754 -3.50455332 0.999999940 0.999999940 0.999999940
v -0.13099054 -2.78744841 -3.5225606 0.999999940 0.999999940 0.999999940
v -0.08855113 -2.82226944 -3.53641033 0.999999940 0.999999940 0.999999940
v -0.04443353 -2.84385896 -3.54571676 0.999999940 0.999999940 0.999999940
v -0.00001514 -2.8567822 -3.55208588 0.999999940 0.999999940 0.999999940
v 0.045888125 -2.85825968 -3.55451488 0.999999940 0.999999940 0.999999940
v 0.097866952 -2.84983921 -3.55365157 0.999999940 0.999999940 0.999999940
v 0.157361775 -2.82423973 -3.54695225 0.999999940 0.999999940 0.999999940
v 0.214832127 -2.77460051 -3.53254557 0.999999940 0.999999940 0.999999940
v 0.255521595 -2.6958015 -3.5060997 0.999999940 0.999999940 0.999999940
v 0.184527367 -2.69131279 -3.69095421 0.999999940 0.999999940 0.999999940
v 0.218914985 -2.62330031 -3.66710234 0.999999940 0.999999940 0.999999940
v 0.135304778 -2.73313761 -3.70333004 0.999999940 0.999999940 0.999999940
v 0.084576457 -2.75455093 -3.70839691 0.999999940 0.999999940 0.999999940
v 0.039739370 -2.76120496 -3.70821476 0.999999940 0.999999940 0.999999940
v -0.00025728 -2.75980234 -3.7056427 0.999999940 0.999999940 0.999999940
v -0.03894141 -2.74747872 -3.69828296 0.999999940 0.999999940 0.999999940
v -0.07501945 -2.7279048 -3.68880367 0.999999940 0.999999940 0.999999940
v -0.10932609 -2.69893861 -3.67673683 0.999999940 0.999999940 0.999999940
v -0.13609552 -2.65858364 -3.66115928 0.999999940 0.999999940 0.999999940
v -0.1520344 -2.60944724 -3.64272928 0.999999940 0.999999940 0.999999940
v -0.15158969 -2.5571816 -3.62250137 0.999999940 0.999999940 0.999999940
v -0.13570353 -2.50815272 -3.60328913 0.999999940 0.999999940 0.999999940
v -0.10908571 -2.46835303 -3.58825636 0.999999940 0.999999940 0.999999940
v -0.10349941 -2.49130559 -3.24389052 0.999999940 0.999999940 0.999999940
v -0.09051275 -2.46505165 -3.41410875 0.999999940 0.999999940 0.999999940
v -0.07617468 -2.43891931 -3.57784057 0.999999940 0.999999940 0.999999940
v -0.05913037 -2.41296458 -3.73131943 0.999999940 0.999999940 0.999999940
v -0.08306235 -2.43601942 -3.74069738 0.999999940 0.999999940 0.999999940
v -0.10214138 -2.46520281 -3.75351119 0.999999940 0.999999940 0.999999940
v -0.11333454 -2.50116563 -3.76951218 0.999999940 0.999999940 0.999999940
v -0.11307734 -2.53949475 -3.78614664 0.999999940 0.999999940 0.999999940
v -0.10260141 -2.57611132 -3.80137444 0.999999940 0.999999940 0.999999940
v -0.08292165 -2.60651398 -3.81314611 0.999999940 0.999999940 0.999999940
v -0.06043047 -2.62981105 -3.82387161 0.999999940 0.999999940 0.999999940
v -0.03262341 -2.64643598 -3.83285856 0.999999940 0.999999940 0.999999940
v -0.0002768 -2.65739512 -3.84011602 0.999999940 0.999999940 0.999999940
v 0.032994210 -2.65977693 -3.84385824 0.999999940 0.999999940 0.999999940
v 0.065861165 -2.65635252 -3.84601116 0.999999940 0.999999940 0.999999940
v 0.108126878 -2.6383431 -3.8431921 0.999999940 0.999999940 0.999999940
v 0.150300741 -2.60685301 -3.83362675 0.999999940 0.999999940 0.999999940
v 0.059430778 -2.56412816 -3.95336628 0.999999940 0.999999940 0.999999940
v 0.111190497 -2.535532 -3.94658256 0.999999940 0.999999940 0.999999940
v 0.046425461 -2.56756926 -3.95166206 0.999999940 0.999999940 0.999999940
v 0.020376741 -2.56995702 -3.94777822 0.999999940 0.999999940 0.999999940
v -0.00055355 -2.56723952 -3.94260812 0.999999940 0.999999940 0.999999940
v -0.02329475 -2.55797195 -3.93670464 0.999999940 0.999999940 0.999999940
v -0.04211983 -2.54476523 -3.92991614 0.999999940 0.999999940 0.999999940
v -0.05808032 -2.52767277 -3.92162371 0.999999940 0.999999940 0.999999940
v -0.07010749 -2.50553107 -3.9111526 0.999999940 0.999999940 0.999999940
v -0.07714686 -2.48027897 -3.89937282 0.999999940 0.999999940 0.999999940
v -0.07799298 -2.45348287 -3.88699436 0.999999940 0.999999940 0.999999940
v -0.07092354 -2.42850685 -3.87553692 0.999999940 0.999999940 0.999999940
v -0.05833295 -2.40683842 -3.86597204 0.999999940 0.999999940 0.999999940
v -0.04205379 -2.38892579 -3.85819912 0.999999940 0.999999940 0.999999940
v -0.03934136 -2.41825175 -3.57131433 0.999999940 0.999999940 0.999999940
v -0.03168228 -2.39547396 -3.72521925 0.999999940 0.999999940 0.999999940
v -0.02324012 -2.3751657 -3.85238361 0.999999940 0.999999940 0.999999940
v -0.01739192 -2.36232805 -3.94862509 0.999999940 0.999999940 0.999999940
v -0.02856949 -2.37227559 -3.95256805 0.999999940 0.999999940 0.999999940
v -0.03888834 -2.3857131 -3.95839024 0.999999940 0.999999940 0.999999940
v -0.04627007 -2.40106654 -3.96523046 0.999999940 0.999999940 0.999999940
v -0.05000317 -2.41831636 -3.97303343 0.999999940 0.999999940 0.999999940
v -0.04958668 -2.43601179 -3.98147917 0.999999940 0.999999940 0.999999940
v -0.04393426 -2.4540298 -3.98983359 0.999999940 0.999999940 0.999999940
v -0.03581101 -2.47038126 -3.99761057 0.999999940 0.999999940 0.999999940
v -0.02444962 -2.48274207 -4.00277996 0.999999940 0.999999940 0.999999940
v -0.01405501 -2.49274564 -4.0064888 0.999999940 0.999999940 0.999999940
v -0.00032988 -2.49961543 -4.01131678 0.999999940 0.999999940 0.999999940
v 0.010804951 -2.50111842 -4.01553726 0.999999940 0.999999940 0.999999940
v 0.018840044 -2.49853683 -4.01978683 0.999999940 0.999999940 0.999999940
v 0.051775276 -2.45791698 -4.01804972 0.999999940 0.999999940 0.999999940
v 0.001280605 -2.42722654 -4.07162189 0.999999940 0.999999940 0.999999940
v -0.00028816 -2.43102837 -4.06309271 0.999999940 0.999999940 0.999999940
v 0.007525444 -2.42900348 -4.03837156 0.999999940 0.999999940 0.999999940
v -0.007866 -2.39798141 -4.08237123 0.999999940 0.999999940 0.999999940
v -0.01027143 -2.42263961 -4.06697369 0.999999940 0.999999940 0.999999940
v -0.01102385 -2.42732024 -4.05693626 0.999999940 0.999999940 0.999999940
v -0.01931512 -2.42293882 -4.05091047 0.999999940 0.999999940 0.999999940
v -0.02810401 -2.42301154 -4.03464127 0.999999940 0.999999940 0.999999940
v -0.02675769 -2.40264654 -4.04317713 0.999999940 0.999999940 0.999999940
v -0.02632239 -2.3892951 -4.03928328 0.999999940 0.999999940 0.999999940
v -0.02384129 -2.37805843 -4.0360918 0.999999940 0.999999940 0.999999940
v -0.02059937 -2.36741495 -4.03328562 0.999999940 0.999999940 0.999999940
v -0.01524457 -2.35864806 -4.03255367 0.999999940 0.999999940 0.999999940
v -0.00794235 -2.35112476 -4.03627777 0.999999940 0.999999940 0.999999940
v -0.00506178 -2.34670448 -4.05070448 0.999999940 0.999999940 0.999999940
v -0.00002646 -2.35150099 -3.94438362 0.999999940 0.999999940 0.999999940
v -0.0002248 -2.36421847 -3.84900379 0.999999940 0.999999940 0.999999940
v -0.00755274 -2.35195422 -4.06912327 0.999999940 0.999999940 0.999999940
v -0.00966114 -2.35709739 -4.06879234 0.999999940 0.999999940 0.999999940
v -0.00933069 -2.35625672 -4.06898975 0.999999940 0.999999940 0.999999940
v -0.01120779 -2.36146545 -4.06890917 0.999999940 0.999999940 0.999999940
v -0.01335952 -2.37886477 -4.06560802 0.999999940 0.999999940 0.999999940
v -0.01049712 -2.39397335 -4.0680933 0.999999940 0.999999940 0.999999940
v -0.00955674 -2.39934778 -4.07749033 0.999999940 0.999999940 0.999999940
v -0.00502661 -2.38571453 -4.09342623 0.999999940 0.999999940 0.999999940
v -0.00809881 -2.39487481 -4.0689621 0.999999940 0.999999940 0.999999940
v -0.00434092 -2.39081049 -4.09196281 0.999999940 0.999999940 0.999999940
v -0.00433779 -2.3908143 -4.09196854 0.999999940 0.999999940 0.999999940
v -0.00354356 -2.40385294 -4.08623075 0.999999940 0.999999940 0.999999940
v -0.00746959 -2.39778709 -4.06848955 0.999999940 0.999999940 0.999999940
v 0.010637313 -2.41140723 -4.02603245 0.999999940 0.999999940 0.999999940
v 0.020288020 -2.42666364 -4.02657509 0.999999940 0.999999940 0.999999940
v 0.057365983 -2.44488788 -4.00621033 0.999999940 0.999999940 0.999999940
v -0.00759214 -2.38433194 -4.08522081 0.999999940 0.999999940 0.999999940
v -0.0104481 -2.3840003 -4.07072783 0.999999940 0.999999940 0.999999940
v -0.01070413 -2.37316513 -4.08163548 0.999999940 0.999999940 0.999999940
v 0.009259223 -2.39983201 -4.02073193 0.999999940 0.999999940 0.999999940
v 0.007885575 -2.37428236 -4.01112366 0.999999940 0.999999940 0.999999940
v 0.010714113 -2.38498449 -4.01263571 0.999999940 0.999999940 0.999999940
v -0.00498194 -2.34786558 -4.03199244 0.999999940 0.999999940 0.999999940
v -0.00232029 -2.34340715 -4.0359292 0.999999940 0.999999940 0.999999940
v 0.013842016 -2.34629726 -3.94681787 0.999999940 0.999999940 0.999999940
v 0.020124107 -2.35907578 -3.84978771 0.999999940 0.999999940 0.999999940
v -0.00037327 -2.38284731 -3.72235155 0.999999940 0.999999940 0.999999940
v 0.032665699 -2.37827516 -3.72280407 0.999999940 0.999999940 0.999999940
v 0.039302498 -2.35717154 -3.85271287 0.999999940 0.999999940 0.999999940
v 0.031335860 -2.34489775 -3.95295954 0.999999940 0.999999940 0.999999940
v 0.067604720 -2.38052464 -3.72683573 0.999999940 0.999999940 0.999999940
v 0.051877975 -2.36829853 -3.97467947 0.999999940 0.999999940 0.999999940
v 0.059060454 -2.3941772 -3.99022651 0.999999940 0.999999940 0.999999940
v 0.060782700 -2.41241932 -3.99440336 0.999999940 0.999999940 0.999999940
v 0.059010297 -2.43074584 -4.00040817 0.999999940 0.999999940 0.999999940
v 0.139760971 -2.48760223 -3.92993927 0.999999940 0.999999940 0.999999940
v 0.135533809 -2.4251349 -3.89903641 0.999999940 0.999999940 0.999999940
v 0.112105071 -2.38554931 -3.87808585 0.999999940 0.999999940 0.999999940
v 0.065568953 -2.35900211 -3.85781074 0.999999940 0.999999940 0.999999940
v 0.109117388 -2.39453578 -3.73676109 0.999999940 0.999999940 0.999999940
v 0.086109519 -2.40641356 -3.57313919 0.999999940 0.999999940 0.999999940
v 0.040184557 -2.40087032 -3.56878138 0.999999940 0.999999940 0.999999940
v 0.137300729 -2.42741871 -3.5836947 0.999999940 0.999999940 0.999999940
v -0.00006127 -2.40557957 -3.56852198 0.999999940 0.999999940 0.999999940
v -0.04660624 -2.44230461 -3.40781784 0.999999940 0.999999940 0.999999940
v -0.00009212 -2.42916393 -3.40501451 0.999999940 0.999999940 0.999999940
v 0.048361122 -2.42523646 -3.40537643 0.999999940 0.999999940 0.999999940
v 0.102614373 -2.4330349 -3.41044784 0.999999940 0.999999940 0.999999940
v 0.163090199 -2.45972109 -3.42192793 0.999999940 0.999999940 0.999999940
v 0.188485056 -2.4690249 -3.60345459 0.999999940 0.999999940 0.999999940
v 0.147913187 -2.41892815 -3.75283957 0.999999940 0.999999940 0.999999940
v 0.220774591 -2.51202226 -3.44135451 0.999999940 0.999999940 0.999999940
v 0.182063579 -2.47993755 -3.77962089 0.999999940 0.999999940 0.999999940
v 0.180384904 -2.55106592 -3.81203794 0.999999940 0.999999940 0.999999940
v 0.220600545 -2.53831911 -3.63390017 0.999999940 0.999999940 0.999999940
v 0.258707404 -2.59642601 -3.47097135 0.999999940 0.999999940 0.999999940
v 0.251189589 -2.55531502 -3.27319288 0.999999940 0.999999940 0.999999940
v 0.185481116 -2.49084091 -3.2510612 0.999999940 0.999999940 0.999999940
v 0.116301864 -2.45873165 -3.24018693 0.999999940 0.999999940 0.999999940
v 0.054744184 -2.44880986 -3.23628831 0.999999940 0.999999940 0.999999940
v -0.00008228 -2.452106 -3.23609114 0.999999940 0.999999940 0.999999940
v -0.05262133 -2.46585274 -3.23837042 0.999999940 0.999999940 0.999999940
v -0.05846572 -2.48807979 -3.06402302 0.999999940 0.999999940 0.999999940
v -0.0000599 -2.47349381 -3.06207538 0.999999940 0.999999940 0.999999940
v -0.11561212 -2.5160172 -3.06978154 0.999999940 0.999999940 0.999999940
v 0.060835629 -2.47042561 -3.06214142 0.999999940 0.999999940 0.999999940
v 0.129403203 -2.48198724 -3.06669116 0.999999940 0.999999940 0.999999940
v 0.205766946 -2.51800084 -3.07844448 0.999999940 0.999999940 0.999999940
v 0.279023945 -2.59215808 -3.10049772 0.999999940 0.999999940 0.999999940
v 0.225381791 -2.5417645 -2.90342855 0.999999940 0.999999940 0.999999940
v 0.141676485 -2.50189257 -2.89183116 0.999999940 0.999999940 0.999999940
v 0.066454529 -2.48878908 -2.88733172 0.999999940 0.999999940 0.999999940
v -0.00003731 -2.49182987 -2.88715887 0.999999940 0.999999940 0.999999940
v -0.06365535 -2.50721598 -2.88893652 0.999999940 0.999999940 0.999999940
v -0.12669045 -2.53774261 -2.89434862 0.999999940 0.999999940 0.999999940
v -0.13742641 -2.55459142 -2.71924806 0.999999940 0.999999940 0.999999940
v -0.0691523 -2.52206659 -2.71413946 0.999999940 0.999999940 0.999999940
v -0.20172748 -2.60978103 -2.72891831 0.999999940 0.999999940 0.999999940
v -0.00003207 -2.50561237 -2.71266222 0.999999940 0.999999940 0.999999940
v 0.067833066 -2.50251579 -2.71282721 0.999999940 0.999999940 0.999999940
v 0.142985433 -2.51403427 -2.7167201 0.999999940 0.999999940 0.999999940
v 0.227189809 -2.54885316 -2.72619367 0.999999940 0.999999940 0.999999940
v 0.247060999 -2.56255269 -2.55264139 0.999999940 0.999999940 0.999999940
v 0.154447913 -2.52389336 -2.54330564 0.999999940 0.999999940 0.999999940
v 0.073427528 -2.51081347 -2.53953171 0.999999940 0.999999940 0.999999940
v -0.00005028 -2.51367784 -2.53915715 0.999999940 0.999999940 0.999999940
v -0.07484886 -2.53100538 -2.5403378 0.999999940 0.999999940 0.999999940
v -0.14830601 -2.56607223 -2.54489899 0.999999940 0.999999940 0.999999940
v -0.2191529 -2.62555242 -2.55396652 0.999999940 0.999999940 0.999999940
v -0.23686597 -2.63737464 -2.37982321 0.999999940 0.999999940 0.999999940
v -0.15942842 -2.57294726 -2.37223005 0.999999940 0.999999940 0.999999940
v -0.30710772 -2.73353863 -2.39288902 0.999999940 0.999999940 0.999999940
v -0.08016205 -2.53516769 -2.36834693 0.999999940 0.999999940 0.999999940
v -0.00004321 -2.51694965 -2.3671484 0.999999940 0.999999940 0.999999940
v 0.078729331 -2.51467371 -2.36805511 0.999999940 0.999999940 0.999999940
v 0.166579037 -2.52943182 -2.37148213 0.999999940 0.999999940 0.999999940
v 0.266741275 -2.57245016 -2.37969398 0.999999940 0.999999940 0.999999940
v 0.179065525 -2.53238034 -2.20054817 0.999999940 0.999999940 0.999999940
v 0.084219694 -2.5148828 -2.19789958 0.999999940 0.999999940 0.999999940
v -0.00002524 -2.51617646 -2.19662356 0.999999940 0.999999940 0.999999940
v -0.08540878 -2.53551412 -2.19758439 0.999999940 0.999999940 0.999999940
v -0.17097327 -2.57569742 -2.2007556 0.999999940 0.999999940 0.999999940
v -0.25597721 -2.646276 -2.20722842 0.999999940 0.999999940 0.999999940
v -0.33104375 -2.75016332 -2.21827269 0.999999940 0.999999940 0.999999940
v -0.35446453 -2.76651621 -2.04387093 0.999999940 0.999999940 0.999999940
v -0.27713943 -2.6549468 -2.03590369 0.999999940 0.999999940 0.999999940
v -0.39804876 -2.90926886 -2.05355263 0.999999940 0.999999940 0.999999940
v -0.18444258 -2.57783628 -2.03086114 0.999999940 0.999999940 0.999999940
v -0.0922533 -2.53460073 -2.02831578 0.999999940 0.999999940 0.999999940
v 0.000008434 -2.51358819 -2.02812004 0.999999940 0.999999940 0.999999940
v 0.091750830 -2.51397443 -2.02844286 0.999999940 0.999999940 0.999999940
v 0.195599913 -2.5348835 -2.03063512 0.999999940 0.999999940 0.999999940
v 0.100960105 -2.51275969 -1.86293137 0.999999940 0.999999940 0.999999940
v 0.000018686 -2.51086044 -1.86284041 0.999999940 0.999999940 0.999999940
v -0.10091421 -2.53404474 -1.8629477 0.999999940 0.999999940 0.999999940
v -0.2014392 -2.58180714 -1.86437345 0.999999940 0.999999940 0.999999940
v -0.29906675 -2.66534591 -1.86693525 0.999999940 0.999999940 0.999999940
v -0.37763977 -2.78419304 -1.86923432 0.999999940 0.999999940 0.999999940
v -0.41854289 -2.93145728 -1.87154269 0.999999940 0.999999940 0.999999940
v -0.43704596 -2.95158815 -1.68572628 0.999999940 0.999999940 0.999999940
v -0.39984044 -2.80203724 -1.69363904 0.999999940 0.999999940 0.999999940
v -0.3226181 -2.67798305 -1.69965959 0.999999940 0.999999940 0.999999940
v -0.22141019 -2.58844376 -1.70289898 0.999999940 0.999999940 0.999999940
v -0.11202297 -2.53451514 -1.70442533 0.999999940 0.999999940 0.999999940
v 0.000025004 -2.50900221 -1.70562983 0.999999940 0.999999940 0.999999940
v 0.112434208 -2.51327372 -1.70426965 0.999999940 0.999999940 0.999999940
v 0.126486659 -2.5136106 -1.55383801 0.999999940 0.999999940 0.999999940
v 0.000024288 -2.50725746 -1.55843949 0.999999940 0.999999940 0.999999940
v -0.12592643 -2.53542256 -1.55377603 0.999999940 0.999999940 0.999999940
v -0.24556983 -2.59681463 -1.54654932 0.999999940 0.999999940 0.999999940
v -0.34943238 -2.69574428 -1.53247011 0.999999940 0.999999940 0.999999940
v -0.42186892 -2.82533026 -1.51379597 0.999999940 0.999999940 0.999999940
v -0.45309442 -2.97111893 -1.49327219 0.999999940 0.999999940 0.999999940
v -0.44450551 -3.1158061 -1.47325039 0.999999940 0.999999940 0.999999940
v -0.39579481 -3.24942493 -1.45483649 0.999999940 0.999999940 0.999999940
v -0.47645664 -2.97156763 -1.2906127 0.999999940 0.999999940 0.999999940
v -0.47024378 -3.11423039 -1.2558372 0.999999940 0.999999940 0.999999940
v -0.42507696 -3.24908447 -1.22674119 0.999999940 0.999999940 0.999999940
v -0.44608837 -2.83051133 -1.32973707 0.999999940 0.999999940 0.999999940
v -0.37825 -2.69921994 -1.36897779 0.999999940 0.999999940 0.999999940
v -0.2711904 -2.59380937 -1.40089321 0.999999940 0.999999940 0.999999940
v -0.14061284 -2.52387357 -1.42032063 0.999999940 0.999999940 0.999999940
v 0.000134587 -2.49178052 -1.42667031 0.999999940 0.999999940 0.999999940
v 0.141839921 -2.50070071 -1.42360985 0.999999940 0.999999940 0.999999940
v -0.00004283 -2.38292551 -1.36131454 0.999999940 0.999999940 0.999999940
v 0.181510090 -2.40262318 -1.34865928 0.999999940 0.999999940 0.999999940
v -0.18120369 -2.40398908 -1.3462863 0.999999940 0.999999940 0.999999940
v -0.37099832 -2.46644092 -1.29294074 0.999999940 0.999999940 0.999999940
v -0.55857527 -2.57452893 -1.18574858 0.999999940 0.999999940 0.999999940
v -0.61425185 -2.77268815 -1.15930545 0.999999940 0.999999940 0.999999940
v -0.62792587 -2.94563341 -1.12997806 0.999999940 0.999999940 0.999999940
v -0.60162854 -3.11816645 -1.10356307 0.999999940 0.999999940 0.999999940
v -0.53827757 -3.28096581 -1.07888103 0.999999940 0.999999940 0.999999940
v -0.43968731 -3.41899037 -1.05505872 0.999999940 0.999999940 0.999999940
v -0.52956587 -3.47112608 -0.90551269 0.999999940 0.999999940 0.999999940
v -0.64730889 -3.31242633 -0.93380618 0.999999940 0.999999940 0.999999940
v -0.72204328 -3.12788653 -0.96058202 0.999999940 0.999999940 0.999999940
v -0.7594831 -2.93541193 -0.98119199 0.999999940 0.999999940 0.999999940
v -0.76248062 -2.74461102 -0.99385905 0.999999940 0.999999940 0.999999940
v -0.74158657 -2.56076932 -0.99203289 0.999999940 0.999999940 0.999999940
v -0.84975106 -2.55323601 -0.80797088 0.999999940 0.999999940 0.999999940
v -0.87123173 -2.73711491 -0.81464159 0.999999940 0.999999940 0.999999940
v -0.86315596 -2.93236804 -0.81275403 0.999999940 0.999999940 0.999999940
v -0.81811368 -3.13350582 -0.80036044 0.999999940 0.999999940 0.999999940
v -0.73293912 -3.33165526 -0.77592087 0.999999940 0.999999940 0.999999940
v -0.59680951 -3.50512052 -0.74243522 0.999999940 0.999999940 0.999999940
v -0.31362796 -3.52356887 -1.03756964 0.999999940 0.999999940 0.999999940
v -0.37711561 -3.59200788 -0.88669062 0.999999940 0.999999940 0.999999940
v -0.42184764 -3.63814092 -0.72047842 0.999999940 0.999999940 0.999999940
v -0.78759909 -3.34166336 -0.60991263 0.999999940 0.999999940 0.999999940
v -0.88386881 -3.13709378 -0.62866747 0.999999940 0.999999940 0.999999940
v -0.93254155 -2.9362843 -0.62801886 0.999999940 0.999999940 0.999999940
v -0.94470263 -2.74214411 -0.61721194 0.999999940 0.999999940 0.999999940
v -0.9719981 -2.75848866 -0.40834904 0.999999940 0.999999940 0.999999940
v -0.95926964 -2.9479897 -0.43608594 0.999999940 0.999999940 0.999999940
v -0.91135591 -3.13698411 -0.45601678 0.999999940 0.999999940 0.999999940
v -0.80984426 -3.33416605 -0.44744778 0.999999940 0.999999940 0.999999940
v -0.81175953 -3.30807495 -0.2982893 0.999999940 0.999999940 0.999999940
v -0.89555693 -3.14273596 -0.2876544 0.999999940 0.999999940 0.999999940
v -0.93562913 -2.97099137 -0.23825526 0.999999940 0.999999940 0.999999940
v -0.93975675 -2.79271841 -0.19019127 0.999999940 0.999999940 0.999999940
v -0.8361088 -3.02169156 -0.04478908 0.999999940 0.999999940 0.999999940
v -0.83497232 -2.84787226 0.012722492 0.999999940 0.999999940 0.999999940
v -0.82154167 -3.17654347 -0.12875247 0.999999940 0.999999940 0.999999940
v -0.78576803 -3.28972483 -0.18753195 0.999999940 0.999999940 0.999999940
v -0.67123562 -2.91387415 0.180602312 0.999999940 0.999999940 0.999999940
v 0.267802298 -1.14846492 -0.04666448 0.999999940 0.999999940 0.999999940
v 0.242122352 -1.04132092 -0.01544452 0.999999940 0.999999940 0.999999940
v 0.325812995 -1.020064 0.104059696 0.999999940 0.999999940 0.999999940
v 0.408645570 -1.01000583 0.227941989 0.999999940 0.999999940 0.999999940
v 0.557857871 -0.83400089 0.271193981 0.999999940 0.999999940 0.999999940
v 0.457716167 -0.9779107 0.371636867 0.999999940 0.999999940 0.999999940
v 0.594790160 -0.67803335 0.153100013 0.999999940 0.999999940 0.999999940
v 0.465183585 -0.92680621 0.511216640 0.999999940 0.999999940 0.999999940
v 0.569088518 -0.7578572 0.403691053 0.999999940 0.999999940 0.999999940
v 0.609336435 -0.5878014 0.283766746 0.999999940 0.999999940 0.999999940
v 0.585443496 -0.50304556 0.413311004 0.999999940 0.999999940 0.999999940
v 0.547997593 -0.68313062 0.525607824 0.999999940 0.999999940 0.999999940
v 0.592696666 -0.32502583 0.303361415 0.999999940 0.999999940 0.999999940
v 0.451322644 -0.8588025 0.633574008 0.999999940 0.999999940 0.999999940
v 0.495463609 -0.60936362 0.638286829 0.999999940 0.999999940 0.999999940
v 0.416516870 -0.7814374 0.733407735 0.999999940 0.999999940 0.999999940
v 0.296341687 -0.86572641 0.829592227 0.999999940 0.999999940 0.999999940
v 0.528445839 -0.42744577 0.538577318 0.999999940 0.999999940 0.999999940
v 0.535366237 -0.24619232 0.436572790 0.999999940 0.999999940 0.999999940
v 0.576607167 -0.14735061 0.194182872 0.999999940 0.999999940 0.999999940
v 0.524452626 -0.06339259 0.335017919 0.999999940 0.999999940 0.999999940
v 0.446174442 -0.18100435 0.561903476 0.999999940 0.999999940 0.999999940
v 0.437085688 -0.3613109 0.657496929 0.999999940 0.999999940 0.999999940
v 0.440847277 -0.00144358 0.461750984 0.999999940 0.999999940 0.999999940
v 0.416805923 -0.54753041 0.744443893 0.999999940 0.999999940 0.999999940
v 0.384873926 -0.69832784 0.794082403 0.999999940 0.999999940 0.999999940
v 0.294406503 -0.70878541 0.878461837 0.999999940 0.999999940 0.999999940
v 0.146045565 -0.69388926 0.955421686 0.999999940 0.999999940 0.999999940
v 0.154453128 -0.89590549 0.902835845 0.999999940 0.999999940 0.999999940
v 0.296795189 -0.49763918 0.846118927 0.999999940 0.999999940 0.999999940
v 0.150424629 -0.47110039 0.914550542 0.999999940 0.999999940 0.999999940
v 0.310963183 -0.30568442 0.759628057 0.999999940 0.999999940 0.999999940
v 0.321352213 -0.12473023 0.663047075 0.999999940 0.999999940 0.999999940
v 0.325029730 0.053187027 0.560538053 0.999999940 0.999999940 0.999999940
v 0.417839944 0.173733755 0.346837282 0.999999940 0.999999940 0.999999940
v 0.312195301 0.226103082 0.437956571 0.999999940 0.999999940 0.999999940
v 0.396783113 0.324461221 0.218743324 0.999999940 0.999999940 0.999999940
v 0.311208665 0.408300221 0.309005022 0.999999940 0.999999940 0.999999940
v 0.184611409 0.269494116 0.483835458 0.999999940 0.999999940 0.999999940
v 0.203709393 0.417627900 0.332807064 0.999999940 0.999999940 0.999999940
v 0.175845831 0.100771546 0.621720552 0.999999940 0.999999940 0.999999940
v 0.168635338 -0.08260131 0.727858781 0.999999940 0.999999940 0.999999940
v 0.160104155 -0.26778904 0.826171398 0.999999940 0.999999940 0.999999940
v 0.00028193 -0.46002805 0.940092563 0.999999940 0.999999940 0.999999940
v -0.00152367 -0.68649131 0.981395244 0.999999940 0.999999940 0.999999940
v -0.00006354 -0.253627 0.849768877 0.999999940 0.999999940 0.999999940
v -0.00256824 -0.90461022 0.934183597 0.999999940 0.999999940 0.999999940
v -0.14540458 -0.69435787 0.952385664 0.999999940 0.999999940 0.999999940
v -0.15140885 -0.89440453 0.898650407 0.999999940 0.999999940 0.999999940
v -0.15073091 -0.47060853 0.916060924 0.999999940 0.999999940 0.999999940
v -0.16171288 -0.26646692 0.828933000 0.999999940 0.999999940 0.999999940
v -0.00011525 -0.06599709 0.750135183 0.999999940 0.999999940 0.999999940
v -0.169514 -0.08166197 0.729542493 0.999999940 0.999999940 0.999999940
v 0.352041423 0.539656996 0.297101020 0.999999940 0.999999940 0.999999940
v 0.261525094 0.574824929 0.293550968 0.999999940 0.999999940 0.999999940
v 0.468418061 0.479673564 0.217375040 0.999999940 0.999999940 0.999999940
v 0.524605393 0.647221028 0.244168281 0.999999940 0.999999940 0.999999940
v 0.371190547 0.683517396 0.285302877 0.999999940 0.999999940 0.999999940
v 0.384350240 0.674948871 0.138427257 0.999999940 0.999999940 0.999999940
v 0.307970821 0.714867234 0.273317813 0.999999940 0.999999940 0.999999940
v 0.328778922 0.698454737 0.227719783 0.999999940 0.999999940 0.999999940
v 0.354916691 0.686084568 0.175368070 0.999999940 0.999999940 0.999999940
v 0.379761457 0.781283974 0.215369463 0.999999940 0.999999940 0.999999940
v 0.400174558 0.818518638 0.240112900 0.999999940 0.999999940 0.999999940
v 0.406432330 0.792250752 0.187092304 0.999999940 0.999999940 0.999999940
v 0.426577746 0.795067071 0.261723518 0.999999940 0.999999940 0.999999940
v 0.506720900 0.749182581 0.233769416 0.999999940 0.999999940 0.999999940
v 0.422203302 0.781999766 0.159905910 0.999999940 0.999999940 0.999999940
v 0.457719624 0.847676694 0.204988956 0.999999940 0.999999940 0.999999940
v 0.463531553 0.84048599 0.184021592 0.999999940 0.999999940 0.999999940
v 0.472561180 0.848836243 0.22717309 0.999999940 0.999999940 0.999999940
v 0.492950439 0.777706384 0.237299680 0.999999940 0.999999940 0.999999940
v 0.498827815 0.772234082 0.235379695 0.999999940 0.999999940 0.999999940
v 0.529341161 0.754669427 0.238502740 0.999999940 0.999999940 0.999999940
v 0.487740397 0.861481249 0.205554842 0.999999940 0.999999940 0.999999940
v -0.32195729 -0.12444466 0.663628816 0.999999940 0.999999940 0.999999940
v -0.31178319 -0.30536258 0.760318279 0.999999940 0.999999940 0.999999940
v -0.2967574 -0.49778873 0.845887422 0.999999940 0.999999940 0.999999940
v -0.41542375 -0.54796356 0.742892980 0.999999940 0.999999940 0.999999940
v -0.49355036 -0.60961193 0.636781215 0.999999940 0.999999940 0.999999940
v -0.38212788 -0.69811803 0.791375398 0.999999940 0.999999940 0.999999940
v -0.29062873 -0.70896727 0.874266624 0.999999940 0.999999940 0.999999940
v -0.41658688 -0.78157973 0.733166456 0.999999940 0.999999940 0.999999940
v -0.29521191 -0.86508918 0.828782081 0.999999940 0.999999940 0.999999940
v -0.54485959 -0.68290675 0.524513244 0.999999940 0.999999940 0.999999940
v -0.44697857 -0.85696375 0.631658554 0.999999940 0.999999940 0.999999940
v -0.56906235 -0.75784338 0.403766870 0.999999940 0.999999940 0.999999940
v -0.46480963 -0.92648017 0.511241197 0.999999940 0.999999940 0.999999940
v -0.53442818 -0.76358658 0.030933141 0.999999940 0.999999940 0.999999940
v 0.640766024 -1.01321292 -1.13658667 0.999999940 0.999999940 0.999999940
v 0.682103514 -1.0647887 -1.25757813 0.999999940 0.999999940 0.999999940
v 0.602396130 -0.94517845 -0.98180377 0.999999940 0.999999940 0.999999940
v 0.662115454 -0.96181321 -0.93995404 0.999999940 0.999999940 0.999999940
v 0.688620150 -0.79937422 -1.03848779 0.999999940 0.999999940 0.999999940
v 0.692470073 -0.90133071 -1.17388797 0.999999940 0.999999940 0.999999940
v 0.743003606 -0.81321424 -1.00667429 0.999999940 0.999999940 0.999999940
v 0.737523555 -0.95892131 -1.30542779 0.999999940 0.999999940 0.999999940
v 0.804834067 -0.99895632 -1.43914008 0.999999940 0.999999940 0.999999940
v 0.740583956 -1.09538662 -1.38657761 0.999999940 0.999999940 0.999999940
v 0.812585532 -0.8467353 -1.35234451 0.999999940 0.999999940 0.999999940
v 0.750492692 -0.84451878 -1.24640524 0.999999940 0.999999940 0.999999940
v 0.887842297 -0.90016335 -1.48222232 0.999999940 0.999999940 0.999999940
v 0.798365235 -0.73798192 -1.20474935 0.999999940 0.999999940 0.999999940
v 0.831124544 -0.73883343 -1.17748642 0.999999940 0.999999940 0.999999940
v 0.851463973 -0.815328 -1.19054794 0.999999940 0.999999940 0.999999940
v 0.862652063 -0.90385395 -1.20559764 0.999999940 0.999999940 0.999999940
v 0.928758561 -0.85377377 -1.30924881 0.999999940 0.999999940 0.999999940
v 0.91659832 -0.77835661 -1.3459301 0.999999940 0.999999940 0.999999940
v 0.912473619 -0.90761268 -1.30349278 0.999999940 0.999999940 0.999999940
v 0.859911918 -0.78986442 -1.36162841 0.999999940 0.999999940 0.999999940
v 0.925440430 -0.86783355 -1.48908317 0.999999940 0.999999940 0.999999940
v 0.965335607 -0.93773574 -1.57616568 0.999999940 0.999999940 0.999999940
v 0.943886399 -0.95979184 -1.57813668 0.999999940 0.999999940 0.999999940
v 0.894865930 -1.05273902 -1.59067392 0.999999940 0.999999940 0.999999940
v 0.824821293 -1.1439712 -1.54664791 0.999999940 0.999999940 0.999999940
v 0.909015953 -1.21652937 -1.70766234 0.999999940 0.999999940 0.999999940
v 0.965890288 -1.15199983 -1.73897791 0.999999940 0.999999940 0.999999940
v 1.020897269 -1.01136267 -1.5793829 0.999999940 0.999999940 0.999999940
v 1.052959919 -1.09784234 -1.7442075 0.999999940 0.999999940 0.999999940
v 0.978842556 -0.90492475 -1.43642187 0.999999940 0.999999940 0.999999940
v 0.968552351 -0.94348705 -1.42271781 0.999999940 0.999999940 0.999999940
v 0.979337096 -0.93468493 -1.57520533 0.999999940 0.999999940 0.999999940
v 0.969729602 -0.86213386 -1.47689176 0.999999940 0.999999940 0.999999940
v 0.906164407 -0.97904027 -1.27940655 0.999999940 0.999999940 0.999999940
v 0.873681664 -0.96276718 -1.21756792 0.999999940 0.999999940 0.999999940
v 0.959184527 -1.01569736 -1.38374996 0.999999940 0.999999940 0.999999940
v 1.018832802 -1.07700109 -1.52934766 0.999999940 0.999999940 0.999999940
v 1.065324068 -1.16585743 -1.69702315 0.999999940 0.999999940 0.999999940
v 1.082924604 -1.24830961 -1.88415813 0.999999940 0.999999940 0.999999940
v 1.021577715 -1.27317595 -1.87838387 0.999999940 0.999999940 0.999999940
v 1.112650156 -1.28272557 -1.84512007 0.999999940 0.999999940 0.999999940
v 0.979341149 -1.31432819 -1.85370326 0.999999940 0.999999940 0.999999940
v 1.032615423 -1.41012716 -1.97631097 0.999999940 0.999999940 0.999999940
v 1.066043615 -1.37838614 -1.99524486 0.999999940 0.999999940 0.999999940
v 1.111496448 -1.36761713 -1.99284196 0.999999940 0.999999940 0.999999940
v 1.144804954 -1.38709641 -1.96357691 0.999999940 0.999999940 0.999999940
v 1.154660463 -1.42030144 -1.92771423 0.999999940 0.999999940 0.999999940
v 1.163849234 -1.47293293 -2.05709267 0.999999940 0.999999940 0.999999940
v 1.135834932 -1.45817745 -2.08026266 0.999999940 0.999999940 0.999999940
v 1.175832033 -1.50029814 -2.02697897 0.999999940 0.999999940 0.999999940
v 1.099174380 -1.46555078 -2.08198214 0.999999940 0.999999940 0.999999940
v 1.068509459 -1.48792076 -2.0674727 0.999999940 0.999999940 0.999999940
v 1.088507056 -1.53485823 -2.11860108 0.999999940 0.999999940 0.999999940
v 1.114234447 -1.53598475 -2.14366221 0.999999940 0.999999940 0.999999940
v 1.140974283 -1.53230703 -2.14420438 0.999999940 0.999999940 0.999999940
v 1.172750353 -1.54076564 -2.12501621 0.999999940 0.999999940 0.999999940
v 1.183610916 -1.56117487 -2.10233092 0.999999940 0.999999940 0.999999940
v 1.176815033 -1.52856982 -2.00494862 0.999999940 0.999999940 0.999999940
v 1.186069488 -1.58459651 -2.08629751 0.999999940 0.999999940 0.999999940
v 1.153516411 -1.45706356 -1.89878607 0.999999940 0.999999940 0.999999940
v 1.148735523 -1.49383748 -1.87816358 0.999999940 0.999999940 0.999999940
v 1.172888159 -1.55873728 -1.988065 0.999999940 0.999999940 0.999999940
v 1.182721614 -1.60993075 -2.07465935 0.999999940 0.999999940 0.999999940
v 1.185986399 -1.62298501 -2.14252996 0.999999940 0.999999940 0.999999940
v 1.185454487 -1.61016572 -2.1565032 0.999999940 0.999999940 0.999999940
v 1.184486866 -1.64041829 -2.13139892 0.999999940 0.999999940 0.999999940
v 1.152172446 -1.57738578 -2.17420435 0.999999940 0.999999940 0.999999940
v 1.134108781 -1.57098699 -2.17103839 0.999999940 0.999999940 0.999999940
v 1.097789764 -1.57923663 -2.15146399 0.999999940 0.999999940 0.999999940
v 1.089449524 -1.60283744 -2.14434624 0.999999940 0.999999940 0.999999940
v 1.104038953 -1.6086421 -2.17012501 0.999999940 0.999999940 0.999999940
v 1.110764384 -1.61327815 -2.18198657 0.999999940 0.999999940 0.999999940
v 1.105919838 -1.62899351 -2.17852545 0.999999940 0.999999940 0.999999940
v 1.178887009 -1.65360761 -2.12082577 0.999999940 0.999999940 0.999999940
v 1.102093219 -1.66012156 -2.15543222 0.999999940 0.999999940 0.999999940
v 1.174708008 -1.63279033 -2.06760168 0.999999940 0.999999940 0.999999940
v 1.160914182 -1.59178734 -1.97587287 0.999999940 0.999999940 0.999999940
v 1.135797023 -1.53435445 -1.86302543 0.999999940 0.999999940 0.999999940
v 1.160622358 -1.65553832 -2.06383681 0.999999940 0.999999940 0.999999940
v 1.141180515 -1.68531227 -2.11171722 0.999999940 0.999999940 0.999999940
v 1.097640037 -1.65346169 -2.14573717 0.999999940 0.999999940 0.999999940
v 1.097299099 -1.63041496 -2.16153693 0.999999940 0.999999940 0.999999940
v 1.086198806 -1.62123239 -2.13680959 0.999999940 0.999999940 0.999999940
v 1.089572072 -1.6455847 -2.12761831 0.999999940 0.999999940 0.999999940
v 1.099499225 -1.66977155 -2.11560726 0.999999940 0.999999940 0.999999940
v 1.132942915 -1.67423332 -2.06796885 0.999999940 0.999999940 0.999999940
v 1.085097789 -1.65647066 -2.07948303 0.999999940 0.999999940 0.999999940
v 1.101375579 -1.67046165 -2.05366611 0.999999940 0.999999940 0.999999940
v -0.45523918 0.853012025 0.203780174 0.999999940 0.999999940 0.999999940
v -0.46239531 0.842428505 0.183167696 0.999999940 0.999999940 0.999999940
v -0.4880479 0.869089245 0.204996943 0.999999940 0.999999940 0.999999940
v -0.47123468 0.850590586 0.227366209 0.999999940 0.999999940 0.999999940
v -0.52418995 0.792136490 0.191678285 0.999999940 0.999999940 0.999999940
v -0.52881759 0.754290342 0.238389253 0.999999940 0.999999940 0.999999940
v -0.51364899 0.791825652 0.238736748 0.999999940 0.999999940 0.999999940
v -0.00786602 -2.39798141 -4.08237171 0.999999940 0.999999940 0.999999940
v -0.00809884 -2.39487481 -4.06896257 0.999999940 0.999999940 0.999999940
v -0.00434095 -2.39081049 -4.09196281 0.999999940 0.999999940 0.999999940
v -0.00786605 -2.39798141 -4.08237171 0.999999940 0.999999940 0.999999940
v -0.00434098 -2.39081049 -4.09196281 0.999999940 0.999999940 0.999999940
v -0.01027143 -2.42263937 -4.06697369 0.999999940 0.999999940 0.999999940
v -0.00786608 -2.39798141 -4.08237171 0.999999940 0.999999940 0.999999940
v -0.01027146 -2.42263937 -4.06697416 0.999999940 0.999999940 0.999999940
v -0.00502664 -2.38571453 -4.09342623 0.999999940 0.999999940 0.999999940
v -0.00433785 -2.3908143 -4.09196854 0.999999940 0.999999940 0.999999940
v -0.00809887 -2.39487481 -4.06896257 0.999999940 0.999999940 0.999999940
v -0.00786611 -2.39798141 -4.08237171 0.999999940 0.999999940 0.999999940
v 0.001280605 -2.42722654 -4.07162189 0.999999940 0.999999940 0.999999940
v -0.00433788 -2.3908143 -4.09196854 0.999999940 0.999999940 0.999999940
v -0.00786614 -2.39798141 -4.08237171 0.999999940 0.999999940 0.999999940
v -0.00502664 -2.38571453 -4.09342623 0.999999940 0.999999940 0.999999940
v 0.001280576 -2.42722654 -4.07162189 0.999999940 0.999999940 0.999999940
v -0.00786617 -2.39798141 -4.08237219 0.999999940 0.999999940 0.999999940
vt 0.926181793 0.739854693
vt 0.899272561 0.743308723
vt 0.893826544 0.723004579
vt 0.914349913 0.714231312
vt 0.032869871 0.126272499
vt 0.056115809 0.118941843
vt 0.047347065 0.143387734
vt 0.335371285 0.828047156
vt 0.315379977 0.820879578
vt 0.037034854 0.172229886
vt 0.931695520 0.699735522
vt 0.002566165 0.945036649
vt 0.027478382 0.951344668
vt 0.296341121 0.811242818
vt 0.047982886 0.957614302
vt 0.046876039 0.969622612
vt 0.901705205 0.690804600
vt 0.924388289 0.679013729
vt 0.027629869 0.917709469
vt 0.041340287 0.927961587
vt 0.057560250 0.938445448
vt 0.063373088 0.091614902
vt 0.094655498 0.092086672
vt 0.084605217 0.120589792
vt 0.073645271 0.148819208
vt 0.065939657 0.176914155
vt 0.009471508 0.201494872
vt 0.033740360 0.204409658
vt 0.061804924 0.206929981
vt 0.306864351 0.853741169
vt 0.285538464 0.842294991
vt 0.272231131 0.799235820
vt 0.279570728 0.770794630
vt 0.262551993 0.830844283
vt 0.015062525 0.930602014
vt 0.032348603 0.940188288
vt 0.027033822 0.058444619
vt 0.051146689 0.948265194
vt 0.066626988 0.962154507
vt 0.064736358 0.969501078
vt 0.063793338 0.954782903
vt 0.895337224 0.680764317
vt 0.910165369 0.667615652
vt 0.070154182 0.950369000
vt 0.043660372 0.057011187
vt 0.070333570 0.059285461
vt 0.105921089 0.060877978
vt 0.149226710 0.068780601
vt 0.132534936 0.096336484
vt 0.117728918 0.125270068
vt 0.105110861 0.154919624
vt 0.095592230 0.182529926
vt 0.091197446 0.210992097
vt 0.057093050 0.237344265
vt 0.029033159 0.236357688
vt 0.085278540 0.240024030
vt 0.009483134 0.225486397
vt 0.298815965 0.928040266
vt 0.316111832 0.942492961
vt 0.055535484 0.268090248
vt 0.082208611 0.269968569
vt 0.109360665 0.272135675
vt 0.113027401 0.244551479
vt 0.118696741 0.216944456
vt 0.125396296 0.190025329
vt 0.133904993 0.163465559
vt 0.146858394 0.137651443
vt 0.162617936 0.112972557
vt 0.183234080 0.093543708
vt 0.116097778 0.030265629
vt 0.150566130 0.036583185
vt 0.107325188 0.662586033
vt 0.07360892 0.029500842
vt 0.042368046 0.025058209
vt 0.026433125 0.026942729
vt 0.207560926 0.732881665
vt 0.191072344 0.714070260
vt 0.915999472 0.637897968
vt 0.914304614 0.646793365
vt 0.919650495 0.625859379
vt 0.170014321 0.700830161
vt 0.141178235 0.692845344
vt 0.108371801 0.690666794
vt 0.076715044 0.694542706
vt 0.071194730 0.672087609
vt 0.060934122 0.648933589
vt 0.184559583 0.139485955
vt 0.170173406 0.157703638
vt 0.159662857 0.178875446
vt 0.151198908 0.200917720
vt 0.145357981 0.225390851
vt 0.139996871 0.251360714
vt 0.169205635 0.235623121
vt 0.161397874 0.257706403
vt 0.174851834 0.214441597
vt 0.180696129 0.196351110
vt 0.190269663 0.180908381
vt 0.200995475 0.168192207
vt 0.212660342 0.157112002
vt 0.039027705 0.689511835
vt 0.046260520 0.70761621
vt 0.078390605 0.720598697
vt 0.049449529 0.728010892
vt 0.107381932 0.719338417
vt 0.136761561 0.722509622
vt 0.164584755 0.729942202
vt 0.189479425 0.738793015
vt 0.157684460 0.756928920
vt 0.130132675 0.750676989
vt 0.183125704 0.766540169
vt 0.103247501 0.746990323
vt 0.075492404 0.746337831
vt 0.048510897 0.749917089
vt 0.022213855 0.755080223
vt 0.021875359 0.7384094
vt 0.018154604 0.724599599
vt 0.013106937 0.712880253
vt 0.005481479 0.702981948
vt 0.212266534 0.194628357
vt 0.205916285 0.204520404
vt 0.197549596 0.216127574
vt 0.194297805 0.230542838
vt 0.189325079 0.247537791
vt 0.853068769 0.192538201
vt 0.867952585 0.190417528
vt 0.387743204 0.064081430
vt 0.393351942 0.072156727
vt 0.399092018 0.079205572
vt 0.407273113 0.085472703
vt 0.416135191 0.089444518
vt 0.425597608 0.092745959
vt 0.435408681 0.098360180
vt 0.451895773 0.116072893
vt 0.720790922 0.048008382
vt 0.695026814 0.055144786
vt 0.045453686 0.773714959
vt 0.070447556 0.772913694
vt 0.096064008 0.774481892
vt 0.121962532 0.779147028
vt 0.086649999 0.803691148
vt 0.063139833 0.800475597
vt 0.110580235 0.808007419
vt 0.039129655 0.798605680
vt 0.016613049 0.797439038
vt 0.695086538 0.071248650
vt 0.671329438 0.078440487
vt 0.667662918 0.061008155
vt 0.665051460 0.043876469
vt 0.422016322 0.132189512
vt 0.41280213 0.129763901
vt 0.40353778 0.127145409
vt 0.394404053 0.124415993
vt 0.384600728 0.117480099
vt 0.375776201 0.110186934
vt 0.366354018 0.097779333
vt 0.358515292 0.085367441
vt 0.356691092 0.135360360
vt 0.346998363 0.125417947
vt 0.336502671 0.099989116
vt 0.367123872 0.145430505
vt 0.378548830 0.155551374
vt 0.391404241 0.162163496
vt 0.402646035 0.164079487
vt 0.411978900 0.170745551
vt 0.430508106 0.182389497
vt 0.635673701 0.067997634
vt 0.643546998 0.085406422
vt 0.675317764 0.094667673
vt 0.649866461 0.102641046
vt 0.698818564 0.088706314
vt 0.718459010 0.083951830
vt 0.032901227 0.823682069
vt 0.054837472 0.828188896
vt 0.047948379 0.855423569
vt 0.027841754 0.847441077
vt 0.008233220 0.838498354
vt 0.701862156 0.105262219
vt 0.680048584 0.111040592
vt 0.658121764 0.119519293
vt 0.626875817 0.110172629
vt 0.618736743 0.091674268
vt 0.636176884 0.128858149
vt 0.614030957 0.073623120
vt 0.610494315 0.056191861
vt 0.411197185 0.191748440
vt 0.394699007 0.206594646
vt 0.603347241 0.041771471
vt 0.388780146 0.204902112
vt 0.376826345 0.191216409
vt 0.363726913 0.179904043
vt 0.366355717 0.217756390
vt 0.349481046 0.198319435
vt 0.398213923 0.248214364
vt 0.232033893 0.122647464
vt 0.246764332 0.150333046
vt 0.223119393 0.106554925
vt 0.214960992 0.087265312
vt 0.597155034 0.049822330
vt 0.589688956 0.064642489
vt 0.211159780 0.076652348
vt 0.589875459 0.079731643
vt 0.594872474 0.099034369
vt 0.603147447 0.119055390
vt 0.613742888 0.140073299
vt 0.668341159 0.135972082
vt 0.647572934 0.147296309
vt 0.626800537 0.159277439
vt 0.687805712 0.126645743
vt 0.697074353 0.142446100
vt 0.679099619 0.152862012
vt 0.660792529 0.164554476
vt 0.641260087 0.178468465
vt 0.604740679 0.173479080
vt 0.620449483 0.194537282
vt 0.591102421 0.152534127
vt 0.580025136 0.131001710
vt 0.570386946 0.108196198
vt 0.564240574 0.087779998
vt 0.562300562 0.068940699
vt 0.563965439 0.051958084
vt 0.838849127 0.607818007
vt 0.234083548 0.064929664
vt 0.234526082 0.079266607
vt 0.817338764 0.633893191
vt 0.239484295 0.096566736
vt 0.248191252 0.110310137
vt 0.257444173 0.084884107
vt 0.265381962 0.095569253
vt 0.254578888 0.069242537
vt 0.254111439 0.054691314
vt 0.798802554 0.649512052
vt 0.806966424 0.661937475
vt 0.829236269 0.647844791
vt 0.851834178 0.614169657
vt 0.872455775 0.578518509
vt 0.538981139 0.074513673
vt 0.539648890 0.095782339
vt 0.546964645 0.119982361
vt 0.556646704 0.143606126
vt 0.567863166 0.167733669
vt 0.582833647 0.190612256
vt 0.599607408 0.211993694
vt 0.560013115 0.208589792
vt 0.544735074 0.185106396
vt 0.578335166 0.232289552
vt 0.532273590 0.158986210
vt 0.523728549 0.132598817
vt 0.516318917 0.104899168
vt 0.518413782 0.073722600
vt 0.529323101 0.053063750
vt 0.864901483 0.615714728
vt 0.848948657 0.648342728
vt 0.830012083 0.677874326
vt 0.815329968 0.681454062
vt 0.845708191 0.676176130
vt 0.790905177 0.672949314
vt 0.781428456 0.661810040
vt 0.801440715 0.688328981
vt 0.771689891 0.651524424
vt 0.273601442 0.058246254
vt 0.770785510 0.672909081
vt 0.757794559 0.665775239
vt 0.295056939 0.045838594
vt 0.78058815 0.682654976
vt 0.790199697 0.697375595
vt 0.812133371 0.711649060
vt 0.802327930 0.719859600
vt 0.823014974 0.706501722
vt 0.834746003 0.703051090
vt 0.848138749 0.700382769
vt 0.859583497 0.675816893
vt 0.861429691 0.698823809
vt 0.863647460 0.650128364
vt 0.875276327 0.619300246
vt 0.892467021 0.587319612
vt 0.497361064 0.077711105
vt 0.495680183 0.114440858
vt 0.499643296 0.147320926
vt 0.467265754 0.133019149
vt 0.475465893 0.164807140
vt 0.460447549 0.101025104
vt 0.393599718 0.342082321
vt 0.398868382 0.313194990
vt 0.381788611 0.376179754
vt 0.884914636 0.623272180
vt 0.877198517 0.652817964
vt 0.873216629 0.676494300
vt 0.874675691 0.697716713
vt 0.869515121 0.719944119
vt 0.857559382 0.721881270
vt 0.878289341 0.718033254
vt 0.845898389 0.725230813
vt 0.835791230 0.729813456
vt 0.826863586 0.736158192
vt 0.819860100 0.743418157
vt 0.844344317 0.757226467
vt 0.838800549 0.764216899
vt 0.850466668 0.751588940
vt 0.858349144 0.747385621
vt 0.867279052 0.743892431
vt 0.877005875 0.740971922
vt 0.886479020 0.737647533
vt 0.864067673 0.870911836
vt 0.843281865 0.878677129
vt 0.883772373 0.860312521
vt 0.902066111 0.846076846
vt 0.916871607 0.825229764
vt 0.933881044 0.801130175
vt 0.953719317 0.767351687
vt 0.379065066 0.335367381
vt 0.353761345 0.359989583
vt 0.366333782 0.403951287
vt 0.324670076 0.389718115
vt 0.398537427 0.419117569
vt 0.300890594 0.359233915
vt 0.327957898 0.338924050
vt 0.361436665 0.316260337
vt 0.393233716 0.305913925
vt 0.940062284 0.807374715
vt 0.926150679 0.834756791
vt 0.911004483 0.856383979
vt 0.890935719 0.870647847
vt 0.869982838 0.880238235
vt 0.847451090 0.886776804
vt 0.826059997 0.893610656
vt 0.823024392 0.887951135
vt 0.819586217 0.882651507
vt 0.886446535 0.761626601
vt 0.878943860 0.764089644
vt 0.892974495 0.778056144
vt 0.887645304 0.780916571
vt 0.898178339 0.777057170
vt 0.806475997 0.894575655
vt 0.808317899 0.899182856
vt 0.851738393 0.895510852
vt 0.827957868 0.900949299
vt 0.809391260 0.903646528
vt 0.875781893 0.891822755
vt 0.898898720 0.882496714
vt 0.919586181 0.867865800
vt 0.936661303 0.844469606
vt 0.949165225 0.817498922
vt 0.960682928 0.786508917
vt 0.350180953 0.269391000
vt 0.352135151 0.252756476
vt 0.325988769 0.294316053
vt 0.301461547 0.315225601
vt 0.297010213 0.275456428
vt 0.308722525 0.255091309
vt 0.277456492 0.295374155
vt 0.322570174 0.234350800
vt 0.359334081 0.233440995
vt 0.336146414 0.214702904
vt 0.394342035 0.263624131
vt 0.958555877 0.829138934
vt 0.951525747 0.860530972
vt 0.928921639 0.881505727
vt 0.905532658 0.895822584
vt 0.880015492 0.903768599
vt 0.853682339 0.905413031
vt 0.828732907 0.907687008
vt 0.810246467 0.908311545
vt 0.797211229 0.909169077
vt 0.796508371 0.905842423
vt 0.795629441 0.902451694
vt 0.810755431 0.913146853
vt 0.798277497 0.912410974
vt 0.828893244 0.914595246
vt 0.854160726 0.914873302
vt 0.882137596 0.915383696
vt 0.910275518 0.910213470
vt 0.936641991 0.901097834
vt 0.958722591 0.892482936
vt 0.976088225 0.866006255
vt 0.977893590 0.893264055
vt 0.312105953 0.197776794
vt 0.327657133 0.184415102
vt 0.295239895 0.215151727
vt 0.348059564 0.167355239
vt 0.289965450 0.167252659
vt 0.267989158 0.171532571
vt 0.330832302 0.156378865
vt 0.258233428 0.179975271
vt 0.243150621 0.191542089
vt 0.280480176 0.230294108
vt 0.925471365 0.179371178
vt 0.931287825 0.169843196
vt 0.942105531 0.156095147
vt 0.957654297 0.144164681
vt 0.322003692 0.150915980
vt 0.923795521 0.516892850
vt 0.325488150 0.130785822
vt 0.940154135 0.514304757
vt 0.924300909 0.495918035
vt 0.940938711 0.494281709
vt 0.895805299 0.494546115
vt 0.932853579 0.124764621
vt 0.920117855 0.141701519
vt 0.910252809 0.151893377
vt 0.942084670 0.22064358
vt 0.921010077 0.187039077
vt 0.901895523 0.16153723
vt 0.238919928 0.224549710
vt 0.223045647 0.200733661
vt 0.266161412 0.252322614
vt 0.255596667 0.272835254
vt 0.229738608 0.249790430
vt 0.209908917 0.223654449
vt 0.860131323 0.434274792
vt 0.873422086 0.398312449
vt 0.886619210 0.373970866
vt 0.916005075 0.191468358
vt 0.893858492 0.171157062
vt 0.876552224 0.153755605
vt 0.884650230 0.144277036
vt 0.891714513 0.133435130
vt 0.900059461 0.120917916
vt 0.908618390 0.105723679
vt 0.936892926 0.091563582
vt 0.956364512 0.088886976
vt 0.914341509 0.085083246
vt 0.925806999 0.473803460
vt 0.936543464 0.066811204
vt 0.957064569 0.064676225
vt 0.927372098 0.450896084
vt 0.914688706 0.064639926
vt 0.884177207 0.092852950
vt 0.887479841 0.078071296
vt 0.886459708 0.062486708
vt 0.878080427 0.107509851
vt 0.871579170 0.120280444
vt 0.865204751 0.131470620
vt 0.858575463 0.140816807
vt 0.099064864 0.558012187
vt 0.118338547 0.545361757
vt 0.081207357 0.578876853
vt 0.064460218 0.607009530
vt 0.046249169 0.642128884
vt 0.858923852 0.385530173
vt 0.838995456 0.422755956
vt 0.823227047 0.381868064
vt 0.827830612 0.361874282
vt 0.856650829 0.363776743
vt 0.874272286 0.355310320
vt 0.808296203 0.412810206
vt 0.057108841 0.600385069
vt 0.071681983 0.568547487
vt 0.090655155 0.546919584
vt 0.112421430 0.535388231
vt 0.134291887 0.527044892
vt 0.139578059 0.537784218
vt 0.139486879 0.545903563
vt 0.845040738 0.120630025
vt 0.850152611 0.111547827
vt 0.853553950 0.100457131
vt 0.856548070 0.089565753
vt 0.858236908 0.077753007
vt 0.856565237 0.064743995
vt 0.830084264 0.087596416
vt 0.829892337 0.078350126
vt 0.827948927 0.068698763
vt 0.828464567 0.097342371
vt 0.825662314 0.107731699
vt 0.823040962 0.115417003
vt 0.819794833 0.121745407
vt 0.816645741 0.130388438
vt 0.157731294 0.522959828
vt 0.105561770 0.523841023
vt 0.129524081 0.516120553
vt 0.155185252 0.514503896
vt 0.082211695 0.533877372
vt 0.060002490 0.553614258
vt 0.047312807 0.592135846
vt 0.033688649 0.628469228
vt 0.035207197 0.586503505
vt 0.041172981 0.553390622
vt 0.018330706 0.616982221
vt 0.039893876 0.528277277
vt 0.054952915 0.526768863
vt 0.075536347 0.520562052
vt 0.100400082 0.511622309
vt 0.126757219 0.505531787
vt 0.153464391 0.505139231
vt 0.178582489 0.502660989
vt 0.179191917 0.509976804
vt 0.180728614 0.516713380
vt 0.184564620 0.523633658
vt 0.798159301 0.116082549
vt 0.801040172 0.110517680
vt 0.803512573 0.103999853
vt 0.805302083 0.097311615
vt 0.805585205 0.089951932
vt 0.785727739 0.099920809
vt 0.787430465 0.094705522
vt 0.787237942 0.089704811
vt 0.783487796 0.105014979
vt 0.781888961 0.109938621
vt 0.779163062 0.114229500
vt 0.199851781 0.512497067
vt 0.198150187 0.507962942
vt 0.197549104 0.502004325
vt 0.153371140 0.495782017
vt 0.178385883 0.495843410
vt 0.197500139 0.496320784
vt 0.125359788 0.494509160
vt 0.096965983 0.49934268
vt 0.072204634 0.504958093
vt 0.053561545 0.506713151
vt 0.053312625 0.492054581
vt 0.071160003 0.490077793
vt 0.096134893 0.486163079
vt 0.126055583 0.484052479
vt 0.154711306 0.486442744
vt 0.178998842 0.488290727
vt 0.198176369 0.490402162
vt 0.212276518 0.491517901
vt 0.212081044 0.495889723
vt 0.212384253 0.500415623
vt 0.212645351 0.504453182
vt 0.213318333 0.508335351
vt 0.215114951 0.512400806
vt 0.772073626 0.105570435
vt 0.771891832 0.101129591
vt 0.772982776 0.097428798
vt 0.766814291 0.099679946
vt 0.767262578 0.096688747
vt 0.222112745 0.506671011
vt 0.220964804 0.502610981
vt 0.221747562 0.500064492
vt 0.222688302 0.496860206
vt 0.222468510 0.492663502
vt 0.213621407 0.486696183
vt 0.222756549 0.487913608
vt 0.199451938 0.483632266
vt 0.180586874 0.480291068
vt 0.156384095 0.476616442
vt 0.127615109 0.472642958
vt 0.097968652 0.473526239
vt 0.072730235 0.475656271
vt 0.054689105 0.478814482
vt 0.072629086 0.462780952
vt 0.098956860 0.460977673
vt 0.052063513 0.467969834
vt 0.127931609 0.459050595
vt 0.158773109 0.466349959
vt 0.182728722 0.471707701
vt 0.200783401 0.477291822
vt 0.215633675 0.480022251
vt 0.225270971 0.479445099
vt 0.229897350 0.486928820
vt 0.764294564 0.088454127
vt 0.235686376 0.495215416
vt 0.233888924 0.499066531
vt 0.763299644 0.094460666
vt 0.764815807 0.092432677
vt 0.768196106 0.092910289
vt 0.7685709 0.084594130
vt 0.769030988 0.090345740
vt 0.771784544 0.078704774
vt 0.783374369 0.072870433
vt 0.801479995 0.066950142
vt 0.824932754 0.058616280
vt 0.853068351 0.050402700
vt 0.882816374 0.043654501
vt 0.909583330 0.245365321
vt 0.884728729 0.256473660
vt 0.944416105 0.379339575
vt 0.043821681 0.481032908
vt 0.037115756 0.473729252
vt 0.944845676 0.396553397
vt 0.932574808 0.398402035
vt 0.924762487 0.378924846
vt 0.922550737 0.361459672
vt 0.889141321 0.259292602
vt 0.877284407 0.276571452
vt 0.874180376 0.274314701
vt 0.886597037 0.259263455
vt 0.910445332 0.045510113
vt 0.803890407 0.074790597
vt 0.785675406 0.079069078
vt 0.775768876 0.081942796
vt 0.773482739 0.086222648
vt 0.773930907 0.089940607
vt 0.773260712 0.093650102
vt 0.786619782 0.084347605
vt 0.805386543 0.082759380
vt 0.933687746 0.047747492
vt 0.932049214 0.02622509
vt 0.910093486 0.382938683
vt 0.947510182 0.032715499
vt 0.956174969 0.045196950
vt 0.921879172 0.400476932
vt 0.925450742 0.425622046
vt 0.935957551 0.423859536
vt 0.938703000 0.451150715
vt 0.939642608 0.472566425
vt 0.950502276 0.446787893
vt 0.953885495 0.468097865
vt 0.947768569 0.419982969
vt 0.959715426 0.416752219
vt 0.962859034 0.436991870
vt 0.966678142 0.458134651
vt 0.970422983 0.481074035
vt 0.956439912 0.489598572
vt 0.960609555 0.511404097
vt 0.972630083 0.507838249
vt 0.038824271 0.506492197
vt 0.039774511 0.491047322
vt 0.000872640 0.598490476
vt 0.964709520 0.529949784
vt 0.322500526 0.095930993
vt 0.855314195 0.295864582
vt 0.854513168 0.320813179
vt 0.854975462 0.342626094
vt 0.831732571 0.339558780
vt 0.834736466 0.317113220
vt 0.838312327 0.293296098
vt 0.843569040 0.272232294
vt 0.846020758 0.251639246
vt 0.850311756 0.222106277
vt 0.823466718 0.266475439
vt 0.826587021 0.244893670
vt 0.831855356 0.219184696
vt 0.817218363 0.286896526
vt 0.811479449 0.308288097
vt 0.805156052 0.328562080
vt 0.799122929 0.350693523
vt 0.790177941 0.374367773
vt 0.759180009 0.364096045
vt 0.768940866 0.340344667
vt 0.777554035 0.318024456
vt 0.786422133 0.296592772
vt 0.793354630 0.276492893
vt 0.800258576 0.256964266
vt 0.806962430 0.236527383
vt 0.813480377 0.214147031
vt 0.836194336 0.192218124
vt 0.817343533 0.190789103
vt 0.836490511 0.165889084
vt 0.818067133 0.169193804
vt 0.795101463 0.208238720
vt 0.798649966 0.188211560
vt 0.800281167 0.170985996
vt 0.786765992 0.228114962
vt 0.777809858 0.247009575
vt 0.768858671 0.265991687
vt 0.759277880 0.286238610
vt 0.749685823 0.307311892
vt 0.738600432 0.329491078
vt 0.726598560 0.353952527
vt 0.779181659 0.400813400
vt 0.746894955 0.390014767
vt 0.71380651 0.379195272
vt 0.795639216 0.440579533
vt 0.765707790 0.428210437
vt 0.734952747 0.416675269
vt 0.701214015 0.405677139
vt 0.666569948 0.394652009
vt 0.680516302 0.367653667
vt 0.69455266 0.342305064
vt 0.707427322 0.317913591
vt 0.720783710 0.294979095
vt 0.732859432 0.27420187
vt 0.744382023 0.254609763
vt 0.755766034 0.236013174
vt 0.766597271 0.218543946
vt 0.775843381 0.201605379
vt 0.781865418 0.184678375
vt 0.784789741 0.169372797
vt 0.156139537 0.303581714
vt 0.158143013 0.281447887
vt 0.154840752 0.323626637
vt 0.764804482 0.178994774
vt 0.771161496 0.166879177
vt 0.158500522 0.342721641
vt 0.756671249 0.192927956
vt 0.746429264 0.208208382
vt 0.734037876 0.224670112
vt 0.720727264 0.242255270
vt 0.706914305 0.261310577
vt 0.692594766 0.282447576
vt 0.677787661 0.304619073
vt 0.662826538 0.329060554
vt 0.647492766 0.354849457
vt 0.631727218 0.381720125
vt 0.632691144 0.313765585
vt 0.616380929 0.339847087
vt 0.599493324 0.367019772
vt 0.649456679 0.290120959
vt 0.666274488 0.267697751
vt 0.682218313 0.247461795
vt 0.698022961 0.228302061
vt 0.712910533 0.211815834
vt 0.726740181 0.196557998
vt 0.738992095 0.183121144
vt 0.748288035 0.170907974
vt 0.755939841 0.159928262
vt 0.168412312 0.360031127
vt 0.147407889 0.370916783
vt 0.138320460 0.350547790
vt 0.132548227 0.327518463
vt 0.130832597 0.301547229
vt 0.112628854 0.357992947
vt 0.105507336 0.330729067
vt 0.104690164 0.301569402
vt 0.121932707 0.380106866
vt 0.176940918 0.375633657
vt 0.159647136 0.388072133
vt 0.134607091 0.399509429
vt 0.188426300 0.363575816
vt 0.733459591 0.160860002
vt 0.72242558 0.171416044
vt 0.708853662 0.183383107
vt 0.693652570 0.197546541
vt 0.676831007 0.213598847
vt 0.659113645 0.231342613
vt 0.641501009 0.251112461
vt 0.623208522 0.273136913
vt 0.599318027 0.25342834
vt 0.618899107 0.232682704
vt 0.638450920 0.213363230
vt 0.657887637 0.197094500
vt 0.676116228 0.181584537
vt 0.692825973 0.16853863
vt 0.708297610 0.157527267
vt 0.721707165 0.148560583
vt 0.733398497 0.141287982
vt 0.183050751 0.391018867
vt 0.171187818 0.404535770
vt 0.148382708 0.418003797
vt 0.101546742 0.407066166
vt 0.091498561 0.385870218
vt 0.116536170 0.426781058
vt 0.083702318 0.361974656
vt 0.061217527 0.410317003
vt 0.056807998 0.388772368
vt 0.053624466 0.363984465
vt 0.072958797 0.431144714
vt 0.137863308 0.446150183
vt 0.095390632 0.451030790
vt 0.170826315 0.435772836
vt 0.182033211 0.421594321
vt 0.193329632 0.402864754
vt 0.199004963 0.389007568
vt 0.712780416 0.134688854
vt 0.557842075 0.254873812
vt 0.580829143 0.276874065
vt 0.537351608 0.230815529
vt 0.605036437 0.296810746
vt 0.561119973 0.302383363
vt 0.537768781 0.279442250
vt 0.587760090 0.322249174
vt 0.515894413 0.254407882
vt 0.521484255 0.205024421
vt 0.497113972 0.227554917
vt 0.476034790 0.253597915
vt 0.497860461 0.280421018
vt 0.519434928 0.306107580
vt 0.543278574 0.329391181
vt 0.570127785 0.349125742
vt 0.583608031 0.395868182
vt 0.554512739 0.379184186
vt 0.528613030 0.358848094
vt 0.502660393 0.335001230
vt 0.480855286 0.308106720
vt 0.460476368 0.282046616
vt 0.466411083 0.513751268
vt 0.480378598 0.492173731
vt 0.493834942 0.469149529
vt 0.510078012 0.176916360
vt 0.457695752 0.464446246
vt 0.442193597 0.486853420
vt 0.425646752 0.510329008
vt 0.447609722 0.533640325
vt 0.467738717 0.563254237
vt 0.466156989 0.337979018
vt 0.489395827 0.364672720
vt 0.513162016 0.389074504
vt 0.541814565 0.409463703
vt 0.573435902 0.425936043
vt 0.618482410 0.409901082
vt 0.607293486 0.439930498
vt 0.530590951 0.442187964
vt 0.563731312 0.457167148
vt 0.597640156 0.470576822
vt 0.500656843 0.420515000
vt 0.474970370 0.394476473
vt 0.45363006 0.366041600
vt 0.433266967 0.339498877
vt 0.430446356 0.552910387
vt 0.409568309 0.535286665
vt 0.387124389 0.519128561
vt 0.401876807 0.490930497
vt 0.417227625 0.464892983
vt 0.429003536 0.440539181
vt 0.387508392 0.446814358
vt 0.374422967 0.474574148
vt 0.360551506 0.504863560
vt 0.346254259 0.535676121
vt 0.370903343 0.550719261
vt 0.394257515 0.56617558
vt 0.414923667 0.577421665
vt 0.429516106 0.587506711
vt 0.439590424 0.389907479
vt 0.461555540 0.421966433
vt 0.489281714 0.450765252
vt 0.519937694 0.474737346
vt 0.555946826 0.489780485
vt 0.593902170 0.499926447
vt 0.643709957 0.450774371
vt 0.634784162 0.478333532
vt 0.630005478 0.505662620
vt 0.594222426 0.530442297
vt 0.557760715 0.522939562
vt 0.635485291 0.529399573
vt 0.520051777 0.509602189
vt 0.364274591 0.682792186
vt 0.382802456 0.648172378
vt 0.398289024 0.612694442
vt 0.374310076 0.598421633
vt 0.351037651 0.581249713
vt 0.327274799 0.565305709
vt 0.319722294 0.519874632
vt 0.332796961 0.491176784
vt 0.304578930 0.548187375
vt 0.344108045 0.461662232
vt 0.356659919 0.432804882
vt 0.303616941 0.479850471
vt 0.311987221 0.451872110
vt 0.319240182 0.423986375
vt 0.292798578 0.506196618
vt 0.280741155 0.531905293
vt 0.286532551 0.573119521
vt 0.266804814 0.554477572
vt 0.308449387 0.592345953
vt 0.331595331 0.612537622
vt 0.355780214 0.632308065
vt 0.334732413 0.662437558
vt 0.309120565 0.689014673
vt 0.560445010 0.553247630
vt 0.602965235 0.559093594
vt 0.645474910 0.553441047
vt 0.231389686 0.703304886
vt 0.260847508 0.686634004
vt 0.665781199 0.570510864
vt 0.285429477 0.664756298
vt 0.309486180 0.641185045
vt 0.288321733 0.617844283
vt 0.268195778 0.596320986
vt 0.252096891 0.576075196
vt 0.245848104 0.539840936
vt 0.258244872 0.520784497
vt 0.234375819 0.559591054
vt 0.268694460 0.498077511
vt 0.276378005 0.472677707
vt 0.282127589 0.447141468
vt 0.284811377 0.419629752
vt 0.281592965 0.391952991
vt 0.577798664 0.617586135
vt 0.550366640 0.606300354
vt 0.605059206 0.628994047
vt 0.629380524 0.641411542
vt 0.652060926 0.654815018
vt 0.672237694 0.667993009
vt 0.689506948 0.681825935
vt 0.703291118 0.696768879
vt 0.236054241 0.596571683
vt 0.221798569 0.576779246
vt 0.714306414 0.711188912
vt 0.249075233 0.618685543
vt 0.264908582 0.640298247
vt 0.241592779 0.661034405
vt 0.229097232 0.638282060
vt 0.218008443 0.612711668
vt 0.209029480 0.592381954
vt 0.723418414 0.726146519
vt 0.694573402 0.746718883
vt 0.686308503 0.733498692
vt 0.676899135 0.721174478
vt 0.664465487 0.706642150
vt 0.649486541 0.692864656
vt 0.628958761 0.677608847
vt 0.607046842 0.662863254
vt 0.582570254 0.648553431
vt 0.556161463 0.634774446
vt 0.529054343 0.621312677
vt 0.508639335 0.613247036
vt 0.527115643 0.597988367
vt 0.542870938 0.583628475
vt 0.50936836 0.639300763
vt 0.489910960 0.630277752
vt 0.535017848 0.653169632
vt 0.560191214 0.667298317
vt 0.585182428 0.682930946
vt 0.607968747 0.699440658
vt 0.62525177 0.714743852
vt 0.639605641 0.728931665
vt 0.650593876 0.742447316
vt 0.658840239 0.753062367
vt 0.666566789 0.764923870
vt 0.731107235 0.743225872
vt 0.702221632 0.762153506
vt 0.673701047 0.778316736
vt 0.762730956 0.726815521
vt 0.737745225 0.762818813
vt 0.708396017 0.780222773
vt 0.768658518 0.748499214
vt 0.680990934 0.795210599
vt 0.654733061 0.811544001
vt 0.647618353 0.796054840
vt 0.64105165 0.783465266
vt 0.633993983 0.772522211
vt 0.626136124 0.761888265
vt 0.616141855 0.749966561
vt 0.603130400 0.736276567
vt 0.586055517 0.721161961
vt 0.564538657 0.703875482
vt 0.540043115 0.686737000
vt 0.515596389 0.672442913
vt 0.490476280 0.657824158
vt 0.496430277 0.691940724
vt 0.472133874 0.677467644
vt 0.520369768 0.707679092
vt 0.543765962 0.723559737
vt 0.565005838 0.741240382
vt 0.580655157 0.756711006
vt 0.592697560 0.769650995
vt 0.601700842 0.780643999
vt 0.608985602 0.790657520
vt 0.615586221 0.800872862
vt 0.622348249 0.812571287
vt 0.628878116 0.826907753
vt 0.661464452 0.830622077
vt 0.635818600 0.844608426
vt 0.687149822 0.815413594
vt 0.714131891 0.800706267
vt 0.719264447 0.823063850
vt 0.692453682 0.837663412
vt 0.667387723 0.851916551
vt 0.642545223 0.864667594
vt 0.618009567 0.877785325
vt 0.610941469 0.859002232
vt 0.603885889 0.842387020
vt 0.597119450 0.828999757
vt 0.591024637 0.818235874
vt 0.584459900 0.808654129
vt 0.577437877 0.799226999
vt 0.568983137 0.788981199
vt 0.557741880 0.776410341
vt 0.542787551 0.761549711
vt 0.523481309 0.744764089
vt 0.499964237 0.728300094
vt 0.478510141 0.711891114
vt 0.481896042 0.747235953
vt 0.461875319 0.732556700
vt 0.503761827 0.764341056
vt 0.521567225 0.780649781
vt 0.535329163 0.794838666
vt 0.545888125 0.806986510
vt 0.553628921 0.816699802
vt 0.560383677 0.825722873
vt 0.566490471 0.834918379
vt 0.572704196 0.845136880
vt 0.579468429 0.857713878
vt 0.586594939 0.873041093
vt 0.593642115 0.89057827
vt 0.648411095 0.886563301
vt 0.624301374 0.899082481
vt 0.59992975 0.909308135
vt 0.574961662 0.919108808
vt 0.569391906 0.902508497
vt 0.562622249 0.886655688
vt 0.555552423 0.872499823
vt 0.548978269 0.860900282
vt 0.542931437 0.851170063
vt 0.537014961 0.842349827
vt 0.530721426 0.833807647
vt 0.523442447 0.824281215
vt 0.513750672 0.812826514
vt 0.500700533 0.799101829
vt 0.484359830 0.783505618
vt 0.464816689 0.767095565
vt 0.445555210 0.752660453
vt 0.447564840 0.786657810
vt 0.430011391 0.773906409
vt 0.465248137 0.802349805
vt 0.480186730 0.816585302
vt 0.492054075 0.829726934
vt 0.501092672 0.840802133
vt 0.508031725 0.850021243
vt 0.514048099 0.858328819
vt 0.519747078 0.866596519
vt 0.525431990 0.875766575
vt 0.531672775 0.886493206
vt 0.538303434 0.899273514
vt 0.544618308 0.913906335
vt 0.550266504 0.929279923
vt 0.604912102 0.927608013
vt 0.579588055 0.936550855
vt 0.554835319 0.944220721
vt 0.529863476 0.952513158
vt 0.525571227 0.938797891
vt 0.520335495 0.925028681
vt 0.514386832 0.912074387
vt 0.508348941 0.900586843
vt 0.502338230 0.890466213
vt 0.496693313 0.881783127
vt 0.491373479 0.873807072
vt 0.485873669 0.865879774
vt 0.479353308 0.857206761
vt 0.471126258 0.846798598
vt 0.460508883 0.834683954
vt 0.446927368 0.821372151
vt 0.430929511 0.807421982
vt 0.428265839 0.839977383
vt 0.413930892 0.826855540
vt 0.440248161 0.852203369
vt 0.450151652 0.863426327
vt 0.457931309 0.873212397
vt 0.464117676 0.881298661
vt 0.469194412 0.888648271
vt 0.474065274 0.895991683
vt 0.479217231 0.904037714
vt 0.484741777 0.913273334
vt 0.490324586 0.923861682
vt 0.495907038 0.935394048
vt 0.500809967 0.947634339
vt 0.504888534 0.959607660
vt 0.558993041 0.956061005
vt 0.532830357 0.964565217
vt 0.507909596 0.970757365
vt 0.483075887 0.976125299
vt 0.480280011 0.966492891
vt 0.476591289 0.956119000
vt 0.472336292 0.945525825
vt 0.467265605 0.935337603
vt 0.462050706 0.925960063
vt 0.457104921 0.917563736
vt 0.452349215 0.910238087
vt 0.447718530 0.903449654
vt 0.442988097 0.896897733
vt 0.437393188 0.889549493
vt 0.430236429 0.880660414
vt 0.421342432 0.870539903
vt 0.410347670 0.858907699
vt 0.403117060 0.887719035
vt 0.393122732 0.877232372
vt 0.411077112 0.896784961
vt 0.417394220 0.904796361
vt 0.422750055 0.911255002
vt 0.427394658 0.917078554
vt 0.431784212 0.923471272
vt 0.435764402 0.929931640
vt 0.439907491 0.937221288
vt 0.444241404 0.945255160
vt 0.448501557 0.954003095
vt 0.452380389 0.962897658
vt 0.455768406 0.971377372
vt 0.458231955 0.979313075
vt 0.510041534 0.980611681
vt 0.484978824 0.984710097
vt 0.460017144 0.986419022
vt 0.435574144 0.985173225
vt 0.433984369 0.979585051
vt 0.431815534 0.973548173
vt 0.429130524 0.966923415
vt 0.425996720 0.960032045
vt 0.422693043 0.953167617
vt 0.419282496 0.946763455
vt 0.416469126 0.941302239
vt 0.413485378 0.936038136
vt 0.410514384 0.930832207
vt 0.406211733 0.926191568
vt 0.402186244 0.921494901
vt 0.395604997 0.913374900
vt 0.388638645 0.904650509
vt 0.384961873 0.928974926
vt 0.378779560 0.920467376
vt 0.387446701 0.931609988
vt 0.392186671 0.936954021
vt 0.395664930 0.940979003
vt 0.398875474 0.945032656
vt 0.400692254 0.948668956
vt 0.402562946 0.952877044
vt 0.404595315 0.957636594
vt 0.406944781 0.962824046
vt 0.409253954 0.967889547
vt 0.411097616 0.972638785
vt 0.412705481 0.977126002
vt 0.413997322 0.981255054
vt 0.461376518 0.992976963
vt 0.436536073 0.990293860
vt 0.414783835 0.985106825
vt 0.397365212 0.977450370
vt 0.396778315 0.974912643
vt 0.395918011 0.971904039
vt 0.394756496 0.968712449
vt 0.393323212 0.965199232
vt 0.392508924 0.962361991
vt 0.391717523 0.959357619
vt 0.389780819 0.956095159
vt 0.388262420 0.953461825
vt 0.386771887 0.951390564
vt 0.384776771 0.947749376
vt 0.381219655 0.943014800
vt 0.379304587 0.940227150
vt 0.371766597 0.934593558
vt 0.368908196 0.946101546
vt 0.367484509 0.943948030
vt 0.365704238 0.938315033
vt 0.372291445 0.952485024
vt 0.375116556 0.954776823
vt 0.377297014 0.955306291
vt 0.379332453 0.957447946
vt 0.383912622 0.959791004
vt 0.382655799 0.962849617
vt 0.382553994 0.965525984
vt 0.382842540 0.967970192
vt 0.383520513 0.969934642
vt 0.383750885 0.971588313
vt 0.382872551 0.972851753
vt 0.380335837 0.972536623
vt 0.398019522 0.980822861
vt 0.415312647 0.989022553
vt 0.377742767 0.969393253
vt 0.377064913 0.968368351
vt 0.376941174 0.968213975
vt 0.37669608 0.967094600
vt 0.377420008 0.964332580
vt 0.376971602 0.961104512
vt 0.375034660 0.959426343
vt 0.373231381 0.961835384
vt 0.371288061 0.954890012
vt 0.369706660 0.957285404
vt 0.370893210 0.952852606
vt 0.362079531 0.943279087
vt 0.361477375 0.940910697
vt 0.362592607 0.934685885
vt 0.365327894 0.935224473
vt 0.369253605 0.930641114
vt 0.358899682 0.942817211
vt 0.358874887 0.939724445
vt 0.356964886 0.940200328
vt 0.359624028 0.931689739
vt 0.353129923 0.926519930
vt 0.356133312 0.928364694
vt 0.347456008 0.925342321
vt 0.346955418 0.925975322
vt 0.341711431 0.909205734
vt 0.339364379 0.888930320
vt 0.437151581 0.995522260
vt 0.341422140 0.865024566
vt 0.342069596 0.890164077
vt 0.346450656 0.910678327
vt 0.346203386 0.867989718
vt 0.353236079 0.917076826
vt 0.358321726 0.921350479
vt 0.361887395 0.923675894
vt 0.366055101 0.928555965
vt 0.372432202 0.912455320
vt 0.361015945 0.903116941
vt 0.353562861 0.897602736
vt 0.345503628 0.891309440
vt 0.352306962 0.872020065
vt 0.354632139 0.845093727
vt 0.348222822 0.841622352
vt 0.362169891 0.849973022
vt 0.342532157 0.838906407
vt 0.486389994 0.992408514
vt 0.487480282 0.999691247
vt 0.357583791 0.818753182
vt 0.365079462 0.822998881
vt 0.374117106 0.828648448
vt 0.371173381 0.856653690
vt 0.358926028 0.877353787
vt 0.384731173 0.836203455
vt 0.369877874 0.884945273
vt 0.379996091 0.895242989
vt 0.381795138 0.866193354
vt 0.397265434 0.846399009
vt 0.399686545 0.815710842
vt 0.387195408 0.806874752
vt 0.376939326 0.800630927
vt 0.368441671 0.796218514
vt 0.360660046 0.792549133
vt 0.511224508 0.989225924
vt 0.535734295 0.984936416
vt 0.536973297 0.992854237
vt 0.535188972 0.975442528
vt 0.380959063 0.774205446
vt 0.389728784 0.778573274
vt 0.401417493 0.785601317
vt 0.415571123 0.795473396
vt 0.414982795 0.76392138
vt 0.402407884 0.756269812
vt 0.391998469 0.750750780
vt 0.382722318 0.746446967
vt 0.561900079 0.979682803
vt 0.559284508 0.968445479
vt 0.584988176 0.963894486
vt 0.587372303 0.975113868
vt 0.583556771 0.951246619
vt 0.588456511 0.986063182
vt 0.403926938 0.728313267
vt 0.414662510 0.733776807
vt 0.427647888 0.741540908
vt 0.441066622 0.718751192
vt 0.427127927 0.710849225
vt 0.415546923 0.706060111
vt 0.405804812 0.700748562
vt 0.612325310 0.967888951
vt 0.609874308 0.956564903
vt 0.607964754 0.943167090
vt 0.634041070 0.935125470
vt 0.635678529 0.950886189
vt 0.629693925 0.918499946
vt 0.637437999 0.964727938
vt 0.638342917 0.976950049
vt 0.430159926 0.686674952
vt 0.442107468 0.690738022
vt 0.455853521 0.697468102
vt 0.455993950 0.668702781
vt 0.442974031 0.662826597
vt 0.431524634 0.656916618
vt 0.661463081 0.958014071
vt 0.659881413 0.943903446
vt 0.657530903 0.927197337
vt 0.653956592 0.907895326
vt 0.678097128 0.896826744
vt 0.681660592 0.917129278
vt 0.673393189 0.874285757
vt 0.683965802 0.935320377
vt 0.685645818 0.950521588
vt 0.686859548 0.964805126
vt 0.458434522 0.642109036
vt 0.472756207 0.649026513
vt 0.474358379 0.622785806
vt 0.461011499 0.616289377
vt 0.708770513 0.941723763
vt 0.706870436 0.924898922
vt 0.704653084 0.905621290
vt 0.701775014 0.883716344
vt 0.698112011 0.859592139
vt 0.723261654 0.846446454
vt 0.725647687 0.870781540
vt 0.727274179 0.893621385
vt 0.728712081 0.914467692
vt 0.730717361 0.932512760
vt 0.732151150 0.949790418
vt 0.491037696 0.605877578
vt 0.506893873 0.589723229
vt 0.489679426 0.580778360
vt 0.751482844 0.922752678
vt 0.749315381 0.902290403
vt 0.749833345 0.879341185
vt 0.749649167 0.85502702
vt 0.747367978 0.831081152
vt 0.745185613 0.807315766
vt 0.742448389 0.784242749
vt 0.773323237 0.819429993
vt 0.773410201 0.793942153
vt 0.772285044 0.770561814
vt 0.772099375 0.844834089
vt 0.769893407 0.869858741
vt 0.768071353 0.894401490
vt 0.769895076 0.916052460
vt 0.768177270 0.939296960
vt 0.520706534 0.573461711
vt 0.264494627 0.312300920
vt 0.282847106 0.332990467
vt 0.246140003 0.293346703
vt 0.223017469 0.271456897
vt 0.196127772 0.250194251
vt 0.849510848 0.511574149
vt 0.824979245 0.537613272
vt 0.796027839 0.562136411
vt 0.765532672 0.587222933
vt 0.732936620 0.608488977
vt 0.706819832 0.602869749
vt 0.744380116 0.576759338
vt 0.777553856 0.551855921
vt 0.805564343 0.523530423
vt 0.829187274 0.495409786
vt 0.846894860 0.466738104
vt 0.821738362 0.453140318
vt 0.806329190 0.481190264
vt 0.782992363 0.510261058
vt 0.757155597 0.539483904
vt 0.724911272 0.566043257
vt 0.683356165 0.588860213
vt 0.704769492 0.628692030
vt 0.671480178 0.618221879
vt 0.645157754 0.604791402
vt 0.703491985 0.553776860
vt 0.736373424 0.525389671
vt 0.761012435 0.497077882
vt 0.779244303 0.468743145
vt 0.752870023 0.455835640
vt 0.736920833 0.483885169
vt 0.717436373 0.511726498
vt 0.687063694 0.535875916
vt 0.673060774 0.519479215
vt 0.695436596 0.497435450
vt 0.710614264 0.471759557
vt 0.722767651 0.443997442
vt 0.678956568 0.459814608
vt 0.689276456 0.432940602
vt 0.670579850 0.486554265
vt 0.661774754 0.505242645
vt 0.653916478 0.422291517
vt 0.705592930 0.119758427
vt 0.720812141 0.115394592
vt 0.205060005 0.415090262
vt 0.041115596 0.879114270
vt 0.070297904 0.862351954
vt 0.061684928 0.892021238
vt 0.078450553 0.832736015
vt 0.084795154 0.900721490
vt 0.092956833 0.869047284
vt 0.101458117 0.838072717
vt 0.12430913 0.845100820
vt 0.114653207 0.875132679
vt 0.134082928 0.814617276
vt 0.107518218 0.907304406
vt 0.135780990 0.882384896
vt 0.128348693 0.912412285
vt 0.134990781 0.936930477
vt 0.147052183 0.852962255
vt 0.157897085 0.823820114
vt 0.147389933 0.786355793
vt 0.171618118 0.795477807
vt 0.181414112 0.833913683
vt 0.170089408 0.861888170
vt 0.193720787 0.805680394
vt 0.156727612 0.890566110
vt 0.145584076 0.911513149
vt 0.157955095 0.925904572
vt 0.178604796 0.940316319
vt 0.149599373 0.957898318
vt 0.179451376 0.901342392
vt 0.200689181 0.913386762
vt 0.193196564 0.872592032
vt 0.204929724 0.844054758
vt 0.215900406 0.815123677
vt 0.204812854 0.775738596
vt 0.225299537 0.785149157
vt 0.211690679 0.746090948
vt 0.233415514 0.754058837
vt 0.246247485 0.790238618
vt 0.250302732 0.759118139
vt 0.238543883 0.822686791
vt 0.228520110 0.853805124
vt 0.216197714 0.883241593
vt 0.220479860 0.922775387
vt 0.198082938 0.953119039
vt 0.237439215 0.892745614
vt 0.169578939 0.975346386
vt 0.216703996 0.965167999
vt 0.191095501 0.989050209
vt 0.240556031 0.933998525
vt 0.257989615 0.903450131
vt 0.251355916 0.863135039
vt 0.273209363 0.873847484
vt 0.931096255 0.604644477
vt 0.921981990 0.616674065
vt 0.903168678 0.307602524
vt 0.930057644 0.308492124
vt 0.928929686 0.332990229
vt 0.925819158 0.282063603
vt 0.941613555 0.627799749
vt 0.937459588 0.634601593
vt 0.934078216 0.643153905
vt 0.949369013 0.642427563
vt 0.956576526 0.639583647
vt 0.950986325 0.648656845
vt 0.961696088 0.632067918
vt 0.943714261 0.300828337
vt 0.943173885 0.283234000
vt 0.962845444 0.647434413
vt 0.961666166 0.651555657
vt 0.966735124 0.643592357
vt 0.946989238 0.304333567
vt 0.946930587 0.299049496
vt 0.948009312 0.304259240
vt 0.958895742 0.289984345
vt 0.295132815 0.884468734
vt 0.279493212 0.915201842
vt 0.259430676 0.946854829
vt 0.277479350 0.960196018
vt 0.292761623 0.973057568
vt 0.255311965 0.981586277
vt 0.236527517 0.977307915
vt 0.250970631 0.998276948
vt 0.216895982 0.999025344
vt 0.054120529 0.300412297
vt 0.053299482 0.333336949
vt 0.080074466 0.300877869
vt 0.078632660 0.333333253
vt 0.134941980 0.276480019
vt 0.980982065 0.917570471
vt 0.960146665 0.916973412
vt 0.281570702 0.082806527
vt 0.273601383 0.070907592
vt 0.300998330 0.067322313
vt 0.317601621 0.087610304
vt 0.296888798 0.057868301
vt 0.958750784 0.93698138
vt 0.935619711 0.940583109
vt 0.938785016 0.921238124
vt 0.955891609 0.958716630
vt 0.972869873 0.951604425
vt 0.932684779 0.961616635
vt 0.326361835 0.059229433
vt 0.320573508 0.050085365
vt 0.314189106 0.030872345
vt 0.306524485 0.012876749
vt 0.327690064 0.013950288
vt 0.337801367 0.035973906
vt 0.324905663 0.000076353
vt 0.346133440 0.054030239
vt 0.359546899 0.042219758
vt 0.365693867 0.032477974
vt 0.369406133 0.030824959
vt 0.908538222 0.944533228
vt 0.910873353 0.926001727
vt 0.881373524 0.928157448
vt 0.878586828 0.941775381
vt 0.903246641 0.963429987
vt 0.874636948 0.956311523
vt 0.348132818 0.009741842
vt 0.349931836 0.000569522
vt 0.364607691 0.030394971
vt 0.354676574 0.030417978
vt 0.770646333 0.691674232
vt 0.766363978 0.682120978
vt 0.780186891 0.707414746
vt 0.794142365 0.728621304
vt 0.812503993 0.751686811
vt 0.846839726 0.943297624
vt 0.850211739 0.933809936
vt 0.833400666 0.772013485
vt 0.852881312 0.924352228
vt 0.828219950 0.921981811
vt 0.826325893 0.929402828
vt 0.824199914 0.936313331
vt 0.851523637 0.787136316
vt 0.856140315 0.780670046
vt 0.866046726 0.798678875
vt 0.862995147 0.803745985
vt 0.870006859 0.793322444
vt 0.808124303 0.924631238
vt 0.809849262 0.918801724
vt 0.800315797 0.916537642
vt 0.795917570 0.919369399
vt 0.792268395 0.923637092
vt 0.877640664 0.806739211
vt 0.880610525 0.801792681
vt 0.874125123 0.789436101
vt 0.884562730 0.799165606
vt 0.861211717 0.77496171
vt 0.866454541 0.770762085
vt 0.878384113 0.786202549
vt 0.888643622 0.797587633
vt 0.890296757 0.806478261
vt 0.887578904 0.807914197
vt 0.893437206 0.805739104
vt 0.883556306 0.814095854
vt 0.88136518 0.815754115
vt 0.791533231 0.913852274
vt 0.790391504 0.910465419
vt 0.785631895 0.911738157
vt 0.782240390 0.911465406
vt 0.896155893 0.815678179
vt 0.896709978 0.803617239
vt 0.900334179 0.815186917
vt 0.891894221 0.796003282
vt 0.883129298 0.783263623
vt 0.872512340 0.767120838
vt 0.895969569 0.792656064
vt 0.902634382 0.796025633
vt 0.786275208 0.904028177
vt 0.786396920 0.908462524
vt 0.790025353 0.907885313
vt 0.789441406 0.903864204
vt 0.789192259 0.899550080
vt 0.901913881 0.788986802
vt 0.794957697 0.897796452
vt 0.794585585 0.893475949
vt 0.077166743 0.959207832
vt 0.079143993 0.954822123
vt 0.081304751 0.961340546
vt 0.076410025 0.964716196
vt 0.893392026 0.668824851
vt 0.891575634 0.673634052
vt 0.888365209 0.672889590
vt 0.387203842 0.001502752
vt 0.385316312 0.000647902
vt 0.388877213 0.000647902
vt 0.385750204 0.014850139
vt 0.386292696 0.013051033
vt 0.386292696 0.019207179
vt 0.377282500 0.005532026
vt 0.372902870 0.005220711
vt 0.379785269 0.005220711
vt 0.385316073 0.007129132
vt 0.388877511 0.007089078
vt 0.386999517 0.007964789
vt 0.374252438 0.017866730
vt 0.380586326 0.017740607
vt 0.379046738 0.018818616
vt 0.372784346 0.011317074
vt 0.379903703 0.011490047
vt 0.375090122 0.012338817
vt 0.025302691 0.139544367
vt 0.340987831 0.800025403
vt 0.324146062 0.787362694
vt 0.004944719 0.965093195
vt 0.025360347 0.967842042
vt 0.936901032 0.727245330
vt 0.037720695 0.897044122
vt 0.014336193 0.169362366
vt 0.048119779 0.920612037
vt 0.306620687 0.782797634
vt 0.004695673 0.075148165
vt 0.883014202 0.702357053
vt 0.062376104 0.932638883
vt 0.035028498 0.095913708
vt 0.327954381 0.862311005
vt 0.014036938 0.049543798
vt 0.025088464 0.086564123
vt 0.880303204 0.683014810
vt 0.0733153 0.944936692
vt 0.135604113 0.633232832
vt 0.333114236 0.910858571
vt 0.316169917 0.895653426
vt 0.028687510 0.267748534
vt 0.104488723 0.633996844
vt 0.176559090 0.675829887
vt 0.145202502 0.663544714
vt 0.201578736 0.692997336
vt 0.212633818 0.713001906
vt 0.895633041 0.636889576
vt 0.899058044 0.619436621
vt 0.888386905 0.654850125
vt 0.879129886 0.297035038
vt 0.903690755 0.284628272
vt 0.201091349 0.124055206
vt 0.028376692 0.673996448
vt 0.451490372 0.061931550
vt 0.723808825 0.032695591
vt 0.443711698 0.054363429
vt 0.435608059 0.051222324
vt 0.430156856 0.046614766
vt 0.218960180 0.185852050
vt 0.424229204 0.042066633
vt 0.417521029 0.040567219
vt 0.412526130 0.035317361
vt 0.406974732 0.025804638
vt 0.868321120 0.157580971
vt 0.393363237 0.023862481
vt 0.853155911 0.163487136
vt 0.378803342 0.061547160
vt 0.696276605 0.039692759
vt 0.021299453 0.775301277
vt 0.719102263 0.065826892
vt 0.433561533 0.133286416
vt 0.868162453 0.223735332
vt 0.871093452 0.258282661
vt 0.632461667 0.047075808
vt 0.011661160 0.819654703
vt 0.719579935 0.100734949
vt 0.613449573 0.026640534
vt 0.208894386 0.116434574
vt 0.215452954 0.133487701
vt 0.198652446 0.096427798
vt 0.224141940 0.169816136
vt 0.978735685 0.804933667
vt 0.974793911 0.838043212
vt 0.191584259 0.090153634
vt 0.830661535 0.574853777
vt 0.821772694 0.597406506
vt 0.854228615 0.578584849
vt 0.806437492 0.620204746
vt 0.789711535 0.637366056
vt 0.544713497 0.056826353
vt 0.882469415 0.581941485
vt 0.273019850 0.045350909
vt 0.293689012 0.030638814
vt 0.519069016 0.051146924
vt 0.406346827 0.316116571
vt 0.416064500 0.349003016
vt 0.441212594 0.416011750
vt 0.4687711 0.442668497
vt 0.411225110 0.389555096
vt 0.898748219 0.586011052
vt 0.951558470 0.763451695
vt 0.928989350 0.794905066
vt 0.909276187 0.818634212
vt 0.893469929 0.836864769
vt 0.877294719 0.850999414
vt 0.858145535 0.862085819
vt 0.840941369 0.872262477
vt 0.396013706 0.309079408
vt 0.957741141 0.767536759
vt 0.892611444 0.760106325
vt 0.803547084 0.890403151
vt 0.394361436 0.278088808
vt 0.970009863 0.798039794
vt 0.265610307 0.132510185
vt 0.285094529 0.114558279
vt 0.963355064 0.175714492
vt 0.886649131 0.552611768
vt 0.954069495 0.187271595
vt 0.956419050 0.200559377
vt 0.944510579 0.216271221
vt 0.893855929 0.522031307
vt 0.926898896 0.536753892
vt 0.942858278 0.531484365
vt 0.955520153 0.118197679
vt 0.242657780 0.186382114
vt 0.890018045 0.378224551
vt 0.886811733 0.406745016
vt 0.883587479 0.442626059
vt 0.939924955 0.223256886
vt 0.049329776 0.646325767
vt 0.072052963 0.611088752
vt 0.089987814 0.585401654
vt 0.105311065 0.567959547
vt 0.896617889 0.468229293
vt 0.900919437 0.446533143
vt 0.122554749 0.556227326
vt 0.882246017 0.365995347
vt 0.040400356 0.638444364
vt 0.833751559 0.136047363
vt 0.839491725 0.129412889
vt 0.161862492 0.531361222
vt 0.875072002 0.340576350
vt 0.872546732 0.320210754
vt 0.795108795 0.121464371
vt 0.201863363 0.517510771
vt 0.767450332 0.107210874
vt 0.223853662 0.510657608
vt 0.759631991 0.099867641
vt 0.752773821 0.095784962
vt 0.757411181 0.083235442
vt 0.904993891 0.239557623
vt 0.951305210 0.364019572
vt 0.876859426 0.024055063
vt 0.875960767 0.239794313
vt 0.958391070 0.382034182
vt 0.849467217 0.033849954
vt 0.821062564 0.047161459
vt 0.798066258 0.058426618
vt 0.781585753 0.065764308
vt 0.769766807 0.075179398
vt 0.763528764 0.082776069
vt 0.761161506 0.085545718
vt 0.761271059 0.091987013
vt 0.761302411 0.093814849
vt 0.938945412 0.362769663
vt 0.888915538 0.026971459
vt 0.959548950 0.398895263
vt 0.910765886 0.252853691
vt 0.910996377 0.348519861
vt 0.908421278 0.364045739
vt 0.908495783 0.024996042
vt 0.896936297 0.367314517
vt 0.907560765 0.348463654
vt 0.895512223 0.390197753
vt 0.897676289 0.408820092
vt 0.899622261 0.426101028
vt 0.025339450 0.485858857
vt 0.024497620 0.505224824
vt 0.024286737 0.527479291
vt 0.023322792 0.552443146
vt 0.015709584 0.578912258
vt 0.975716352 0.531125843
vt 0.870768427 0.294633507
vt 0.320608705 0.112455964
vt 0.877566099 0.285034656
vt 0.862744689 0.278496980
vt 0.180177435 0.265325546
vt 0.181232646 0.287130653
vt 0.179352134 0.305272162
vt 0.179419666 0.322237312
vt 0.175642594 0.334914386
vt 0.184379801 0.350728750
vt 0.743241071 0.151756107
vt 0.191572845 0.376323640
vt 0.117247328 0.960511088
vt 0.079683713 0.929049789
vt 0.107433870 0.936321854
vt 0.058744501 0.919748783
vt 0.725394189 0.128813266
vt 0.513574838 0.503165304
vt 0.502417624 0.524573922
vt 0.487813085 0.543643832
vt 0.486910969 0.196334004
vt 0.445644289 0.311754584
vt 0.445605993 0.576771795
vt 0.428261518 0.362016141
vt 0.423680484 0.618821263
vt 0.413993865 0.657956838
vt 0.399121105 0.694549441
vt 0.380879044 0.730599165
vt 0.342189520 0.712408244
vt 0.523239255 0.541023612
vt 0.284400135 0.714068651
vt 0.255806505 0.733126759
vt 0.620477259 0.583259105
vt 0.716526746 0.657921671
vt 0.697244465 0.642538428
vt 0.732714951 0.672803521
vt 0.674947321 0.630250811
vt 0.650069117 0.618227303
vt 0.624332845 0.608280301
vt 0.597558140 0.600025892
vt 0.570780038 0.591980576
vt 0.745969295 0.688553690
vt 0.756466627 0.706604123
vt 0.273371428 0.364051401
vt 0.737550795 0.631424188
vt 0.196102351 0.607536077
vt 0.758508801 0.614621281
vt 0.348482608 0.931053102
vt 0.338149130 0.90842098
vt 0.336267083 0.886863112
vt 0.351876646 0.935829758
vt 0.353047549 0.936087906
vt 0.353240609 0.936184585
vt 0.354333281 0.936223328
vt 0.359625011 0.943742752
vt 0.374501556 0.962287783
vt 0.374739676 0.964675068
vt 0.336625188 0.862881541
vt 0.462236404 0.999507427
vt 0.350789338 0.815502882
vt 0.512584686 0.997592866
vt 0.372648984 0.771272718
vt 0.563300490 0.990202307
vt 0.394174069 0.723495841
vt 0.611410975 0.977462291
vt 0.421926558 0.681966424
vt 0.662817537 0.971200764
vt 0.445967465 0.636155366
vt 0.710449218 0.957355380
vt 0.476001799 0.597826838
vt 0.752528548 0.942188203
vt 0.842791378 0.554610133
vt 0.813871681 0.574704945
vt 0.787354350 0.595896303
vt 0.867498278 0.534513235
vt 0.203300908 0.287805676
vt 0.887327313 0.520399510
vt 0.219890847 0.297432184
vt 0.235596358 0.309844732
vt 0.500757873 0.568050742
vt 0.249962046 0.324720621
vt 0.263152062 0.342150628
vt 0.877837538 0.483001709
vt 0.199970543 0.628990948
vt 0.203990817 0.65218997
vt 0.215158239 0.679044604
vt 0.206926837 0.398243308
vt 0.000947585 0.855368077
vt 0.019608538 0.867749273
vt 0.193542212 0.431769430
vt 0.187686488 0.464391768
vt 0.028300356 0.427677273
vt 0.877663493 0.311009049
vt 0.916516304 0.590311288
vt 0.886445760 0.331808626
vt 0.901486158 0.599874019
vt 0.015729527 0.023780286
vt 0.020738882 0.403707861
vt 0.020869994 0.381773948
vt 0.907175302 0.330325305
vt 0.947546362 0.618299484
vt 0.932239055 0.650259375
vt 0.947551488 0.328836619
vt 0.949706375 0.653723239
vt 0.953902602 0.287011265
vt 0.957244575 0.308937847
vt 0.967527031 0.648665010
vt 0.028778869 0.299382627
vt 0.029167383 0.331450700
vt 0.025321288 0.356936931
vt 0.303611636 0.100692629
vt 0.981960773 0.938381075
vt 0.349019020 0.070889532
vt 0.332489341 0.079566657
vt 0.369706094 0.051755428
vt 0.757651329 0.681426763
vt 0.761278748 0.696827054
vt 0.915312945 0.960791587
vt 0.366247743 0.006089448
vt 0.785984635 0.737989246
vt 0.803654551 0.760733246
vt 0.770577430 0.715218067
vt 0.827766358 0.779172480
vt 0.847111165 0.793481469
vt 0.806249797 0.929985880
vt 0.875122189 0.813019335
vt 0.785262167 0.919036269
vt 0.787684083 0.918763756
vt 0.893475353 0.818694591
vt 0.784183621 0.908906996
vt 0.775028228 0.902412653
vt 0.784009099 0.905632853
vt 0.782592713 0.897000968
vt 0.906864583 0.796315491
vt 0.789171457 0.894096374
vt 0.904089391 0.785047233
vt 0.899332642 0.663143038
vt 0.885818481 0.663368582
vt 0.881224215 0.671891927
s 1
g Patch
f 1109/1319 1110/1320 1111/1321 1112/1322
f 1112/1322 1119/1329 1113/2837 1109/1319
f 1124/2843 1125/1335 1112/1322 1111/1321
f 1125/1335 1126/1336 1119/1329 1112/1322
f 1150/1360 1125/1335 1124/2843 1148/2849
f 1150/1360 1151/1361 1126/1336 1125/1335
f 2474/2684 2472/3095 2456/3090 2455/3088
f 2455/3088 1184/2863 1187/2864 2474/2684
f 2472/3095 2474/2684 2475/2685 2476/2686
f 2474/2684 1187/2864 2477/2687 2475/2685
f 2484/3098 2476/2686 2475/2685 2485/2695
f 2475/2685 2477/2687 2486/2696 2485/2695
f 2490/2700 2489/3101 2484/3098 2485/2695
f 2486/2696 2488/3100 2491/2701 2485/2695
f 2491/2701 2492/2702 2490/2700 2485/2695
f 2492/2702 2491/2701 2488/3100 2493/2703
f 2489/3101 2490/2700 2492/2702 2493/2703
f 1150/1360 2601/2811 2598/3132 1151/1361
f 2599/3133 2598/3132 2601/2811 2602/2812
f 2599/3133 2602/2812 2603/2813 2600/3134
f 1150/1360 1148/2849 2600/3134 2603/2813
f 1150/1360 2603/2813 2602/2812 2601/2811
g Main
f 1120/1330 1121/1331 1111/2836 1110/2835
f 1123/1333 1124/1334 1111/2836 1121/1331
f 1127/1337 1113/2838 1119/2840 1128/1338
f 1129/1339 1128/1338 1119/2840 1126/2844
f 1120/1330 1143/1353 1144/1354 1121/1331
f 1146/1356 1123/1333 1121/1331 1144/1354
f 1147/1357 1148/1358 1124/1334 1123/1333
f 1147/1357 1123/1333 1146/1356 1149/1359
f 1129/1339 1126/2844 1151/2850 1152/1362
f 1146/1356 1129/1339 1152/1362 1149/1359
f 1146/1356 1144/1354 1128/1338 1129/1339
f 1127/1337 1128/1338 1144/1354 1143/1353
f 1186/1396 1187/1397 1184/2862 1182/2860
f 1183/2861 1188/1398 1186/1396 1182/2860
f 2456/3089 2472/2682 2473/2683 2458/3091
f 2473/2683 1188/1398 1183/2861 2458/3091
f 2473/2683 2472/2682 2476/3096 2478/2688
f 1188/1398 2473/2683 2478/2688 2479/2689
f 2480/2690 1186/1396 1188/1398 2479/2689
f 2481/2691 2479/2689 2478/2688 2482/2692
f 2481/2691 2483/2693 2480/2690 2479/2689
f 2478/2688 2476/3096 2484/2694 2482/2692
f 2483/2693 2486/3099 2477/3097 2480/2690
f 2477/3097 1187/1397 1186/1396 2480/2690
f 2482/2692 2487/2697 2483/2693 2481/2691
f 2487/2697 2488/2698 2486/3099 2483/2693
f 2484/2694 2489/2699 2487/2697 2482/2692
f 2488/2698 2487/2697 2489/2699 2493/3102
f 1149/1359 1152/1362 2597/2807 1147/1357
f 1152/1362 1151/2850 2598/2808 2597/2807
f 2599/2809 2600/2810 2597/2807 2598/2808
f 1147/1357 2597/2807 2600/2810 1148/1358
g Patch_1
f 1109/2832 1113/1323 1114/1324 1115/1325
f 1109/2833 1116/1326 1117/1327 1110/2834
f 1109/2832 1115/1325 1118/1328 1116/2839
f 1120/2841 1110/2834 1117/1327 1122/1332
f 1127/2845 1130/1340 1114/1324 1113/1323
f 1131/1341 1132/1342 1114/1324 1130/1340
f 1132/1342 1133/1343 1115/1325 1114/1324
f 1133/1343 1134/1344 1118/1328 1115/1325
f 1135/1345 1116/2839 1118/1328 1136/1346
f 1136/1346 1118/1328 1134/1344 1137/1347
f 1138/1348 1117/1327 1116/1326 1135/2846
f 1139/1349 1122/1332 1117/1327 1138/1348
f 1120/2841 1122/1332 1140/1350 1141/1351
f 1139/1349 1142/1352 1140/1350 1122/1332
f 1120/2842 1141/2847 1145/1355 1143/2848
f 1127/2845 1153/1363 1154/1364 1130/1340
f 1127/2845 1143/2848 1145/1355 1153/1363
f 1155/1365 1131/1341 1130/1340 1154/1364
f 1155/1365 1156/1366 1157/1367 1131/1341
f 1131/1341 1157/1367 1158/1368 1132/1342
f 1132/1342 1158/1368 1159/1369 1133/1343
f 1133/1343 1159/1369 1160/1370 1134/1344
f 1137/1347 1134/1344 1160/1370 1161/1371
f 1136/1346 1137/1347 1162/1372 1163/1373
f 1137/1347 1161/1371 1164/1374 1162/1372
f 1135/1345 1136/1346 1163/1373 1165/1375
f 1166/1376 1165/2853 1163/2852 1167/1377
f 1167/2854 1163/1373 1162/1372 1168/1378
f 1164/1374 1169/1379 1168/1378 1162/1372
f 1170/1380 1169/1379 1164/1374 1171/1381
f 1161/1371 1172/1382 1171/1381 1164/1374
f 1161/1371 1160/1370 1173/1383 1172/1382
f 1173/1383 1160/1370 1159/1369 1174/1384
f 1174/1384 1159/1369 1158/1368 1175/1385
f 1175/1385 1158/1368 1157/1367 1176/1386
f 1156/1366 1177/1387 1176/1386 1157/1367
f 1178/1388 1179/1389 1156/1366 1155/1365
f 1179/2857 1180/1390 1177/2855 1156/2851
f 1154/1364 1181/1391 1178/1388 1155/1365
f 1181/1391 1154/1364 1153/1363 1182/1392
f 1153/1363 1145/1355 1183/1393 1182/1392
f 1184/1394 1185/1395 1181/2858 1182/2859
f 1181/2858 1185/1395 1189/1399 1178/2856
f 1189/1399 1190/1400 1179/2857 1178/2856
f 1180/1390 1179/2857 1190/1400 1191/1401
f 1192/1402 1193/1403 1180/1390 1191/1401
f 1194/1404 1177/2855 1180/1390 1193/1403
f 1195/1405 1176/1386 1177/1387 1194/2865
f 1175/1385 1176/1386 1195/1405 1196/1406
f 1174/1384 1175/1385 1196/1406 1197/1407
f 1173/1383 1174/1384 1197/1407 1198/1408
f 1173/1383 1198/1408 1199/1409 1172/1382
f 1200/1410 1171/1381 1172/1382 1199/1409
f 1200/1410 1199/1409 1201/1411 1202/1412
f 1201/1411 1199/1409 1198/1408 1203/1413
f 1203/1413 1198/1408 1197/1407 1204/1414
f 1204/1414 1197/1407 1196/1406 1205/1415
f 1195/1405 1206/1416 1205/1415 1196/1406
f 1195/1405 1194/2865 1207/1417 1206/1416
f 1208/1418 1207/2866 1194/1404 1193/1403
f 1192/1402 1209/1419 1208/1418 1193/1403
f 1209/1419 1192/1402 1210/1420 1211/1421
f 1210/1420 1192/1402 1191/1401 1212/1422
f 1191/1401 1190/1400 1213/1423 1212/1422
f 1214/1424 1213/1423 1190/1400 1189/1399
f 1185/1395 1215/1425 1214/1424 1189/1399
f 1216/1426 1217/1427 1213/1423 1214/1424
f 1215/1425 1218/1428 1216/1426 1214/1424
f 1212/1422 1213/1423 1217/1427 1219/1429
f 1220/1430 1210/1420 1212/1422 1219/1429
f 1211/1421 1210/1420 1220/1430 1221/1431
f 1222/1432 1223/1433 1211/1421 1221/1431
f 1223/1433 1224/1434 1209/1419 1211/1421
f 1225/1435 1208/1418 1209/1419 1224/1434
f 1226/1436 1207/2866 1208/1418 1225/1435
f 1227/1437 1206/1416 1207/1417 1226/2872
f 1228/1438 1205/1415 1206/1416 1227/1437
f 1204/1414 1205/1415 1228/1438 1229/1439
f 1203/1413 1204/1414 1229/1439 1230/1440
f 1201/1411 1203/1413 1230/1440 1231/1441
f 1242/2882 1222/1432 1221/1431 1244/1454
f 1221/1431 1220/1430 1245/1455 1244/1454
f 1246/1456 1245/1455 1220/1430 1219/1429
f 1246/1456 1219/1429 1217/1427 1247/1457
f 1245/1455 1246/1456 1248/1458 1249/1459
f 1250/1460 1248/1458 1246/1456 1247/1457
f 1251/1461 1244/1454 1245/1455 1249/1459
f 1251/1461 1252/1462 1242/2882 1244/1454
f 1252/1462 1251/1461 1280/1490 1279/2888
f 1281/1491 1280/1490 1251/1461 1249/1459
f 1280/1490 1281/1491 1282/1492 1283/1493
f 1284/1494 1279/2888 1280/1490 1283/1493
f 1778/1988 1779/1989 1748/3001 1751/3002
f 1778/1988 1751/3002 1777/3003 1780/1990
f 1782/3004 1783/1993 1780/1990 1777/3003
f 1782/3004 1805/3005 1806/2016 1783/1993
f 1806/2016 1807/2017 1808/2018 1783/1993
f 1809/2019 1780/1990 1783/1993 1808/2018
f 1809/2019 1810/2020 1778/1988 1780/1990
f 1811/2021 1812/2022 1809/2019 1808/2018
f 1809/2019 1812/2022 1813/2023 1810/2020
f 1811/2021 1808/2018 1807/2017 1814/2024
f 1806/2016 1815/2025 1816/2026 1807/2017
f 1816/2026 1817/2027 1814/2024 1807/2017
f 1806/2016 1805/3005 1818/2028 1815/2025
f 1815/2025 1818/2028 1835/3007 1836/2046
f 1837/2047 1816/2026 1815/2025 1836/2046
f 1837/2047 1838/2048 1817/2027 1816/2026
f 1839/2049 1840/2050 1814/2024 1817/2027
f 1817/2027 1838/2048 1841/2051 1839/2049
f 1840/2050 1842/2052 1811/2021 1814/2024
f 1839/2049 1843/2053 1844/2054 1840/2050
f 1840/2050 1844/2054 1845/2055 1842/2052
f 1841/2051 1846/2056 1843/2053 1839/2049
f 1847/2057 1848/2058 1846/2056 1841/2051
f 1838/2048 1849/2059 1847/2057 1841/2051
f 1838/2048 1837/2047 1850/2060 1849/2059
f 1851/2061 1850/2060 1837/2047 1836/2046
f 1851/2061 1836/2046 1835/3007 1852/2062
f 2420/3082 2421/2631 1851/2061 1852/2062
f 2421/3084 2420/3083 1284/1494 1283/1493
f 2421/3084 1283/1493 1282/1492 2422/2632
f 1850/2060 1851/2061 2421/2631 2422/3085
f 1282/1492 2423/2633 2424/2634 2422/2632
f 2423/2633 1282/1492 1281/1491 2425/2635
f 1850/2060 2422/3085 2424/3086 1849/2059
f 2424/2634 2426/2636 1847/3009 1849/3011
f 2426/2636 2424/2634 2423/2633 2427/2637
f 2423/2633 2425/2635 2428/2638 2427/2637
f 1248/1458 1250/1460 2428/2638 2425/2635
f 1281/1491 1249/1459 1248/1458 2425/2635
f 2427/2637 2428/2638 2429/2639 2430/2640
f 2431/2641 2429/2639 2428/2638 1250/1460
f 2432/2642 2426/2636 2427/2637 2430/2640
f 1848/3010 1847/3009 2426/2636 2432/2642
f 2433/2643 2434/2644 2432/2642 2430/2640
f 2434/2644 2435/2645 1848/3010 2432/2642
f 2433/2643 2430/2640 2429/2639 2436/2646
f 2429/2639 2431/2641 2437/2647 2436/2646
f 2437/2647 2431/2641 2438/2648 2439/2649
f 2431/2641 1250/1460 1247/1457 2438/2648
f 2436/2646 2437/2647 2440/2650 2441/2651
f 2440/2650 2437/2647 2439/2649 2442/2652
f 2443/2653 2433/2643 2436/2646 2441/2651
f 2434/2644 2433/2643 2443/2653 2444/2654
f 2445/2655 2435/2645 2434/2644 2444/2654
f 2435/2645 2445/2655 2446/2656 2447/2657
f 1846/3008 1848/3010 2435/2645 2447/2657
f 2443/2653 2448/2658 2445/2655 2444/2654
f 2445/2655 2448/2658 2449/2659 2446/2656
f 2448/2658 2443/2653 2441/2651 2450/2660
f 2441/2651 2440/2650 2451/2661 2450/2660
f 2451/2661 2440/2650 2442/2652 2452/2662
f 2442/2652 2453/2663 2454/2664 2452/2662
f 2439/2649 1218/1428 2453/2663 2442/2652
f 2438/2648 1216/1426 1218/1428 2439/2649
f 1247/1457 1217/1427 1216/1426 2438/2648
f 2453/2663 1218/1428 1215/1425 2455/2665
f 2456/2666 2454/2664 2453/2663 2455/2665
f 2457/2667 2454/2664 2456/2666 2458/2668
f 2452/2662 2454/2664 2457/2667 2459/2669
f 2460/2670 2451/2661 2452/2662 2459/2669
f 2451/2661 2460/2670 2461/2671 2450/2660
f 2448/2658 2450/2660 2461/2671 2449/2659
f 2449/2659 2462/2672 2463/2673 2446/2656
f 2461/2671 2464/2674 2462/2672 2449/2659
f 2447/2657 2446/2656 2463/2673 2465/2675
f 1843/2053 1846/2056 2447/3087 2465/3093
f 2465/2675 2463/2673 2466/2676 2467/2677
f 2465/3093 2467/3094 1844/2054 1843/2053
f 2466/2676 2463/2673 2462/2672 2468/2678
f 2468/2678 2462/2672 2464/2674 2469/2679
f 2470/2680 2471/2681 2469/2679 2464/2674
f 2464/2674 2461/2671 2460/2670 2470/2680
f 2460/2670 2459/2669 1142/1352 2470/2680
f 2457/2667 1140/1350 1142/1352 2459/2669
f 1141/1351 1140/1350 2457/2667 2458/2668
f 1183/1393 1145/1355 1141/2847 2458/3092
f 1215/1425 1185/1395 1184/1394 2455/2665
f 2470/2680 1142/1352 1139/1349 2471/2681
f 1139/1349 1138/1348 2494/2704 2471/2681
f 2495/2705 2469/2679 2471/2681 2494/2704
f 2495/2705 2494/2704 1165/2853 1166/1376
f 1138/1348 1135/2846 1165/2853 2494/2704
f 2468/2678 2469/2679 2495/2705 2496/2706
f 2495/2705 1166/1376 2497/2707 2496/2706
f 1166/1376 1167/1377 2498/2708 2497/2707
f 2499/2709 2500/2710 2496/2706 2497/2707
f 2499/2709 2497/2707 2498/2708 2501/2711
f 2466/2676 2468/2678 2496/2706 2500/2710
f 2499/2709 2501/2711 2502/2712 2500/2710
f 2467/2677 2466/2676 2500/2710 2502/2712
f 2503/2713 2504/2714 2501/3104 2498/3103
f 2504/2714 1845/2055 2502/3105 2501/3104
f 1167/2854 1168/1378 2503/2713 2498/3103
f 2503/2713 1168/1378 1169/1379 2505/2715
f 2503/2713 2505/2715 2506/2716 2504/2714
f 2504/2714 2506/2716 1842/2052 1845/2055
f 2467/3094 2502/3105 1845/2055 1844/2054
f 1811/2021 1842/2052 2506/2716 1812/2022
f 2505/2715 1813/2023 1812/2022 2506/2716
f 2505/2715 1169/1379 1170/1380 1813/2023
f 1170/1380 2507/2717 1810/2020 1813/2023
f 1170/1380 1171/1381 1200/1410 2507/2717
f 1778/1988 1810/2020 2507/2717 1779/1989
f 1200/1410 1202/1412 1779/1989 2507/2717
f 1748/3001 1779/1989 1202/1412 1747/3000
f 1201/1411 1231/1441 1747/3000 1202/1412
g Patch_2
f 1232/1442 1231/2879 1230/2877 1233/1443
f 1233/2880 1230/2878 1229/2876 1234/1444
f 1228/2875 1235/1445 1234/1444 1229/2876
f 1228/2875 1227/2874 1236/1446 1235/1445
f 1227/2874 1226/2873 1237/1447 1236/1446
f 1238/1448 1237/1447 1226/2873 1225/2871
f 1239/1449 1238/1448 1225/2871 1224/2870
f 1223/2869 1240/1450 1239/1449 1224/2870
f 1240/1450 1223/2869 1222/2867 1241/1451
f 1241/2881 1222/2868 1242/1452 1243/1453
f 1243/1453 1242/1452 1252/2883 1253/1463
f 1254/1464 1255/1465 1243/1453 1253/1463
f 1255/1465 1256/1466 1241/2881 1243/1453
f 1256/2884 1257/1467 1240/1450 1241/1451
f 1258/1468 1239/1449 1240/1450 1257/1467
f 1259/1469 1238/1448 1239/1449 1258/1468
f 1260/1470 1237/1447 1238/1448 1259/1469
f 1261/1471 1236/1446 1237/1447 1260/1470
f 1262/1472 1235/1445 1236/1446 1261/1471
f 1263/1473 1234/1444 1235/1445 1262/1472
f 1233/2880 1234/1444 1263/1473 1264/1474
f 1263/1473 1262/1472 1265/1475 1266/1476
f 1263/1473 1266/1476 1267/1477 1264/1474
f 1262/1472 1261/1471 1268/1478 1265/1475
f 1261/1471 1260/1470 1269/1479 1268/1478
f 1270/1480 1269/1479 1260/1470 1259/1469
f 1271/1481 1270/1480 1259/1469 1258/1468
f 1272/1482 1271/1481 1258/1468 1257/1467
f 1256/2884 1273/1483 1272/1482 1257/1467
f 1256/1466 1255/1465 1274/1484 1273/2887
f 1275/1485 1274/1484 1255/1465 1254/1464
f 1275/1485 1254/1464 1276/1486 1277/1487
f 1278/1488 1276/1486 1254/1464 1253/1463
f 1278/1488 1253/1463 1252/2883 1279/1489
f 1284/2889 1285/1495 1278/1488 1279/1489
f 1276/1486 1278/1488 1285/1495 1286/1496
f 1276/1486 1286/1496 1287/1497 1277/1487
f 1275/1485 1277/1487 1288/1498 1289/1499
f 1287/1497 1290/1500 1288/1498 1277/1487
f 1291/1501 1274/1484 1275/1485 1289/1499
f 1274/1484 1291/1501 1292/1502 1273/2887
f 1272/1482 1273/1483 1293/1503 1294/1504
f 1292/1502 1295/1505 1293/2890 1273/2887
f 1296/1506 1271/1481 1272/1482 1294/1504
f 1270/1480 1271/1481 1296/1506 1297/1507
f 1298/1508 1269/1479 1270/1480 1297/1507
f 1299/1509 1300/1510 1298/1508 1297/1507
f 1296/1506 1301/1511 1299/1509 1297/1507
f 1301/1511 1296/1506 1294/1504
f 1306/1516 1295/1505 1292/1502 1307/1517
f 1292/1502 1291/1501 1309/1519 1307/1517
f 1291/1501 1289/1499 1310/1520 1309/1519
f 1288/1498 1311/1521 1310/1520 1289/1499
f 1311/1521 1288/1498 1290/1500 1312/1522
f 1290/1500 1287/1497 1313/1523 1314/1524
f 1315/1525 1312/1522 1290/1500 1314/1524
f 1316/1526 1313/1523 1287/1497 1286/1496
f 1313/1523 1316/1526 1317/1527 1318/1528
f 1319/1529 1314/1524 1313/1523 1318/1528
f 1319/1529 1320/1530 1315/1525 1314/1524
f 1321/1531 1315/1525 1320/1530 1322/1532
f 1315/1525 1321/1531 1323/1533 1312/1522
f 1323/1533 1324/1534 1311/1521 1312/1522
f 1325/1535 1310/1520 1311/1521 1324/1534
f 1310/1520 1325/1535 1326/1536 1309/1519
f 1309/1519 1326/1536 1327/1537 1307/1517
f 1306/1516 1307/1517 1327/1537 1328/1538
f 1343/2903 1328/1538 1327/1537 1344/1554
f 1344/1554 1327/1537 1326/1536 1345/1555
f 1345/1555 1326/1536 1325/1535 1346/1556
f 1347/1557 1346/1556 1325/1535 1324/1534
f 1323/1533 1348/1558 1347/1557 1324/1534
f 1348/1558 1323/1533 1321/1531 1349/1559
f 1321/1531 1322/1532 1350/1560 1349/1559
f 1348/1558 1349/1559 1351/1561 1352/1562
f 1350/1560 1353/1563 1351/1561 1349/1559
f 1354/1564 1347/1557 1348/1558 1352/1562
f 1347/1557 1354/1564 1355/1565 1346/1556
f 1355/1565 1356/1566 1345/1555 1346/1556
f 1356/1566 1357/1567 1344/1554 1345/1555
f 1357/1567 1358/1568 1343/2903 1344/1554
f 1383/2907 1358/1568 1357/1567 1384/1594
f 1357/1567 1356/1566 1385/1595 1384/1594
f 1386/1596 1385/1595 1356/1566 1355/1565
f 1387/1597 1385/1595 1386/1596 1388/1598
f 1384/1594 1385/1595 1387/1597 1389/1599
f 1390/1600 1391/1601 1383/2908 1384/2909
f 1392/1602 1390/1600 1384/2909 1389/2912
f 1418/1628 1417/2921 1391/1601 1390/1600
f 1419/1629 1418/1628 1390/1600 1392/1602
f 1419/1629 1392/1602 1420/1630 1421/1631
f 1422/1632 1420/1630 1392/1602 1389/2912
f 1423/1633 1424/1634 1419/1629 1421/1631
f 1425/1635 1418/1628 1419/1629 1424/1634
f 1417/2921 1418/1628 1425/1635 1426/1636
f 1452/1662 1453/1663 1451/2925 1426/1636
f 1452/1662 1426/1636 1425/1635 1454/1664
f 1454/1664 1425/1635 1424/1634 1455/1665
f 1452/1662 1454/1664 1456/1666 1457/1667
f 1456/1666 1454/1664 1455/1665 1458/1668
f 1453/1663 1452/1662 1457/1667 1459/1669
f 1460/1670 1453/1663 1459/1669 1461/1671
f 1462/1672 1451/2925 1453/1663 1460/1670
f 1462/1672 1460/1670 1299/1509 1301/1511
f 1299/1509 1460/1670 1461/1671 1300/1510
f 1300/1510 1461/1671 1484/1694 1485/1695
f 1461/1671 1459/1669 1486/1696 1484/1694
f 1487/1697 1298/1508 1300/1510 1485/1695
f 1488/1698 1485/1695 1484/1694 1489/1699
f 1487/1697 1485/1695 1488/1698 1490/1700
f 1484/1694 1486/1696 1491/1701 1489/1699
f 1492/1702 1491/1701 1486/1696 1493/1703
f 1459/1669 1457/1667 1493/1703 1486/1696
f 1498/1708 1490/1700 1488/1698
f 1498/1708 1266/1476 1265/1475 1490/1700
f 1487/1697 1490/1700 1265/1475 1268/1478
f 1487/1697 1268/1478 1269/1479 1298/1508
f 1498/1708 1500/1710 1267/1477 1266/1476
f 1492/1702 1511/1721 1512/1722 1508/2938
f 1513/1723 1511/1721 1492/1702 1493/1703
f 1457/1667 1456/1666 1513/1723 1493/1703
f 1458/1668 1514/1724 1513/1723 1456/1666
f 1514/1724 1515/1725 1511/1721 1513/1723
f 1515/1725 1516/1726 1512/1722 1511/1721
f 1517/1727 1518/1728 1512/2940 1516/2941
f 1518/1728 1519/1729 1508/2939 1512/2940
f 1547/1757 1546/2950 1519/1729 1518/1728
f 1548/1758 1547/1757 1518/1728 1517/1727
f 1547/1757 1549/1759 1550/1760 1551/1761
f 1547/1757 1551/1761 1552/1762 1546/2950
f 1548/1758 1553/1763 1549/1759 1547/1757
f 1267/1477 1500/1710 1718/2997 1719/1929
f 1720/1930 1719/2999 1718/2998 1717/2996
f 1585/2956 1721/1931 1720/1930 1717/2996
f 1722/1932 1721/1931 1585/2956 1582/2955
f 1723/1933 1724/1934 1721/1931 1722/1932
f 1720/1930 1721/1931 1724/1934 1725/1935
f 1720/1930 1725/1935 1726/1936 1719/2999
f 1267/2886 1719/2999 1726/1936 1727/1937
f 1267/2886 1727/1937 1728/1938 1264/2885
f 1729/1939 1730/1940 1727/1937 1726/1936
f 1731/1941 1728/1938 1727/1937 1730/1940
f 1725/1935 1732/1942 1729/1939 1726/1936
f 1725/1935 1724/1934 1733/1943 1732/1942
f 1734/1944 1733/1943 1724/1934 1723/1933
f 1734/1944 1723/1933 1550/1760 1735/1945
f 1723/1933 1722/1932 1551/1761 1550/1760
f 1722/1932 1582/2955 1552/1762 1551/1761
f 1735/1945 1550/1760 1549/1759 1736/1946
f 1737/1947 1738/1948 1735/1945 1736/1946
f 1734/1944 1735/1945 1738/1948 1739/1949
f 1740/1950 1733/1943 1734/1944 1739/1949
f 1740/1950 1741/1951 1732/1942 1733/1943
f 1729/1939 1732/1942 1741/1951 1742/1952
f 1729/1939 1742/1952 1743/1953 1730/1940
f 1743/1953 1744/1954 1731/1941 1730/1940
f 1745/1955 1232/1442 1728/1938 1731/1941
f 1745/1955 1731/1941 1744/1954 1746/1956
f 1232/1442 1233/1443 1264/2885 1728/1938
f 1745/1955 1747/1957 1231/2879 1232/1442
f 1748/1958 1747/1957 1745/1955 1746/1956
f 1749/1959 1750/1960 1746/1956 1744/1954
f 1748/1958 1746/1956 1750/1960 1751/1961
f 1743/1953 1752/1962 1749/1959 1744/1954
f 1743/1953 1742/1952 1753/1963 1752/1962
f 1754/1964 1753/1963 1742/1952 1741/1951
f 1754/1964 1741/1951 1740/1950 1755/1965
f 1740/1950 1739/1949 1756/1966 1755/1965
f 1757/1967 1756/1966 1739/1949 1738/1948
f 1737/1947 1758/1968 1757/1967 1738/1948
f 1759/1969 1760/1970 1737/1947 1736/1946
f 1737/1947 1760/1970 1761/1971 1758/1968
f 1759/1969 1736/1946 1549/1759 1553/1763
f 1762/1972 1763/1973 1759/1969 1553/1763
f 1759/1969 1763/1973 1764/1974 1760/1970
f 1765/1975 1761/1971 1760/1970 1764/1974
f 1766/1976 1767/1977 1761/1971 1765/1975
f 1767/1977 1768/1978 1758/1968 1761/1971
f 1757/1967 1758/1968 1768/1978 1769/1979
f 1757/1967 1769/1979 1770/1980 1756/1966
f 1770/1980 1771/1981 1755/1965 1756/1966
f 1754/1964 1755/1965 1771/1981 1772/1982
f 1773/1983 1753/1963 1754/1964 1772/1982
f 1773/1983 1774/1984 1752/1962 1753/1963
f 1749/1959 1752/1962 1774/1984 1775/1985
f 1749/1959 1775/1985 1776/1986 1750/1960
f 1776/1986 1777/1987 1751/1961 1750/1960
f 1776/1986 1781/1991 1782/1992 1777/1987
f 1776/1986 1775/1985 1784/1994 1781/1991
f 1785/1995 1784/1994 1775/1985 1774/1984
f 1785/1995 1774/1984 1773/1983 1786/1996
f 1773/1983 1772/1982 1787/1997 1786/1996
f 1788/1998 1787/1997 1772/1982 1771/1981
f 1770/1980 1789/1999 1788/1998 1771/1981
f 1770/1980 1769/1979 1790/2000 1789/1999
f 1791/2001 1790/2000 1769/1979 1768/1978
f 1767/1977 1792/2002 1791/2001 1768/1978
f 1766/1976 1793/2003 1792/2002 1767/1977
f 1794/2004 1791/2001 1792/2002 1795/2005
f 1793/2003 1796/2006 1795/2005 1792/2002
f 1794/2004 1797/2007 1790/2000 1791/2001
f 1797/2007 1798/2008 1789/1999 1790/2000
f 1788/1998 1789/1999 1798/2008 1799/2009
f 1788/1998 1799/2009 1800/2010 1787/1997
f 1800/2010 1801/2011 1786/1996 1787/1997
f 1785/1995 1786/1996 1801/2011 1802/2012
f 1803/2013 1784/1994 1785/1995 1802/2012
f 1803/2013 1804/2014 1781/1991 1784/1994
f 1782/1992 1781/1991 1804/2014 1805/2015
f 1818/3006 1805/2015 1804/2014 1819/2029
f 1820/2030 1819/2029 1804/2014 1803/2013
f 1820/2030 1803/2013 1802/2012 1821/2031
f 1822/2032 1821/2031 1802/2012 1801/2011
f 1800/2010 1823/2033 1822/2032 1801/2011
f 1800/2010 1799/2009 1824/2034 1823/2033
f 1825/2035 1824/2034 1799/2009 1798/2008
f 1826/2036 1825/2035 1798/2008 1797/2007
f 1827/2037 1828/2038 1825/2035 1826/2036
f 1828/2038 1829/2039 1824/2034 1825/2035
f 1823/2033 1824/2034 1829/2039 1830/2040
f 1831/2041 1822/2032 1823/2033 1830/2040
f 1831/2041 1832/2042 1821/2031 1822/2032
f 1821/2031 1832/2042 1833/2043 1820/2030
f 1833/2043 1834/2044 1819/2029 1820/2030
f 1819/2029 1834/2044 1835/2045 1818/3006
f 1835/2045 1834/2044 1853/2063 1852/3012
f 1317/1527 1853/2063 1834/2044 1833/2043
f 1832/2042 1318/1528 1317/1527 1833/2043
f 1832/2042 1831/2041 1319/1529 1318/1528
f 1320/1530 1319/1529 1831/2041 1830/2040
f 1320/1530 1830/2040 1829/2039 1322/1532
f 1829/2039 1828/2038 1350/1560 1322/1532
f 1353/1563 1350/1560 1828/2038 1827/2037
f 1854/2064 1353/1563 1827/2037 1855/2065
f 1856/2066 1351/1561 1353/1563 1854/2064
f 1857/2067 1855/2065 1827/2037 1826/2036
f 1858/2068 1859/2069 1854/2064 1855/2065
f 1857/2067 1860/2070 1858/2068 1855/2065
f 1856/2066 1854/2064 1859/2069 1861/2071
f 1351/1561 1856/2066 1862/2072 1352/1562
f 1863/2073 1862/2072 1856/2066 1861/2071
f 1864/2074 1863/2073 1861/2071 1865/2075
f 1861/2071 1859/2069 1866/2076 1865/2075
f 1859/2069 1858/2068 1867/2077 1866/2076
f 1868/2078 1867/2077 1858/2068 1860/2070
f 1794/2004 1795/2005 1860/2070 1857/2067
f 1860/2070 1795/2005 1796/2006 1868/2078
f 1826/2036 1797/2007 1794/2004 1857/2067
f 1869/2079 1870/2080 1868/2078 1796/2006
f 1867/2077 1868/2078 1870/2080 1871/2081
f 1867/2077 1871/2081 1872/2082 1866/2076
f 1866/2076 1872/2082 1873/2083 1865/2075
f 1864/2074 1865/2075 1873/2083 1874/2084
f 1875/2085 1876/2086 1864/3014 1874/3015
f 1876/2086 1877/2087 1863/3013 1864/3014
f 1862/2072 1863/2073 1877/3016 1878/2088
f 1354/1564 1352/1562 1862/2072 1878/2088
f 1386/1596 1878/2088 1877/3016 1388/1598
f 1386/1596 1355/1565 1354/1564 1878/2088
f 1877/2087 1876/2086 1879/2089 1388/2911
f 1880/2090 1879/2089 1876/2086 1875/2085
f 1881/2091 1880/2090 1875/2085 1882/2092
f 1875/2085 1874/3015 1883/2093 1882/2092
f 1873/2083 1884/2094 1883/3017 1874/2084
f 1884/2094 1873/2083 1872/2082 1885/2095
f 1886/2096 1885/2095 1872/2082 1871/2081
f 1870/2080 1887/2097 1886/2096 1871/2081
f 1869/2079 1888/2098 1887/2097 1870/2080
f 1793/2003 1889/2099 1869/2079 1796/2006
f 1869/2079 1889/2099 1890/2100 1888/2098
f 1891/2101 1887/2097 1888/2098 1892/2102
f 1890/2100 1893/2103 1892/2102 1888/2098
f 1894/2104 1886/2096 1887/2097 1891/2101
f 1886/2096 1894/2104 1895/2105 1885/2095
f 1895/2105 1896/2106 1884/2094 1885/2095
f 1896/2106 1897/2107 1883/3017 1884/2094
f 1883/2093 1897/3018 1898/2108 1882/2092
f 1881/2091 1882/2092 1898/2108 1899/2109
f 1900/2110 1901/2111 1881/2091 1899/2109
f 1901/2111 1902/2112 1880/2090 1881/2091
f 1879/2089 1880/2090 1902/2112 1903/2113
f 1387/2910 1388/2911 1879/2089 1903/2113
f 1422/1632 1903/2113 1902/2112 1904/2114
f 1422/1632 1389/2912 1387/2910 1903/2113
f 1902/2112 1901/2111 1905/2115 1904/2114
f 1906/2116 1905/2115 1901/2111 1900/2110
f 1907/2117 1906/2116 1900/2110 1908/2118
f 1900/2110 1899/2109 1909/2119 1908/2118
f 1898/2108 1910/2120 1909/2119 1899/2109
f 1910/2120 1898/2108 1897/3018 1911/2121
f 1897/2107 1896/2106 1912/2122 1911/3019
f 1912/2122 1896/2106 1895/2105 1913/2123
f 1913/2123 1895/2105 1894/2104 1914/2124
f 1915/2125 1914/2124 1894/2104 1891/2101
f 1891/2101 1892/2102 1916/2126 1915/2125
f 1916/2126 1892/2102 1893/2103 1917/2127
f 1890/2100 1918/2128 1919/2129 1893/2103
f 1917/2127 1893/2103 1919/2129 1920/2130
f 1916/2126 1917/2127 1921/2131 1922/2132
f 1921/2131 1917/2127 1920/2130 1923/2133
f 1916/2126 1922/2132 1924/2134 1915/2125
f 1915/3023 1924/3024 1925/2135 1914/3022
f 1925/2135 1926/2136 1913/3021 1914/3022
f 1927/2137 1912/3020 1913/3021 1926/2136
f 1912/3020 1927/2137 1910/2120 1911/2121
f 1909/2119 1910/2120 1927/2137 1928/2138
f 1929/2139 1908/2118 1909/2119 1928/2138
f 1929/2139 1930/2140 1907/2117 1908/2118
f 1931/2141 1932/2142 1906/2116 1907/2117
f 1930/2140 1933/2143 1931/2141 1907/2117
f 1905/2115 1906/2116 1932/2142 1934/2144
f 1935/2145 1904/2114 1905/2115 1934/2144
f 1934/2144 1932/2142 1936/2146 1937/2147
f 1938/2148 1935/2145 1934/2144 1937/2147
f 1936/2146 1932/2142 1931/2141 1939/2149
f 1940/2150 1939/2149 1931/2141 1933/2143
f 1941/2151 1942/2152 1940/2150 1933/2143
f 1930/2140 1943/2153 1941/2151 1933/2143
f 1943/2153 1930/2140 1929/2139 1944/2154
f 1929/2139 1928/2138 1945/2155 1944/2154
f 1927/2137 1926/2136 1945/2155 1928/2138
f 1926/2136 1925/2135 1946/2156 1945/2155
f 1947/2157 1946/2156 1925/2135 1924/3024
f 1924/2134 1922/2132 1948/2158 1947/3025
f 1949/2159 1948/2158 1922/2132 1921/2131
f 1950/2160 1949/2159 1921/2131 1923/2133
f 1951/2161 1952/2162 1948/3026 1949/3027
f 1951/3028 1949/2159 1950/2160 1953/2163
f 1954/2164 1947/2157 1948/3026 1952/2162
f 1955/2165 1946/2156 1947/2157 1954/2164
f 1945/2155 1946/2156 1955/2165 1944/2154
f 1943/2153 1944/2154 1955/2165 1956/2166
f 1957/2167 1941/2151 1943/2153 1956/2166
f 1941/2151 1957/2167 1958/2168 1942/2152
f 1959/2169 1960/2170 1940/2150 1942/2152
f 1958/2168 1961/2171 1959/2169 1942/2152
f 1939/2149 1940/2150 1960/2170 1962/2172
f 1963/2173 1936/2146 1939/2149 1962/2172
f 1937/2147 1936/2146 1963/2173 1964/2174
f 1965/2175 1938/2148 1937/2147 1964/2174
f 1938/2148 1965/2175 1966/2176 1421/1631
f 1420/1630 1935/2145 1938/2148 1421/1631
f 1975/2185 1976/2186 1961/2171 1958/2168
f 1957/2167 1978/2188 1975/2185 1958/2168
f 1979/2189 1978/2188 1957/2167 1956/2166
f 1979/2189 1956/2166 1955/2165 1954/2164
f 1954/2164 1952/2162 1980/2190 1979/2189
f 1980/2190 1981/2191 1978/2188 1979/2189
f 1982/2192 1975/2185 1978/2188 1981/2191
f 1982/2192 1983/2193 1976/2186 1975/2185
f 2377/2587 2378/2588 2376/3077 2375/3076
f 2378/2588 1423/1633 1997/3039 2376/3077
f 2375/3076 2374/3074 2379/2589 2377/2587
f 2374/3074 2373/3073 2380/2590 2379/2589
f 2381/2591 2380/2590 2373/3073 2372/3071
f 2381/3078 2372/3072 2371/3070 2382/2592
f 2368/3067 2383/2593 2382/2592 2371/3070
f 2368/3067 2369/3068 2384/2594 2383/2593
f 2370/3069 2385/2595 2384/2594 2369/3068
f 2370/3069 2015/3042 2386/2596 2385/2595
f 2387/2597 2388/2598 2385/2595 2386/2596
f 2385/2595 2388/2598 2389/2599 2384/2594
f 2383/2593 2384/2594 2389/2599 2390/2600
f 2383/2593 2390/2600 2391/2601 2382/2592
f 2381/3078 2382/2592 2391/2601 2392/2602
f 2381/2591 1516/1726 1515/1725 2380/2590
f 2381/3078 2392/2602 1517/1727 1516/2941
f 1514/1724 2379/2589 2380/2590 1515/1725
f 1458/1668 2377/2587 2379/2589 1514/1724
f 1455/1665 2378/2588 2377/2587 1458/1668
f 1424/1634 1423/1633 2378/2588 1455/1665
f 1966/2176 1997/3039 1423/1633 1421/1631
f 1548/1758 1517/1727 2392/2602 2393/2603
f 2394/2604 2393/2603 2392/2602 2391/2601
f 2390/2600 2395/2605 2394/2604 2391/2601
f 2390/2600 2389/2599 2396/2606 2395/2605
f 2397/2607 2396/2606 2389/2599 2388/2598
f 2397/2607 2388/2598 2387/2597 2398/2608
f 2387/2597 2386/2596 2399/2609 2400/2610
f 2387/2597 2400/2610 2401/2611 2398/2608
f 2399/2609 2386/2596 2015/3042 2012/3040
f 2399/3079 2012/3041 1983/2193 1982/2192
f 2399/3079 1982/2192 1981/2191 2400/3080
f 1980/2190 2401/3081 2400/3080 1981/2191
f 1980/2190 1952/2162 1951/2161 2401/3081
f 1951/3028 1953/2163 2398/2608 2401/2611
f 2402/2612 2397/2607 2398/2608 1953/2163
f 2402/2612 2403/2613 2396/2606 2397/2607
f 2403/2613 2404/2614 2395/2605 2396/2606
f 2394/2604 2395/2605 2404/2614 2405/2615
f 2394/2604 2405/2615 1762/1972 2393/2603
f 1762/1972 1553/1763 1548/1758 2393/2603
f 1762/1972 2405/2615 2406/2616 1763/1973
f 2407/2617 2406/2616 2405/2615 2404/2614
f 2408/2618 2407/2617 2404/2614 2403/2613
f 2402/2612 2409/2619 2408/2618 2403/2613
f 1950/2160 2409/2619 2402/2612 1953/2163
f 1950/2160 1923/2133 2410/2620 2409/2619
f 2408/2618 2409/2619 2410/2620 2411/2621
f 2408/2618 2411/2621 2412/2622 2407/2617
f 2412/2622 2413/2623 2406/2616 2407/2617
f 2413/2623 1764/1974 1763/1973 2406/2616
f 2412/2622 2414/2624 2415/2625 2413/2623
f 2415/2625 1765/1975 1764/1974 2413/2623
f 2412/2622 2411/2621 2416/2626 2414/2624
f 2417/2627 2416/2626 2411/2621 2410/2620
f 2417/2627 2410/2620 1923/2133 1920/2130
f 2417/2627 1920/2130 1919/2129 2416/2626
f 1918/2128 2414/2624 2416/2626 1919/2129
f 2415/2625 2414/2624 1918/2128 2418/2628
f 2415/2625 2418/2628 1766/1976 1765/1975
f 1766/1976 2418/2628 1889/2099 1793/2003
f 1890/2100 1889/2099 2418/2628 1918/2128
f 1935/2145 1420/1630 1422/1632 1904/2114
f 1853/2063 1317/1527 1316/1526 2419/2629
f 2420/2630 1852/3012 1853/2063 2419/2629
f 1285/1495 2419/2629 1316/1526 1286/1496
f 1285/1495 1284/2889 2420/2630 2419/2629
g Main_1
f 1302/1512 1303/1513 1301/2894 1294/2892
f 1293/2891 1304/1514 1302/1512 1294/2892
f 1304/1514 1293/2891 1295/2893 1305/1515
f 1305/1515 1295/2893 1306/2897 1308/1518
f 1330/1540 1331/1541 1305/1515 1308/1518
f 1304/1514 1305/1515 1331/1541 1333/1543
f 1302/1512 1304/1514 1333/1543 1334/1544
f 1334/1544 1333/1543 1335/1545 1336/1546
f 1331/1541 1337/1547 1335/1545 1333/1543
f 1338/1548 1337/1547 1331/1541 1330/1540
f 1367/2905 1368/1578 1337/1547 1338/1548
f 1368/1578 1367/2905 1370/2906 1371/1581
f 1498/2935 1488/2930 1497/2934 1499/1709
f 1498/2935 1499/1709 1501/1711 1500/2936
f 1502/1712 1503/1713 1501/1711 1499/1709
f 1502/1712 1499/1709 1497/2934 1504/1714
f 1530/1740 1502/1712 1504/1714 1528/2947
f 1532/2948 1533/1743 1530/1740 1528/2947
f 1649/2964 1673/1883 1674/1884 1650/2967
f 1675/1885 1673/2978 1649/2965 1651/2968
f 1678/1888 1675/1885 1651/2968 1677/2980
f 1678/1888 1679/1889 1680/1890 1675/1885
f 1675/1885 1680/1890 1681/1891 1673/2978
f 1674/1884 1673/1883 1681/2981 1682/1892
f 1683/1893 1684/1894 1674/1884 1685/1895
f 1685/1895 1674/1884 1682/1892
f 1683/2983 1697/1907 1696/2987 1684/2985
f 1697/1907 1700/1910 1698/2988 1696/2987
f 1532/2948 1699/2989 1701/1911 1533/1743
f 1698/2988 1700/1910 1701/1911 1699/2989
f 1697/1907 1680/1890 1679/1889 1700/1910
f 1700/1910 1679/1889 1702/1912 1701/1911
f 1683/2983 1681/1891 1680/1890 1697/1907
f 1682/2982 1681/1891 1683/2983 1685/2986
f 1703/1913 1533/1743 1701/1911 1702/1912
f 1530/1740 1533/1743 1703/1913 1704/1914
f 1704/1914 1703/1913 1705/1915 1706/1916
f 1703/1913 1702/1912 1707/1917 1705/1915
f 1707/1917 1702/1912 1679/1889 1678/1888
f 1707/1917 1678/1888 1677/2980 1708/1918
f 1707/1917 1708/1918 1709/1919 1705/1915
f 1710/1920 1706/1916 1705/1915 1709/1919
f 1711/1921 1712/1922 1706/1916 1710/1920
f 1503/1713 1704/1914 1706/1916 1712/1922
f 1530/1740 1704/1914 1503/1713 1502/1712
f 1503/1713 1712/1922 1713/1923 1501/1711
f 1714/1924 1713/1923 1712/1922 1711/1921
f 1714/1924 1717/2995 1718/1928 1713/1923
f 1713/1923 1718/1928 1500/2936 1501/1711
f 1482/2927 1303/1513 1302/1512 1334/1544
f 1483/2928 1482/2927 1334/1544 1336/1546
f 1483/2928 1336/1546 2510/2720 2508/3106
f 1335/1545 2511/2721 2510/2720 1336/1546
f 2510/2720 2512/2722 2513/2723 2508/3106
f 2514/2724 2512/2722 2510/2720 2511/2721
f 2513/2723 2512/2722 2521/2731 2519/3109
f 2512/2722 2514/2724 2522/2732 2521/2731
f 1368/1578 1371/1581 2514/2724 2511/2721
f 2523/2733 2522/2732 2514/2724 1371/1581
f 1337/1547 1368/1578 2511/2721 1335/1545
f 1370/2906 2524/2734 2523/2733 1371/1581
f 2525/2735 2526/2736 2522/2732 2523/2733
f 2524/2734 2527/2737 2525/2735 2523/2733
f 2521/2731 2522/2732 2526/2736 2528/2738
f 2518/3108 2519/3109 2521/2731 2528/2738
f 2520/3110 2518/3108 2528/2738 2529/2739
f 2530/2740 2531/2741 2520/3110 2529/2739
f 2536/3114 2531/2741 2538/2748 2539/2749
f 2540/2750 2541/2751 2538/2748 2531/2741
f 2540/2750 2531/2741 2530/2740
f 2530/2740 2529/2739 2541/2751 2540/2750
f 2528/2738 2526/2736 2541/2751 2529/2739
f 2538/2748 2541/2751 2526/2736 2525/2735
f 2527/2737 2539/2749 2538/2748 2525/2735
g Patch_3
f 1329/1539 1308/2899 1306/2898 1328/2900
f 1329/1539 1332/1542 1330/2901 1308/2899
f 1332/1542 1339/1549 1338/2902 1330/2901
f 1340/1550 1339/1549 1332/1542 1341/1551
f 1332/1542 1329/1539 1342/1552 1341/1551
f 1342/1552 1329/1539 1328/2900 1343/1553
f 1358/2904 1359/1569 1342/1552 1343/1553
f 1342/1552 1359/1569 1360/1570 1341/1551
f 1361/1571 1362/1572 1340/1550 1341/1551
f 1360/1570 1363/1573 1361/1571 1341/1551
f 1339/1549 1340/1550 1364/1574 1365/1575
f 1340/1550 1362/1572 1366/1576 1364/1574
f 1339/1549 1365/1575 1367/1577 1338/2902
f 1369/1579 1370/1580 1367/1577 1365/1575
f 1364/1574 1372/1582 1369/1579 1365/1575
f 1366/1576 1373/1583 1372/1582 1364/1574
f 1374/1584 1375/1585 1373/1583 1366/1576
f 1362/1572 1376/1586 1374/1584 1366/1576
f 1362/1572 1361/1571 1377/1587 1376/1586
f 1361/1571 1363/1573 1378/1588 1377/1587
f 1363/1573 1379/1589 1380/1590 1378/1588
f 1363/1573 1360/1570 1381/1591 1379/1589
f 1360/1570 1359/1569 1382/1592 1381/1591
f 1359/1569 1358/2904 1383/1593 1382/1592
f 1383/1593 1391/2913 1393/1603 1382/1592
f 1382/1592 1393/1603 1394/1604 1381/1591
f 1381/1591 1394/1604 1395/1605 1379/1589
f 1395/1605 1396/1606 1380/1590 1379/1589
f 1380/1590 1397/1607 1398/1608 1378/1588
f 1397/1607 1380/1590 1396/1606 1399/1609
f 1378/1588 1398/1608 1400/1610 1377/1587
f 1377/1587 1400/1610 1401/1611 1376/1586
f 1401/1611 1402/1612 1374/1584 1376/1586
f 1375/1585 1374/1584 1402/1612 1403/1613
f 1402/1612 1404/1614 1405/1615 1403/1613
f 1402/1612 1401/1611 1406/1616 1404/1614
f 1401/1611 1400/1610 1407/1617 1406/1616
f 1400/1610 1398/1608 1408/1618 1407/1617
f 1398/1608 1397/1607 1409/1619 1408/1618
f 1397/1607 1399/1609 1410/1620 1409/1619
f 1411/1621 1412/1622 1410/2920 1399/2919
f 1396/2918 1413/1623 1411/1621 1399/2919
f 1396/2918 1395/2917 1414/1624 1413/1623
f 1414/1624 1395/2917 1394/2916 1415/1625
f 1416/1626 1415/1625 1394/2916 1393/2915
f 1391/2914 1417/1627 1416/1626 1393/2915
f 1427/1637 1416/1626 1417/1627 1426/2922
f 1416/1626 1427/1637 1428/1638 1415/1625
f 1428/1638 1429/1639 1414/1624 1415/1625
f 1430/1640 1413/1623 1414/1624 1429/1639
f 1413/1623 1430/1640 1431/1641 1411/1621
f 1431/1641 1432/1642 1412/1622 1411/1621
f 1433/1643 1434/1644 1412/1622 1432/1642
f 1435/1645 1410/2920 1412/1622 1434/1644
f 1410/1620 1435/2923 1436/1646 1409/1619
f 1409/1619 1436/1646 1437/1647 1408/1618
f 1437/1647 1436/1646 1438/1648 1439/1649
f 1440/1650 1438/1648 1436/1646 1435/2923
f 1441/1651 1440/2924 1435/1645 1434/1644
f 1441/1651 1434/1644 1433/1643 1442/1652
f 1443/1653 1444/1654 1433/1643 1432/1642
f 1433/1643 1444/1654 1445/1655 1442/1652
f 1431/1641 1446/1656 1443/1653 1432/1642
f 1446/1656 1431/1641 1430/1640 1447/1657
f 1448/1658 1447/1657 1430/1640 1429/1639
f 1449/1659 1448/1658 1429/1639 1428/1638
f 1427/1637 1450/1660 1449/1659 1428/1638
f 1451/1661 1450/1660 1427/1637 1426/2922
f 1463/1673 1450/1660 1451/1661 1462/2926
f 1449/1659 1450/1660 1463/1673 1464/1674
f 1465/1675 1448/1658 1449/1659 1464/1674
f 1448/1658 1465/1675 1466/1676 1447/1657
f 1466/1676 1467/1677 1446/1656 1447/1657
f 1446/1656 1467/1677 1468/1678 1443/1653
f 1468/1678 1469/1679 1444/1654 1443/1653
f 1444/1654 1469/1679 1470/1680 1445/1655
f 1445/1655 1470/1680 1471/1681 1472/1682
f 1473/1683 1442/1652 1445/1655 1472/1682
f 1474/1684 1475/1685 1471/1681 1470/1680
f 1469/1679 1476/1686 1474/1684 1470/1680
f 1477/1687 1476/1686 1469/1679 1468/1678
f 1467/1677 1478/1688 1477/1687 1468/1678
f 1479/1689 1478/1688 1467/1677 1466/1676
f 1465/1675 1480/1690 1479/1689 1466/1676
f 1481/1691 1480/1690 1465/1675 1464/1674
f 1482/1692 1483/1693 1481/1691 1464/1674
f 1463/1673 1303/2896 1482/1692 1464/1674
f 1303/2896 1463/1673 1462/2926 1301/2895
f 1492/2933 1494/1704 1495/1705 1491/2932
f 1489/2931 1491/2932 1495/1705 1496/1706
f 1488/2929 1489/2931 1496/1706 1497/1707
f 1505/1715 1504/2937 1497/1707 1496/1706
f 1505/1715 1496/1706 1495/1705 1506/1716
f 1507/1717 1506/1716 1495/1705 1494/1704
f 1492/2933 1508/1718 1509/1719 1494/1704
f 1510/1720 1507/1717 1494/1704 1509/1719
f 1520/1730 1509/1719 1508/1718 1519/2942
f 1520/1730 1521/1731 1510/1720 1509/1719
f 1510/1720 1521/1731 1522/1732 1523/1733
f 1510/1720 1523/1733 1524/1734 1507/1717
f 1507/1717 1524/1734 1525/1735 1506/1716
f 1505/1715 1506/1716 1525/1735 1526/1736
f 1505/1715 1527/1737 1528/1738 1504/2937
f 1505/1715 1526/1736 1529/1739 1527/1737
f 1531/1741 1532/1742 1528/1738 1527/1737
f 1534/1744 1531/1741 1527/1737 1529/1739
f 1535/1745 1536/1746 1529/1739 1526/1736
f 1536/1746 1537/1747 1534/1744 1529/1739
f 1538/1748 1535/1745 1526/1736 1525/1735
f 1524/1734 1539/1749 1538/1748 1525/1735
f 1524/1734 1523/1733 1540/1750 1539/1749
f 1540/1750 1523/1733 1522/1732 1541/1751
f 1542/1752 1543/1753 1541/2949 1522/2946
f 1542/1752 1522/2946 1521/2945 1544/1754
f 1544/1754 1521/2945 1520/2944 1545/1755
f 1545/1755 1520/2944 1519/2943 1546/1756
f 1545/1755 1546/1756 1552/2951 1554/1764
f 1544/1754 1545/1755 1554/1764 1555/1765
f 1542/1752 1544/1754 1555/1765 1556/1766
f 1557/1767 1543/1753 1542/1752 1556/1766
f 1557/1767 1558/1768 1559/1769 1543/1753
f 1560/1770 1541/2949 1543/1753 1559/1769
f 1560/2953 1561/1771 1540/1750 1541/1751
f 1561/1771 1562/1772 1539/1749 1540/1750
f 1538/1748 1539/1749 1562/1772 1563/1773
f 1538/1748 1563/1773 1564/1774 1535/1745
f 1535/1745 1564/1774 1565/1775 1536/1746
f 1536/1746 1565/1775 1566/1776 1537/1747
f 1567/1777 1568/1778 1565/1775 1564/1774
f 1568/1778 1569/1779 1566/1776 1565/1775
f 1570/1780 1567/1777 1564/1774 1563/1773
f 1571/1781 1570/1780 1563/1773 1562/1772
f 1561/1771 1572/1782 1571/1781 1562/1772
f 1560/2953 1573/1783 1572/1782 1561/1771
f 1574/1784 1573/1783 1560/2953 1559/2952
f 1575/1785 1574/2954 1559/1769 1558/1768
f 1576/1786 1577/1787 1558/1768 1557/1767
f 1578/1788 1575/1785 1558/1768 1577/1787
f 1576/1786 1557/1767 1556/1766 1579/1789
f 1580/1790 1579/1789 1556/1766 1555/1765
f 1580/1790 1555/1765 1554/1764 1581/1791
f 1582/1792 1581/1791 1554/1764 1552/2951
f 1580/1790 1581/1791 1583/1793 1584/1794
f 1582/1792 1585/1795 1583/1793 1581/1791
f 1580/1790 1584/1794 1586/1796 1587/1797
f 1580/1790 1587/1797 1588/1798 1579/1789
f 1589/1799 1576/1786 1579/1789 1588/1798
f 1589/1799 1590/1800 1577/1787 1576/1786
f 1591/1801 1578/1788 1577/1787 1590/1800
f 1591/1801 1592/1802 1593/1803 1578/1788
f 1578/1788 1593/1803 1594/1804 1575/1785
f 1575/1785 1594/1804 1595/1805 1574/2954
f 1574/1784 1595/2957 1596/1806 1573/1783
f 1597/1807 1572/1782 1573/1783 1596/1806
f 1571/1781 1572/1782 1597/1807 1598/1808
f 1571/1781 1598/1808 1599/1809 1570/1780
f 1570/1780 1599/1809 1600/1810 1567/1777
f 1601/1811 1602/1812 1599/1809 1598/1808
f 1602/1812 1603/1813 1600/1810 1599/1809
f 1601/1811 1598/1808 1597/1807 1604/1814
f 1597/1807 1596/1806 1605/1815 1604/1814
f 1596/1806 1595/2957 1606/1816 1605/1815
f 1607/1817 1606/2958 1595/1805 1594/1804
f 1608/1818 1607/1817 1594/1804 1593/1803
f 1609/1819 1608/1818 1593/1803 1592/1802
f 1610/1820 1611/1821 1592/1802 1591/1801
f 1612/1822 1609/1819 1592/1802 1611/1821
f 1610/1820 1591/1801 1590/1800 1613/1823
f 1589/1799 1614/1824 1613/1823 1590/1800
f 1615/1825 1614/1824 1589/1799 1588/1798
f 1616/1826 1615/1825 1588/1798 1587/1797
f 1616/1826 1617/1827 1618/1828 1615/1825
f 1615/1825 1618/1828 1619/1829 1614/1824
f 1620/1830 1613/1823 1614/1824 1619/1829
f 1620/1830 1621/1831 1610/1820 1613/1823
f 1610/1820 1621/1831 1622/1832 1611/1821
f 1623/1833 1612/1822 1611/1821 1622/1832
f 1623/1833 1624/1834 1625/1835 1612/1822
f 1612/1822 1625/1835 1626/1836 1609/1819
f 1609/1819 1626/1836 1627/1837 1608/1818
f 1608/1818 1627/1837 1628/1838 1607/1817
f 1607/1817 1628/1838 1629/1839 1606/2958
f 1630/1840 1605/1815 1606/1816 1629/2959
f 1630/1840 1631/1841 1604/1814 1605/1815
f 1601/1811 1604/1814 1631/1841 1632/1842
f 1630/1840 1629/2959 1633/1843 1631/1841
f 1634/1844 1632/1842 1631/1841 1633/1843
f 1628/1838 1635/1845 1633/2960 1629/1839
f 1628/1838 1627/1837 1636/1846 1635/1845
f 1627/1837 1626/1836 1637/1847 1636/1846
f 1626/1836 1625/1835 1638/1848 1637/1847
f 1639/1849 1638/1848 1625/1835 1624/1834
f 1639/1849 1624/1834 1640/1850 1641/1851
f 1623/1833 1642/1852 1640/1850 1624/1834
f 1643/1853 1642/1852 1623/1833 1622/1832
f 1643/1853 1622/1832 1621/1831 1644/1854
f 1620/1830 1645/1855 1644/1854 1621/1831
f 1646/1856 1645/1855 1620/1830 1619/1829
f 1647/1857 1646/1856 1619/1829 1618/1828
f 1647/1857 1618/1828 1617/1827 1648/1858
f 1649/1859 1650/1860 1646/1856 1647/1857
f 1649/1859 1647/1857 1648/1858 1651/1861
f 1646/1856 1650/1860 1652/1862 1645/1855
f 1653/1863 1644/1854 1645/1855 1652/1862
f 1653/1863 1654/1864 1643/1853 1644/1854
f 1643/1853 1654/1864 1655/1865 1642/1852
f 1642/1852 1655/1865 1656/1866 1640/1850
f 1656/1866 1657/1867 1641/1851 1640/1850
f 1639/1849 1641/1851 1658/1868 1638/1848
f 1657/2974 1659/1869 1658/2975 1641/2963
f 1660/1870 1637/1847 1638/1848 1658/1868
f 1661/1871 1636/1846 1637/1847 1660/1870
f 1661/2977 1662/1872 1635/2961 1636/2962
f 1634/1844 1633/1843 1635/2961 1662/1872
f 1661/2977 1660/2976 1663/1873 1662/1872
f 1634/1844 1662/1872 1663/1873 1664/1874
f 1659/1869 1663/1873 1660/2976 1658/2975
f 1657/2974 1665/1875 1666/1876 1659/1869
f 1666/1876 1664/1874 1663/1873 1659/1869
f 1656/2973 1667/1877 1665/1875 1657/2974
f 1656/2973 1655/2972 1668/1878 1667/1877
f 1655/2972 1654/2971 1669/1879 1668/1878
f 1653/2970 1670/1880 1669/1879 1654/2971
f 1671/1881 1670/1880 1653/2970 1652/2969
f 1672/1882 1671/1881 1652/2969 1650/2966
f 1650/2966 1674/2979 1672/1882
f 1676/1886 1677/1887 1651/1861 1648/1858
f 1674/2979 1684/2984 1686/1896 1672/1882
f 1534/1744 1537/1747 1672/1882 1686/1896
f 1671/1881 1672/1882 1537/1747 1566/1776
f 1569/1779 1670/1880 1671/1881 1566/1776
f 1569/1779 1687/1897 1669/1879 1670/1880
f 1669/1879 1687/1897 1688/1898 1668/1878
f 1689/1899 1667/1877 1668/1878 1688/1898
f 1689/1899 1690/1900 1665/1875 1667/1877
f 1666/1876 1665/1875 1690/1900 1691/1901
f 1666/1876 1691/1901 1692/1902 1664/1874
f 1692/1902 1691/1901 1603/1813 1602/1812
f 1603/1813 1691/1901 1690/1900 1693/1903
f 1689/1899 1688/1898 1693/1903 1690/1900
f 1687/1897 1694/1904 1693/1903 1688/1898
f 1568/1778 1694/1904 1687/1897 1569/1779
f 1567/1777 1600/1810 1694/1904 1568/1778
f 1603/1813 1693/1903 1694/1904 1600/1810
f 1692/1902 1602/1812 1601/1811 1632/1842
f 1692/1902 1632/1842 1634/1844 1664/1874
f 1534/1744 1686/1896 1695/1905 1531/1741
f 1684/2984 1696/1906 1695/1905 1686/1896
f 1698/1908 1699/1909 1695/1905 1696/1906
f 1531/1741 1695/1905 1699/1909 1532/1742
f 1714/2994 1711/2993 1584/1794 1583/1793
f 1711/2993 1710/2992 1586/1796 1584/1794
f 1710/2992 1709/2991 1715/1925 1586/1796
f 1715/1925 1709/2991 1708/2990 1716/1926
f 1676/1886 1716/1926 1708/2990 1677/1887
f 1676/1886 1648/1858 1617/1827 1716/1926
f 1715/1925 1716/1926 1617/1827 1616/1826
f 1715/1925 1616/1826 1587/1797 1586/1796
f 1585/1795 1717/1927 1714/2994 1583/1793
f 1481/1691 1483/1693 2508/2718 2509/2719
f 2508/2718 2513/3107 2515/2725 2509/2719
f 2509/2719 2515/2725 2516/2726 2517/2727
f 1480/1690 1481/1691 2509/2719 2517/2727
f 2518/2728 2515/2725 2513/3107 2519/2729
f 2516/2726 2515/2725 2518/2728 2520/2730
f 2532/2742 2516/2726 2520/2730 2531/3113
f 2516/2726 2532/2742 2533/2743 2517/2727
f 1480/1690 2517/2727 2533/2743 1479/1689
f 2533/2743 2534/2744 1478/1688 1479/1689
f 2534/2744 2533/2743 2532/2742 2535/2745
f 2536/2746 2537/2747 2535/2745 2532/2742
f 2532/2742 2531/3113 2536/2746
f 2542/2752 2527/3112 2524/3111 2543/2753
f 2527/3112 2542/2752 2544/2754 2539/3117
f 2524/3111 1370/1580 1369/1579 2543/2753
f 1369/1579 1372/1582 2542/2752 2543/2753
f 2542/2752 1372/1582 1373/1583 2544/2754
f 2544/2754 2545/2755 2536/3115 2539/3117
f 1373/1583 1375/1585 2545/2755 2544/2754
f 2546/2756 2537/3116 2536/3115 2545/2755
f 2537/2747 2547/2757 2548/2758 2535/2745
f 2537/3116 2546/2756 2549/2759 2547/3118
f 2534/2744 2535/2745 2548/2758 2550/2760
f 1478/1688 2534/2744 2550/2760 1477/1687
f 2550/2760 2551/2761 1476/1686 1477/1687
f 2548/2758 2552/2762 2551/2761 2550/2760
f 2553/2763 2552/2762 2548/2758 2547/2757
f 2549/2759 2554/2764 2553/3119 2547/3118
f 1405/1615 2549/2759 2546/2756 1403/1613
f 2549/2759 1405/1615 2555/2765 2554/2764
f 1375/1585 1403/1613 2546/2756 2545/2755
f 2556/2766 2557/2767 2553/3119 2554/2764
f 2555/2765 2558/2768 2556/2766 2554/2764
f 2559/2769 2552/2762 2553/2763 2557/3120
f 2559/2769 2560/2770 2551/2761 2552/2762
f 2560/2770 1474/1684 1476/1686 2551/2761
f 1475/1685 1474/1684 2560/2770 2561/2771
f 2560/2770 2559/2769 2562/2772 2561/2771
f 2562/2772 2559/2769 2557/3120 2563/2773
f 2564/2774 2563/3121 2557/2767 2556/2766
f 2565/2775 2564/2774 2556/2766 2558/2768
f 2566/2776 2567/2777 2565/2775 2558/2768
f 2555/2765 2568/2778 2566/2776 2558/2768
f 2568/2778 2555/2765 1405/1615 1404/1614
f 1406/1616 2569/2779 2568/2778 1404/1614
f 2568/2778 2569/2779 2570/2780 2566/2776
f 2570/2780 2571/2781 2567/2777 2566/2776
f 2565/2775 2567/2777 2572/2782 2573/2783
f 2574/2784 2572/2782 2567/2777 2571/2781
f 2575/2785 2564/2774 2565/2775 2573/2783
f 2564/2774 2575/2785 2576/2786 2563/3121
f 2576/3123 2577/2787 2562/2772 2563/2773
f 2562/2772 2577/2787 1475/1685 2561/2771
f 1471/1681 1475/1685 2577/2787 2578/2788
f 2579/2789 2578/2788 2577/2787 2576/3123
f 2575/3122 2580/2790 2579/2789 2576/3123
f 2572/2782 2580/3124 2575/2785 2573/2783
f 2580/3124 2572/2782 2574/2784 2581/2791
f 2581/2791 2574/2784 2582/2792 2583/2793
f 2582/2792 2574/2784 2571/2781 2584/2794
f 2585/2795 2584/2794 2571/2781 2570/2780
f 2569/2779 2586/2796 2585/2795 2570/2780
f 1407/1617 2586/2796 2569/2779 1406/1616
f 1408/1618 1437/1647 2586/2796 1407/1617
f 2586/2796 1437/1647 1439/1649 2585/2795
f 1439/1649 2587/2797 2584/2794 2585/2795
f 2588/2798 2582/2792 2584/2794 2587/2797
f 2582/3126 2588/3128 2589/2799 2583/3127
f 2589/2799 2590/2800 2581/3125 2583/3127
f 2580/2790 2581/3125 2590/2800 2579/2789
f 2579/2789 2590/2800 2591/2801 2578/2788
f 2591/2801 1472/1682 1471/1681 2578/2788
f 2591/2801 2592/2802 1473/1683 1472/1682
f 2591/2801 2590/2800 2589/2799 2592/2802
f 2589/2799 2588/3128 2593/2803 2592/2802
f 2594/2804 2593/3129 2588/2798 2587/2797
f 1438/1648 2594/2804 2587/2797 1439/1649
f 2595/2805 2593/2803 2594/3130 2596/2806
f 2594/2804 1438/1648 1440/1650 2596/3131
f 2593/2803 2595/2805 1473/1683 2592/2802
f 1473/1683 2595/2805 1441/1651 1442/1652
f 1440/2924 1441/1651 2595/2805 2596/2806
g Main_2
f 1966/3036 1965/3035 1967/2177 1968/2178
f 1965/3035 1964/3034 1969/2179 1967/2177
f 1963/3033 1970/2180 1969/2179 1964/3034
f 1970/2180 1963/3033 1962/3032 1971/2181
f 1962/3032 1960/3030 1972/2182 1971/2181
f 1960/3030 1959/3029 1973/2183 1972/2182
f 1959/3029 1961/3031 1974/2184 1973/2183
f 1961/3031 1976/3037 1977/2187 1974/2184
f 1984/2194 1977/2187 1976/3037 1983/3038
f 1984/2194 1985/2195 1986/2196 1977/2187
f 1977/2187 1986/2196 1987/2197 1974/2184
f 1974/2184 1987/2197 1988/2198 1973/2183
f 1973/2183 1988/2198 1989/2199 1972/2182
f 1972/2182 1989/2199 1990/2200 1971/2181
f 1970/2180 1971/2181 1990/2200 1991/2201
f 1992/2202 1969/2179 1970/2180 1991/2201
f 1969/2179 1992/2202 1993/2203 1967/2177
f 1967/2177 1993/2203 1994/2204 1968/2178
f 1968/2178 1994/2204 1995/2205 1996/2206
f 1997/2207 1966/3036 1968/2178 1996/2206
f 1995/2205 1994/2204 1998/2208 1999/2209
f 1994/2204 1993/2203 2000/2210 1998/2208
f 1993/2203 1992/2202 2001/2211 2000/2210
f 1992/2202 1991/2201 2002/2212 2001/2211
f 1990/2200 2003/2213 2002/2212 1991/2201
f 2003/2213 1990/2200 1989/2199 2004/2214
f 1989/2199 1988/2198 2005/2215 2004/2214
f 1988/2198 1987/2197 2006/2216 2005/2215
f 1987/2197 1986/2196 2007/2217 2006/2216
f 2008/2218 2007/2217 1986/2196 1985/2195
f 2009/2219 2010/2220 1985/2195 1984/2194
f 2011/2221 2008/2218 1985/2195 2010/2220
f 2009/2219 1984/2194 1983/3038 2012/2222
f 2013/2223 2014/2224 2010/2220 2009/2219
f 2013/2223 2009/2219 2012/2222 2015/2225
f 2016/2226 2011/2221 2010/2220 2014/2224
f 2016/2226 2017/2227 2018/2228 2011/2221
f 2011/2221 2018/2228 2019/2229 2008/2218
f 2008/2218 2019/2229 2020/2230 2007/2217
f 2007/2217 2020/2230 2021/2231 2006/2216
f 2006/2216 2021/2231 2022/2232 2005/2215
f 2005/2215 2022/2232 2023/2233 2004/2214
f 2003/2213 2004/2214 2023/2233 2024/2234
f 2025/2235 2002/2212 2003/2213 2024/2234
f 2002/2212 2025/2235 2026/2236 2001/2211
f 2001/2211 2026/2236 2027/2237 2000/2210
f 2000/2210 2027/2237 2028/2238 1998/2208
f 2028/2238 2027/2237 2029/2239 2030/2240
f 2027/2237 2026/2236 2031/2241 2029/2239
f 2026/2236 2025/2235 2032/2242 2031/2241
f 2025/2235 2024/2234 2033/2243 2032/2242
f 2023/2233 2034/2244 2033/2243 2024/2234
f 2034/2244 2023/2233 2022/2232 2035/2245
f 2022/2232 2021/2231 2036/2246 2035/2245
f 2037/2247 2036/2246 2021/2231 2020/2230
f 2020/2230 2019/2229 2038/2248 2037/2247
f 2039/2249 2038/2248 2019/2229 2018/2228
f 2039/2249 2018/2228 2017/2227 2040/2250
f 2041/2251 2042/2252 2040/2250 2017/2227
f 2041/2251 2017/2227 2016/2226 2043/2253
f 2016/2226 2014/2224 2044/2254 2043/2253
f 2045/2255 2046/2256 2043/2253 2044/2254
f 2041/2251 2043/2253 2046/2256 2047/2257
f 2048/2258 2042/2252 2041/2251 2047/2257
f 2048/2258 2049/2259 2050/2260 2042/2252
f 2051/2261 2040/2250 2042/2252 2050/2260
f 2051/2261 2052/2262 2039/2249 2040/2250
f 2039/2249 2052/2262 2053/2263 2038/2248
f 2053/2263 2054/2264 2037/2247 2038/2248
f 2036/2246 2037/2247 2054/2264 2055/2265
f 2036/2246 2055/2265 2056/2266 2035/2245
f 2034/2244 2035/2245 2056/2266 2057/2267
f 2058/2268 2033/2243 2034/2244 2057/2267
f 2033/2243 2058/2268 2059/2269 2032/2242
f 2032/2242 2059/2269 2060/2270 2031/2241
f 2031/2241 2060/2270 2061/2271 2029/2239
f 2061/2271 2060/2270 2062/2272 2063/2273
f 2060/2270 2059/2269 2064/2274 2062/2272
f 2059/2269 2058/2268 2065/2275 2064/2274
f 2058/2268 2057/2267 2066/2276 2065/2275
f 2056/2266 2067/2277 2066/2276 2057/2267
f 2068/2278 2067/2277 2056/2266 2055/2265
f 2054/2264 2069/2279 2068/2278 2055/2265
f 2053/2263 2070/2280 2069/2279 2054/2264
f 2053/2263 2052/2262 2071/2281 2070/2280
f 2051/2261 2072/2282 2071/2281 2052/2262
f 2073/2283 2072/2282 2051/2261 2050/2260
f 2074/2284 2073/2283 2050/2260 2049/2259
f 2075/2285 2076/2286 2049/2259 2048/2258
f 2077/2287 2074/2284 2049/2259 2076/2286
f 2077/2287 2078/2288 2079/2289 2074/2284
f 2074/2284 2079/2289 2080/2290 2073/2283
f 2073/2283 2080/2290 2081/2291 2072/2282
f 2082/2292 2071/2281 2072/2282 2081/2291
f 2082/2292 2083/2293 2070/2280 2071/2281
f 2083/2293 2084/2294 2069/2279 2070/2280
f 2068/2278 2069/2279 2084/2294 2085/2295
f 2067/2277 2068/2278 2085/2295 2086/2296
f 2087/2297 2066/2276 2067/2277 2086/2296
f 2066/2276 2087/2297 2088/2298 2065/2275
f 2065/2275 2088/2298 2089/2299 2064/2274
f 2064/2274 2089/2299 2090/2300 2062/2272
f 2062/2272 2090/2300 2091/2301 2063/2273
f 2091/2301 2090/2300 2092/2302 2093/2303
f 2090/2300 2089/2299 2094/2304 2092/2302
f 2089/2299 2088/2298 2095/2305 2094/2304
f 2088/2298 2087/2297 2096/2306 2095/2305
f 2087/2297 2086/2296 2097/2307 2096/2306
f 2085/2295 2098/2308 2097/2307 2086/2296
f 2084/2294 2099/2309 2098/2308 2085/2295
f 2083/2293 2100/2310 2099/2309 2084/2294
f 2082/2292 2101/2311 2100/2310 2083/2293
f 2102/2312 2101/2311 2082/2292 2081/2291
f 2103/2313 2102/2312 2081/2291 2080/2290
f 2104/2314 2103/2313 2080/2290 2079/2289
f 2105/2315 2104/2314 2079/2289 2078/2288
f 2106/2316 2107/2317 2078/2288 2077/2287
f 2108/2318 2105/2315 2078/2288 2107/2317
f 2108/2318 2109/2319 2110/2320 2105/2315
f 2105/2315 2110/2320 2111/2321 2104/2314
f 2104/2314 2111/2321 2112/2322 2103/2313
f 2103/2313 2112/2322 2113/2323 2102/2312
f 2102/2312 2113/2323 2114/2324 2101/2311
f 2115/2325 2100/2310 2101/2311 2114/2324
f 2115/2325 2116/2326 2099/2309 2100/2310
f 2098/2308 2099/2309 2116/2326 2117/2327
f 2118/2328 2097/2307 2098/2308 2117/2327
f 2097/2307 2118/2328 2119/2329 2096/2306
f 2096/2306 2119/2329 2120/2330 2095/2305
f 2095/2305 2120/2330 2121/2331 2094/2304
f 2094/2304 2121/2331 2122/2332 2092/2302
f 2122/2332 2121/2331 2123/2333 2124/2334
f 2121/2331 2120/2330 2125/2335 2123/2333
f 2120/2330 2119/2329 2126/2336 2125/2335
f 2119/2329 2118/2328 2127/2337 2126/2336
f 2118/2328 2117/2327 2128/2338 2127/2337
f 2116/2326 2129/2339 2128/2338 2117/2327
f 2115/2325 2130/2340 2129/2339 2116/2326
f 2131/2341 2130/2340 2115/2325 2114/2324
f 2132/2342 2131/2341 2114/2324 2113/2323
f 2133/2343 2132/2342 2113/2323 2112/2322
f 2134/2344 2133/2343 2112/2322 2111/2321
f 2135/2345 2134/2344 2111/2321 2110/2320
f 2136/2346 2135/2345 2110/2320 2109/2319
f 2137/2347 2138/2348 2109/2319 2108/2318
f 2139/2349 2136/2346 2109/2319 2138/2348
f 2139/2349 2140/2350 2141/2351 2136/2346
f 2136/2346 2141/2351 2142/2352 2135/2345
f 2135/2345 2142/2352 2143/2353 2134/2344
f 2134/2344 2143/2353 2144/2354 2133/2343
f 2133/2343 2144/2354 2145/2355 2132/2342
f 2132/2342 2145/2355 2146/2356 2131/2341
f 2131/2341 2146/2356 2147/2357 2130/2340
f 2148/2358 2129/2339 2130/2340 2147/2357
f 2149/2359 2128/2338 2129/2339 2148/2358
f 2128/2338 2149/2359 2150/2360 2127/2337
f 2127/2337 2150/2360 2151/2361 2126/2336
f 2126/2336 2151/2361 2152/2362 2125/2335
f 2125/2335 2152/2362 2153/2363 2123/2333
f 2153/2363 2152/2362 2154/2364 2155/2365
f 2152/2362 2151/2361 2156/2366 2154/2364
f 2151/2361 2150/2360 2157/2367 2156/2366
f 2150/2360 2149/2359 2158/2368 2157/2367
f 2149/2359 2148/2358 2159/2369 2158/2368
f 2160/2370 2159/2369 2148/2358 2147/2357
f 2161/2371 2160/2370 2147/2357 2146/2356
f 2162/2372 2161/2371 2146/2356 2145/2355
f 2163/2373 2162/2372 2145/2355 2144/2354
f 2164/2374 2163/2373 2144/2354 2143/2353
f 2165/2375 2164/2374 2143/2353 2142/2352
f 2166/2376 2165/2375 2142/2352 2141/2351
f 2167/2377 2166/2376 2141/2351 2140/2350
f 2168/2378 2169/2379 2140/2350 2139/2349
f 2170/2380 2167/2377 2140/2350 2169/2379
f 2170/2380 2171/2381 2172/2382 2167/2377
f 2167/2377 2172/2382 2173/2383 2166/2376
f 2166/2376 2173/2383 2174/2384 2165/2375
f 2165/2375 2174/2384 2175/2385 2164/2374
f 2164/2374 2175/2385 2176/2386 2163/2373
f 2163/2373 2176/2386 2177/2387 2162/2372
f 2162/2372 2177/2387 2178/2388 2161/2371
f 2161/2371 2178/2388 2179/2389 2160/2370
f 2160/2370 2179/2389 2180/2390 2159/2369
f 2159/2369 2180/2390 2181/2391 2158/2368
f 2158/2368 2181/2391 2182/2392 2157/2367
f 2157/2367 2182/2392 2183/2393 2156/2366
f 2156/2366 2183/2393 2184/2394 2154/2364
f 2184/2394 2183/2393 2185/2395 2186/2396
f 2183/2393 2182/2392 2187/2397 2185/2395
f 2182/2392 2181/2391 2188/2398 2187/2397
f 2181/2391 2180/2390 2189/2399 2188/2398
f 2190/2400 2189/2399 2180/2390 2179/2389
f 2191/2401 2190/2400 2179/2389 2178/2388
f 2192/2402 2191/2401 2178/2388 2177/2387
f 2193/2403 2192/2402 2177/2387 2176/2386
f 2194/2404 2193/2403 2176/2386 2175/2385
f 2195/2405 2194/2404 2175/2385 2174/2384
f 2196/2406 2195/2405 2174/2384 2173/2383
f 2197/2407 2196/2406 2173/2383 2172/2382
f 2198/2408 2197/2407 2172/2382 2171/2381
f 2199/2409 2200/2410 2171/2381 2170/2380
f 2201/2411 2198/2408 2171/2381 2200/2410
f 2201/2411 2202/2412 2203/2413 2198/2408
f 2198/2408 2203/2413 2204/2414 2197/2407
f 2197/2407 2204/2414 2205/2415 2196/2406
f 2196/2406 2205/2415 2206/2416 2195/2405
f 2195/2405 2206/2416 2207/2417 2194/2404
f 2194/2404 2207/2417 2208/2418 2193/2403
f 2193/2403 2208/2418 2209/2419 2192/2402
f 2192/2402 2209/2419 2210/2420 2191/2401
f 2191/2401 2210/2420 2211/2421 2190/2400
f 2190/2400 2211/2421 2212/2422 2189/2399
f 2189/2399 2212/2422 2213/2423 2188/2398
f 2188/2398 2213/2423 2214/2424 2187/2397
f 2187/2397 2214/2424 2215/2425 2185/2395
f 2216/2426 2217/2427 2214/2424 2213/2423
f 2217/2427 2218/2428 2215/2425 2214/2424
f 2219/2429 2216/2426 2213/2423 2212/2422
f 2212/2422 2211/2421 2220/2430 2219/2429
f 2211/2421 2210/2420 2221/2431 2220/2430
f 2210/2420 2209/2419 2222/2432 2221/2431
f 2223/2433 2222/2432 2209/2419 2208/2418
f 2223/2433 2208/2418 2207/2417 2224/2434
f 2206/2416 2225/2435 2224/2434 2207/2417
f 2206/2416 2205/2415 2226/2436 2225/2435
f 2205/2415 2204/2414 2227/2437 2226/2436
f 2204/2414 2203/2413 2228/2438 2227/2437
f 2203/2413 2202/2412 2229/2439 2228/2438
f 2230/2440 2229/2439 2202/2412 2231/2441
f 2232/2442 2231/2441 2202/2412 2201/2411
f 2233/2443 2234/2444 2228/2438 2229/2439
f 2230/2440 2233/2443 2229/2439
f 2235/2445 2227/2437 2228/2438 2234/2444
f 2235/2445 2236/2446 2226/2436 2227/2437
f 2236/2446 2237/2447 2225/2435 2226/2436
f 2238/2448 2224/2434 2225/2435 2237/2447
f 2238/2448 2222/2432 2223/2433 2224/2434
f 2239/2449 2221/2431 2222/2432 2238/2448
f 2239/2449 2240/2450 2220/2430 2221/2431
f 2241/2451 2219/2429 2220/2430 2242/2452
f 2243/2453 2216/2426 2219/2429 2241/2451
f 2217/2427 2216/2426 2240/3050 2244/2454
f 2245/2455 2218/2428 2217/2427 2244/2454
f 2246/2456 2247/2457 2218/2428 2245/2455
f 2248/2458 2215/2425 2218/2428 2247/2457
f 2249/2459 2245/2455 2244/2454 2240/3050
f 2250/2460 2245/2455 2249/2459 2251/2461
f 2250/2460 2252/2462 2246/2456 2245/2455
f 2240/2450 2239/2449 2238/2448 2249/3051
f 2251/3052 2249/3051 2238/2448 2237/2447
f 2236/2446 2251/3052 2237/2447
f 2253/2463 2254/2464 2236/3049 2235/3048
f 2254/2464 2252/2462 2250/2460 2236/3049
f 2250/2460 2251/2461 2236/3049
f 2234/3047 2255/2465 2253/2463 2235/3048
f 2256/2466 2255/2465 2234/3047 2233/3046
f 2256/2466 2233/3046 2230/3043
f 2231/3044 2257/2467 2256/2466 2230/3043
f 2258/2468 2257/2467 2231/3044 2232/3045
f 2232/2442 2201/2411 2200/2410 2259/2469
f 2259/3053 2260/2470 2258/2468 2232/3045
f 2261/2471 2262/2472 2257/2467 2258/2468
f 2260/2470 2263/2473 2261/2471 2258/2468
f 2255/2465 2256/2466 2257/2467 2262/2472
f 2253/2463 2255/2465 2262/2472 2264/2474
f 2254/2464 2253/2463 2264/2474 2265/2475
f 2252/2462 2254/2464 2265/2475 2266/2476
f 2267/2477 2246/2456 2252/2462 2266/2476
f 2246/2456 2267/2477 2248/2458 2247/2457
f 2186/2396 2248/2458 2267/2477 2268/2478
f 2185/2395 2215/2425 2248/2458 2186/2396
f 2268/2478 2267/2477 2266/2476 2269/2479
f 2269/2479 2266/2476 2265/2475 2270/2480
f 2270/2480 2265/2475 2264/2474 2271/2481
f 2271/2481 2264/2474 2262/2472 2261/2471
f 2263/2473 2272/2482 2271/2481 2261/2471
f 2273/2483 2263/2473 2260/2470 2274/2484
f 2275/2485 2272/2482 2263/2473 2273/2483
f 2274/2484 2260/2470 2259/3053 2276/2486
f 2276/3054 2259/2469 2200/2410 2199/2409
f 2276/3054 2199/2409 2277/2487 2278/2488
f 2278/3055 2279/2489 2274/2484 2276/2486
f 2279/2489 2280/2490 2273/2483 2274/2484
f 2280/2490 2281/2491 2275/2485 2273/2483
f 2282/2492 2283/2493 2272/2482 2275/2485
f 2281/2491 2284/2494 2282/2492 2275/2485
f 2272/2482 2283/2493 2270/2480 2271/2481
f 2283/2493 2285/2495 2269/2479 2270/2480
f 2285/2495 2286/2496 2268/2478 2269/2479
f 2286/2496 2184/2394 2186/2396 2268/2478
f 2155/2365 2286/2496 2285/2495 2287/2497
f 2154/2364 2184/2394 2286/2496 2155/2365
f 2287/2497 2285/2495 2283/2493 2282/2492
f 2284/2494 2288/2498 2287/2497 2282/2492
f 2289/2499 2284/2494 2281/2491 2290/2500
f 2124/2334 2288/2498 2284/2494 2289/2499
f 2290/2500 2281/2491 2280/2490 2291/2501
f 2291/2501 2280/2490 2279/2489 2292/2502
f 2292/2502 2279/2489 2278/3055 2293/2503
f 2293/3056 2278/2488 2277/2487 2294/2504
f 2294/2504 2277/2487 2169/2379 2168/2378
f 2199/2409 2170/2380 2169/2379 2277/2487
f 2293/3056 2294/2504 2295/2505 2296/2506
f 2294/2504 2168/2378 2297/2507 2295/2505
f 2296/3057 2298/2508 2292/2502 2293/2503
f 2298/2508 2299/2509 2291/2501 2292/2502
f 2299/2509 2300/2510 2290/2500 2291/2501
f 2300/2510 2301/2511 2289/2499 2290/2500
f 2301/2511 2122/2332 2124/2334 2289/2499
f 2123/2333 2153/2363 2288/2498 2124/2334
f 2288/2498 2153/2363 2155/2365 2287/2497
f 2092/2302 2122/2332 2301/2511 2093/2303
f 2093/2303 2301/2511 2300/2510 2302/2512
f 2302/2512 2300/2510 2299/2509 2303/2513
f 2303/2513 2299/2509 2298/2508 2304/2514
f 2304/2514 2298/2508 2296/3057 2305/2515
f 2305/3058 2296/2506 2295/2505 2306/2516
f 2306/2516 2295/2505 2297/2507 2307/2517
f 2307/2517 2297/2507 2138/2348 2137/2347
f 2168/2378 2139/2349 2138/2348 2297/2507
f 2306/2516 2307/2517 2308/2518 2309/2519
f 2307/2517 2137/2347 2310/2520 2308/2518
f 2305/3058 2306/2516 2309/2519 2311/2521
f 2311/3059 2312/2522 2304/2514 2305/2515
f 2312/2522 2313/2523 2303/2513 2304/2514
f 2313/2523 2314/2524 2302/2512 2303/2513
f 2314/2524 2091/2301 2093/2303 2302/2512
f 2315/2525 2314/2524 2313/2523 2316/2526
f 2063/2273 2091/2301 2314/2524 2315/2525
f 2316/2526 2313/2523 2312/2522 2317/2527
f 2317/2527 2312/2522 2311/3059 2318/2528
f 2318/3060 2311/2521 2309/2519 2319/2529
f 2319/2529 2309/2519 2308/2518 2320/2530
f 2320/2530 2308/2518 2310/2520 2321/2531
f 2321/2531 2310/2520 2107/2317 2106/2316
f 2137/2347 2108/2318 2107/2317 2310/2520
f 2320/2530 2321/2531 2322/2532 2323/2533
f 2321/2531 2106/2316 2324/2534 2322/2532
f 2319/2529 2320/2530 2323/2533 2325/2535
f 2318/3060 2319/2529 2325/2535 2326/2536
f 2326/3061 2327/2537 2317/2527 2318/2528
f 2327/2537 2328/2538 2316/2526 2317/2527
f 2328/2538 2329/2539 2315/2525 2316/2526
f 2329/2539 2061/2271 2063/2273 2315/2525
f 2030/2240 2329/2539 2328/2538 2330/2540
f 2029/2239 2061/2271 2329/2539 2030/2240
f 2330/2540 2328/2538 2327/2537 2331/2541
f 2331/2541 2327/2537 2326/3061 2332/2542
f 2332/3062 2326/2536 2325/2535 2333/2543
f 2333/2543 2325/2535 2323/2533 2334/2544
f 2334/2544 2323/2533 2322/2532 2335/2545
f 2335/2545 2322/2532 2324/2534 2336/2546
f 2336/2546 2324/2534 2076/2286 2075/2285
f 2106/2316 2077/2287 2076/2286 2324/2534
f 2335/2545 2336/2546 2337/2547 2338/2548
f 2336/2546 2075/2285 2339/2549 2337/2547
f 2334/2544 2335/2545 2338/2548 2340/2550
f 2333/2543 2334/2544 2340/2550 2341/2551
f 2332/3062 2333/2543 2341/2551 2342/2552
f 2342/3063 2343/2553 2331/2541 2332/2542
f 2343/2553 2344/2554 2330/2540 2331/2541
f 2344/2554 2028/2238 2030/2240 2330/2540
f 1999/2209 2344/2554 2343/2553 2345/2555
f 1998/2208 2028/2238 2344/2554 1999/2209
f 2345/2555 2343/2553 2342/3063 2346/2556
f 2346/3064 2342/2552 2341/2551 2347/2557
f 2347/2557 2341/2551 2340/2550 2348/2558
f 2348/2558 2340/2550 2338/2548 2349/2559
f 2349/2559 2338/2548 2337/2547 2350/2560
f 2350/2560 2337/2547 2339/2549 2351/2561
f 2351/2561 2339/2549 2047/2257 2046/2256
f 2075/2285 2048/2258 2047/2257 2339/2549
f 2350/2560 2351/2561 2352/2562 2353/2563
f 2351/2561 2046/2256 2045/2255 2352/2562
f 2349/2559 2350/2560 2353/2563 2354/2564
f 2348/2558 2349/2559 2354/2564 2355/2565
f 2347/2557 2348/2558 2355/2565 2356/2566
f 2346/3064 2347/2557 2356/2566 2357/2567
f 2357/3065 2358/2568 2345/2555 2346/2556
f 2358/2568 1995/2205 1999/2209 2345/2555
f 2359/2569 2358/2568 2357/3065 2360/2570
f 1996/2206 1995/2205 2358/2568 2359/2569
f 2360/3066 2357/2567 2356/2566 2361/2571
f 2361/2571 2356/2566 2355/2565 2362/2572
f 2362/2572 2355/2565 2354/2564 2363/2573
f 2363/2573 2354/2564 2353/2563 2364/2574
f 2364/2574 2353/2563 2352/2562 2365/2575
f 2045/2255 2366/2576 2365/2575 2352/2562
f 2045/2255 2044/2254 2367/2577 2366/2576
f 2368/2578 2365/2575 2366/2576 2369/2579
f 2367/2577 2370/2580 2369/2579 2366/2576
f 2364/2574 2365/2575 2368/2578 2371/2581
f 2363/2573 2364/2574 2371/2581 2372/2582
f 2362/2572 2363/2573 2372/2582 2373/2583
f 2361/2571 2362/2572 2373/2583 2374/2584
f 2360/3066 2361/2571 2374/2584 2375/2585
f 2375/3075 2376/2586 2359/2569 2360/2570
f 2376/2586 1997/2207 1996/2206 2359/2569
f 2367/2577 2013/2223 2015/2225 2370/2580
f 2367/2577 2044/2254 2014/2224 2013/2223
f 2604/2814 2605/2815 2606/2816
f 2607/2817 2608/2818 2609/2819
f 2610/2820 2611/2821 2612/2822
f 2613/2823 2614/2824 2615/2825
f 2616/2826 2617/2827 2618/2828
f 2619/2829 2620/2830 2621/2831
o Eyes_1
usemtl Eyes_1
v 0.000263921 -0.28581959 0.449253082 0.999999940 0.999999940 0.999999940
v -0.00032934 -0.28757432 0.456360697 0.999999940 0.999999940 0.999999940
v -0.00517076 -0.28159088 0.454121828 0.999999940 0.999999940 0.999999940
v -0.00482345 -0.28171098 0.449022591 0.999999940 0.999999940 0.999999940
v -0.00405754 -0.28106207 0.443897455 0.999999940 0.999999940 0.999999940
v -0.00000433 -0.28442132 0.445004731 0.999999940 0.999999940 0.999999940
v 0.003615331 -0.28175688 0.448863506 0.999999940 0.999999940 0.999999940
v 0.004939059 -0.28214312 0.453856647 0.999999940 0.999999940 0.999999940
v 0.003183451 -0.28133982 0.444178223 0.999999940 0.999999940 0.999999940
v -0.00217802 -0.28574851 0.462581992 0.999999940 0.999999940 0.999999940
v -0.00583148 -0.27987999 0.460633516 0.999999940 0.999999940 0.999999940
v 0.005830942 -0.27989084 0.460636854 0.999999940 0.999999940 0.999999940
v -0.00607788 -0.27558303 0.459007799 0.999999940 0.999999940 0.999999940
v -0.00569902 -0.2766996 0.453099936 0.999999940 0.999999940 0.999999940
v -0.00537285 -0.2768774 0.448372125 0.999999940 0.999999940 0.999999940
v -0.00504425 -0.27669808 0.444115459 0.999999940 0.999999940 0.999999940
v 0.000980531 -0.2791467 0.438077896 0.999999940 0.999999940 0.999999940
v -0.00468785 -0.27581885 0.440161913 0.999999940 0.999999940 0.999999940
v 0.003238878 -0.27708089 0.438740789 0.999999940 0.999999940 0.999999940
v 0.004746477 -0.27673396 0.443811237 0.999999940 0.999999940 0.999999940
v 0.005370504 -0.27687776 0.448369205 0.999999940 0.999999940 0.999999940
v 0.005717069 -0.2767013 0.453096866 0.999999940 0.999999940 0.999999940
v 0.006105862 -0.27558666 0.45900473 0.999999940 0.999999940 0.999999940
v 0.006179699 -0.277969 0.468208313 0.999999940 0.999999940 0.999999940
v -0.00087696 -0.28344211 0.469969898 0.999999940 0.999999940 0.999999940
v 0.006476400 -0.27357611 0.466462850 0.999999940 0.999999940 0.999999940
v -0.00618395 -0.27796111 0.468204110 0.999999940 0.999999940 0.999999940
v -0.00645794 -0.27357697 0.466462671 0.999999940 0.999999940 0.999999940
v -0.00666685 -0.2692425 0.464240968 0.999999940 0.999999940 0.999999940
v -0.00629917 -0.27107686 0.457299530 0.999999940 0.999999940 0.999999940
v -0.00595904 -0.27192193 0.452011734 0.999999940 0.999999940 0.999999940
v -0.00563689 -0.27217004 0.447589755 0.999999940 0.999999940 0.999999940
v -0.00528872 -0.27217871 0.443493396 0.999999940 0.999999940 0.999999940
v -0.00471668 -0.27215523 0.439972460 0.999999940 0.999999940 0.999999940
v -0.00151881 -0.27312019 0.435905784 0.999999940 0.999999940 0.999999940
v -0.0010895 -0.27500206 0.435852915 0.999999940 0.999999940 0.999999940
v 0.004954326 -0.27213961 0.440067082 0.999999940 0.999999940 0.999999940
v 0.005311424 -0.27216968 0.443542331 0.999999940 0.999999940 0.999999940
v 0.005630013 -0.27216884 0.447589695 0.999999940 0.999999940 0.999999940
v 0.005957223 -0.27192152 0.452011823 0.999999940 0.999999940 0.999999940
v 0.006309546 -0.27107716 0.457299351 0.999999940 0.999999940 0.999999940
v 0.006680470 -0.26924354 0.464240849 0.999999940 0.999999940 0.999999940
v 0.006735564 -0.27021426 0.475291639 0.999999940 0.999999940 0.999999940
v 0.006411192 -0.27513587 0.477258712 0.999999940 0.999999940 0.999999940
v 0.006967438 -0.26561597 0.472856879 0.999999940 0.999999940 0.999999940
v -0.00075195 -0.28068754 0.479277312 0.999999940 0.999999940 0.999999940
v -0.00641699 -0.2751323 0.477257370 0.999999940 0.999999940 0.999999940
v -0.0067334 -0.27021581 0.475292205 0.999999940 0.999999940 0.999999940
v -0.0069597 -0.26561606 0.472856879 0.999999940 0.999999940 0.999999940
v -0.00677938 -0.26487756 0.461845278 0.999999940 0.999999940 0.999999940
v -0.00643379 -0.26677564 0.455655008 0.999999940 0.999999940 0.999999940
v -0.00712474 -0.26085389 0.470374882 0.999999940 0.999999940 0.999999940
v -0.0061179 -0.26738563 0.450880467 0.999999940 0.999999940 0.999999940
v -0.00580937 -0.26733729 0.446709662 0.999999940 0.999999940 0.999999940
v -0.00544843 -0.26707113 0.442708462 0.999999940 0.999999940 0.999999940
v -0.00493209 -0.26706794 0.439234048 0.999999940 0.999999940 0.999999940
v -0.00191981 -0.26836106 0.434109687 0.999999940 0.999999940 0.999999940
v 0.005112088 -0.26696879 0.439185559 0.999999940 0.999999940 0.999999940
v 0.005482859 -0.26706919 0.442752957 0.999999940 0.999999940 0.999999940
v 0.005809572 -0.26733792 0.446710050 0.999999940 0.999999940 0.999999940
v 0.006115359 -0.26738557 0.450880646 0.999999940 0.999999940 0.999999940
v 0.006450151 -0.26677632 0.455654174 0.999999940 0.999999940 0.999999940
v 0.006809517 -0.2648786 0.461844444 0.999999940 0.999999940 0.999999940
v 0.007111314 -0.2608535 0.470375180 0.999999940 0.999999940 0.999999940
v 0.007220086 -0.25438377 0.479409098 0.999999940 0.999999940 0.999999940
v 0.007105797 -0.25951034 0.482047379 0.999999940 0.999999940 0.999999940
v 0.006884818 -0.26496398 0.484200090 0.999999940 0.999999940 0.999999940
v 0.006563879 -0.27027744 0.486131429 0.999999940 0.999999940 0.999999940
v -0.00145427 -0.27681947 0.488017112 0.999999940 0.999999940 0.999999940
v -0.0065627 -0.27028492 0.486136734 0.999999940 0.999999940 0.999999940
v -0.0068888 -0.26496455 0.48420012 0.999999940 0.999999940 0.999999940
v -0.00712057 -0.25951087 0.482047945 0.999999940 0.999999940 0.999999940
v -0.00723951 -0.25438401 0.479409456 0.999999940 0.999999940 0.999999940
v -0.00716803 -0.25624722 0.467493206 0.999999940 0.999999940 0.999999940
v -0.00681369 -0.26085573 0.459414720 0.999999940 0.999999940 0.999999940
v -0.00727031 -0.2494356 0.476438820 0.999999940 0.999999940 0.999999940
v -0.00651149 -0.26235229 0.454204112 0.999999940 0.999999940 0.999999940
v -0.00624604 -0.26240024 0.450155109 0.999999940 0.999999940 0.999999940
v -0.00597257 -0.26160908 0.446239918 0.999999940 0.999999940 0.999999940
v -0.00550046 -0.26087773 0.442265123 0.999999940 0.999999940 0.999999940
v -0.00489768 -0.26024032 0.438571661 0.999999940 0.999999940 0.999999940
v 0.000989612 -0.25983724 0.434583395 0.999999940 0.999999940 0.999999940
v 0.004409955 -0.26028138 0.437203824 0.999999940 0.999999940 0.999999940
v 0.005636505 -0.26089191 0.442327201 0.999999940 0.999999940 0.999999940
v 0.005963053 -0.26160815 0.446240216 0.999999940 0.999999940 0.999999940
v 0.006257337 -0.26240051 0.450154334 0.999999940 0.999999940 0.999999940
v 0.006528297 -0.26235265 0.454203009 0.999999940 0.999999940 0.999999940
v 0.006836073 -0.26085618 0.459413588 0.999999940 0.999999940 0.999999940
v 0.007151704 -0.25624692 0.467493534 0.999999940 0.999999940 0.999999940
v 0.007253236 -0.24943566 0.476438760 0.999999940 0.999999940 0.999999940
v 0.007114362 -0.24391928 0.482184588 0.999999940 0.999999940 0.999999940
v 0.007115000 -0.24857323 0.485378176 0.999999940 0.999999940 0.999999940
v 0.007040278 -0.25359124 0.488220065 0.999999940 0.999999940 0.999999940
v 0.006886242 -0.25886071 0.490676850 0.999999940 0.999999940 0.999999940
v 0.006578134 -0.26445788 0.493144184 0.999999940 0.999999940 0.999999940
v 0.002040086 -0.27371144 0.496632963 0.999999940 0.999999940 0.999999940
v -0.00657149 -0.26445651 0.49314484 0.999999940 0.999999940 0.999999940
v -0.00688913 -0.25886014 0.490678042 0.999999940 0.999999940 0.999999940
v -0.00704013 -0.25359082 0.488220363 0.999999940 0.999999940 0.999999940
v -0.00711598 -0.24857315 0.485378354 0.999999940 0.999999940 0.999999940
v -0.00712129 -0.24391915 0.482184767 0.999999940 0.999999940 0.999999940
v -0.00706045 -0.23968102 0.478651762 0.999999940 0.999999940 0.999999940
v -0.00724394 -0.2450285 0.473110735 0.999999940 0.999999940 0.999999940
v -0.00713089 -0.25211433 0.464345127 0.999999940 0.999999940 0.999999940
v -0.00690099 -0.24407193 0.489249676 0.999999940 0.999999940 0.999999940
v -0.00688825 -0.239604 0.485954105 0.999999940 0.999999940 0.999999940
v -0.00682608 -0.23540384 0.482669472 0.999999940 0.999999940 0.999999940
v -0.00683565 -0.24858767 0.492389798 0.999999940 0.999999940 0.999999940
v -0.00670827 -0.25299805 0.495231300 0.999999940 0.999999940 0.999999940
v -0.0064748 -0.25741699 0.498068153 0.999999940 0.999999940 0.999999940
v -0.00604007 -0.26154542 0.501416206 0.999999940 0.999999940 0.999999940
v 0.003286676 -0.26321355 0.506602168 0.999999940 0.999999940 0.999999940
v 0.005284433 -0.26190701 0.501604020 0.999999940 0.999999940 0.999999940
v 0.006491863 -0.25742179 0.498065084 0.999999940 0.999999940 0.999999940
v 0.006730009 -0.25299945 0.495233625 0.999999940 0.999999940 0.999999940
v 0.006862571 -0.24858612 0.492390662 0.999999940 0.999999940 0.999999940
v 0.006913299 -0.2440716 0.489250481 0.999999940 0.999999940 0.999999940
v 0.006908186 -0.23960343 0.485954582 0.999999940 0.999999940 0.999999940
v 0.007215665 -0.24502918 0.473110646 0.999999940 0.999999940 0.999999940
v 0.007056268 -0.23968127 0.478651642 0.999999940 0.999999940 0.999999940
v 0.006837774 -0.2354029 0.482668817 0.999999940 0.999999940 0.999999940
v 0.006516710 -0.23087567 0.486586570 0.999999940 0.999999940 0.999999940
v 0.006616211 -0.23522995 0.489419639 0.999999940 0.999999940 0.999999940
v 0.006641170 -0.23970595 0.492712259 0.999999940 0.999999940 0.999999940
v 0.006581760 -0.2438588 0.495917856 0.999999940 0.999999940 0.999999940
v 0.006477285 -0.24786828 0.499001592 0.999999940 0.999999940 0.999999940
v 0.006293120 -0.25170723 0.502010464 0.999999940 0.999999940 0.999999940
v 0.005353394 -0.25515059 0.505162596 0.999999940 0.999999940 0.999999940
v -0.00112555 -0.25861248 0.510111093 0.999999940 0.999999940 0.999999940
v -0.0058156 -0.25491592 0.505188345 0.999999940 0.999999940 0.999999940
v -0.00627666 -0.25171137 0.502003133 0.999999940 0.999999940 0.999999940
v -0.00645154 -0.24787129 0.498999804 0.999999940 0.999999940 0.999999940
v -0.00657641 -0.24385825 0.495917618 0.999999940 0.999999940 0.999999940
v -0.00662287 -0.2397061 0.492711186 0.999999940 0.999999940 0.999999940
v -0.00658528 -0.23523073 0.489418327 0.999999940 0.999999940 0.999999940
v -0.00647801 -0.23087734 0.486588954 0.999999940 0.999999940 0.999999940
v -0.0061789 -0.23060952 0.493054688 0.999999940 0.999999940 0.999999940
v -0.00533646 -0.22490767 0.491256237 0.999999940 0.999999940 0.999999940
v -0.00627214 -0.23525482 0.495893597 0.999999940 0.999999940 0.999999940
v -0.00624422 -0.23947129 0.499240636 0.999999940 0.999999940 0.999999940
v -0.00614679 -0.24316742 0.502290546 0.999999940 0.999999940 0.999999940
v -0.00597072 -0.246757 0.505314648 0.999999940 0.999999940 0.999999940
v -0.00490253 -0.24980548 0.509418368 0.999999940 0.999999940 0.999999940
v 0.000765035 -0.25138962 0.511741042 0.999999940 0.999999940 0.999999940
v 0.004316948 -0.24982303 0.509378671 0.999999940 0.999999940 0.999999940
v 0.005900592 -0.24685648 0.505359709 0.999999940 0.999999940 0.999999940
v 0.006126127 -0.24316145 0.502292633 0.999999940 0.999999940 0.999999940
v 0.006223131 -0.23947915 0.499247878 0.999999940 0.999999940 0.999999940
v 0.006313514 -0.23527031 0.495885968 0.999999940 0.999999940 0.999999940
v 0.006236295 -0.23061632 0.493050009 0.999999940 0.999999940 0.999999940
v 0.004120368 -0.22506393 0.491151064 0.999999940 0.999999940 0.999999940
v -0.00012186 -0.218757 0.491634011 0.999999940 0.999999940 0.999999940
v 0.001883222 -0.22646955 0.496324718 0.999999940 0.999999940 0.999999940
v 0.004346981 -0.2305657 0.499667882 0.999999940 0.999999940 0.999999940
v 0.005782643 -0.23580772 0.502171754 0.999999940 0.999999940 0.999999940
v 0.005597583 -0.23888293 0.505733311 0.999999940 0.999999940 0.999999940
v 0.005324164 -0.24215332 0.508372545 0.999999940 0.999999940 0.999999940
v 0.003157967 -0.24627474 0.511239469 0.999999940 0.999999940 0.999999940
v 0.001139855 -0.24857569 0.512149095 0.999999940 0.999999940 0.999999940
v -0.00321895 -0.24611664 0.511488795 0.999999940 0.999999940 0.999999940
v -0.00563234 -0.24249716 0.508193194 0.999999940 0.999999940 0.999999940
v -0.00572251 -0.23892772 0.505610883 0.999999940 0.999999940 0.999999940
v -0.00584771 -0.23575871 0.502136409 0.999999940 0.999999940 0.999999940
v -0.0044408 -0.23063731 0.499669373 0.999999940 0.999999940 0.999999940
v -0.00071299 -0.22472504 0.497267246 0.999999940 0.999999940 0.999999940
v -0.00136729 -0.21785334 0.492652833 0.999999940 0.999999940 0.999999940
v -0.00008418 -0.22076729 0.491897732 0.999999940 0.999999940 0.999999940
v -0.00012603 -0.22442637 0.495774805 0.999999940 0.999999940 0.999999940
v 0.001806192 -0.22885403 0.500635087 0.999999940 0.999999940 0.999999940
v 0.000612635 -0.22694921 0.499121785 0.999999940 0.999999940 0.999999940
v 0.001712490 -0.23177856 0.505096316 0.999999940 0.999999940 0.999999940
v 0.000875598 -0.23495792 0.509468078 0.999999940 0.999999940 0.999999940
v -0.00068838 -0.23939064 0.513142466 0.999999940 0.999999940 0.999999940
v -0.00162133 -0.24374011 0.513475775 0.999999940 0.999999940 0.999999940
v -0.00010012 -0.22187942 0.492721259 0.999999940 0.999999940 0.999999940
v 0.006301587 -0.22691169 0.484786003 0.999999940 0.999999940 0.999999940
v -0.00627248 -0.22691566 0.484790772 0.999999940 0.999999940 0.999999940
v 0.000629478 -0.21691421 0.488357126 0.999999940 0.999999940 0.999999940
v -0.00613092 -0.22380085 0.482140183 0.999999940 0.999999940 0.999999940
v 0.006122722 -0.22379744 0.482153415 0.999999940 0.999999940 0.999999940
v 0.006719955 -0.23178864 0.479637205 0.999999940 0.999999940 0.999999940
v 0.006541632 -0.22858667 0.476648092 0.999999940 0.999999940 0.999999940
v 0.005876503 -0.22066697 0.477837264 0.999999940 0.999999940 0.999999940
v 0.001381133 -0.21356788 0.482149869 0.999999940 0.999999940 0.999999940
v 0.006329658 -0.22535816 0.473096638 0.999999940 0.999999940 0.999999940
v -0.00577056 -0.22046734 0.478166639 0.999999940 0.999999940 0.999999940
v -0.00634295 -0.22535601 0.473095953 0.999999940 0.999999940 0.999999940
v -0.00653899 -0.22858568 0.476648241 0.999999940 0.999999940 0.999999940
v -0.0067191 -0.23178872 0.479638248 0.999999940 0.999999940 0.999999940
v -0.00678777 -0.23260766 0.471686303 0.999999940 0.999999940 0.999999940
v -0.00696922 -0.23595801 0.475282818 0.999999940 0.999999940 0.999999940
v -0.00655424 -0.22932747 0.468005687 0.999999940 0.999999940 0.999999940
v -0.00532636 -0.21737848 0.475423276 0.999999940 0.999999940 0.999999940
v -0.00604956 -0.222022 0.470032095 0.999999940 0.999999940 0.999999940
v -0.00620191 -0.22562854 0.464556872 0.999999940 0.999999940 0.999999940
v 0.000369281 -0.21347089 0.477131128 0.999999940 0.999999940 0.999999940
v 0.005444109 -0.21786533 0.475186020 0.999999940 0.999999940 0.999999940
v 0.006039424 -0.22202155 0.470029979 0.999999940 0.999999940 0.999999940
v 0.006529120 -0.22932979 0.468005597 0.999999940 0.999999940 0.999999940
v 0.006191695 -0.22563283 0.464557111 0.999999940 0.999999940 0.999999940
v 0.006768596 -0.23260871 0.471686005 0.999999940 0.999999940 0.999999940
v 0.006960228 -0.2359584 0.475282877 0.999999940 0.999999940 0.999999940
v 0.007101332 -0.24121387 0.469406843 0.999999940 0.999999940 0.999999940
v 0.006916410 -0.23786777 0.465613335 0.999999940 0.999999940 0.999999940
v 0.006678395 -0.23472121 0.462082475 0.999999940 0.999999940 0.999999940
v 0.006321174 -0.23095435 0.458412438 0.999999940 0.999999940 0.999999940
v 0.003718208 -0.22558156 0.453382432 0.999999940 0.999999940 0.999999940
v 0.005588636 -0.22169033 0.461648702 0.999999940 0.999999940 0.999999940
v 0.005505097 -0.21825029 0.467552304 0.999999940 0.999999940 0.999999940
v 0.001932493 -0.21447435 0.472674787 0.999999940 0.999999940 0.999999940
v 0.000176049 -0.2134231 0.472929835 0.999999940 0.999999940 0.999999940
v -0.0024249 -0.21430743 0.472143650 0.999999940 0.999999940 0.999999940
v -0.00538679 -0.21800092 0.467543810 0.999999940 0.999999940 0.999999940
v -0.00537344 -0.22127262 0.461734116 0.999999940 0.999999940 0.999999940
v -0.00632333 -0.23095354 0.458414375 0.999999940 0.999999940 0.999999940
v -0.0067029 -0.23471986 0.462081879 0.999999940 0.999999940 0.999999940
v -0.00423978 -0.22643231 0.45296821 0.999999940 0.999999940 0.999999940
v -0.00695631 -0.23786625 0.465612053 0.999999940 0.999999940 0.999999940
v -0.00684281 -0.24604774 0.457553923 0.999999940 0.999999940 0.999999940
v -0.00661282 -0.24340108 0.454148352 0.999999940 0.999999940 0.999999940
v -0.00630445 -0.24047439 0.450686097 0.999999940 0.999999940 0.999999940
v -0.00560563 -0.23820813 0.446548759 0.999999940 0.999999940 0.999999940
v 0.001992965 -0.21871355 0.458630263 0.999999940 0.999999940 0.999999940
v 0.000992689 -0.22189182 0.454754442 0.999999940 0.999999940 0.999999940
v -0.00158866 -0.22682285 0.450326621 0.999999940 0.999999940 0.999999940
v -0.0011171 -0.23558731 0.442824572 0.999999940 0.999999940 0.999999940
v -0.00196382 -0.21459052 0.465897560 0.999999940 0.999999940 0.999999940
v 0.005331938 -0.23736054 0.447032034 0.999999940 0.999999940 0.999999940
v 0.006314973 -0.24048659 0.450714886 0.999999940 0.999999940 0.999999940
v 0.006600949 -0.24340238 0.454149901 0.999999940 0.999999940 0.999999940
v 0.006821141 -0.24604772 0.457555174 0.999999940 0.999999940 0.999999940
v 0.006999536 -0.24877068 0.461080908 0.999999940 0.999999940 0.999999940
v 0.006485430 -0.25502852 0.451430082 0.999999940 0.999999940 0.999999940
v 0.006234210 -0.25347263 0.447999864 0.999999940 0.999999940 0.999999940
v 0.006675913 -0.25632837 0.454602807 0.999999940 0.999999940 0.999999940
v 0.005942674 -0.25165009 0.444085717 0.999999940 0.999999940 0.999999940
v 0.003721909 -0.24974956 0.439946442 0.999999940 0.999999940 0.999999940
v 0.000147494 -0.24903873 0.438057601 0.999999940 0.999999940 0.999999940
v -0.00428655 -0.24949777 0.439700067 0.999999940 0.999999940 0.999999940
v -0.00565939 -0.25159803 0.443996399 0.999999940 0.999999940 0.999999940
v -0.00625308 -0.25347391 0.447998762 0.999999940 0.999999940 0.999999940
v -0.00648656 -0.25502867 0.451430171 0.999999940 0.999999940 0.999999940
v -0.00712316 -0.24121302 0.469406485 0.999999940 0.999999940 0.999999940
v -0.00702347 -0.24877067 0.461080074 0.999999940 0.999999940 0.999999940
v -0.00667133 -0.25632834 0.454603105 0.999999940 0.999999940 0.999999940
v -0.00686784 -0.2566385 0.458545267 0.999999940 0.999999940 0.999999940
v 0.006875538 -0.25663838 0.45854491 0.999999940 0.999999940 0.999999940
v 0.007119313 -0.2521143 0.464345395 0.999999940 0.999999940 0.999999940
v 0.000000001 -0.24574402 0.524932265 0.999999940 0.999999940 0.999999940
v -0.00030671 -0.24597131 0.524671018 0.999999940 0.999999940 0.999999940
v -0.00051085 -0.24551165 0.524627327 0.999999940 0.999999940 0.999999940
v -0.00000002 -0.24541369 0.525001287 0.999999940 0.999999940 0.999999940
v 0.000465945 -0.24546818 0.524568259 0.999999940 0.999999940 0.999999940
v 0.000179384 -0.24573 0.524610519 0.999999940 0.999999940 0.999999940
v -0.00074801 -0.24629831 0.524295091 0.999999940 0.999999940 0.999999940
v -0.00099991 -0.2457104 0.524246692 0.999999940 0.999999940 0.999999940
v -0.00116928 -0.2450904 0.524265766 0.999999940 0.999999940 0.999999940
v -0.00063666 -0.24500696 0.524651527 0.999999940 0.999999940 0.999999940
v -0.00000001 -0.24501246 0.525089144 0.999999940 0.999999940 0.999999940
v 0.000665683 -0.24506184 0.524738848 0.999999940 0.999999940 0.999999940
v 0.000863553 -0.24548151 0.524164319 0.999999940 0.999999940 0.999999940
v 0.000460746 -0.24574143 0.524116635 0.999999940 0.999999940 0.999999940
v 0.001219961 -0.24517313 0.524324774 0.999999940 0.999999940 0.999999940
v 0.000718250 -0.24479795 0.524890244 0.999999940 0.999999940 0.999999940
v -0 -0.24455051 0.525193929 0.999999940 0.999999940 0.999999940
v 0.001433854 -0.24491572 0.524513125 0.999999940 0.999999940 0.999999940
v -0.00071052 -0.24449088 0.524717330 0.999999940 0.999999940 0.999999940
v -0.00126245 -0.2444445 0.524347066 0.999999940 0.999999940 0.999999940
v -0.00176905 -0.24517971 0.523831009 0.999999940 0.999999940 0.999999940
v -0.00185441 -0.24439484 0.523949921 0.999999940 0.999999940 0.999999940
v -0.00155034 -0.24596263 0.523810267 0.999999940 0.999999940 0.999999940
v -0.00121591 -0.24664505 0.523896515 0.999999940 0.999999940 0.999999940
v -0.00189535 -0.24714863 0.523317813 0.999999940 0.999999940 0.999999940
v -0.00222322 -0.24628718 0.523273944 0.999999940 0.999999940 0.999999940
v -0.00249606 -0.24531871 0.523297727 0.999999940 0.999999940 0.999999940
v -0.0026347 -0.24432926 0.523426473 0.999999940 0.999999940 0.999999940
v -0.0033685 -0.24546568 0.522662520 0.999999940 0.999999940 0.999999940
v -0.00340754 -0.24426438 0.522908031 0.999999940 0.999999940 0.999999940
v -0.00319585 -0.24673718 0.522502183 0.999999940 0.999999940 0.999999940
v -0.00287812 -0.24787691 0.522480726 0.999999940 0.999999940 0.999999940
v -0.00422472 -0.24545619 0.522073984 0.999999940 0.999999940 0.999999940
v -0.00428633 -0.24707505 0.521673083 0.999999940 0.999999940 0.999999940
v -0.00438051 -0.24899036 0.521201014 0.999999940 0.999999940 0.999999940
v -0.0041852 -0.24419907 0.522386312 0.999999940 0.999999940 0.999999940
v 0.002018403 -0.24484563 0.524108827 0.999999940 0.999999940 0.999999940
v 0.001744108 -0.24512942 0.523815393 0.999999940 0.999999940 0.999999940
v 0.001283653 -0.2456046 0.523489952 0.999999940 0.999999940 0.999999940
v 0.000901871 -0.24596451 0.523408412 0.999999940 0.999999940 0.999999940
v 0.001879079 -0.24591327 0.522762656 0.999999940 0.999999940 0.999999940
v 0.001528583 -0.24647301 0.522591650 0.999999940 0.999999940 0.999999940
v 0.002387294 -0.24514659 0.523155093 0.999999940 0.999999940 0.999999940
v 0.002792886 -0.24462913 0.523501634 0.999999940 0.999999940 0.999999940
v 0.003482078 -0.24441084 0.522943019 0.999999940 0.999999940 0.999999940
v 0.003282568 -0.245352 0.522448539 0.999999940 0.999999940 0.999999940
v 0.003243155 -0.24654856 0.521973967 0.999999940 0.999999940 0.999999940
v 0.002696604 -0.24748579 0.521700203 0.999999940 0.999999940 0.999999940
v 0.004278121 -0.2470751 0.521672010 0.999999940 0.999999940 0.999999940
v 0.004217315 -0.24545625 0.522073149 0.999999940 0.999999940 0.999999940
v 0.004351440 -0.24899054 0.521197319 0.999999940 0.999999940 0.999999940
v 0.004170640 -0.24419925 0.522384524 0.999999940 0.999999940 0.999999940
v 0.000003987 -0.19420496 0.405113488 0.999999940 0.999999940 0.999999940
v -0.00801661 -0.18520652 0.394521027 0.999999940 0.999999940 0.999999940
v -0.00932484 -0.16195282 0.412065476 0.999999940 0.999999940 0.999999940
v -0.00372716 -0.17017002 0.418224304 0.999999940 0.999999940 0.999999940
v -0.0001872 -0.20570381 0.398188889 0.999999940 0.999999940 0.999999940
v -0.00517376 -0.20716894 0.389826566 0.999999940 0.999999940 0.999999940
v 0.009285252 -0.16185212 0.412131458 0.999999940 0.999999940 0.999999940
v 0.007729045 -0.185075 0.394387722 0.999999940 0.999999940 0.999999940
v 0.004058950 -0.20697847 0.389230787 0.999999940 0.999999940 0.999999940
v -0.01353646 -0.1784603 0.386337339 0.999999940 0.999999940 0.999999940
v -0.01480432 -0.1535864 0.405645996 0.999999940 0.999999940 0.999999940
v -0.01198317 -0.20217337 0.376236319 0.999999940 0.999999940 0.999999940
v -0.01443917 -0.1394062 0.435014903 0.999999940 0.999999940 0.999999940
v -0.00836914 -0.15061007 0.437932193 0.999999940 0.999999940 0.999999940
v 0.000299444 -0.15993659 0.440646946 0.999999940 0.999999940 0.999999940
v 0.007516359 -0.15004888 0.437656730 0.999999940 0.999999940 0.999999940
v 0.014881143 -0.15361339 0.405662894 0.999999940 0.999999940 0.999999940
v 0.014449937 -0.13941245 0.435014009 0.999999940 0.999999940 0.999999940
v 0.013523514 -0.17845382 0.386331349 0.999999940 0.999999940 0.999999940
v 0.011750249 -0.20212215 0.376086473 0.999999940 0.999999940 0.999999940
v 0.009714566 -0.23002635 0.371798664 0.999999940 0.999999940 0.999999940
v -0.00254843 -0.23479319 0.386746138 0.999999940 0.999999940 0.999999940
v -0.01004419 -0.22999462 0.371912419 0.999999940 0.999999940 0.999999940
v -0.01693631 -0.22791281 0.355528354 0.999999940 0.999999940 0.999999940
v -0.0181828 -0.19660394 0.362476855 0.999999940 0.999999940 0.999999940
v -0.01893051 -0.17110695 0.375615775 0.999999940 0.999999940 0.999999940
v -0.02002124 -0.14434369 0.397977292 0.999999940 0.999999940 0.999999940
v -0.01946737 -0.12784396 0.432261705 0.999999940 0.999999940 0.999999940
v -0.01911982 -0.12098414 0.474517345 0.999999940 0.999999940 0.999999940
v -0.01338098 -0.13339005 0.472692906 0.999999940 0.999999940 0.999999940
v -0.00710219 -0.14693621 0.471058726 0.999999940 0.999999940 0.999999940
v 0.000065666 -0.1551957 0.464113026 0.999999940 0.999999940 0.999999940
v 0.006882491 -0.14684315 0.471038639 0.999999940 0.999999940 0.999999940
v 0.013922143 -0.13364102 0.47266379 0.999999940 0.999999940 0.999999940
v 0.019442586 -0.12783998 0.432248503 0.999999940 0.999999940 0.999999940
v 0.019407030 -0.12113017 0.474497795 0.999999940 0.999999940 0.999999940
v 0.020135438 -0.14438063 0.39800331 0.999999940 0.999999940 0.999999940
v 0.019009521 -0.17112151 0.375639259 0.999999940 0.999999940 0.999999940
v 0.018071766 -0.19657987 0.362433105 0.999999940 0.999999940 0.999999940
v 0.016719272 -0.22787969 0.355425983 0.999999940 0.999999940 0.999999940
v 0.008717752 -0.26056892 0.376093775 0.999999940 0.999999940 0.999999940
v 0.000000004 -0.25868124 0.391174435 0.999999940 0.999999940 0.999999940
v 0.01648275 -0.2635462 0.357514262 0.999999940 0.999999940 0.999999940
v -0.00902252 -0.26055843 0.376221269 0.999999940 0.999999940 0.999999940
v -0.01670273 -0.26354617 0.357602834 0.999999940 0.999999940 0.999999940
v -0.02378682 -0.27175185 0.340363711 0.999999940 0.999999940 0.999999940
v -0.02411292 -0.22882055 0.336863726 0.999999940 0.999999940 0.999999940
v -0.02525163 -0.19193909 0.346517443 0.999999940 0.999999940 0.999999940
v -0.02600653 -0.16182563 0.362824469 0.999999940 0.999999940 0.999999940
v -0.02562953 -0.1339954 0.390751123 0.999999940 0.999999940 0.999999940
v -0.02527873 -0.11485281 0.429951190 0.999999940 0.999999940 0.999999940
v -0.02533796 -0.10759214 0.476939559 0.999999940 0.999999940 0.999999940
v -0.02549851 -0.11704835 0.526727557 0.999999940 0.999999940 0.999999940
v -0.01954937 -0.1285983 0.519901752 0.999999940 0.999999940 0.999999940
v -0.01328638 -0.14042869 0.512787759 0.999999940 0.999999940 0.999999940
v -0.00213129 -0.15409331 0.503548741 0.999999940 0.999999940 0.999999940
v 0.013228351 -0.14040259 0.512797534 0.999999940 0.999999940 0.999999940
v 0.019621061 -0.12862799 0.519893109 0.999999940 0.999999940 0.999999940
v 0.025374772 -0.10762826 0.476936519 0.999999940 0.999999940 0.999999940
v 0.025555737 -0.11708197 0.526713073 0.999999940 0.999999940 0.999999940
v 0.025237966 -0.11484627 0.429953187 0.999999940 0.999999940 0.999999940
v 0.025713693 -0.13406867 0.390781521 0.999999940 0.999999940 0.999999940
v 0.026035262 -0.16184869 0.362855523 0.999999940 0.999999940 0.999999940
v 0.025255288 -0.19194359 0.346536397 0.999999940 0.999999940 0.999999940
v 0.024120170 -0.2288188 0.336871504 0.999999940 0.999999940 0.999999940
v 0.023546677 -0.27174604 0.340263813 0.999999940 0.999999940 0.999999940
v 0.014063228 -0.30050299 0.374677360 0.999999940 0.999999940 0.999999940
v 0.005616694 -0.28813863 0.391328811 0.999999940 0.999999940 0.999999940
v 0.022006075 -0.31482726 0.360303074 0.999999940 0.999999940 0.999999940
v -0.00010947 -0.27681684 0.394942045 0.999999940 0.999999940 0.999999940
v -0.00602731 -0.28800425 0.391523629 0.999999940 0.999999940 0.999999940
v -0.01440158 -0.3004525 0.374794304 0.999999940 0.999999940 0.999999940
v -0.02227321 -0.31476805 0.360406637 0.999999940 0.999999940 0.999999940
v -0.03642473 -0.23222703 0.315504431 0.999999940 0.999999940 0.999999940
v -0.03444105 -0.28260553 0.321521371 0.999999940 0.999999940 0.999999940
v -0.03254531 -0.33143502 0.344283431 0.999999940 0.999999940 0.999999940
v -0.04146051 -0.1846844 0.318406283 0.999999940 0.999999940 0.999999940
v -0.04254891 -0.14558029 0.338452935 0.999999940 0.999999940 0.999999940
v -0.03994913 -0.11406052 0.377751350 0.999999940 0.999999940 0.999999940
v -0.03761834 -0.0941879 0.425793528 0.999999940 0.999999940 0.999999940
v -0.03721556 -0.08716877 0.480172932 0.999999940 0.999999940 0.999999940
v -0.03737681 -0.09909942 0.536949873 0.999999940 0.999999940 0.999999940
v -0.0648468 -0.05613034 0.418360114 0.999999940 0.999999940 0.999999940
v -0.06300762 -0.04955655 0.485729754 0.999999940 0.999999940 0.999999940
v -0.06310358 -0.06590478 0.554917752 0.999999940 0.999999940 0.999999940
v -0.06758638 -0.08180286 0.357864052 0.999999940 0.999999940 0.999999940
v -0.07182508 -0.12329555 0.307697981 0.999999940 0.999999940 0.999999940
v -0.06813981 -0.17820925 0.281750649 0.999999940 0.999999940 0.999999940
v -0.06009807 -0.24006975 0.279760241 0.999999940 0.999999940 0.999999940
v -0.05241776 -0.29853952 0.294800907 0.999999940 0.999999940 0.999999940
v -0.04764979 -0.35141003 0.325936317 0.999999940 0.999999940 0.999999940
v -0.03103604 -0.37419128 0.382447958 0.999999940 0.999999940 0.999999940
v -0.04573338 -0.39656121 0.370852112 0.999999940 0.999999940 0.999999940
v -0.02105066 -0.35346016 0.394542217 0.999999940 0.999999940 0.999999940
v -0.01197437 -0.33411872 0.406610339 0.999999940 0.999999940 0.999999940
v 0.000068396 -0.31112492 0.423177063 0.999999940 0.999999940 0.999999940
v -0.00001187 -0.31214669 0.424332588 0.999999940 0.999999940 0.999999940
v 0.004030012 -0.28650138 0.393387794 0.999999940 0.999999940 0.999999940
v -0.00347961 -0.33562034 0.449542403 0.999999940 0.999999940 0.999999940
v -0.01438956 -0.36330765 0.446975886 0.999999940 0.999999940 0.999999940
v 0.000150761 -0.30867702 0.420384556 0.999999940 0.999999940 0.999999940
v 0.011756569 -0.33417386 0.406557291 0.999999940 0.999999940 0.999999940
v 0.014584532 -0.36322069 0.446987927 0.999999940 0.999999940 0.999999940
v 0.002572035 -0.33605281 0.449314683 0.999999940 0.999999940 0.999999940
v -0.02298617 -0.38383669 0.440996468 0.999999940 0.999999940 0.999999940
v -0.03306829 -0.40516573 0.436030954 0.999999940 0.999999940 0.999999940
v -0.04711981 -0.4278397 0.431661725 0.999999940 0.999999940 0.999999940
v -0.07560929 -0.43287337 0.353622794 0.999999940 0.999999940 0.999999940
v -0.08054843 -0.38386157 0.296784102 0.999999940 0.999999940 0.999999940
v -0.07456234 -0.4642666 0.425062775 0.999999940 0.999999940 0.999999940
v -0.09010001 -0.32348081 0.254730939 0.999999940 0.999999940 0.999999940
v -0.10172622 -0.25134769 0.232888177 0.999999940 0.999999940 0.999999940
v -0.11310232 -0.17135236 0.236286729 0.999999940 0.999999940 0.999999940
v -0.11598074 -0.09699088 0.273536235 0.999999940 0.999999940 0.999999940
v -0.11214206 -0.04295139 0.335712105 0.999999940 0.999999940 0.999999940
v -0.17180985 -0.0071591 0.315447360 0.999999940 0.999999940 0.999999940
v -0.17373979 -0.07322048 0.242193967 0.999999940 0.999999940 0.999999940
v -0.17001605 -0.16317628 0.196013078 0.999999940 0.999999940 0.999999940
v -0.15965658 -0.25973332 0.187875509 0.999999940 0.999999940 0.999999940
v -0.14775151 -0.34882426 0.212067902 0.999999940 0.999999940 0.999999940
v -0.13782886 -0.42307925 0.262073874 0.999999940 0.999999940 0.999999940
v -0.13134746 -0.47999629 0.331104278 0.999999940 0.999999940 0.999999940
v -0.1288805 -0.51472783 0.416731059 0.999999940 0.999999940 0.999999940
v -0.04988384 -0.43434009 0.501861751 0.999999940 0.999999940 0.999999940
v -0.07724522 -0.47073406 0.505557358 0.999999940 0.999999940 0.999999940
v -0.13096958 -0.51973391 0.511101722 0.999999940 0.999999940 0.999999940
v -0.03692245 -0.41426146 0.500256538 0.999999940 0.999999940 0.999999940
v -0.02824351 -0.39413825 0.498950004 0.999999940 0.999999940 0.999999940
v -0.01931692 -0.37311983 0.496536612 0.999999940 0.999999940 0.999999940
v -0.01880386 -0.36048257 0.543409705 0.999999940 0.999999940 0.999999940
v -0.02877495 -0.37992382 0.552741348 0.999999940 0.999999940 0.999999940
v -0.04021843 -0.39889774 0.561393320 0.999999940 0.999999940 0.999999940
v -0.05459861 -0.41886491 0.570022642 0.999999940 0.999999940 0.999999940
v -0.08147073 -0.44923913 0.583892703 0.999999940 0.999999940 0.999999940
v -0.13519751 -0.49362031 0.604047715 0.999999940 0.999999940 0.999999940
v -0.20157164 -0.56117511 0.513706803 0.999999940 0.999999940 0.999999940
v -0.20092729 -0.55589169 0.408609032 0.999999940 0.999999940 0.999999940
v -0.2046189 -0.53139329 0.617751002 0.999999940 0.999999940 0.999999940
v -0.20322785 -0.51681852 0.312216728 0.999999940 0.999999940 0.999999940
v -0.20891577 -0.45170665 0.233800798 0.999999940 0.999999940 0.999999940
v -0.21724214 -0.36494267 0.180016234 0.999999940 0.999999940 0.999999940
v -0.22670226 -0.26409385 0.155567109 0.999999940 0.999999940 0.999999940
v -0.23529971 -0.15656647 0.167760312 0.999999940 0.999999940 0.999999940
v -0.24045514 -0.05643581 0.219296366 0.999999940 0.999999940 0.999999940
v -0.23912024 0.018265238 0.300729721 0.999999940 0.999999940 0.999999940
v -0.30969256 -0.04874535 0.207191914 0.999999940 0.999999940 0.999999940
v -0.31082934 0.031014667 0.292366623 0.999999940 0.999999940 0.999999940
v -0.30592352 -0.15254505 0.152790635 0.999999940 0.999999940 0.999999940
v -0.29929352 -0.26535076 0.138267546 0.999999940 0.999999940 0.999999940
v -0.29174984 -0.37303692 0.161982104 0.999999940 0.999999940 0.999999940
v -0.28556585 -0.4655619 0.218344271 0.999999940 0.999999940 0.999999940
v -0.28159469 -0.53707278 0.300321668 0.999999940 0.999999940 0.999999940
v -0.28016108 -0.58050656 0.402584284 0.999999940 0.999999940 0.999999940
v -0.2798087 -0.58664936 0.515083909 0.999999940 0.999999940 0.999999940
v -0.28065017 -0.55451059 0.625299811 0.999999940 0.999999940 0.999999940
v -0.1404994 -0.43707323 0.683927416 0.999999940 0.999999940 0.999999940
v -0.21023901 -0.46619016 0.709902107 0.999999940 0.999999940 0.999999940
v -0.28583765 -0.48410574 0.722573220 0.999999940 0.999999940 0.999999940
v -0.08578584 -0.401088 0.650894641 0.999999940 0.999999940 0.999999940
v -0.05536788 -0.3753337 0.625099957 0.999999940 0.999999940 0.999999940
v -0.04133257 -0.36027795 0.60998559 0.999999940 0.999999940 0.999999940
v -0.02931999 -0.34564108 0.596360266 0.999999940 0.999999940 0.999999940
v -0.03045201 -0.29507244 0.624251902 0.999999940 0.999999940 0.999999940
v -0.04168057 -0.30248123 0.640310525 0.999999940 0.999999940 0.999999940
v -0.05810566 -0.31240904 0.663765907 0.999999940 0.999999940 0.999999940
v -0.09164476 -0.32869935 0.698722600 0.999999940 0.999999940 0.999999940
v -0.14783666 -0.34965241 0.742099702 0.999999940 0.999999940 0.999999940
v -0.21681389 -0.36746776 0.775637984 0.999999940 0.999999940 0.999999940
v -0.2931262 -0.38009384 0.791645348 0.999999940 0.999999940 0.999999940
v -0.37128285 -0.38336661 0.792250156 0.999999940 0.999999940 0.999999940
v -0.36718097 -0.48905012 0.723521530 0.999999940 0.999999940 0.999999940
v -0.36361203 -0.56082869 0.624440014 0.999999940 0.999999940 0.999999940
v -0.36158812 -0.5935331 0.512207090 0.999999940 0.999999940 0.999999940
v -0.36099693 -0.58557683 0.398860395 0.999999940 0.999999940 0.999999940
v -0.36140671 -0.54114306 0.296295642 0.999999940 0.999999940 0.999999940
v -0.36444741 -0.46800119 0.214649498 0.999999940 0.999999940 0.999999940
v -0.36963445 -0.37350464 0.159785687 0.999999940 0.999999940 0.999999940
v -0.37509283 -0.26498207 0.137894347 0.999999940 0.999999940 0.999999940
v -0.3796683 -0.15257359 0.152824401 0.999999940 0.999999940 0.999999940
v -0.4455165 -0.36801106 0.171502724 0.999999940 0.999999940 0.999999940
v -0.44950011 -0.2641589 0.151843830 0.999999940 0.999999940 0.999999940
v -0.45260224 -0.1573751 0.166641742 0.999999940 0.999999940 0.999999940
v -0.44193423 -0.45963815 0.222348243 0.999999940 0.999999940 0.999999940
v -0.43942416 -0.53018343 0.299528121 0.999999940 0.999999940 0.999999940
v -0.44023833 -0.57394373 0.397113770 0.999999940 0.999999940 0.999999940
v -0.44097978 -0.58260047 0.505504429 0.999999940 0.999999940 0.999999940
v -0.44382587 -0.55005646 0.614560246 0.999999940 0.999999940 0.999999940
v -0.44552267 -0.48179871 0.711344063 0.999999940 0.999999940 0.999999940
v -0.44780928 -0.37969592 0.777917563 0.999999940 0.999999940 0.999999940
v -0.45015037 -0.25795868 0.801718175 0.999999940 0.999999940 0.999999940
v -0.37563574 -0.25645074 0.815899372 0.999999940 0.999999940 0.999999940
v -0.29969907 -0.25385615 0.814668595 0.999999940 0.999999940 0.999999940
v -0.2257874 -0.25034654 0.796806573 0.999999940 0.999999940 0.999999940
v -0.15618545 -0.24506649 0.762219190 0.999999940 0.999999940 0.999999940
v -0.09881619 -0.24107486 0.716548085 0.999999940 0.999999940 0.999999940
v -0.06166621 -0.23828912 0.675610840 0.999999940 0.999999940 0.999999940
v -0.10363276 -0.15155005 0.698947191 0.999999940 0.999999940 0.999999940
v -0.16228178 -0.13934736 0.741403341 0.999999940 0.999999940 0.999999940
v -0.06417513 -0.16569088 0.658814728 0.999999940 0.999999940 0.999999940
v -0.23222986 -0.13210048 0.773627281 0.999999940 0.999999940 0.999999940
v -0.30578712 -0.12932546 0.790401101 0.999999940 0.999999940 0.999999940
v -0.37985259 -0.13155785 0.791566431 0.999999940 0.999999940 0.999999940
v -0.45332164 -0.13864443 0.778222680 0.999999940 0.999999940 0.999999940
v -0.51792741 -0.36908281 0.749543428 0.999999940 0.999999940 0.999999940
v -0.51932532 -0.25808924 0.772511005 0.999999940 0.999999940 0.999999940
v -0.52336359 -0.15052748 0.750400781 0.999999940 0.999999940 0.999999940
v -0.51741952 -0.46242478 0.687340736 0.999999940 0.999999940 0.999999940
v -0.51648128 -0.52459079 0.598098933 0.999999940 0.999999940 0.999999940
v -0.51689219 -0.55181491 0.497281909 0.999999940 0.999999940 0.999999940
v -0.5151298 -0.54485619 0.398322969 0.999999940 0.999999940 0.999999940
v -0.51407301 -0.50373292 0.311189770 0.999999940 0.999999940 0.999999940
v -0.51348567 -0.43988615 0.241820618 0.999999940 0.999999940 0.999999940
v -0.51360798 -0.35739943 0.196625009 0.999999940 0.999999940 0.999999940
v -0.57760209 -0.40905583 0.272967457 0.999999940 0.999999940 0.999999940
v -0.57701582 -0.343577 0.236739799 0.999999940 0.999999940 0.999999940
v -0.57946336 -0.46191835 0.328009605 0.999999940 0.999999940 0.999999940
v -0.58183587 -0.49593639 0.401269674 0.999999940 0.999999940 0.999999940
v -0.58228958 -0.50424343 0.487755537 0.999999940 0.999999940 0.999999940
v -0.58158338 -0.48411223 0.575981259 0.999999940 0.999999940 0.999999940
v -0.57963228 -0.43206704 0.656047344 0.999999940 0.999999940 0.999999940
v -0.57718211 -0.35220045 0.711835503 0.999999940 0.999999940 0.999999940
v -0.58125961 -0.25823998 0.728579819 0.999999940 0.999999940 0.999999940
v -0.58502263 -0.16620421 0.709224104 0.999999940 0.999999940 0.999999940
v -0.45704472 -0.03649024 0.715484619 0.999999940 0.999999940 0.999999940
v -0.52634585 -0.05832307 0.693017840 0.999999940 0.999999940 0.999999940
v -0.58723086 -0.0879948 0.658291220 0.999999940 0.999999940 0.999999940
v -0.38239378 -0.02412388 0.726503908 0.999999940 0.999999940 0.999999940
v -0.30786586 -0.02294261 0.724375307 0.999999940 0.999999940 0.999999940
v -0.23421121 -0.03150336 0.709751665 0.999999940 0.999999940 0.999999940
v -0.30956116 0.050493244 0.627350568 0.999999940 0.999999940 0.999999940
v -0.38426849 0.049418300 0.628706395 0.999999940 0.999999940 0.999999940
v -0.23551835 0.038023695 0.617504000 0.999999940 0.999999940 0.999999940
v -0.4579826 0.034603752 0.621918797 0.999999940 0.999999940 0.999999940
v -0.5270865 0.006583145 0.607165098 0.999999940 0.999999940 0.999999940
v -0.58836639 -0.03265326 0.583911120 0.999999940 0.999999940 0.999999940
v -0.63736326 -0.12520096 0.613535225 0.999999940 0.999999940 0.999999940
v -0.63440353 -0.18681587 0.657658040 0.999999940 0.999999940 0.999999940
v -0.63795203 -0.08251108 0.552775323 0.999999940 0.999999940 0.999999940
v -0.62890548 -0.25943661 0.676304817 0.999999940 0.999999940 0.999999940
v -0.62681258 -0.32795948 0.665631830 0.999999940 0.999999940 0.999999940
v -0.62991267 -0.39067551 0.620842099 0.999999940 0.999999940 0.999999940
v -0.63461578 -0.42921141 0.552184939 0.999999940 0.999999940 0.999999940
v -0.63719553 -0.44148171 0.477252572 0.999999940 0.999999940 0.999999940
v -0.63697517 -0.43071955 0.406953096 0.999999940 0.999999940 0.999999940
v -0.63418919 -0.40119731 0.348736286 0.999999940 0.999999940 0.999999940
v -0.62423581 -0.3774952 0.308263003 0.999999940 0.999999940 0.999999940
v -0.66020334 -0.34232706 0.352428913 0.999999940 0.999999940 0.999999940
v -0.63231885 -0.33282 0.295934259 0.999999940 0.999999940 0.999999940
v -0.67247707 -0.36120099 0.406792551 0.999999940 0.999999940 0.999999940
v -0.6756478 -0.37278032 0.466379731 0.999999940 0.999999940 0.999999940
v -0.67164397 -0.36665452 0.529650032 0.999999940 0.999999940 0.999999940
v -0.66331857 -0.34091574 0.590098857 0.999999940 0.999999940 0.999999940
v -0.65374839 -0.31204644 0.630776345 0.999999940 0.999999940 0.999999940
v -0.6615361 -0.26942679 0.622344076 0.999999940 0.999999940 0.999999940
v -0.67006797 -0.21478416 0.598704576 0.999999940 0.999999940 0.999999940
v -0.67316127 -0.16933034 0.561472356 0.999999940 0.999999940 0.999999940
v -0.67427313 -0.14188126 0.517389833 0.999999940 0.999999940 0.999999940
v -0.58695376 -0.00748292 0.496402829 0.999999940 0.999999940 0.999999940
v -0.63730705 -0.06434402 0.483923822 0.999999940 0.999999940 0.999999940
v -0.67397881 -0.13258104 0.467885315 0.999999940 0.999999940 0.999999940
v -0.52585834 0.036347851 0.506016552 0.999999940 0.999999940 0.999999940
v -0.45739284 0.067746363 0.511494159 0.999999940 0.999999940 0.999999940
v -0.5248692 0.031254068 0.402761101 0.999999940 0.999999940 0.999999940
v -0.58574677 -0.01415055 0.409117966 0.999999940 0.999999940 0.999999940
v -0.4557516 0.063119314 0.398501455 0.999999940 0.999999940 0.999999940
v -0.63643461 -0.07081487 0.416961550 0.999999940 0.999999940 0.999999940
v -0.67329466 -0.13844898 0.421728938 0.999999940 0.999999940 0.999999940
v -0.69274497 -0.20085302 0.451884865 0.999999940 0.999999940 0.999999940
v -0.6931597 -0.20624077 0.487845748 0.999999940 0.999999940 0.999999940
v -0.68603212 -0.19531851 0.413217842 0.999999940 0.999999940 0.999999940
v -0.68994445 -0.20722148 0.522010684 0.999999940 0.999999940 0.999999940
v -0.69106352 -0.24273767 0.536976814 0.999999940 0.999999940 0.999999940
v -0.6822046 -0.29085609 0.564226210 0.999999940 0.999999940 0.999999940
v -0.69069111 -0.30648541 0.509124398 0.999999940 0.999999940 0.999999940
v -0.69285536 -0.30959672 0.456428587 0.999999940 0.999999940 0.999999940
v -0.68578953 -0.30166185 0.403786033 0.999999940 0.999999940 0.999999940
v -0.67046899 -0.28759563 0.348593771 0.999999940 0.999999940 0.999999940
v -0.69652826 -0.25440028 0.450148463 0.999999940 0.999999940 0.999999940
v -0.69080907 -0.24716254 0.405040234 0.999999940 0.999999940 0.999999940
v -0.67342269 -0.23168421 0.352479785 0.999999940 0.999999940 0.999999940
v -0.69707096 -0.25341982 0.492153823 0.999999940 0.999999940 0.999999940
v -0.66605401 -0.14261615 0.385705411 0.999999940 0.999999940 0.999999940
v -0.67271531 -0.18125288 0.370432078 0.999999940 0.999999940 0.999999940
v -0.6361478 -0.09895593 0.359947085 0.999999940 0.999999940 0.999999940
v -0.58533078 -0.04982508 0.33105281 0.999999940 0.999999940 0.999999940
v -0.52374893 -0.00854354 0.309329927 0.999999940 0.999999940 0.999999940
v -0.4538807 0.017767919 0.296448230 0.999999940 0.999999940 0.999999940
v -0.38461262 0.084758043 0.514264822 0.999999940 0.999999940 0.999999940
v -0.38425088 0.078780859 0.396894037 0.999999940 0.999999940 0.999999940
v -0.3837873 0.030831189 0.290794313 0.999999940 0.999999940 0.999999940
v -0.30982193 0.085548989 0.513878643 0.999999940 0.999999940 0.999999940
v -0.31026387 0.077871471 0.397761374 0.999999940 0.999999940 0.999999940
v -0.38249514 -0.04934148 0.206044107 0.999999940 0.999999940 0.999999940
v -0.45395342 -0.05940515 0.216518491 0.999999940 0.999999940 0.999999940
v -0.52088588 -0.07770824 0.236395120 0.999999940 0.999999940 0.999999940
v -0.58470124 -0.10921073 0.271013081 0.999999940 0.999999940 0.999999940
v -0.63656563 -0.14575252 0.316642880 0.999999940 0.999999940 0.999999940
v -0.63632953 -0.20709765 0.289799064 0.999999940 0.999999940 0.999999940
v -0.63460022 -0.27331564 0.283294290 0.999999940 0.999999940 0.999999940
v -0.58408153 -0.18386634 0.233563587 0.999999940 0.999999940 0.999999940
v -0.58058894 -0.26567125 0.22322689 0.999999940 0.999999940 0.999999940
v -0.51933843 -0.16681789 0.192239552 0.999999940 0.999999940 0.999999940
v -0.51656085 -0.26353765 0.179422140 0.999999940 0.999999940 0.999999940
v -0.23739436 0.062096435 0.400384843 0.999999940 0.999999940 0.999999940
v -0.23614162 0.070139713 0.509861826 0.999999940 0.999999940 0.999999940
v -0.16616379 0.011986153 0.599879741 0.999999940 0.999999940 0.999999940
v -0.16822669 0.040183756 0.502783715 0.999999940 0.999999940 0.999999940
v -0.16925415 0.031935080 0.404487550 0.999999940 0.999999940 0.999999940
v -0.10629877 -0.00353112 0.493467807 0.999999940 0.999999940 0.999999940
v -0.1086902 -0.01069291 0.410925120 0.999999940 0.999999940 0.999999940
v -0.10552214 -0.02546243 0.576545119 0.999999940 0.999999940 0.999999940
v -0.16545388 -0.04993285 0.683473050 0.999999940 0.999999940 0.999999940
v -0.10581107 -0.07715333 0.649030625 0.999999940 0.999999940 0.999999940
v -0.06445025 -0.10509675 0.615720927 0.999999940 0.999999940 0.999999940
v -0.03754688 -0.13081726 0.587172925 0.999999940 0.999999940 0.999999940
v -0.03859308 -0.17896457 0.624088883 0.999999940 0.999999940 0.999999940
v -0.02714388 -0.18608031 0.606097400 0.999999940 0.999999940 0.999999940
v -0.02608291 -0.14441434 0.572113335 0.999999940 0.999999940 0.999999940
v -0.04069538 -0.23761176 0.643835306 0.999999940 0.999999940 0.999999940
v -0.02923613 -0.2372468 0.625954449 0.999999940 0.999999940 0.999999940
v -0.02216028 -0.23755632 0.610292851 0.999999940 0.999999940 0.999999940
v -0.02086058 -0.19138038 0.593599200 0.999999940 0.999999940 0.999999940
v -0.02014895 -0.15319003 0.562676906 0.999999940 0.999999940 0.999999940
v -0.01037436 -0.19853243 0.577735185 0.999999940 0.999999940 0.999999940
v -0.01111237 -0.16396773 0.551568388 0.999999940 0.999999940 0.999999940
v -0.01188262 -0.23868376 0.590703189 0.999999940 0.999999940 0.999999940
v -0.02204876 -0.28665319 0.607313990 0.999999940 0.999999940 0.999999940
v -0.01379906 -0.27860999 0.590493619 0.999999940 0.999999940 0.999999940
v -0.01976699 -0.33002371 0.581663012 0.999999940 0.999999940 0.999999940
v -0.01093356 -0.31696776 0.569263815 0.999999940 0.999999940 0.999999940
v -0.000114 -0.30643311 0.559972643 0.999999940 0.999999940 0.999999940
v 0.001786764 -0.27456021 0.574724495 0.999999940 0.999999940 0.999999940
v 0.000000031 -0.23995204 0.576919794 0.999999940 0.999999940 0.999999940
v 0.000000012 -0.20441073 0.566651761 0.999999940 0.999999940 0.999999940
v -0.00003219 -0.17500599 0.541879057 0.999999940 0.999999940 0.999999940
v 0.011028533 -0.16391523 0.551614761 0.999999940 0.999999940 0.999999940
v 0.010061110 -0.19842032 0.577962040 0.999999940 0.999999940 0.999999940
v 0.011368297 -0.23863673 0.591097056 0.999999940 0.999999940 0.999999940
v 0.013345062 -0.27867112 0.590815305 0.999999940 0.999999940 0.999999940
v 0.011038222 -0.31691983 0.569174230 0.999999940 0.999999940 0.999999940
v -0.00865174 -0.34240124 0.534767448 0.999999940 0.999999940 0.999999940
v -0.00055076 -0.33200526 0.528539896 0.999999940 0.999999940 0.999999940
v 0.008434969 -0.34261316 0.535015225 0.999999940 0.999999940 0.999999940
v -0.00840841 -0.35180849 0.493870943 0.999999940 0.999999940 0.999999940
v -0.00038267 -0.34181529 0.492387980 0.999999940 0.999999940 0.999999940
v 0.007651131 -0.35243282 0.494015097 0.999999940 0.999999940 0.999999940
v 0.018900381 -0.36044499 0.543381094 0.999999940 0.999999940 0.999999940
v 0.01882286 -0.37332362 0.496594637 0.999999940 0.999999940 0.999999940
v 0.019719112 -0.33002996 0.581693589 0.999999940 0.999999940 0.999999940
v 0.021788574 -0.28667206 0.607451915 0.999999940 0.999999940 0.999999940
v 0.022026456 -0.2375444 0.610361218 0.999999940 0.999999940 0.999999940
v 0.020759858 -0.1913605 0.593638360 0.999999940 0.999999940 0.999999940
v 0.020070049 -0.15316705 0.562698364 0.999999940 0.999999940 0.999999940
v 0.026008270 -0.14438371 0.572140932 0.999999940 0.999999940 0.999999940
v 0.027059232 -0.18605947 0.606138169 0.999999940 0.999999940 0.999999940
v 0.029226942 -0.23724733 0.625961124 0.999999940 0.999999940 0.999999940
v 0.030471894 -0.29507279 0.624265253 0.999999940 0.999999940 0.999999940
v 0.029365761 -0.34562156 0.596361994 0.999999940 0.999999940 0.999999940
v 0.028827566 -0.37990254 0.552725315 0.999999940 0.999999940 0.999999940
v 0.027906721 -0.3942759 0.498991906 0.999999940 0.999999940 0.999999940
v 0.022791983 -0.38392818 0.440979361 0.999999940 0.999999940 0.999999940
v -0.00011778 -0.33087361 0.457968652 0.999999940 0.999999940 0.999999940
v -0.00014211 -0.30838329 0.420678675 0.999999940 0.999999940 0.999999940
v 0.020945189 -0.35349602 0.394501149 0.999999940 0.999999940 0.999999940
v 0.032949172 -0.40522242 0.436015874 0.999999940 0.999999940 0.999999940
v 0.031109606 -0.37417433 0.382467985 0.999999940 0.999999940 0.999999940
v 0.036952100 -0.41424838 0.500252664 0.999999940 0.999999940 0.999999940
v 0.040186695 -0.39891124 0.561395049 0.999999940 0.999999940 0.999999940
v 0.041295770 -0.36030307 0.609993398 0.999999940 0.999999940 0.999999940
v 0.041734714 -0.30246949 0.640277266 0.999999940 0.999999940 0.999999940
v 0.040682096 -0.23761055 0.643843889 0.999999940 0.999999940 0.999999940
v 0.038461905 -0.17892694 0.624161183 0.999999940 0.999999940 0.999999940
v 0.037703987 -0.13088465 0.587107896 0.999999940 0.999999940 0.999999940
v 0.037044264 -0.09891866 0.537027001 0.999999940 0.999999940 0.999999940
v 0.037281051 -0.08720696 0.480170726 0.999999940 0.999999940 0.999999940
v 0.062754407 -0.06564052 0.555038869 0.999999940 0.999999940 0.999999940
v 0.063116885 -0.04964609 0.485721856 0.999999940 0.999999940 0.999999940
v 0.064538225 -0.10515047 0.615669131 0.999999940 0.999999940 0.999999940
v 0.064245462 -0.16571853 0.658762574 0.999999940 0.999999940 0.999999940
v 0.061604380 -0.2382805 0.675660371 0.999999940 0.999999940 0.999999940
v 0.058116894 -0.31240708 0.663748264 0.999999940 0.999999940 0.999999940
v 0.055314350 -0.37536648 0.625115394 0.999999940 0.999999940 0.999999940
v 0.054462935 -0.41893363 0.570069670 0.999999940 0.999999940 0.999999940
v 0.049913153 -0.4343209 0.501857340 0.999999940 0.999999940 0.999999940
v 0.046986702 -0.42792475 0.431650936 0.999999940 0.999999940 0.999999940
v 0.045726638 -0.39655578 0.370841413 0.999999940 0.999999940 0.999999940
v 0.032523531 -0.33144206 0.344270646 0.999999940 0.999999940 0.999999940
v 0.047638274 -0.35140595 0.325924634 0.999999940 0.999999940 0.999999940
v 0.034247428 -0.28260338 0.321403205 0.999999940 0.999999940 0.999999940
v 0.052323937 -0.29856434 0.294746846 0.999999940 0.999999940 0.999999940
v 0.080779060 -0.38373479 0.296926140 0.999999940 0.999999940 0.999999940
v 0.089999727 -0.32351261 0.254650473 0.999999940 0.999999940 0.999999940
v 0.075688675 -0.43281361 0.353656679 0.999999940 0.999999940 0.999999940
v 0.074525207 -0.46430793 0.425074517 0.999999940 0.999999940 0.999999940
v 0.077290684 -0.47069347 0.505557775 0.999999940 0.999999940 0.999999940
v 0.081370025 -0.44931024 0.583975493 0.999999940 0.999999940 0.999999940
v 0.085798010 -0.40107143 0.650899469 0.999999940 0.999999940 0.999999940
v 0.091622591 -0.32869729 0.698744237 0.999999940 0.999999940 0.999999940
v 0.098870784 -0.24108154 0.716507554 0.999999940 0.999999940 0.999999940
v 0.103646829 -0.15155393 0.698942661 0.999999940 0.999999940 0.999999940
v 0.105731084 -0.0770833 0.649096250 0.999999940 0.999999940 0.999999940
v 0.105682745 -0.02564111 0.576458454 0.999999940 0.999999940 0.999999940
v 0.106382980 -0.0036342 0.493457555 0.999999940 0.999999940 0.999999940
v 0.166103661 0.012086089 0.599928736 0.999999940 0.999999940 0.999999940
v 0.168003737 0.040595736 0.502819776 0.999999940 0.999999940 0.999999940
v 0.165489077 -0.0499745 0.683432698 0.999999940 0.999999940 0.999999940
v 0.162220239 -0.13930398 0.741487622 0.999999940 0.999999940 0.999999940
v 0.156139373 -0.24505901 0.762264370 0.999999940 0.999999940 0.999999940
v 0.147855386 -0.34965461 0.742079019 0.999999940 0.999999940 0.999999940
v 0.140578001 -0.43697673 0.683887124 0.999999940 0.999999940 0.999999940
v 0.135144189 -0.49368879 0.604064643 0.999999940 0.999999940 0.999999940
v 0.131049543 -0.51962888 0.511078536 0.999999940 0.999999940 0.999999940
v 0.128880694 -0.51473153 0.416724681 0.999999940 0.999999940 0.999999940
v 0.131442099 -0.47988814 0.331158369 0.999999940 0.999999940 0.999999940
v 0.137693852 -0.42319816 0.261943459 0.999999940 0.999999940 0.999999940
v 0.147834062 -0.34878194 0.212173566 0.999999940 0.999999940 0.999999940
v 0.101603165 -0.25135249 0.232749044 0.999999940 0.999999940 0.999999940
v 0.159652143 -0.25973359 0.187867641 0.999999940 0.999999940 0.999999940
v 0.060130521 -0.24006943 0.279785990 0.999999940 0.999999940 0.999999940
v 0.036392562 -0.23222761 0.315486908 0.999999940 0.999999940 0.999999940
v 0.112705066 -0.17119935 0.235860124 0.999999940 0.999999940 0.999999940
v 0.068577237 -0.17832519 0.282079011 0.999999940 0.999999940 0.999999940
v 0.041397389 -0.18467313 0.318371266 0.999999940 0.999999940 0.999999940
v 0.169941380 -0.16313072 0.195888474 0.999999940 0.999999940 0.999999940
v 0.226555973 -0.26410475 0.155136451 0.999999940 0.999999940 0.999999940
v 0.235163018 -0.15642053 0.167334318 0.999999940 0.999999940 0.999999940
v 0.217176735 -0.36500701 0.179869353 0.999999940 0.999999940 0.999999940
v 0.208969056 -0.45155042 0.233968004 0.999999940 0.999999940 0.999999940
v 0.203255340 -0.51676416 0.312244713 0.999999940 0.999999940 0.999999940
v 0.200934141 -0.55587655 0.408609032 0.999999940 0.999999940 0.999999940
v 0.201582238 -0.56114948 0.513695359 0.999999940 0.999999940 0.999999940
v 0.204546153 -0.53153312 0.617791712 0.999999940 0.999999940 0.999999940
v 0.210228577 -0.4662008 0.709903419 0.999999940 0.999999940 0.999999940
v 0.216843172 -0.36745271 0.775578498 0.999999940 0.999999940 0.999999940
v 0.225754752 -0.25032991 0.796900928 0.999999940 0.999999940 0.999999940
v 0.232313811 -0.13223694 0.773360848 0.999999940 0.999999940 0.999999940
v 0.234291851 -0.0317059 0.709557533 0.999999940 0.999999940 0.999999940
v 0.305802822 -0.12946174 0.790106475 0.999999940 0.999999940 0.999999940
v 0.307864040 -0.02293622 0.724381566 0.999999940 0.999999940 0.999999940
v 0.299700379 -0.25386107 0.814614355 0.999999940 0.999999940 0.999999940
v 0.293125361 -0.38009173 0.791655242 0.999999940 0.999999940 0.999999940
v 0.285834997 -0.48412612 0.722575604 0.999999940 0.999999940 0.999999940
v 0.280771523 -0.55414575 0.625198662 0.999999940 0.999999940 0.999999940
v 0.279735863 -0.5868789 0.515151977 0.999999940 0.999999940 0.999999940
v 0.280185371 -0.58040679 0.402590304 0.999999940 0.999999940 0.999999940
v 0.281577736 -0.53721142 0.300253361 0.999999940 0.999999940 0.999999940
v 0.285574138 -0.46554166 0.21836555 0.999999940 0.999999940 0.999999940
v 0.291775584 -0.37293372 0.162226796 0.999999940 0.999999940 0.999999940
v 0.299275755 -0.26535162 0.138124018 0.999999940 0.999999940 0.999999940
v 0.30597049 -0.15270612 0.153266459 0.999999940 0.999999940 0.999999940
v 0.240348786 -0.05622727 0.219038069 0.999999940 0.999999940 0.999999940
v 0.309657186 -0.04849427 0.206871733 0.999999940 0.999999940 0.999999940
v 0.173773735 -0.0732588 0.242240682 0.999999940 0.999999940 0.999999940
v 0.115990966 -0.09699891 0.273545175 0.999999940 0.999999940 0.999999940
v 0.239139333 0.018212607 0.300764024 0.999999940 0.999999940 0.999999940
v 0.171865657 -0.00724751 0.315502226 0.999999940 0.999999940 0.999999940
v 0.112170025 -0.0429806 0.335729837 0.999999940 0.999999940 0.999999940
v 0.310798049 0.031288918 0.292185843 0.999999940 0.999999940 0.999999940
v 0.382447421 -0.04964068 0.206427350 0.999999940 0.999999940 0.999999940
v 0.383792966 0.030907804 0.290743678 0.999999940 0.999999940 0.999999940
v 0.379654288 -0.1526206 0.152965664 0.999999940 0.999999940 0.999999940
v 0.375132739 -0.26499167 0.137469828 0.999999940 0.999999940 0.999999940
v 0.369662642 -0.37363669 0.159464180 0.999999940 0.999999940 0.999999940
v 0.364448517 -0.46803895 0.214609965 0.999999940 0.999999940 0.999999940
v 0.361374884 -0.54082865 0.296456515 0.999999940 0.999999940 0.999999940
v 0.360985934 -0.58545667 0.398872077 0.999999940 0.999999940 0.999999940
v 0.361561417 -0.59346288 0.512177288 0.999999940 0.999999940 0.999999940
v 0.363598823 -0.56072414 0.624431252 0.999999940 0.999999940 0.999999940
v 0.367174863 -0.48900086 0.723481476 0.999999940 0.999999940 0.999999940
v 0.371281474 -0.38336658 0.792221784 0.999999940 0.999999940 0.999999940
v 0.443849057 -0.5501197 0.614607751 0.999999940 0.999999940 0.999999940
v 0.445488065 -0.48174083 0.711287975 0.999999940 0.999999940 0.999999940
v 0.447815001 -0.37968796 0.777939975 0.999999940 0.999999940 0.999999940
v 0.441115319 -0.58300644 0.505475521 0.999999940 0.999999940 0.999999940
v 0.440258264 -0.57400602 0.397098243 0.999999940 0.999999940 0.999999940
v 0.439370036 -0.53000587 0.299620300 0.999999940 0.999999940 0.999999940
v 0.441941797 -0.4596585 0.222325533 0.999999940 0.999999940 0.999999940
v 0.445496887 -0.36798573 0.171566188 0.999999940 0.999999940 0.999999940
v 0.449445307 -0.26415348 0.152028769 0.999999940 0.999999940 0.999999940
v 0.452684551 -0.15728351 0.166358813 0.999999940 0.999999940 0.999999940
v 0.454053610 -0.05918868 0.216233521 0.999999940 0.999999940 0.999999940
v 0.454133033 0.018470516 0.295975476 0.999999940 0.999999940 0.999999940
v 0.384078532 0.077595681 0.397196561 0.999999940 0.999999940 0.999999940
v 0.45536834 0.062074765 0.398749560 0.999999940 0.999999940 0.999999940
v 0.310243040 0.078064926 0.397712618 0.999999940 0.999999940 0.999999940
v 0.237499386 0.061763502 0.400468349 0.999999940 0.999999940 0.999999940
v 0.236338853 0.069444857 0.509795904 0.999999940 0.999999940 0.999999940
v 0.309896290 0.084615223 0.513775289 0.999999940 0.999999940 0.999999940
v 0.384579092 0.084531001 0.514235496 0.999999940 0.999999940 0.999999940
v 0.457510113 0.068073473 0.511533260 0.999999940 0.999999940 0.999999940
v 0.524687111 0.030957276 0.402824968 0.999999940 0.999999940 0.999999940
v 0.526120066 0.036805708 0.506062090 0.999999940 0.999999940 0.999999940
v 0.523215770 -0.00936254 0.309855639 0.999999940 0.999999940 0.999999940
v 0.520592212 -0.078054 0.236847698 0.999999940 0.999999940 0.999999940
v 0.519412815 -0.16677439 0.192106634 0.999999940 0.999999940 0.999999940
v 0.516920268 -0.26357323 0.178739517 0.999999940 0.999999940 0.999999940
v 0.513897657 -0.35760635 0.196099802 0.999999940 0.999999940 0.999999940
v 0.513413429 -0.43979335 0.241918742 0.999999940 0.999999940 0.999999940
v 0.514207422 -0.5039565 0.311074942 0.999999940 0.999999940 0.999999940
v 0.515131413 -0.54485583 0.398309052 0.999999940 0.999999940 0.999999940
v 0.516957521 -0.55191785 0.497285664 0.999999940 0.999999940 0.999999940
v 0.516544342 -0.52469969 0.598135888 0.999999940 0.999999940 0.999999940
v 0.582038462 -0.49617022 0.401183664 0.999999940 0.999999940 0.999999940
v 0.582080245 -0.50400752 0.487765252 0.999999940 0.999999940 0.999999940
v 0.581673622 -0.48421991 0.576004385 0.999999940 0.999999940 0.999999940
v 0.579803228 -0.46228385 0.327808380 0.999999940 0.999999940 0.999999940
v 0.577721476 -0.40915248 0.272860497 0.999999940 0.999999940 0.999999940
v 0.576795160 -0.34347418 0.236989036 0.999999940 0.999999940 0.999999940
v 0.580976009 -0.26570934 0.222776949 0.999999940 0.999999940 0.999999940
v 0.583807110 -0.18396904 0.233874678 0.999999940 0.999999940 0.999999940
v 0.585215449 -0.10884964 0.270561993 0.999999940 0.999999940 0.999999940
v 0.585413634 -0.04974335 0.331000983 0.999999940 0.999999940 0.999999940
v 0.585736632 -0.01416653 0.409120619 0.999999940 0.999999940 0.999999940
v 0.586933732 -0.00750758 0.496400952 0.999999940 0.999999940 0.999999940
v 0.527017593 0.006476958 0.607117891 0.999999940 0.999999940 0.999999940
v 0.588138103 -0.0328826 0.583808898 0.999999940 0.999999940 0.999999940
v 0.457902908 0.034401290 0.621826767 0.999999940 0.999999940 0.999999940
v 0.384269475 0.049423743 0.628708958 0.999999940 0.999999940 0.999999940
v 0.309558063 0.050536282 0.627371370 0.999999940 0.999999940 0.999999940
v 0.382369220 -0.02423457 0.726395785 0.999999940 0.999999940 0.999999940
v 0.457056284 -0.03646807 0.715505778 0.999999940 0.999999940 0.999999940
v 0.526296496 -0.05838073 0.692962050 0.999999940 0.999999940 0.999999940
v 0.587354481 -0.08789797 0.658385157 0.999999940 0.999999940 0.999999940
v 0.637920975 -0.08253017 0.552768707 0.999999940 0.999999940 0.999999940
v 0.637248635 -0.12526166 0.613475799 0.999999940 0.999999940 0.999999940
v 0.637326121 -0.06432301 0.483926475 0.999999940 0.999999940 0.999999940
v 0.636245608 -0.07095755 0.416996151 0.999999940 0.999999940 0.999999940
v 0.636023938 -0.09903406 0.360008388 0.999999940 0.999999940 0.999999940
v 0.636729002 -0.14567868 0.316545337 0.999999940 0.999999940 0.999999940
v 0.636604487 -0.20703806 0.289604395 0.999999940 0.999999940 0.999999940
v 0.634886741 -0.27333027 0.283084422 0.999999940 0.999999940 0.999999940
v 0.632437229 -0.33285674 0.295845627 0.999999940 0.999999940 0.999999940
v 0.624181032 -0.37747344 0.308298438 0.999999940 0.999999940 0.999999940
v 0.634180486 -0.40119809 0.348734796 0.999999940 0.999999940 0.999999940
v 0.636961400 -0.43071726 0.406955063 0.999999940 0.999999940 0.999999940
v 0.660447597 -0.34238657 0.352321505 0.999999940 0.999999940 0.999999940
v 0.672153532 -0.36107433 0.406848907 0.999999940 0.999999940 0.999999940
v 0.670799851 -0.28761542 0.348416864 0.999999940 0.999999940 0.999999940
v 0.673399269 -0.23168741 0.352490633 0.999999940 0.999999940 0.999999940
v 0.672667741 -0.18126601 0.370451271 0.999999940 0.999999940 0.999999940
v 0.666116297 -0.14259979 0.385682404 0.999999940 0.999999940 0.999999940
v 0.673310160 -0.13845739 0.421734571 0.999999940 0.999999940 0.999999940
v 0.674330532 -0.13243978 0.467889905 0.999999940 0.999999940 0.999999940
v 0.674342513 -0.14184731 0.517405927 0.999999940 0.999999940 0.999999940
v 0.672779202 -0.16946711 0.561358451 0.999999940 0.999999940 0.999999940
v 0.634468436 -0.18679903 0.657707274 0.999999940 0.999999940 0.999999940
v 0.670090079 -0.21478826 0.598717451 0.999999940 0.999999940 0.999999940
v 0.584854722 -0.16627729 0.709051728 0.999999940 0.999999940 0.999999940
v 0.523389697 -0.15051869 0.750445067 0.999999940 0.999999940 0.999999940
v 0.453323632 -0.13864836 0.778228879 0.999999940 0.999999940 0.999999940
v 0.519074201 -0.25816137 0.772081494 0.999999940 0.999999940 0.999999940
v 0.450148612 -0.25796789 0.801677763 0.999999940 0.999999940 0.999999940
v 0.581029057 -0.25818095 0.728343367 0.999999940 0.999999940 0.999999940
v 0.628691732 -0.25941056 0.676148295 0.999999940 0.999999940 0.999999940
v 0.661524593 -0.26942679 0.622339189 0.999999940 0.999999940 0.999999940
v 0.691240668 -0.24272481 0.537021994 0.999999940 0.999999940 0.999999940
v 0.690243303 -0.20715557 0.522042334 0.999999940 0.999999940 0.999999940
v 0.681884884 -0.2908217 0.564142763 0.999999940 0.999999940 0.999999940
v 0.693050503 -0.20625271 0.487837791 0.999999940 0.999999940 0.999999940
v 0.692718625 -0.20085254 0.451890409 0.999999940 0.999999940 0.999999940
v 0.686616063 -0.19520441 0.413100600 0.999999940 0.999999940 0.999999940
v 0.690704047 -0.24717574 0.405060291 0.999999940 0.999999940 0.999999940
v 0.686157882 -0.30173379 0.403699606 0.999999940 0.999999940 0.999999940
v 0.675609707 -0.37278843 0.466390788 0.999999940 0.999999940 0.999999940
v 0.637298166 -0.44156438 0.477248817 0.999999940 0.999999940 0.999999940
v 0.692941367 -0.30962285 0.456389486 0.999999940 0.999999940 0.999999940
v 0.696901321 -0.25439841 0.450132161 0.999999940 0.999999940 0.999999940
v 0.697116851 -0.25343302 0.492168486 0.999999940 0.999999940 0.999999940
v 0.690596401 -0.30646744 0.509106338 0.999999940 0.999999940 0.999999940
v 0.663205504 -0.34088704 0.590056061 0.999999940 0.999999940 0.999999940
v 0.653666794 -0.31201723 0.630721926 0.999999940 0.999999940 0.999999940
v 0.671365618 -0.36653027 0.529608011 0.999999940 0.999999940 0.999999940
v 0.626718938 -0.32792634 0.665572166 0.999999940 0.999999940 0.999999940
v 0.577062487 -0.3521421 0.711711466 0.999999940 0.999999940 0.999999940
v 0.517952978 -0.36910418 0.749586701 0.999999940 0.999999940 0.999999940
v 0.375638365 -0.25644755 0.815930485 0.999999940 0.999999940 0.999999940
v 0.379839599 -0.13159733 0.791484773 0.999999940 0.999999940 0.999999940
v 0.235575199 0.037847049 0.617419064 0.999999940 0.999999940 0.999999940
v 0.169370248 0.031727675 0.404539555 0.999999940 0.999999940 0.999999940
v 0.108923800 -0.0109735 0.410993069 0.999999940 0.999999940 0.999999940
v 0.064805656 -0.05609636 0.418350696 0.999999940 0.999999940 0.999999940
v 0.067713886 -0.08189399 0.357918977 0.999999940 0.999999940 0.999999940
v 0.071579352 -0.12316284 0.307542145 0.999999940 0.999999940 0.999999940
v 0.039842370 -0.11401243 0.377719759 0.999999940 0.999999940 0.999999940
v 0.037534833 -0.09414063 0.425777018 0.999999940 0.999999940 0.999999940
v 0.042482908 -0.1455546 0.338422745 0.999999940 0.999999940 0.999999940
v 0.517592608 -0.46263069 0.687523245 0.999999940 0.999999940 0.999999940
v 0.579594969 -0.43202952 0.65602988 0.999999940 0.999999940 0.999999940
v 0.634896457 -0.42940211 0.552250027 0.999999940 0.999999940 0.999999940
v 0.629771530 -0.39059561 0.620777964 0.999999940 0.999999940 0.999999940
v 0 -0.20844653 0.408367246 0.999999940 0.999999940 0.999999940
v -0.00009228 -0.20844242 0.408360719 0.999999940 0.999999940 0.999999940
v -0.00032566 -0.20853481 0.408737957 0.999999940 0.999999940 0.999999940
v -0.00000019 -0.20855649 0.408788561 0.999999940 0.999999940 0.999999940
v 0.000323195 -0.20855094 0.408735036 0.999999940 0.999999940 0.999999940
v 0.000090987 -0.2084506 0.408373743 0.999999940 0.999999940 0.999999940
v -0.00058008 -0.20863782 0.409158110 0.999999940 0.999999940 0.999999940
v -0.00000035 -0.20866707 0.409212112 0.999999940 0.999999940 0.999999940
v 0.000579147 -0.20866548 0.409151375 0.999999940 0.999999940 0.999999940
v -0.00080321 -0.20874988 0.409609496 0.999999940 0.999999940 0.999999940
v -0.00000044 -0.20878357 0.409658432 0.999999940 0.999999940 0.999999940
v 0.000802414 -0.20878248 0.409601897 0.999999940 0.999999940 0.999999940
v -0.00090487 -0.20887505 0.410099268 0.999999940 0.999999940 0.999999940
v -0.00000004 -0.20890182 0.410111755 0.999999940 0.999999940 0.999999940
v 0.000904810 -0.20889948 0.410093188 0.999999940 0.999999940 0.999999940
v -0.0008515 -0.2090216 0.410653919 0.999999940 0.999999940 0.999999940
v -0.00000004 -0.20902121 0.410565912 0.999999940 0.999999940 0.999999940
v 0.000839904 -0.20904686 0.410642087 0.999999940 0.999999940 0.999999940
v -0.00072607 -0.20915462 0.411119759 0.999999940 0.999999940 0.999999940
v 0.000000027 -0.20913553 0.410971343 0.999999940 0.999999940 0.999999940
v 0.000661617 -0.20918685 0.411071270 0.999999940 0.999999940 0.999999940
v -0.00051744 -0.20930691 0.411563277 0.999999940 0.999999940 0.999999940
v 0.000000030 -0.20928521 0.411439895 0.999999940 0.999999940 0.999999940
v 0.000418166 -0.20933732 0.411494910 0.999999940 0.999999940 0.999999940
v 0 -0.20943518 0.411826580 0.999999940 0.999999940 0.999999940
v -0.00023843 -0.20947197 0.411954104 0.999999940 0.999999940 0.999999940
v 0.000176006 -0.20948608 0.411912858 0.999999940 0.999999940 0.999999940
v -0.00125323 -0.20848382 0.408635377 0.999999940 0.999999940 0.999999940
v -0.00135714 -0.20848337 0.408644139 0.999999940 0.999999940 0.999999940
v -0.00133209 -0.20851089 0.408746987 0.999999940 0.999999940 0.999999940
v -0.00119474 -0.20851189 0.408737123 0.999999940 0.999999940 0.999999940
v -0.00133553 -0.20842358 0.408412843 0.999999940 0.999999940 0.999999940
v -0.00141027 -0.20842509 0.408426135 0.999999940 0.999999940 0.999999940
v -0.00119231 -0.20846845 0.408570408 0.999999940 0.999999940 0.999999940
v -0.00127614 -0.20842238 0.408402293 0.999999940 0.999999940 0.999999940
v -0.00109621 -0.20847759 0.40859586 0.999999940 0.999999940 0.999999940
v -0.0013134 -0.20853141 0.408823669 0.999999940 0.999999940 0.999999940
v -0.00124333 -0.20853239 0.408820569 0.999999940 0.999999940 0.999999940
v -0.00121601 -0.20842116 0.408391535 0.999999940 0.999999940 0.999999940
v -0.00104266 -0.20845908 0.408519476 0.999999940 0.999999940 0.999999940
v -0.00112463 -0.20841929 0.408375263 0.999999940 0.999999940 0.999999940
v -0.00099668 -0.20844316 0.408453911 0.999999940 0.999999940 0.999999940
v -0.00104843 -0.20841774 0.408361673 0.999999940 0.999999940 0.999999940
v -0.00094523 -0.20842689 0.408386468 0.999999940 0.999999940 0.999999940
v -0.00095154 -0.20841575 0.408344447 0.999999940 0.999999940 0.999999940
v -0.00087216 -0.20841411 0.408330202 0.999999940 0.999999940 0.999999940
v 0.001194162 -0.20856807 0.408723086 0.999999940 0.999999940 0.999999940
v 0.001330920 -0.20857269 0.408731818 0.999999940 0.999999940 0.999999940
v 0.001355861 -0.20854774 0.408628344 0.999999940 0.999999940 0.999999940
v 0.001252216 -0.20854384 0.408620357 0.999999940 0.999999940 0.999999940
v 0.001394528 -0.20850854 0.408465355 0.999999940 0.999999940 0.999999940
v 0.001328517 -0.2085056 0.408460736 0.999999940 0.999999940 0.999999940
v 0.001268741 -0.20850295 0.408456504 0.999999940 0.999999940 0.999999940
v 0.001191026 -0.20852639 0.408555805 0.999999940 0.999999940 0.999999940
v 0.001095223 -0.20853098 0.408582001 0.999999940 0.999999940 0.999999940
v 0.001242487 -0.20858935 0.408806502 0.999999940 0.999999940 0.999999940
v 0.001311677 -0.20859124 0.408808767 0.999999940 0.999999940 0.999999940
v 0.001208221 -0.20850024 0.408452272 0.999999940 0.999999940 0.999999940
v 0.001116207 -0.20849614 0.408445745 0.999999940 0.999999940 0.999999940
v 0.001041407 -0.20851004 0.408506214 0.999999940 0.999999940 0.999999940
v 0.001039530 -0.20849276 0.408440291 0.999999940 0.999999940 0.999999940
v 0.000995423 -0.2084918 0.408441126 0.999999940 0.999999940 0.999999940
v 0.000942000 -0.2084884 0.408433437 0.999999940 0.999999940 0.999999940
v 0.000939185 -0.20848829 0.408433198 0.999999940 0.999999940 0.999999940
v 0.000862379 -0.20848489 0.408427864 0.999999940 0.999999940 0.999999940
vt 0.745962023 0.495512783
vt 0.743701696 0.493331193
vt 0.746835410 0.492122948
vt 0.74813205 0.493742644
vt 0.749583363 0.495255112
vt 0.747747957 0.496560335
vt 0.772414743 0.426593244
vt 0.770444214 0.427547812
vt 0.774344205 0.425949215
vt 0.742770612 0.490702509
vt 0.745659649 0.489608168
vt 0.768342316 0.429653108
vt 0.747611403 0.489057421
vt 0.748792409 0.491241633
vt 0.749988913 0.492804765
vt 0.751105129 0.494149386
vt 0.751562714 0.497752606
vt 0.752459883 0.495112955
vt 0.777236700 0.426504790
vt 0.775294959 0.427719652
vt 0.773554801 0.428513884
vt 0.771832466 0.429452180
vt 0.769844234 0.430942535
vt 0.765907287 0.431733667
vt 0.763136982 0.428986311
vt 0.767518043 0.433090269
vt 0.744410991 0.486703991
vt 0.746382832 0.486160755
vt 0.748442828 0.485754847
vt 0.749623060 0.488455772
vt 0.750695347 0.490392386
vt 0.751785337 0.491886198
vt 0.752859830 0.493224799
vt 0.753792285 0.494434714
vt 0.754614770 0.496424913
vt 0.753790497 0.496871888
vt 0.777790188 0.428578376
vt 0.776435017 0.429283499
vt 0.774882793 0.430090010
vt 0.773261189 0.431024074
vt 0.771411478 0.432296335
vt 0.769272267 0.434297502
vt 0.765152454 0.436118841
vt 0.763490438 0.434662044
vt 0.767000615 0.437382221
vt 0.760593414 0.432098567
vt 0.743208766 0.483082175
vt 0.745374023 0.482469260
vt 0.747534871 0.482071101
vt 0.750549733 0.485404491
vt 0.751502156 0.487904548
vt 0.749767959 0.481606185
vt 0.752525031 0.489622354
vt 0.753652691 0.490974009
vt 0.754778802 0.492220103
vt 0.755642056 0.493390440
vt 0.756362199 0.495645165
vt 0.779215276 0.430388808
vt 0.777819514 0.43096596
vt 0.776261210 0.431662619
vt 0.774675607 0.432466805
vt 0.772987842 0.433591783
vt 0.771109044 0.435469329
vt 0.768938064 0.438644349
vt 0.766894698 0.442815601
vt 0.764876008 0.441404104
vt 0.763034224 0.439810335
vt 0.761322379 0.438173294
vt 0.758084833 0.435396671
vt 0.742793321 0.478940188
vt 0.745032072 0.478219628
vt 0.747364819 0.477490961
vt 0.749717176 0.476991176
vt 0.752028882 0.481366217
vt 0.752528727 0.485174715
vt 0.752099275 0.476680576
vt 0.753368735 0.487248897
vt 0.754397928 0.488614916
vt 0.75570786 0.489687204
vt 0.756979465 0.490843355
vt 0.758113205 0.491930425
vt 0.760100781 0.494072496
vt 0.781352818 0.432495474
vt 0.779293179 0.433107614
vt 0.777607262 0.433678150
vt 0.776007711 0.434176623
vt 0.774482071 0.434940338
vt 0.772865653 0.436503410
vt 0.770921230 0.439873635
vt 0.768928527 0.444074153
vt 0.767839133 0.447222530
vt 0.765763759 0.446113228
vt 0.763771176 0.444828927
vt 0.761842429 0.443338871
vt 0.759885072 0.441700398
vt 0.756292641 0.439040958
vt 0.743072271 0.475145876
vt 0.745477914 0.474494993
vt 0.747790396 0.473921656
vt 0.750131011 0.473500371
vt 0.752442538 0.473353266
vt 0.754716098 0.473427236
vt 0.754371821 0.476639211
vt 0.754191577 0.481325507
vt 0.750604450 0.471081078
vt 0.752876400 0.471010327
vt 0.755062580 0.471018254
vt 0.748353421 0.471235811
vt 0.746207952 0.471483230
vt 0.744072973 0.471656799
vt 0.741830647 0.471336603
vt 0.73764503 0.469967126
vt 0.757252395 0.444298505
vt 0.759428679 0.445253670
vt 0.761273682 0.446393370
vt 0.763143360 0.447446286
vt 0.765156865 0.448513686
vt 0.767206549 0.449525237
vt 0.771019399 0.445020258
vt 0.769949555 0.448056995
vt 0.769311189 0.450279414
vt 0.768939554 0.452517569
vt 0.766866922 0.451757729
vt 0.764623999 0.450771272
vt 0.762715578 0.449822485
vt 0.760811388 0.448904991
vt 0.759025216 0.448064506
vt 0.757195651 0.447370529
vt 0.753613829 0.447228193
vt 0.743123352 0.468660652
vt 0.744921386 0.468934476
vt 0.746885299 0.468960166
vt 0.748960793 0.468891501
vt 0.751122117 0.468811690
vt 0.753396809 0.468743801
vt 0.755547583 0.468688607
vt 0.753958165 0.466338336
vt 0.756257176 0.465934932
vt 0.751737415 0.466623485
vt 0.749487459 0.466685652
vt 0.747495651 0.466718077
vt 0.745576441 0.466668009
vt 0.743532598 0.466027021
vt 0.741201698 0.464789509
vt 0.756444752 0.450022459
vt 0.758536100 0.450343847
vt 0.760290145 0.451113224
vt 0.762035191 0.451864481
vt 0.764117479 0.452831268
vt 0.766114831 0.453994572
vt 0.767899215 0.455420672
vt 0.767803072 0.45801723
vt 0.765000641 0.456861197
vt 0.763273894 0.455149292
vt 0.761386752 0.453595697
vt 0.759580373 0.453189075
vt 0.758090019 0.452540636
vt 0.756179511 0.451649844
vt 0.755004584 0.451111257
vt 0.743827641 0.464254021
vt 0.746071517 0.464727163
vt 0.747870028 0.464638233
vt 0.749873578 0.464788794
vt 0.7522735 0.463883280
vt 0.755266666 0.462095379
vt 0.757738351 0.463417172
vt 0.767773509 0.458534598
vt 0.765872716 0.458151340
vt 0.752772033 0.461070895
vt 0.753941774 0.461523175
vt 0.750197708 0.461248159
vt 0.747938871 0.461493849
vt 0.745457649 0.461764812
vt 0.743813991 0.462902844
vt 0.768732726 0.458584964
vt 0.770341455 0.453725993
vt 0.757336735 0.468311190
vt 0.760721027 0.464724481
vt 0.759142816 0.468605101
vt 0.77185601 0.454231739
vt 0.771149218 0.451017797
vt 0.772909581 0.451527714
vt 0.774096906 0.454512834
vt 0.774127244 0.458261311
vt 0.774861216 0.451917231
vt 0.761209607 0.469052970
vt 0.760789930 0.471806228
vt 0.758844792 0.471409499
vt 0.757035017 0.471178650
vt 0.758741378 0.474001169
vt 0.756756663 0.473612844
vt 0.760720193 0.474485874
vt 0.762885391 0.469329893
vt 0.762660205 0.472092866
vt 0.762772679 0.474768698
vt 0.764789998 0.467260181
vt 0.775727748 0.454960644
vt 0.776659131 0.452480614
vt 0.775938749 0.449486255
vt 0.777941882 0.450057745
vt 0.773935616 0.449103832
vt 0.771932065 0.448696434
vt 0.773124933 0.445620000
vt 0.775184035 0.446017384
vt 0.777091205 0.446373105
vt 0.779163897 0.446905136
vt 0.782219350 0.447867810
vt 0.779791235 0.450901985
vt 0.778319358 0.453345239
vt 0.777478456 0.456155717
vt 0.777761340 0.457124114
vt 0.765073418 0.469430565
vt 0.764633119 0.471966266
vt 0.764881908 0.474724352
vt 0.762620508 0.478136062
vt 0.760474562 0.477806031
vt 0.765568971 0.478931307
vt 0.758575677 0.477371096
vt 0.757926404 0.482115209
vt 0.759682834 0.482592523
vt 0.761538922 0.483065724
vt 0.763359725 0.483961165
vt 0.768237412 0.475297987
vt 0.768055975 0.477469742
vt 0.766702830 0.479949832
vt 0.765882253 0.484993517
vt 0.766558408 0.471404016
vt 0.782353758 0.442364215
vt 0.780320406 0.442021668
vt 0.778441250 0.441700398
vt 0.776624083 0.441473603
vt 0.774775922 0.441236496
vt 0.777109324 0.437080562
vt 0.778738796 0.436896026
vt 0.775607168 0.437214851
vt 0.780619144 0.436811626
vt 0.782813727 0.436590790
vt 0.784602403 0.436288833
vt 0.761577189 0.489047825
vt 0.759678244 0.488019645
vt 0.758022129 0.487048327
vt 0.756551802 0.486366748
vt 0.756550312 0.476904571
vt 0.756130874 0.481588184
vt 0.755296886 0.485614359
vt 0.754171848 0.484395682
vt 0.774075150 0.437861383
vt 0.772900700 0.440660297
vt 0.998569548 0.587085247
vt 0.998459994 0.586928784
vt 0.998644888 0.586832523
vt 0.998708844 0.587089180
vt 0.998659014 0.587348103
vt 0.998543798 0.587235331
vt 0.998302340 0.586703658
vt 0.998539328 0.586585342
vt 0.998793840 0.586509525
vt 0.998852610 0.586776912
vt 0.998878359 0.587094903
vt 0.998846411 0.587404549
vt 0.998621583 0.587579190
vt 0.998465001 0.587456464
vt 0.998809158 0.587663292
vt 0.998934745 0.587410152
vt 0.999073863 0.587102294
vt 0.998960971 0.587720513
vt 0.999067664 0.586748182
vt 0.999062955 0.586473107
vt 0.998729467 0.586208224
vt 0.999057769 0.586178064
vt 0.998408377 0.586306333
vt 0.998135209 0.586464881
vt 0.997892439 0.586118340
vt 0.998241424 0.585965275
vt 0.998638510 0.585842609
vt 0.999051094 0.585789203
vt 0.998537838 0.585404276
vt 0.999044418 0.585404038
vt 0.998008191 0.585472285
vt 0.997541368 0.585616946
vt 0.998504042 0.584976553
vt 0.997817039 0.584921896
vt 0.997004628 0.584850430
vt 0.999037683 0.585016429
vt 0.998927474 0.588013529
vt 0.998781859 0.587964415
vt 0.998488366 0.587883353
vt 0.998300790 0.587769806
vt 0.998321831 0.588256359
vt 0.998051762 0.588176131
vt 0.998726010 0.588340997
vt 0.998873233 0.588426113
vt 0.998788476 0.588793695
vt 0.998654842 0.588814258
vt 0.998136460 0.588932991
vt 0.997687339 0.588824391
vt 0.998004913 0.589410662
vt 0.998670578 0.589232146
vt 0.997241199 0.589659333
vt 0.998868346 0.589161515
vt 0.512517690 0.821128606
vt 0.507490873 0.824613153
vt 0.496005684 0.814736008
vt 0.499203413 0.811529457
vt 0.519085168 0.825885474
vt 0.517646729 0.828938067
vt 0.503737032 0.807258129
vt 0.518064498 0.818128883
vt 0.525350511 0.825797677
vt 0.504209578 0.827395796
vt 0.492971062 0.819192707
vt 0.514554143 0.833620429
vt 0.479821384 0.810269773
vt 0.482555627 0.805568218
vt 0.484805494 0.801444053
vt 0.487544536 0.797561287
vt 0.508108437 0.804901957
vt 0.489832788 0.793506503
vt 0.523399233 0.816058099
vt 0.534273088 0.824767112
vt 0.542065858 0.834123730
vt 0.531964540 0.835001945
vt 0.526116609 0.839823305
vt 0.522235333 0.845011293
vt 0.511283516 0.838620662
vt 0.501884937 0.832634568
vt 0.490580767 0.824213624
vt 0.477688163 0.815358042
vt 0.459866374 0.805520415
vt 0.461799532 0.800117909
vt 0.465530723 0.795771956
vt 0.471045881 0.794304728
vt 0.468487381 0.788326978
vt 0.468845367 0.782290756
vt 0.491832107 0.789346814
vt 0.469243228 0.776736199
vt 0.513066411 0.802151978
vt 0.530963838 0.814543604
vt 0.544137597 0.823246657
vt 0.554160058 0.833438336
vt 0.764868080 0.78157866
vt 0.764780521 0.788378357
vt 0.763408422 0.772339940
vt 0.76359725 0.794142365
vt 0.758364558 0.798675954
vt 0.752416014 0.805783450
vt 0.736523211 0.800108492
vt 0.509497404 0.845412731
vt 0.499479770 0.839487969
vt 0.489170193 0.832818329
vt 0.474765241 0.820306479
vt 0.457486897 0.811296403
vt 0.182606801 0.339833974
vt 0.187419518 0.335593044
vt 0.192289277 0.332903623
vt 0.451541096 0.782416641
vt 0.448812425 0.772594630
vt 0.446908175 0.765594124
vt 0.469070226 0.770450174
vt 0.445527911 0.758813977
vt 0.494487494 0.784634470
vt 0.517560482 0.798678338
vt 0.538542926 0.811093211
vt 0.556123375 0.821534633
vt 0.568049848 0.832728743
vt 0.764608442 0.763999164
vt 0.781325340 0.777389407
vt 0.780634820 0.788363397
vt 0.785498559 0.769058048
vt 0.775776386 0.791428685
vt 0.780405163 0.798957705
vt 0.774072468 0.805720210
vt 0.769845902 0.812176346
vt 0.729614079 0.807872116
vt 0.746239066 0.815371811
vt 0.765874981 0.821163892
vt 0.506091177 0.858310580
vt 0.495241999 0.852095902
vt 0.483566135 0.841900706
vt 0.472095519 0.830060958
vt 0.453623175 0.820539832
vt 0.175074040 0.346426963
vt 0.461812704 0.854539156
vt 0.449948906 0.841050684
vt 0.159983471 0.360117256
vt 0.475418776 0.860803723
vt 0.489102661 0.866357445
vt 0.502743780 0.875553727
vt 0.517225444 0.879442870
vt 0.739559352 0.828937888
vt 0.763409495 0.833177745
vt 0.790407478 0.831692338
vt 0.790682137 0.844139933
vt 0.789731681 0.822115898
vt 0.790786325 0.813726782
vt 0.797328770 0.797264933
vt 0.794813215 0.796563565
vt 0.780482173 0.790861189
vt 0.811489880 0.802487731
vt 0.809153676 0.817444741
vt 0.799342930 0.796491265
vt 0.801061987 0.779551982
vt 0.830115020 0.786260545
vt 0.807439982 0.787244439
vt 0.816821992 0.830747604
vt 0.820136070 0.842731475
vt 0.819877386 0.853492498
vt 0.786297798 0.863439321
vt 0.756383836 0.855683803
vt 0.819654822 0.873221874
vt 0.727461457 0.851759374
vt 0.698510527 0.851082861
vt 0.669718802 0.838786184
vt 0.485596984 0.896270513
vt 0.466781348 0.887161612
vt 0.456236362 0.914197385
vt 0.479605466 0.928194165
vt 0.503327548 0.935673177
vt 0.680186390 0.876570761
vt 0.709720969 0.884124100
vt 0.744295477 0.886068582
vt 0.778670787 0.895653247
vt 0.816034615 0.906048655
vt 0.849376082 0.862761795
vt 0.853646159 0.884549319
vt 0.854437649 0.912477433
vt 0.849007248 0.852032065
vt 0.849097728 0.842735827
vt 0.840780437 0.827490508
vt 0.864108264 0.840062618
vt 0.867927551 0.848845422
vt 0.874190628 0.862690150
vt 0.875576496 0.869652211
vt 0.882027506 0.887670040
vt 0.890604794 0.919264674
vt 0.853560507 0.948637306
vt 0.812106430 0.941521585
vt 0.894763827 0.954183340
vt 0.770482361 0.931553840
vt 0.731169998 0.918284475
vt 0.696692884 0.911449909
vt 0.663302898 0.903547346
vt 0.632535398 0.895326077
vt 0.468043983 0.957208037
vt 0.446144104 0.943760335
vt 0.459085971 0.978988111
vt 0.438927918 0.970756053
vt 0.488133877 0.999678194
vt 0.642910778 0.924340665
vt 0.677550673 0.940418303
vt 0.717160761 0.949484765
vt 0.758487224 0.964201092
vt 0.808271765 0.978054523
vt 0.856521487 0.985444545
vt 0.894794344 0.990168392
vt 0.081918969 0.180999875
vt 0.045144204 0.167204260
vt 0.008848175 0.154194593
vt 0.117106720 0.195431113
vt 0.138195455 0.203737318
vt 0.149918407 0.210773468
vt 0.161295905 0.215474426
vt 0.161313816 0.240234911
vt 0.151530176 0.236724197
vt 0.137594983 0.233585715
vt 0.113241925 0.229937076
vt 0.079000905 0.221782803
vt 0.03908379 0.213685035
vt 0.000950831 0.206576287
vt 0.315163791 0.470328271
vt 0.238740697 0.460204958
vt 0.166559651 0.462259352
vt 0.100384391 0.492781639
vt 0.05346613 0.528365612
vt 0.024435911 0.589061081
vt 0.022232931 0.656732797
vt 0.034914206 0.721324741
vt 0.068998999 0.787617266
vt 0.114529445 0.840733647
vt 0.058266330 0.721242129
vt 0.086606562 0.776528239
vt 0.130894377 0.823941528
vt 0.043768703 0.664174795
vt 0.048341911 0.598939061
vt 0.073135174 0.549238145
vt 0.112889915 0.510913491
vt 0.176472872 0.486816644
vt 0.238190516 0.482301592
vt 0.307529896 0.492208659
vt 0.364739656 0.523670435
vt 0.378732949 0.502470731
vt 0.397233635 0.483286857
vt 0.037261135 0.265641868
vt 0.076408706 0.265973389
vt 0.111831456 0.267505168
vt 0.138145849 0.267894804
vt 0.116976022 0.307749390
vt 0.081509746 0.314206659
vt 0.142669245 0.301080346
vt 0.044285222 0.318625450
vt 0.007174647 0.323419928
vt 0.417763054 0.569450616
vt 0.398521333 0.581735491
vt 0.299630284 0.518653512
vt 0.347212135 0.548328518
vt 0.380445092 0.596345663
vt 0.238832995 0.509729623
vt 0.183874830 0.513830304
vt 0.130668595 0.537305474
vt 0.091779135 0.570972323
vt 0.070361793 0.621593833
vt 0.070206277 0.668883323
vt 0.079727977 0.719068765
vt 0.100362621 0.671865761
vt 0.109524428 0.710498213
vt 0.102640844 0.633724391
vt 0.118572145 0.597729682
vt 0.149794459 0.565991580
vt 0.188098266 0.545703053
vt 0.239090517 0.538625657
vt 0.288614362 0.546799957
vt 0.33019647 0.571781158
vt 0.353101462 0.612548351
vt 0.411951035 0.650965333
vt 0.387816846 0.659489035
vt 0.360851317 0.658771634
vt 0.428419351 0.644765675
vt 0.444855630 0.640161037
vt 0.058416564 0.369194030
vt 0.432745009 0.730351328
vt 0.417391896 0.721916914
vt 0.077005446 0.416966319
vt 0.397546708 0.723753333
vt 0.380386054 0.712404131
vt 0.351725488 0.710273325
vt 0.326978832 0.667347312
vt 0.322905689 0.628167033
vt 0.318810999 0.704857587
vt 0.305821567 0.595781683
vt 0.280007749 0.574982821
vt 0.240484371 0.570523858
vt 0.201762408 0.578130364
vt 0.169161483 0.598141193
vt 0.147775098 0.625179469
vt 0.135779544 0.652887463
vt 0.128567010 0.675844430
vt 0.158037811 0.676623821
vt 0.139675691 0.698637485
vt 0.172907829 0.653298497
vt 0.191004559 0.629834055
vt 0.215237200 0.610943734
vt 0.245991647 0.600472569
vt 0.271094948 0.595332622
vt 0.281745761 0.613739132
vt 0.292256444 0.640935063
vt 0.292587369 0.670342445
vt 0.285948187 0.695973396
vt 0.326715290 0.751587688
vt 0.302775919 0.736724734
vt 0.272362202 0.716219425
vt 0.351232290 0.766724944
vt 0.371589422 0.779570460
vt 0.299447238 0.807308733
vt 0.289377898 0.782727360
vt 0.315752238 0.823123812
vt 0.273538798 0.755358398
vt 0.252532213 0.728226184
vt 0.243371531 0.696669578
vt 0.254956215 0.682103455
vt 0.230679765 0.711529970
vt 0.266661644 0.67059654
vt 0.259981125 0.652852535
vt 0.253627032 0.626504659
vt 0.228790745 0.640045106
vt 0.208993524 0.656338453
vt 0.192124858 0.676127731
vt 0.175260722 0.698842048
vt 0.225392714 0.677741169
vt 0.211217463 0.694931268
vt 0.196316152 0.717480599
vt 0.240777507 0.664489090
vt 0.238161101 0.739780485
vt 0.219625875 0.730759263
vt 0.242345616 0.764672040
vt 0.247459501 0.796156764
vt 0.247189000 0.827859342
vt 0.247035130 0.851107358
vt 0.381823837 0.793514370
vt 0.324042677 0.839348614
vt 0.252346932 0.866961121
vt 0.405656337 0.796952962
vt 0.330665379 0.855850815
vt 0.179100304 0.863963902
vt 0.194165512 0.848336219
vt 0.195457786 0.825144410
vt 0.201406747 0.794426858
vt 0.210147202 0.762734234
vt 0.180759608 0.749008774
vt 0.155967444 0.724964261
vt 0.161579310 0.777374744
vt 0.130370259 0.748837769
vt 0.144941628 0.802396118
vt 0.105685807 0.764177620
vt 0.418388426 0.936066865
vt 0.396199137 0.913707375
vt 0.108806110 0.397167682
vt 0.128685936 0.433507502
vt 0.433538973 0.906984508
vt 0.435638666 0.863193154
vt 0.448806524 0.876516521
vt 0.138543054 0.379682123
vt 0.094438083 0.359802603
vt 0.125833690 0.345116376
vt 0.150267794 0.332706093
vt 0.168464660 0.324599266
vt 0.162574753 0.296280026
vt 0.172248065 0.293683171
vt 0.177355900 0.318527579
vt 0.156147316 0.267277300
vt 0.165621653 0.267426729
vt 0.172876894 0.267388761
vt 0.178140714 0.291349113
vt 0.183243796 0.315707325
vt 0.185929834 0.289325177
vt 0.188548326 0.312683939
vt 0.182314261 0.266632497
vt 0.171120464 0.242468595
vt 0.180026784 0.245913624
vt 0.170731335 0.221814274
vt 0.178828805 0.226448535
vt 0.186008229 0.228643417
vt 0.188565135 0.246334374
vt 0.189777612 0.266180694
vt 0.191824719 0.287614762
vt 0.193880513 0.308330953
vt 0.199788391 0.306844830
vt 0.198250338 0.286781787
vt 0.196910664 0.265251100
vt 0.196729049 0.245407819
vt 0.192481398 0.22708112
vt 0.180434152 0.210828781
vt 0.184950888 0.213054239
vt 0.189753577 0.211275637
vt 0.836624801 0.814797341
vt 0.838587403 0.810604572
vt 0.845498204 0.810809314
vt 0.869257152 0.823197543
vt 0.853273749 0.805749237
vt 0.200009137 0.223542094
vt 0.204815074 0.24227494
vt 0.205871984 0.263523459
vt 0.206243172 0.286445140
vt 0.206668302 0.306940794
vt 0.212075114 0.307358503
vt 0.212768450 0.285691976
vt 0.213555946 0.262050628
vt 0.213183254 0.238558352
vt 0.209311202 0.219128251
vt 0.204249069 0.202392637
vt 0.862842321 0.802452027
vt 0.837590515 0.782092213
vt 0.814733505 0.797240614
vt 0.799650847 0.796423852
vt 0.813903808 0.773906469
vt 0.843021452 0.776393890
vt 0.815560817 0.765537738
vt 0.869285047 0.795439302
vt 0.888312041 0.812017083
vt 0.217973977 0.214061975
vt 0.222646310 0.235318541
vt 0.223449051 0.259825527
vt 0.222235515 0.284819841
vt 0.221924334 0.308225989
vt 0.219542756 0.329993963
vt 0.470343142 0.760823488
vt 0.444349616 0.72709167
vt 0.476620763 0.742910981
vt 0.242694675 0.309902429
vt 0.242483943 0.283731699
vt 0.240284979 0.256200373
vt 0.237058490 0.230765402
vt 0.230110943 0.207702696
vt 0.221609473 0.189017891
vt 0.875864744 0.786623776
vt 0.851689398 0.769878566
vt 0.821600318 0.756200790
vt 0.788740396 0.760879457
vt 0.793231844 0.747033178
vt 0.766713023 0.754450559
vt 0.769980549 0.739517390
vt 0.803189754 0.726238548
vt 0.776695489 0.713191270
vt 0.831449687 0.739139258
vt 0.861783981 0.752278566
vt 0.889281690 0.771265983
vt 0.911976099 0.792522668
vt 0.251955986 0.197041273
vt 0.259542316 0.221745133
vt 0.266231715 0.250255167
vt 0.270867675 0.281197071
vt 0.269123971 0.311799049
vt 0.262974113 0.341372728
vt 0.481801092 0.716512441
vt 0.450331926 0.665432751
vt 0.493943363 0.687515258
vt 0.303474903 0.313213765
vt 0.304736375 0.278127849
vt 0.301496237 0.242898762
vt 0.294511377 0.209470868
vt 0.281735181 0.181674420
vt 0.265609979 0.158979177
vt 0.910092830 0.744419217
vt 0.879701197 0.724894642
vt 0.846903681 0.707647800
vt 0.814105510 0.693939566
vt 0.783202350 0.680062830
vt 0.748323798 0.704630255
vt 0.751993000 0.670633375
vt 0.746277630 0.732954263
vt 0.745505809 0.751489996
vt 0.634212017 0.791656494
vt 0.601111471 0.806655108
vt 0.575951695 0.815995693
vt 0.663760423 0.769555330
vt 0.711625874 0.764726519
vt 0.685138642 0.740015983
vt 0.790456712 0.643955767
vt 0.826432108 0.658083319
vt 0.861306071 0.673283577
vt 0.898628830 0.690711140
vt 0.931196332 0.712958216
vt 0.959466636 0.738820552
vt 0.316512256 0.166020155
vt 0.331058263 0.198632061
vt 0.340118467 0.234648644
vt 0.342503100 0.274205625
vt 0.338352978 0.314136982
vt 0.378403872 0.270550549
vt 0.373543262 0.314467370
vt 0.376029133 0.226699411
vt 0.366991967 0.183616459
vt 0.351858437 0.148940384
vt 0.334669232 0.122066855
vt 0.952989697 0.680522918
vt 0.916103541 0.655861496
vt 0.877417504 0.638031125
vt 0.838134825 0.624135255
vt 0.803500533 0.609657406
vt 0.770165145 0.590115785
vt 0.703627049 0.705222845
vt 0.650610327 0.728380441
vt 0.666376411 0.697030305
vt 0.625408709 0.752146780
vt 0.598858416 0.773224234
vt 0.603000521 0.709330678
vt 0.580321133 0.732940077
vt 0.559747755 0.758775591
vt 0.629304349 0.685032606
vt 0.684107422 0.667778492
vt 0.644225060 0.654087781
vt 0.717119514 0.671666801
vt 0.782641470 0.561678230
vt 0.814763844 0.576216995
vt 0.851501345 0.589188575
vt 0.890672862 0.603454172
vt 0.930851995 0.619871020
vt 0.969652414 0.644701838
vt 0.502961278 0.268490374
vt 0.437122106 0.315405011
vt 0.417387008 0.368651449
vt 0.551919400 0.267923057
vt 0.482402175 0.314722895
vt 0.451856195 0.363093078
vt 0.609688401 0.238336086
vt 0.944314658 0.584981620
vt 0.901700258 0.567712068
vt 0.863060176 0.554385542
vt 0.825202047 0.541113734
vt 0.790393948 0.530491828
vt 0.762470185 0.514603674
vt 0.699009776 0.631162524
vt 0.661676406 0.625688016
vt 0.602853715 0.637014627
vt 0.619764566 0.606862187
vt 0.577827632 0.660820007
vt 0.555124163 0.684483766
vt 0.507271647 0.656800329
vt 0.527237355 0.631201148
vt 0.551729977 0.608416736
vt 0.578680276 0.584575116
vt 0.638743042 0.575174808
vt 0.598881959 0.554218232
vt 0.672490239 0.590150058
vt 0.701126396 0.595123708
vt 0.730015933 0.585631787
vt 0.802734375 0.498896539
vt 0.836854040 0.509850621
vt 0.872161984 0.518840909
vt 0.913132131 0.532632112
vt 0.952823579 0.549842953
vt 0.995449245 0.567912936
vt 0.585569202 0.283331155
vt 0.958434701 0.510436058
vt 0.999400317 0.526906490
vt 0.616228580 0.303041398
vt 0.917632401 0.495478451
vt 0.881713688 0.484858512
vt 0.847047567 0.475890696
vt 0.812422275 0.466562509
vt 0.791283190 0.452319383
vt 0.706185340 0.55788064
vt 0.679070413 0.553659081
vt 0.652537465 0.543461918
vt 0.620719313 0.526782691
vt 0.557385265 0.530340313
vt 0.584226429 0.504407227
vt 0.529767155 0.555265247
vt 0.499393701 0.575888872
vt 0.470628798 0.598868489
vt 0.46575436 0.534418940
vt 0.493965297 0.514858245
vt 0.521793901 0.495811462
vt 0.553720474 0.475304186
vt 0.611407339 0.478393316
vt 0.587038338 0.455364584
vt 0.637188077 0.495572090
vt 0.662913978 0.511462569
vt 0.685572505 0.516488075
vt 0.702516436 0.517132043
vt 0.715589404 0.505823850
vt 0.725747585 0.486191988
vt 0.870603025 0.444905996
vt 0.890712559 0.457784593
vt 0.917402625 0.455032110
vt 0.956339418 0.469130814
vt 0.900296807 0.429056227
vt 0.943198919 0.428991138
vt 0.874432504 0.411792457
vt 0.705250799 0.469254910
vt 0.694587051 0.483689427
vt 0.684801876 0.490637898
vt 0.674590647 0.479273378
vt 0.655487597 0.469378113
vt 0.637499868 0.454512059
vt 0.622051715 0.436334133
vt 0.568720996 0.426757514
vt 0.607274651 0.414928317
vt 0.530840098 0.440550983
vt 0.497566521 0.455069005
vt 0.463805675 0.469365894
vt 0.481129616 0.410733580
vt 0.449820309 0.421891689
vt 0.522645950 0.403551876
vt 0.561284184 0.396637141
vt 0.598421752 0.390020191
vt 0.646102070 0.407598018
vt 0.646869957 0.425038278
vt 0.635975658 0.384748697
vt 0.661650121 0.430762469
vt 0.672076582 0.444766759
vt 0.683791339 0.459041297
vt 0.693063676 0.438919067
vt 0.702126920 0.423060476
vt 0.983954429 0.440517723
vt 0.997074425 0.483198940
vt 0.688855588 0.405013918
vt 0.681432008 0.424117922
vt 0.665281474 0.411229193
vt 0.666478931 0.389204263
vt 0.623986780 0.361603677
vt 0.595809876 0.373601973
vt 0.667118728 0.362986505
vt 0.570956826 0.367605388
vt 0.527007341 0.363292455
vt 0.489976197 0.364537060
vt 0.419985652 0.426589787
vt 0.438638240 0.481654942
vt 0.328927397 0.353056848
vt 0.536368727 0.711315512
vt 0.521482288 0.737907767
vt 0.508091151 0.760006070
vt 0.540858745 0.778217017
vt 0.575648427 0.792906701
vt 0.526598453 0.791546523
vt 0.498966217 0.776190280
vt 0.554412484 0.804531574
vt 0.525378227 0.318375289
vt 0.567263186 0.331455349
vt 0.657322347 0.330975115
vt 0.600438654 0.341112196
vt 0.995168387 0.595858454
vt 0.995130717 0.595865130
vt 0.995019555 0.595714569
vt 0.995151221 0.595679462
vt 0.995286285 0.595688700
vt 0.995205521 0.595851898
vt 0.994897961 0.595546722
vt 0.995133996 0.595499515
vt 0.99537462 0.595501124
vt 0.994787991 0.595364332
vt 0.995115876 0.595309913
vt 0.995448172 0.595301032
vt 0.994726359 0.595160484
vt 0.995097696 0.595117330
vt 0.995470404 0.595089435
vt 0.994725823 0.594922602
vt 0.995079278 0.594924271
vt 0.995421409 0.594858288
vt 0.994758546 0.594718575
vt 0.995062768 0.594751119
vt 0.995330512 0.594679713
vt 0.994826376 0.594517707
vt 0.995043575 0.594548940
vt 0.995213210 0.594504118
vt 0.995028495 0.594378352
vt 0.994925439 0.594332933
vt 0.995096683 0.594331026
vt 0.993073463 0.600969076
vt 0.993030548 0.600972890
vt 0.993033409 0.600927829
vt 0.993089973 0.600922107
vt 0.993055820 0.601068615
vt 0.993024468 0.601068377
vt 0.993102848 0.600992083
vt 0.993080735 0.601068854
vt 0.993140161 0.600974500
vt 0.993035554 0.600894212
vt 0.993064284 0.600890457
vt 0.993105948 0.601069092
vt 0.993167340 0.601002812
vt 0.993144273 0.601069331
vt 0.993190765 0.601027131
vt 0.993176281 0.601069629
vt 0.993216455 0.601051807
vt 0.993216872 0.601069927
vt 0.993250191 0.601070284
vt 0.999061465 0.601015687
vt 0.999061465 0.601072311
vt 0.999016881 0.601079583
vt 0.999016284 0.601036608
vt 0.998946726 0.601090669
vt 0.998946487 0.601063251
vt 0.998946249 0.601038515
vt 0.998990535 0.601009488
vt 0.999004244 0.600970745
vt 0.999095559 0.601038098
vt 0.999094605 0.601066708
vt 0.998946070 0.601013422
vt 0.998945713 0.600975275
vt 0.998973429 0.600946307
vt 0.998945415 0.600943565
vt 0.998946905 0.600925386
vt 0.998945057 0.600903153
vt 0.998944997 0.600901961
vt 0.998943805 0.600870132
vt 0.771244883 0.424607038
vt 0.768096506 0.425061106
vt 0.773350596 0.424399137
vt 0.765485584 0.426468908
vt 0.777263522 0.425237834
vt 0.741178929 0.487836301
vt 0.7803002 0.426552712
vt 0.779494106 0.425916016
vt 0.739895701 0.484083294
vt 0.781790256 0.428155779
vt 0.739496469 0.480077922
vt 0.782896399 0.431720435
vt 0.737819671 0.476198017
vt 0.755043506 0.444689571
vt 0.740193128 0.467537760
vt 0.769224941 0.459914624
vt 0.754607141 0.449944794
vt 0.741871655 0.463781058
vt 0.765500664 0.458484530
vt 0.767405331 0.459517180
vt 0.762953460 0.456310153
vt 0.763729631 0.457325995
vt 0.760856211 0.456317901
vt 0.758630633 0.455897033
vt 0.756218195 0.455262720
vt 0.754904329 0.453668057
vt 0.758068859 0.464318215
vt 0.7712816 0.458544433
vt 0.763662874 0.465579807
vt 0.776075959 0.457710981
vt 0.765811562 0.468502521
vt 0.781897962 0.451548218
vt 0.783081233 0.449592530
vt 0.784723639 0.447035253
vt 0.785601973 0.442103385
vt 0.78083992 0.455547988
vt 0.763247370 0.490253627
vt 0.749147832 0.777379572
vt 0.751089096 0.786770343
vt 0.746394217 0.789267897
vt 0.741124212 0.794165968
vt 0.191538229 0.353927195
vt 0.196427807 0.351595580
vt 0.747529566 0.770596504
vt 0.520649850 0.852565288
vt 0.188433140 0.357572019
vt 0.449100077 0.789507806
vt 0.197194665 0.328269898
vt 0.201955288 0.326375722
vt 0.206143006 0.326538085
vt 0.211195349 0.327906549
vt 0.746130943 0.762205660
vt 0.518953979 0.862165331
vt 0.183067053 0.364402532
vt 0.171492815 0.381912231
vt 0.695721149 0.824960768
vt 0.716786682 0.822402000
vt 0.507907688 0.898219525
vt 0.653667032 0.869841218
vt 0.172090143 0.203835785
vt 0.162959292 0.196415603
vt 0.153310403 0.189909339
vt 0.142961055 0.180809080
vt 0.124848194 0.167885959
vt 0.093518592 0.146938502
vt 0.058090239 0.125723123
vt 0.491875797 0.972318470
vt 0.174217209 0.879718720
vt 0.251922458 0.881855130
vt 0.612364471 0.920741260
vt 0.088080786 0.855272948
vt 0.046686429 0.787251055
vt 0.015094704 0.723451614
vt 0.000242282 0.644697547
vt 0.003964506 0.584428191
vt 0.032046645 0.508341372
vt 0.095064699 0.471393883
vt 0.021351251 0.110178291
vt 0.158017635 0.438522994
vt 0.229926511 0.435791969
vt 0.317496031 0.445842444
vt 0.000027528 0.264363288
vt 0.433391302 0.553230881
vt 0.023718267 0.379392445
vt 0.044357433 0.431458592
vt 0.381136000 0.949961602
vt 0.070281915 0.476096212
vt 0.401801168 0.972005248
vt 0.100987955 0.458211422
vt 0.413139164 0.893993377
vt 0.153827220 0.407437861
vt 0.858613193 0.829233825
vt 0.860206723 0.826402723
vt 0.864704847 0.825771153
vt 0.196572169 0.208116710
vt 0.879824340 0.817721843
vt 0.212438583 0.196014642
vt 0.443810671 0.747883319
vt 0.237550541 0.335250675
vt 0.897299289 0.805236816
vt 0.237602382 0.177717387
vt 0.445104688 0.698892474
vt 0.295360118 0.348011612
vt 0.935539662 0.768519759
vt 0.653561770 0.814630210
vt 0.686789572 0.793058514
vt 0.615137755 0.826282143
vt 0.585624873 0.830725491
vt 0.757058262 0.635923147
vt 0.299106150 0.139223039
vt 0.412734389 0.492873907
vt 0.438881397 0.547457456
vt 0.394430965 0.436725556
vt 0.386840939 0.379330575
vt 0.397000372 0.323752403
vt 0.979397296 0.710450530
vt 0.455441862 0.265123426
vt 0.52117908 0.219929516
vt 0.729921162 0.744898438
vt 0.735797524 0.568795621
vt 0.753327786 0.546728968
vt 0.566655993 0.230308651
vt 0.984024047 0.607969760
vt 0.731194317 0.637421429
vt 0.774508297 0.484089672
vt 0.651900768 0.266831040
vt 0.675464689 0.299324095
vt 0.754158258 0.518941044
vt 0.727063596 0.545097351
vt 0.363133519 0.354270100
vt 0.837894439 0.435803771
vt 0.720564842 0.431209802
vt 0.720133841 0.397834718
vt 0.721219241 0.460545837
vt 0.701883435 0.384424030
vt 0.691442728 0.325459778
vt 0.459132015 0.631773829
s 1
f 2622/3135 2623/3136 2624/3137 2625/3138
f 2622/3135 2625/3138 2626/3139 2627/3140
f 2628/3141 2629/3142 2623/4091 2622/4090
f 2627/4092 2630/3143 2628/3141 2622/4090
f 2623/3136 2631/3144 2632/3145 2624/3137
f 2629/3142 2633/3146 2631/4093 2623/4091
f 2634/3147 2635/3148 2624/3137 2632/3145
f 2635/3148 2636/3149 2625/3138 2624/3137
f 2636/3149 2637/3150 2626/3139 2625/3138
f 2638/3151 2626/3139 2637/3150 2639/3152
f 2638/3151 2627/3140 2626/3139
f 2630/3143 2627/4092 2638/4094
f 2640/3153 2641/3154 2630/3143 2638/4094
f 2628/3141 2630/3143 2641/3154 2642/3155
f 2629/3142 2628/3141 2642/3155 2643/3156
f 2633/3146 2629/3142 2643/3156 2644/3157
f 2631/4093 2633/3146 2645/3158 2646/3159
f 2633/3146 2644/3157 2647/3160 2645/3158
f 2646/4095 2648/3161 2632/3145 2631/3144
f 2648/3161 2649/3162 2634/3147 2632/3145
f 2634/3147 2649/3162 2650/3163 2651/3164
f 2634/3147 2651/3164 2652/3165 2635/3148
f 2635/3148 2652/3165 2653/3166 2636/3149
f 2654/3167 2637/3150 2636/3149 2653/3166
f 2654/3167 2655/3168 2639/3152 2637/3150
f 2655/3168 2656/3169 2657/3170 2639/3152
f 2638/3151 2639/3152 2657/3170
f 2657/4097 2640/3153 2638/4094
f 2641/3154 2640/3153 2658/3171 2659/3172
f 2640/3153 2657/4097 2656/4096 2658/3171
f 2660/3173 2642/3155 2641/3154 2659/3172
f 2642/3155 2660/3173 2661/3174 2643/3156
f 2643/3156 2661/3174 2662/3175 2644/3157
f 2662/3175 2663/3176 2647/3160 2644/3157
f 2647/3160 2664/3177 2665/3178 2645/3158
f 2664/3177 2647/3160 2663/3176 2666/3179
f 2645/3158 2665/3178 2667/3180 2646/3159
f 2646/4095 2667/4098 2668/3181 2648/3161
f 2648/3161 2668/3181 2669/3182 2649/3162
f 2670/3183 2650/3163 2649/3162 2669/3182
f 2651/3164 2650/3163 2671/3184 2672/3185
f 2671/3184 2650/3163 2670/3183 2673/3186
f 2651/3164 2672/3185 2674/3187 2652/3165
f 2675/3188 2653/3166 2652/3165 2674/3187
f 2675/3188 2676/3189 2654/3167 2653/3166
f 2654/3167 2676/3189 2677/3190 2655/3168
f 2655/3168 2677/3190 2678/3191 2656/3169
f 2656/4096 2678/4099 2679/3192 2658/3171
f 2658/3171 2679/3192 2680/3193 2659/3172
f 2660/3173 2659/3172 2680/3193 2681/3194
f 2682/3195 2661/3174 2660/3173 2681/3194
f 2661/3174 2682/3195 2683/3196 2662/3175
f 2683/3196 2684/3197 2663/3176 2662/3175
f 2685/3198 2666/3179 2663/3176 2684/3197
f 2686/3199 2687/3200 2666/3179 2685/3198
f 2664/3177 2666/3179 2687/3200 2688/3201
f 2689/3202 2665/3178 2664/3177 2688/3201
f 2689/3202 2690/3203 2667/3180 2665/3178
f 2668/3181 2667/4098 2690/4100 2691/3204
f 2692/3205 2669/3182 2668/3181 2691/3204
f 2692/3205 2693/3206 2670/3183 2669/3182
f 2673/3186 2670/3183 2693/3206 2694/3207
f 2671/3184 2673/3186 2695/3208 2696/3209
f 2673/3186 2694/3207 2697/3210 2695/3208
f 2671/3184 2696/3209 2698/3211 2672/3185
f 2699/3212 2674/3187 2672/3185 2698/3211
f 2699/3212 2700/3213 2675/3188 2674/3187
f 2675/3188 2700/3213 2701/3214 2676/3189
f 2702/3215 2677/3190 2676/3189 2701/3214
f 2703/3216 2678/3191 2677/3190 2702/3215
f 2704/3217 2679/3192 2678/4099 2703/4101
f 2705/3218 2680/3193 2679/3192 2704/3217
f 2680/3193 2705/3218 2706/3219 2681/3194
f 2682/3195 2681/3194 2706/3219 2707/3220
f 2708/3221 2683/3196 2682/3195 2707/3220
f 2683/3196 2708/3221 2709/3222 2684/3197
f 2709/3222 2710/3223 2685/3198 2684/3197
f 2710/3223 2711/3224 2686/3199 2685/3198
f 2712/3225 2713/3226 2686/3199 2711/3224
f 2687/3200 2686/3199 2713/3226 2714/3227
f 2688/3201 2687/3200 2714/3227 2715/3228
f 2716/3229 2689/3202 2688/3201 2715/3228
f 2690/3203 2689/3202 2716/3229 2717/3230
f 2717/4102 2718/3231 2691/3204 2690/4100
f 2719/3232 2692/3205 2691/3204 2718/3231
f 2719/3232 2720/3233 2693/3206 2692/3205
f 2720/3233 2721/3234 2694/3207 2693/3206
f 2697/3210 2694/3207 2721/3234 2722/3235
f 2697/3210 2722/3235 2723/3236 2724/3237
f 2697/3210 2724/3237 2725/3238 2695/3208
f 2722/3235 2721/3234 2726/3239 2727/3240
f 2722/3235 2727/3240 2728/3241 2723/3236
f 2729/3242 2726/3239 2721/3234 2720/3233
f 2729/3242 2720/3233 2719/3232 2730/3243
f 2719/3232 2718/3231 2731/3244 2730/3243
f 2731/3244 2718/3231 2717/4102 2732/3245
f 2717/4102 2733/3246 2732/3245
f 2734/3247 2717/3230 2716/3229 2735/3248
f 2734/3247 2733/4103 2717/3230
f 2736/3249 2735/3248 2716/3229 2715/3228
f 2736/3249 2715/3228 2714/3227 2737/3250
f 2714/3227 2713/3226 2738/3251 2737/3250
f 2739/3252 2738/3251 2713/3226 2712/3225
f 2740/3253 2741/3254 2712/3225 2711/3224
f 2741/3254 2742/3255 2739/3252 2712/3225
f 2743/3256 2744/3257 2739/3252 2742/3255
f 2745/3258 2738/3251 2739/3252 2744/3257
f 2746/3259 2737/3250 2738/3251 2745/3258
f 2746/3259 2747/3260 2736/3249 2737/3250
f 2736/3249 2747/3260 2748/3261 2735/3248
f 2748/3261 2749/3262 2734/3247 2735/3248
f 2733/4103 2734/3247 2749/3262 2750/3263
f 2750/4104 2751/3264 2732/3245 2733/3246
f 2731/3244 2732/3245 2751/3264 2752/3265
f 2731/3244 2752/3265 2753/3266 2730/3243
f 2729/3242 2730/3243 2753/3266 2754/3267
f 2755/3268 2726/3239 2729/3242 2754/3267
f 2756/3269 2727/3240 2726/3239 2755/3268
f 2728/3241 2727/3240 2756/3269 2757/3270
f 2757/3270 2756/3269 2758/3271 2759/3272
f 2756/3269 2755/3268 2760/3273 2758/3271
f 2755/3268 2754/3267 2761/3274 2760/3273
f 2762/3275 2761/3274 2754/3267 2753/3266
f 2752/3265 2763/3276 2762/3275 2753/3266
f 2752/3265 2751/3264 2764/3277 2763/3276
f 2750/4104 2765/3278 2764/3277 2751/3264
f 2749/3262 2766/3279 2765/4106 2750/3263
f 2767/3280 2766/3279 2749/3262 2748/3261
f 2747/3260 2768/3281 2767/3280 2748/3261
f 2747/3260 2746/3259 2769/3282 2768/3281
f 2770/3283 2769/3282 2746/3259 2745/3258
f 2771/3284 2770/3283 2745/3258 2744/3257
f 2772/3285 2771/3284 2744/3257 2743/3256
f 2771/3284 2772/3285 2773/3286 2774/3287
f 2775/3288 2770/3283 2771/3284 2774/3287
f 2769/3282 2770/3283 2775/3288 2776/3289
f 2769/3282 2776/3289 2777/3290 2768/3281
f 2777/3290 2778/3291 2767/3280 2768/3281
f 2779/3292 2766/3279 2767/3280 2778/3291
f 2766/3279 2779/3292 2780/3293 2765/4106
f 2765/3278 2780/4107 2781/3294 2764/3277
f 2782/3295 2763/3276 2764/3277 2781/3294
f 2762/3275 2763/3276 2782/3295 2783/3296
f 2762/3275 2783/3296 2784/3297 2761/3274
f 2784/3297 2785/3298 2760/3273 2761/3274
f 2786/3299 2758/3271 2760/3273 2785/3298
f 2786/3299 2787/3300 2759/3272 2758/3271
f 2788/3301 2787/4109 2786/4108 2789/3302
f 2786/3299 2785/3298 2790/3303 2791/3304
f 2789/3302 2786/4108 2791/4111
f 2784/3297 2792/3305 2790/3303 2785/3298
f 2784/3297 2783/3296 2793/3306 2792/3305
f 2794/3307 2793/3306 2783/3296 2782/3295
f 2794/3307 2782/3295 2781/3294 2795/3308
f 2795/3308 2781/3294 2780/4107
f 2780/3293 2779/3292 2795/4115
f 2795/4115 2779/3292 2778/3291 2794/4114
f 2778/3291 2777/3290 2793/4113 2794/4114
f 2792/4112 2793/4113 2777/3290 2776/3289
f 2775/3288 2790/4110 2792/4112 2776/3289
f 2791/4111 2790/4110 2775/3288 2774/3287
f 2789/3302 2774/3287 2773/3286 2788/3301
f 2791/4111 2774/3287 2789/3302
f 2773/3286 2772/3285 2796/3309 2788/3301
f 2796/3309 2772/3285 2743/3256 2797/3310
f 2788/3301 2796/3309 2759/4105 2787/4109
f 2798/3311 2757/3270 2759/3272 2796/4116
f 2798/3311 2796/4116 2799/3312 2800/3313
f 2801/3314 2799/4117 2796/3309 2797/3310
f 2802/3315 2797/3310 2743/3256 2742/3255
f 2802/3315 2803/3316 2801/3314 2797/3310
f 2801/3314 2804/3317 2805/3318 2799/4117
f 2804/3317 2801/3314 2803/3316 2806/3319
f 2799/3312 2805/4118 2807/3320 2800/3313
f 2808/3321 2809/3322 2800/3313 2807/3320
f 2798/3311 2800/3313 2809/3322 2810/3323
f 2728/3241 2757/3270 2798/3311 2810/3323
f 2811/3324 2812/3325 2810/3323 2809/3322
f 2728/3241 2810/3323 2812/3325 2723/3236
f 2808/3321 2813/3326 2811/3324 2809/3322
f 2814/3327 2815/3328 2808/3321 2807/3320
f 2808/3321 2815/3328 2816/3329 2813/3326
f 2814/3327 2807/3320 2805/4118 2817/3330
f 2817/4119 2805/3318 2804/3317 2818/3331
f 2804/3317 2806/3319 2819/3332 2818/3331
f 2820/3333 2821/3334 2819/3332 2806/3319
f 2803/3316 2822/3335 2820/3333 2806/3319
f 2803/3316 2802/3315 2823/3336 2822/3335
f 2741/3254 2823/3336 2802/3315 2742/3255
f 2823/3336 2824/3337 2825/3338 2822/3335
f 2823/3336 2741/3254 2740/3253 2824/3337
f 2825/3338 2826/3339 2820/3333 2822/3335
f 2821/3334 2820/3333 2826/3339 2827/3340
f 2828/3341 2829/3342 2821/3334 2827/3340
f 2829/3342 2830/3343 2819/3332 2821/3334
f 2818/3331 2819/3332 2830/3343 2831/3344
f 2832/3345 2817/4119 2818/3331 2831/3344
f 2833/3346 2814/3327 2817/3330 2832/4120
f 2833/3346 2834/3347 2815/3328 2814/3327
f 2816/3329 2815/3328 2834/3347 2835/3348
f 2836/3349 2837/3350 2813/3326 2816/3329
f 2836/3349 2816/3329 2835/3348 2838/3351
f 2811/3324 2813/3326 2837/3350 2839/3352
f 2840/3353 2839/3352 2837/3350 2841/3354
f 2842/3355 2841/3354 2837/3350 2836/3349
f 2842/3355 2836/3349 2838/3351 2843/3356
f 2838/3351 2835/3348 2844/3357 2845/3358
f 2838/3351 2846/3359 2847/3360 2843/3356
f 2846/3359 2838/3351 2845/3358
f 2834/3347 2848/3361 2844/3357 2835/3348
f 2833/3346 2832/4120 2848/3361 2834/3347
f 2830/3343 2848/4125 2832/3345 2831/3344
f 2829/3342 2844/4121 2848/4125 2830/3343
f 2845/4122 2844/4121 2829/3342 2828/3341
f 2849/3362 2847/4124 2846/4123 2828/3341
f 2849/3362 2828/3341 2827/3340 2850/3363
f 2845/4122 2828/3341 2846/4123
f 2827/3340 2826/3339 2851/3364 2850/3363
f 2851/3364 2826/3339 2825/3338 2852/3365
f 2853/3366 2852/3365 2825/3338 2824/3337
f 2854/3367 2855/3368 2851/3364 2852/3365
f 2853/3366 2856/3369 2854/3367 2852/3365
f 2851/3364 2855/3368 2857/3370 2850/3363
f 2849/3362 2850/3363 2857/3370 2858/3371
f 2859/3372 2847/4124 2849/3362 2858/3371
f 2860/3373 2843/3356 2847/3360 2859/4126
f 2860/3373 2861/3374 2842/3355 2843/3356
f 2842/3355 2861/3374 2862/3375 2841/3354
f 2840/3353 2841/3354 2862/3375 2863/3376
f 2864/3377 2839/3352 2840/3353 2865/3378
f 2840/3353 2863/3376 2866/3379 2865/3378
f 2811/3324 2839/3352 2864/3377 2812/3325
f 2864/3377 2724/3237 2723/3236 2812/3325
f 2864/3377 2865/3378 2725/3238 2724/3237
f 2867/3380 2725/3238 2865/3378 2866/3379
f 2867/3380 2866/3379 2698/3211 2696/3209
f 2863/3376 2699/3212 2698/3211 2866/3379
f 2863/3376 2862/3375 2700/3213 2699/3212
f 2861/3374 2701/3214 2700/3213 2862/3375
f 2860/3373 2702/3215 2701/3214 2861/3374
f 2703/3216 2702/3215 2860/3373 2859/4126
f 2859/3372 2858/3371 2704/3217 2703/4101
f 2857/3370 2705/3218 2704/3217 2858/3371
f 2855/3368 2706/3219 2705/3218 2857/3370
f 2707/3220 2706/3219 2855/3368 2854/3367
f 2856/3369 2708/3221 2707/3220 2854/3367
f 2709/3222 2708/3221 2856/3369 2868/3381
f 2869/3382 2710/3223 2709/3222 2868/3381
f 2856/3369 2853/3366 2869/3382 2868/3381
f 2740/3253 2869/3382 2853/3366 2824/3337
f 2710/3223 2869/3382 2740/3253 2711/3224
f 2867/3380 2696/3209 2695/3208 2725/3238
f 2870/3383 2871/3384 2872/3385 2873/3386
f 2873/3386 2874/3387 2875/3388 2870/3383
f 2876/3389 2877/3390 2872/3385 2871/3384
f 2877/3390 2878/3391 2879/3392 2872/3385
f 2879/3392 2880/3393 2873/3386 2872/3385
f 2874/3387 2873/3386 2880/3393 2881/3394
f 2875/3388 2874/3387 2882/3395 2883/3396
f 2874/3387 2881/3394 2884/3397 2882/3395
f 2885/3398 2881/3394 2880/3393 2886/3399
f 2887/3400 2884/3397 2881/3394 2885/3398
f 2886/3399 2880/3393 2879/3392 2888/3401
f 2888/3401 2879/3392 2878/3391 2889/3402
f 2889/3402 2878/3391 2890/3403 2891/3404
f 2877/3390 2892/3405 2890/3403 2878/3391
f 2893/3406 2892/3405 2877/3390 2876/3389
f 2894/3407 2895/3408 2892/3405 2893/3406
f 2892/3405 2895/3408 2896/3409 2890/3403
f 2891/3404 2890/3403 2896/3409 2897/3410
f 2897/3410 2896/3409 2898/3411 2899/3412
f 2895/3408 2900/3413 2898/3411 2896/3409
f 2901/3414 2900/3413 2895/3408 2894/3407
f 2902/3415 2898/3411 2900/3413 2903/3416
f 2903/3416 2900/3413 2901/3414 2904/3417
f 2899/3412 2898/3411 2902/3415 2905/3418
f 2906/3419 2907/3420 2884/3397 2887/3400
f 2884/3397 2907/3420 2908/3421 2882/3395
f 2883/3396 2882/3395 2908/3421 2909/3422
f 2909/3422 2908/3421 2910/3423 2911/3424
f 2907/3420 2912/3425 2910/3423 2908/3421
f 2913/3426 2912/3425 2907/3420 2906/3419
f 2914/3427 2915/3428 2912/3425 2913/3426
f 2912/3425 2915/3428 2916/3429 2910/3423
f 2911/3424 2910/3423 2916/3429 2917/3430
f 2918/3431 2916/3429 2915/3428 2919/3432
f 2920/3433 2917/3430 2916/3429 2918/3431
f 2921/3434 2919/3432 2915/3428 2914/3427
f 2922/3435 2923/3436 2924/3437 2925/3438
f 2922/3435 2926/3439 2927/3440 2923/3436
f 2925/3438 2928/3441 2929/3442 2922/3435
f 2929/3442 2930/3443 2926/3439 2922/3435
f 2931/3444 2932/3445 2924/3437 2923/3436
f 2931/3444 2923/3436 2927/3440 2933/3446
f 2934/3447 2935/3448 2924/3437 2932/3445
f 2935/3448 2936/3449 2925/3438 2924/3437
f 2928/3441 2925/3438 2936/3449 2937/3450
f 2938/3451 2928/3441 2937/3450 2939/3452
f 2929/3442 2928/3441 2938/3451 2940/3453
f 2941/3454 2930/3443 2929/3442 2940/3453
f 2930/3443 2941/3454 2942/3455 2943/3456
f 2926/3439 2930/3443 2943/3456
f 2943/3456 2927/3440 2926/3439
f 2943/3456 2944/3457 2933/3446 2927/3440
f 2945/3458 2946/3459 2933/3446 2944/3457
f 2946/3459 2947/3460 2931/3444 2933/3446
f 2931/3444 2947/3460 2948/3461 2932/3445
f 2934/3447 2932/3445 2948/3461 2949/3462
f 2950/3463 2951/3464 2934/3447 2949/3462
f 2934/3447 2951/3464 2952/3465 2935/3448
f 2935/3448 2952/3465 2953/3466 2936/3449
f 2936/3449 2953/3466 2954/3467 2937/3450
f 2937/3450 2954/3467 2955/3468 2939/3452
f 2956/3469 2939/3452 2955/3468 2957/3470
f 2956/3469 2958/3471 2938/3451 2939/3452
f 2938/3451 2958/3471 2959/3472 2940/3453
f 2941/3454 2940/3453 2959/3472 2960/3473
f 2942/3455 2941/3454 2960/3473 2961/3474
f 2942/4127 2962/3475 2963/3476 2943/4128
f 2962/3475 2942/4127 2961/4133 2964/3477
f 2943/4128 2963/3476 2965/3478 2944/4129
f 2966/3479 2945/4130 2944/4129 2965/3478
f 2966/3479 2967/3480 2968/3481 2945/4130
f 2945/3458 2968/4134 2969/3482 2946/3459
f 2946/3459 2969/3482 2970/3483 2947/3460
f 2947/3460 2970/3483 2971/3484 2948/3461
f 2971/3484 2972/3485 2949/3462 2948/3461
f 2950/3463 2949/3462 2972/3485 2973/3486
f 2974/3487 2975/3488 2950/4131 2973/4135
f 2950/4131 2975/3488 2976/3489 2951/4132
f 2977/3490 2952/3465 2951/3464 2976/4136
f 2977/3490 2953/3466 2952/3465
f 2954/3467 2953/3466 2977/3490
f 2978/3491 2955/3468 2954/3467 2977/3490
f 2955/3468 2978/3491 2979/3492 2957/3470
f 2980/3493 2957/3470 2979/3492 2981/3494
f 2980/3493 2982/3495 2956/3469 2957/3470
f 2958/3471 2956/3469 2982/3495 2983/3496
f 2958/3471 2983/3496 2984/3497 2959/3472
f 2959/3472 2984/3497 2985/3498 2960/3473
f 2960/3473 2985/3498 2986/3499 2961/3474
f 2961/4133 2986/4141 2987/3500 2964/3477
f 2962/3475 2964/3477 2988/3501 2989/3502
f 2987/3500 2990/3503 2988/3501 2964/3477
f 2963/3476 2962/3475 2989/3502 2991/3504
f 2991/3504 2992/3505 2965/3478 2963/3476
f 2992/3505 2993/3506 2966/3479 2965/3478
f 2966/3479 2993/3506 2994/3507 2967/3480
f 2995/3508 2968/3481 2967/3480 2996/3509
f 2967/3480 2994/3507 2997/3510 2996/3509
f 2995/4142 2998/3511 2969/3482 2968/4134
f 2998/3511 2999/3512 2970/3483 2969/3482
f 2971/3484 2970/3483 2999/3512 3000/3513
f 2971/3484 3000/3513 3001/3514 2972/3485
f 3001/3514 3002/3515 2973/3486 2972/3485
f 2974/3487 2973/4135 3002/4143 3003/3516
f 3001/3514 3004/3517 3005/3518 3002/3515
f 3005/4144 3006/3519 3003/3516 3002/4143
f 3001/3514 3000/3513 3007/3520 3004/3517
f 3008/3521 3007/3520 3000/3513 2999/3512
f 3009/3522 3008/3521 2999/3512 2998/3511
f 3009/3522 2998/3511 2995/4142 3010/3523
f 2995/3508 2996/3509 3011/3524 3010/4146
f 3012/3525 3011/3524 2996/3509 2997/3510
f 3012/3525 2997/3510 3013/3526 3014/3527
f 3013/3526 2997/3510 2994/3507 3015/3528
f 2993/3506 3016/3529 3015/3528 2994/3507
f 2992/3505 3017/3530 3016/3529 2993/3506
f 3018/3531 2992/3505 3019/3532
f 2992/3505 2991/3504 3019/3532
f 3018/3531 3017/3530 2992/3505
f 3019/3532 2991/3504 2989/3502
f 3018/3531 3019/3532 2989/3502
f 3018/3531 2989/3502 3017/3530
f 3017/3530 3020/3533 3021/3534 3016/3529
f 3017/3530 3022/3535 3020/3533
f 2988/3501 3023/3536 3017/3530 2989/3502
f 3023/3536 3024/3537 3025/3538 3017/3530
f 3025/3538 3022/3535 3017/3530
f 3026/3539 3015/3528 3016/3529 3021/3534
f 3013/3526 3015/3528 3026/3539 3027/3540
f 3013/3526 3027/3540 3028/3541 3014/3527
f 3012/3525 3014/3527 3029/3542 3030/3543
f 3031/3544 3029/3542 3014/3527 3028/3541
f 3032/3545 3011/3524 3012/3525 3030/3543
f 3032/3545 3033/3546 3010/4146 3011/3524
f 3009/4145 3010/4146 3033/3546 3034/3547
f 3035/3548 3008/3521 3009/3522 3034/4147
f 3035/3548 3036/3549 3007/3520 3008/3521
f 3037/3550 3036/3549 3035/3548 3038/3551
f 3035/3548 3034/4147 3039/3552 3038/3551
f 3040/3553 3039/4148 3034/3547 3033/3546
f 3040/3553 3033/3546 3032/3545 3041/3554
f 3032/3545 3030/3543 3042/3555 3041/3554
f 3043/3556 3042/3555 3030/3543 3029/3542
f 3031/3544 3044/3557 3043/3556 3029/3542
f 3045/3558 3046/3559 3031/3544 3028/3541
f 3031/3544 3046/3559 3047/3560 3044/3557
f 3045/3558 3028/3541 3027/3540 3048/3561
f 3026/3539 3049/3562 3048/3561 3027/3540
f 3026/3539 3021/3534 3050/3563 3049/3562
f 3050/3563 3051/3564 3052/3565 3049/3562
f 3053/3566 3048/3561 3049/3562 3052/3565
f 3053/3566 3054/3567 3045/3558 3048/3561
f 3045/3558 3054/3567 3055/3568 3046/3559
f 3056/3569 3047/3560 3046/3559 3055/3568
f 3057/3570 3058/3571 3044/3557 3047/3560
f 3057/3570 3047/3560 3056/3569 3059/3572
f 3043/3556 3044/3557 3058/3571 3060/3573
f 3043/3556 3060/3573 3061/3574 3042/3555
f 3061/3574 3062/3575 3041/3554 3042/3555
f 3040/3553 3041/3554 3062/3575 3063/3576
f 3064/3577 3039/4148 3040/3553 3063/3576
f 3064/4156 3065/3578 3038/3551 3039/3552
f 3037/3550 3038/3551 3065/3578 3066/3579
f 3067/3580 3068/3581 3066/3579 3065/3578
f 3067/3580 3065/3578 3064/4156 3069/3582
f 3064/3577 3063/3576 3070/3583 3069/4159
f 3071/3584 3070/3583 3063/3576 3062/3575
f 3061/3574 3072/3585 3071/3584 3062/3575
f 3061/3574 3060/3573 3073/3586 3072/3585
f 3074/3587 3073/3586 3060/3573 3058/3571
f 3074/3587 3058/3571 3057/3570 3075/3588
f 3057/3570 3059/3572 3076/3589 3075/3588
f 3056/4154 3077/3590 3078/3591 3059/4155
f 3079/3592 3076/4167 3059/4155 3078/3591
f 3056/4154 3055/4153 3080/3593 3077/3590
f 3080/3593 3055/4153 3054/4152 3081/3594
f 3053/4151 3082/3595 3081/3594 3054/4152
f 3083/3596 3082/3595 3053/4151 3052/4150
f 3083/3596 3084/3597 3085/3598 3082/3595
f 3086/3599 3081/3594 3082/3595 3085/3598
f 3080/3593 3081/3594 3086/3599 3087/3600
f 3080/3593 3087/3600 3088/3601 3077/3590
f 3089/3602 3078/3591 3077/3590 3088/3601
f 3089/3602 3090/3603 3079/3592 3078/3591
f 3079/4169 3090/4170 3091/3604 3092/3605
f 3079/4169 3092/3605 3093/3606 3076/4168
f 3093/3606 3094/3607 3075/4166 3076/4168
f 3074/4165 3075/4166 3094/3607 3095/3608
f 3096/3609 3073/4164 3074/4165 3095/3608
f 3096/3609 3097/3610 3072/4163 3073/4164
f 3071/4162 3072/4163 3097/3610 3098/3611
f 3071/4162 3098/3611 3099/3612 3070/4161
f 3099/3612 3100/3613 3069/4160 3070/4161
f 3099/3612 3098/3611 3101/3614 3102/3615
f 3099/3612 3102/3615 3103/3616 3100/3613
f 3104/3617 3101/3614 3098/3611 3097/3610
f 3104/3617 3097/3610 3096/3609 3105/3618
f 3096/3609 3095/3608 3106/3619 3105/3618
f 3107/3620 3106/3619 3095/3608 3094/3607
f 3093/3606 3108/3621 3107/3620 3094/3607
f 3093/3606 3092/3605 3109/3622 3108/3621
f 3110/3623 3109/3622 3092/3605 3091/3604
f 3111/3624 3110/3623 3091/3604 3112/3625
f 3112/3625 3091/3604 3090/4170 3113/3626
f 3089/3602 3114/3627 3113/4171 3090/3603
f 3115/3628 3114/3627 3089/3602 3088/3601
f 3115/3628 3088/3601 3087/3600 3116/3629
f 3086/3599 3117/3630 3116/3629 3087/3600
f 3118/3631 3119/3632 3115/3628 3116/3629
f 3118/3631 3116/3629 3117/3630 3120/3633
f 3115/3628 3119/3632 3121/3634 3114/3627
f 3122/3635 3113/4171 3114/3627 3121/3634
f 3123/3636 3112/3625 3113/3626 3122/4172
f 3111/3624 3112/3625 3123/3636 3124/3637
f 3125/3638 3110/3623 3111/3624 3126/3639
f 3111/3624 3124/3637 3127/3640 3126/3639
f 3125/3638 3128/3641 3109/3622 3110/3623
f 3128/3641 3129/3642 3108/3621 3109/3622
f 3107/3620 3108/3621 3129/3642 3130/3643
f 3107/3620 3130/3643 3131/3644 3106/3619
f 3131/3644 3132/3645 3105/3618 3106/3619
f 3104/3617 3105/3618 3132/3645 3133/3646
f 3134/3647 3101/3614 3104/3617 3133/3646
f 3134/3647 3133/3646 3135/3648 3136/3649
f 3132/3645 3137/3650 3135/3648 3133/3646
f 3131/3644 3138/3651 3137/3650 3132/3645
f 3131/3644 3130/3643 3139/3652 3138/3651
f 3140/3653 3139/3652 3130/3643 3129/3642
f 3141/3654 3140/3653 3129/3642 3128/3641
f 3141/3654 3128/3641 3125/3638 3142/3655
f 3125/3638 3126/3639 3143/3656 3142/3655
f 3127/3640 3144/3657 3143/3656 3126/3639
f 3145/3658 3146/3659 3127/3640 3124/3637
f 3127/3640 3146/3659 3147/3660 3144/3657
f 3123/3636 3148/3661 3145/3658 3124/3637
f 3123/3636 3122/4172 3149/3662 3148/3661
f 3149/4173 3122/3635 3121/3634 3150/3663
f 3149/3662 3151/3664 3152/3665 3148/3661
f 3149/4173 3150/3663 3153/3666 3151/4174
f 3152/3665 3154/3667 3145/3658 3148/3661
f 3145/3658 3154/3667 3155/3668 3146/3659
f 3156/3669 3147/3660 3146/3659 3155/3668
f 3157/3670 3158/3671 3144/3657 3147/3660
f 3157/3670 3147/3660 3156/3669 3159/3672
f 3143/3656 3144/3657 3158/3671 3160/3673
f 3143/3656 3160/3673 3161/3674 3142/3655
f 3141/3654 3142/3655 3161/3674 3162/3675
f 3163/3676 3140/3653 3141/3654 3162/3675
f 3163/3676 3164/3677 3139/3652 3140/3653
f 3138/3651 3139/3652 3164/3677 3165/3678
f 3138/3651 3165/3678 3166/3679 3137/3650
f 3167/3680 3135/3648 3137/3650 3166/3679
f 3167/3680 3166/3679 3168/3681 3169/3682
f 3165/3678 3170/3683 3168/3681 3166/3679
f 3165/3678 3164/3677 3171/3684 3170/3683
f 3172/3685 3171/3684 3164/3677 3163/3676
f 3172/3685 3163/3676 3162/3675 3173/3686
f 3174/3687 3173/3686 3162/3675 3161/3674
f 3174/3687 3161/3674 3160/3673 3175/3688
f 3176/3689 3175/3688 3160/3673 3158/3671
f 3176/3689 3158/3671 3157/3670 3177/3690
f 3157/3670 3159/3672 3178/3691 3177/3690
f 3156/3669 3179/3692 3180/3693 3159/3672
f 3181/3694 3178/3691 3159/3672 3180/3693
f 3156/3669 3155/3668 3182/3695 3179/3692
f 3182/3695 3155/3668 3154/3667 3183/3696
f 3182/3695 3184/3697 3185/3698 3179/3692
f 3182/3695 3183/3696 3186/3699 3184/3697
f 3185/3698 3187/3700 3180/3693 3179/3692
f 3181/3694 3180/3693 3187/3700 3188/3701
f 3189/3702 3190/3703 3178/3691 3181/3694
f 3189/3702 3181/3694 3188/3701 3191/3704
f 3192/3705 3177/3690 3178/3691 3190/3703
f 3192/3705 3193/3706 3176/3689 3177/3690
f 3176/3689 3193/3706 3194/3707 3175/3688
f 3174/3687 3175/3688 3194/3707 3173/3686
f 3195/3708 3172/3685 3173/3686 3194/3707
f 3195/3708 3196/3709 3171/3684 3172/3685
f 3170/3683 3171/3684 3196/3709 3197/3710
f 3170/3683 3197/3710 3198/3711 3168/3681
f 3197/3710 3196/3709 3199/3712 3200/3713
f 3197/3710 3200/3713 3201/3714 3198/3711
f 3199/3712 3196/3709 3195/3708 3202/3715
f 3195/3708 3194/3707 3193/3706 3202/3715
f 3192/3705 3190/3703 3202/3715 3193/3706
f 3189/3702 3199/3712 3202/3715 3190/3703
f 3200/3713 3199/3712 3189/3702 3191/3704
f 3203/3716 3204/3717 3191/3704 3188/3701
f 3200/3713 3191/3704 3204/3717 3201/3714
f 3203/3716 3188/3701 3187/3700 3205/3718
f 3206/3719 3205/3718 3187/3700 3185/3698
f 3206/3719 3185/3698 3184/3697 3207/3720
f 3186/3699 3208/3721 3207/3720 3184/3697
f 3186/3699 3183/3696 3209/3722 3210/3723
f 3186/3699 3210/3723 3211/3724 3208/3721
f 3152/3665 3209/3722 3183/3696 3154/3667
f 3212/3725 3213/3726 3210/3723 3209/3722
f 3212/3725 3209/3722 3152/3665 3151/3664
f 3211/3724 3210/3723 3213/3726 3068/4158
f 3211/3724 3214/3727 3215/3728 3208/3721
f 3211/3724 3068/4158 3067/4157 3214/3727
f 3216/3729 3207/3720 3208/3721 3215/3728
f 3216/3729 3217/3730 3206/3719 3207/3720
f 3206/3719 3217/3730 3218/3731 3205/3718
f 3203/3716 3205/3718 3218/3731 3204/3717
f 3219/3732 3201/3714 3204/3717 3218/3731
f 3219/3732 3220/3733 3198/3711 3201/3714
f 3198/3711 3220/3733 3169/3682 3168/3681
f 3219/3732 3221/3734 3222/3735 3220/3733
f 3222/3735 3136/3649 3169/3682 3220/3733
f 3217/3730 3221/3734 3219/3732 3218/3731
f 3216/3729 3223/3736 3221/3734 3217/3730
f 3103/3616 3223/3736 3216/3729 3215/3728
f 3103/3616 3215/3728 3214/3727 3100/3613
f 3067/4157 3069/4160 3100/3613 3214/3727
f 3103/3616 3102/3615 3224/3737 3223/3736
f 3222/3735 3221/3734 3223/3736 3224/3737
f 3222/3735 3224/3737 3134/3647 3136/3649
f 3167/3680 3169/3682 3136/3649 3135/3648
f 3134/3647 3224/3737 3102/3615 3101/3614
f 3225/3738 3066/3579 3068/3581 3213/4177
f 3225/3738 3213/4177 3212/4175 3226/3739
f 3153/3666 3226/4178 3212/4176 3151/4174
f 3153/3666 3227/3740 3228/3741 3226/4178
f 3228/4179 3229/3742 3225/3738 3226/3739
f 3225/3738 3229/3742 3037/3550 3066/3579
f 3228/4179 3230/3743 3231/3744 3229/3742
f 3037/3550 3229/3742 3231/3744 3036/3549
f 3228/3741 3227/3740 3232/3745 3230/4180
f 3153/3666 3150/3663 3233/3746 3227/3740
f 3227/3740 3233/3746 3234/3747 3232/3745
f 3005/4144 3230/4180 3232/3745 3006/3519
f 3006/3519 3232/3745 3234/3747 3235/3748
f 3005/3518 3004/3517 3231/3744 3230/3743
f 3036/3549 3231/3744 3004/3517 3007/3520
f 3006/3519 3235/3748 3236/3749 3003/3516
f 3235/3748 3234/3747 3118/3631 3120/3633
f 3235/3748 3120/3633 3237/3750 3236/3749
f 3118/3631 3234/3747 3233/3746 3119/3632
f 3150/3663 3121/3634 3119/3632 3233/3746
f 3238/3751 3239/3752 3236/3749 3237/3750
f 2974/3487 3003/3516 3236/3749 3239/3752
f 3240/3753 3237/3750 3120/3633 3117/3630
f 3240/3753 3241/3754 3238/3751 3237/3750
f 3238/3751 3241/3754 3242/3755 3243/3756
f 3238/3751 3243/3756 3244/3757 3239/3752
f 3244/3757 2975/3488 2974/3487 3239/3752
f 3244/3757 3243/3756 3245/3758 3246/3759
f 3244/3757 3246/3759 2976/3489 2975/3488
f 3247/3760 3245/3758 3243/3756 3242/3755
f 3247/3760 3242/3755 3248/3761 3249/3762
f 3248/3761 3242/3755 3241/3754 3084/3597
f 3240/3753 3085/3598 3084/3597 3241/3754
f 3086/3599 3085/3598 3240/3753 3117/3630
f 3248/3761 3084/3597 3083/3596 3250/3763
f 3248/3761 3250/3763 3251/3764 3249/3762
f 3252/3765 3253/3766 3249/3762 3251/3764
f 3254/3767 3247/3760 3249/3762 3253/3766
f 3254/3767 3255/3768 3245/3758 3247/3760
f 3245/3758 3255/3768 3256/3769 3246/3759
f 2977/4137 2976/3489 3246/3759 3256/3769
f 3256/3769 3257/3770 2978/4138 2977/4137
f 3257/3770 3256/3769 3255/3768 3258/3771
f 3259/3772 3258/3771 3255/3768 3254/3767
f 3253/3766 3260/3773 3259/3772 3254/3767
f 3261/3774 3260/3773 3253/3766 3252/3765
f 3262/3775 3263/3776 3252/3765 3251/3764
f 3261/3774 3252/3765 3263/3776 3264/3777
f 3262/3775 3251/3764 3250/3763 3051/4149
f 3083/3596 3052/4150 3051/4149 3250/3763
f 3050/3563 3265/3778 3262/4181 3051/3564
f 3262/4181 3265/3778 3266/3779 3263/4182
f 3263/4182 3266/3779 3267/3780 3264/4183
f 3268/3781 3264/4183 3267/3780 3269/3782
f 3268/4184 3270/3783 3261/3774 3264/3777
f 3260/3773 3261/3774 3270/3783 3271/3784
f 3260/3773 3271/3784 3272/3785 3259/3772
f 3272/3785 3273/3786 3258/3771 3259/3772
f 3257/3770 3258/3771 3273/3786 3274/3787
f 2979/4139 2978/4138 3257/3770 3274/3787
f 3275/3788 3274/3787 3273/3786 3276/3789
f 3275/3788 2981/4140 2979/4139 3274/3787
f 3273/3786 3272/3785 3277/3790 3276/3789
f 3278/3791 3277/3790 3272/3785 3271/3784
f 3270/3783 3279/3792 3278/3791 3271/3784
f 3270/3783 3268/4184 3280/3793 3279/3792
f 3281/3794 3280/4185 3268/3781 3269/3782
f 3281/3794 3269/3782 3024/3537 3282/3795
f 3267/3780 3025/3538 3024/3537 3269/3782
f 3025/3538 3267/3780 3266/3779 3283/3796
f 3283/3796 3266/3779 3265/3778 3020/3533
f 3050/3563 3021/3534 3020/3533 3265/3778
f 3284/3797 3020/3533 3022/3535
f 3284/3797 3283/3796 3020/3533
f 3284/3797 3025/3538 3283/3796
f 3284/3797 3022/3535 3025/3538
f 3024/3537 3023/3536 3285/3798 3282/3795
f 3286/3799 3282/3795 3285/3798 3287/3800
f 3286/3799 3288/3801 3281/3794 3282/3795
f 3280/4185 3281/3794 3288/3801 3289/3802
f 3280/3793 3289/4186 3290/3803 3279/3792
f 3290/3803 3291/3804 3278/3791 3279/3792
f 3277/3790 3278/3791 3291/3804 3292/3805
f 3293/3806 3276/3789 3277/3790 3292/3805
f 3293/3806 3294/3807 3275/3788 3276/3789
f 3275/3788 3294/3807 3295/3808 2981/4140
f 3295/4187 3296/3809 2980/3493 2981/3494
f 3296/3809 3295/4187 3297/3810 3298/3811
f 3295/3808 3294/3807 3299/3812 3297/4188
f 3294/3807 3293/3806 3300/3813 3299/3812
f 3301/3814 3300/3813 3293/3806 3292/3805
f 3301/3814 3292/3805 3291/3804 3302/3815
f 3291/3804 3290/3803 3303/3816 3302/3815
f 3304/3817 3303/3816 3290/3803 3289/4186
f 3288/3801 3305/3818 3304/4189 3289/3802
f 3288/3801 3286/3799 3306/3819 3305/3818
f 3307/3820 3306/3819 3286/3799 3287/3800
f 3307/3820 3287/3800 3308/3821 3309/3822
f 3285/3798 2990/3503 3308/3821 3287/3800
f 2990/3503 3285/3798 3023/3536 2988/3501
f 3310/3823 3308/3821 2990/3503 2987/3500
f 3308/3821 3310/3823 3311/3824 3309/3822
f 3312/3825 3309/3822 3311/3824 3313/3826
f 3312/3825 3314/3827 3307/3820 3309/3822
f 3306/3819 3307/3820 3314/3827 3315/3828
f 3306/3819 3315/3828 3316/3829 3305/3818
f 3316/3829 3317/3830 3304/4189 3305/3818
f 3303/3816 3304/3817 3317/4190 3318/3831
f 3319/3832 3302/3815 3303/3816 3318/3831
f 3319/3832 3320/3833 3301/3814 3302/3815
f 3300/3813 3301/3814 3320/3833 3321/3834
f 3300/3813 3321/3834 3322/3835 3299/3812
f 3299/3812 3322/3835 3323/3836 3297/4188
f 3297/3810 3323/4191 3324/3837 3298/3811
f 3324/3837 3323/4191 3325/3838 3326/3839
f 3323/3836 3322/3835 3327/3840 3325/4192
f 3328/3841 3327/3840 3322/3835 3321/3834
f 3320/3833 3329/3842 3328/3841 3321/3834
f 3320/3833 3319/3832 3330/3843 3329/3842
f 3331/3844 3330/3843 3319/3832 3318/3831
f 3331/3844 3318/3831 3317/4190 3332/3845
f 3317/3830 3316/3829 3333/3846 3332/4193
f 3334/3847 3333/3846 3316/3829 3315/3828
f 3314/3827 3335/3848 3334/3847 3315/3828
f 3314/3827 3312/3825 3336/3849 3335/3848
f 3337/3850 3336/3849 3312/3825 3313/3826
f 3337/3850 3313/3826 3338/3851 3339/3852
f 3311/3824 3340/3853 3338/3851 3313/3826
f 3340/3853 3311/3824 3310/3823 3341/3854
f 3342/3855 3338/4194 3340/4196 3343/3856
f 3340/4196 3341/4197 3344/3857 3343/3856
f 3338/4194 3342/3855 3345/3858 3339/4195
f 3346/3859 3339/4195 3345/3858 3347/3860
f 3346/4198 3348/3861 3337/3850 3339/3852
f 3336/3849 3337/3850 3348/3861 3349/3862
f 3336/3849 3349/3862 3350/3863 3335/3848
f 3350/3863 3351/3864 3334/3847 3335/3848
f 3333/3846 3334/3847 3351/3864 3352/3865
f 3353/3866 3332/4193 3333/3846 3352/3865
f 3353/4199 3354/3867 3331/3844 3332/3845
f 3330/3843 3331/3844 3354/3867 3355/3868
f 3330/3843 3355/3868 3356/3869 3329/3842
f 3356/3869 3357/3870 3328/3841 3329/3842
f 3327/3840 3328/3841 3357/3870 3358/3871
f 3358/3871 3357/3870 3359/3872 3360/3873
f 3357/3870 3356/3869 3361/3874 3359/3872
f 3362/3875 3361/3874 3356/3869 3355/3868
f 3354/3867 3363/3876 3362/3875 3355/3868
f 3354/3867 3353/4199 3364/3877 3363/3876
f 3365/3878 3364/4205 3353/3866 3352/3865
f 3365/3878 3352/3865 3351/3864 3366/3879
f 3351/3864 3350/3863 3367/3880 3366/3879
f 3368/3881 3367/3880 3350/3863 3349/3862
f 3348/3861 3369/3882 3368/3881 3349/3862
f 3348/3861 3346/4198 3370/3883 3369/3882
f 3371/3884 3370/4208 3346/3859 3347/3860
f 3371/3884 3347/3860 3372/3885 3373/3886
f 3345/3858 3374/3887 3372/3885 3347/3860
f 3374/3887 3345/3858 3342/3855 3375/3888
f 3376/3889 3372/3885 3374/3887 3377/3890
f 3374/3887 3375/3888 3378/3891 3377/3890
f 3372/3885 3376/3889 3379/3892 3373/3886
f 3380/3893 3373/3886 3379/3892 3381/3894
f 3380/3893 3382/3895 3371/3884 3373/3886
f 3370/3883 3371/4209 3382/4210 3383/3896
f 3370/3883 3383/3896 3384/3897 3369/3882
f 3384/3897 3385/3898 3368/3881 3369/3882
f 3367/3880 3368/3881 3385/3898 3386/3899
f 3387/3900 3366/3879 3367/3880 3386/3899
f 3387/3900 3388/3901 3365/3878 3366/3879
f 3364/4206 3365/4207 3388/4211 3389/3902
f 3364/4206 3389/3902 3390/3903 3363/4204
f 3390/3903 3391/3904 3362/4203 3363/4204
f 3392/3905 3393/3906 3390/3903 3389/3902
f 3391/3904 3390/3903 3393/3906 3394/3907
f 3388/4211 3395/3908 3392/3905 3389/3902
f 3388/3901 3387/3900 3396/3909 3395/4212
f 3397/3910 3396/3909 3387/3900 3386/3899
f 3397/3910 3386/3899 3385/3898 3398/3911
f 3385/3898 3384/3897 3399/3912 3398/3911
f 3400/3913 3399/3912 3384/3897 3383/3896
f 3382/4210 3401/3914 3400/3913 3383/3896
f 3382/3895 3380/3893 3402/3915 3401/4213
f 3403/3916 3402/3915 3380/3893 3381/3894
f 3403/3916 3381/3894 3404/3917 3405/3918
f 3379/3892 3406/3919 3404/3917 3381/3894
f 3406/3919 3379/3892 3376/3889 3407/3920
f 3408/3921 3409/3922 3406/3919 3407/3920
f 3410/3923 3404/3917 3406/3919 3409/3922
f 3404/3917 3410/3923 3411/3924 3405/3918
f 3412/3925 3405/3918 3411/3924 3413/3926
f 3412/3925 3414/3927 3403/3916 3405/3918
f 3402/3915 3403/3916 3414/3927 3415/3928
f 3402/3915 3415/3928 3416/3929 3401/4213
f 3416/4214 3417/3930 3400/3913 3401/3914
f 3399/3912 3400/3913 3417/3930 3418/3931
f 3419/3932 3398/3911 3399/3912 3418/3931
f 3419/3932 3420/3933 3397/3910 3398/3911
f 3396/3909 3397/3910 3420/3933 3421/3934
f 3396/3909 3421/3934 3422/3935 3395/4212
f 3422/4215 3423/3936 3392/3905 3395/3908
f 3424/3937 3425/3938 3422/3935 3421/3934
f 3423/3936 3422/4215 3425/4216 3426/3939
f 3420/3933 3427/3940 3424/3937 3421/3934
f 3419/3932 3428/3941 3427/3940 3420/3933
f 3429/3942 3428/3941 3419/3932 3418/3931
f 3429/3942 3418/3931 3417/3930 3430/3943
f 3417/3930 3416/4214 3431/3944 3430/3943
f 3432/3945 3431/4218 3416/3929 3415/3928
f 3414/3927 3433/3946 3432/3945 3415/3928
f 3414/3927 3412/3925 3434/3947 3433/3946
f 3435/3948 3434/3947 3412/3925 3413/3926
f 3435/3948 3413/3926 3436/3949 3437/3950
f 3411/3924 3438/3951 3436/3949 3413/3926
f 3438/3951 3411/3924 3410/3923 3439/3952
f 3440/3953 3439/3952 3410/3923 3409/3922
f 3441/3954 3439/3952 3440/3953 3360/4201
f 3441/3954 3442/3955 3438/3951 3439/3952
f 3443/3956 3436/3949 3438/3951 3442/3955
f 3436/3949 3443/3956 3444/3957 3437/3950
f 3445/3958 3437/3950 3444/3957 3446/3959
f 3445/3958 3447/3960 3435/3948 3437/3950
f 3435/3948 3447/3960 3448/3961 3434/3947
f 3434/3947 3448/3961 3449/3962 3433/3946
f 3449/3962 3450/3963 3432/3945 3433/3946
f 3450/3963 3451/3964 3431/4218 3432/3945
f 3452/3965 3430/4217 3431/4218 3451/3964
f 3452/4220 3453/3966 3429/3942 3430/3943
f 3428/3941 3429/3942 3453/3966 3454/3967
f 3455/3968 3427/3940 3428/3941 3454/3967
f 3427/3940 3455/3968 3456/3969 3424/3937
f 3453/3966 3457/3970 3455/3968 3454/3967
f 3455/3968 3457/3970 3458/3971 3456/3969
f 3457/3970 3453/3966 3452/4220 3459/3972
f 3460/3973 3459/4223 3452/3965 3451/3964
f 3450/3963 3461/3974 3460/3973 3451/3964
f 3461/3974 3450/3963 3449/3962 3462/3975
f 3449/3962 3448/3961 3463/3976 3462/3975
f 3463/3976 3448/3961 3447/3960 3464/3977
f 3447/3960 3445/3958 3465/3978 3464/3977
f 3466/3979 3465/3978 3445/3958 3446/3959
f 3466/3979 3446/3959 3467/3980 3468/3981
f 3444/3957 3469/3982 3467/3980 3446/3959
f 3469/3982 3444/3957 3443/3956 3470/3983
f 3471/3984 3470/3983 3443/3956 3442/3955
f 3472/3985 3470/3983 3471/3984 3473/3986
f 3472/3985 3474/3987 3469/3982 3470/3983
f 3475/3988 3467/3980 3469/3982 3474/3987
f 3467/3980 3475/3988 3476/3989 3468/3981
f 3466/3979 3468/3981 3477/3990 3478/3991
f 3476/3989 3479/3992 3477/3990 3468/3981
f 3480/3993 3465/3978 3466/3979 3478/3991
f 3464/3977 3465/3978 3480/3993 3481/3994
f 3482/3995 3463/3976 3464/3977 3481/3994
f 3463/3976 3482/3995 3461/3974 3462/3975
f 3460/3973 3461/3974 3482/3995 3483/3996
f 3459/4223 3460/3973 3483/3996 3484/3997
f 3457/4221 3459/4223 3484/3997 3458/4222
f 3458/3971 3485/3998 3486/3999 3456/3969
f 3484/3997 3487/4000 3485/4224 3458/4222
f 3483/3996 3488/4001 3487/4000 3484/3997
f 3482/3995 3481/3994 3488/4001 3483/3996
f 3480/3993 3489/4002 3488/4001 3481/3994
f 3477/3990 3489/4002 3480/3993 3478/3991
f 3489/4002 3477/3990 3479/3992 3490/4003
f 3491/4004 3479/3992 3476/3989 3492/4005
f 3479/3992 3491/4004 3493/4006 3490/4003
f 3476/3989 3475/3988 3494/4007 3492/4005
f 3495/4008 3494/4007 3475/3988 3474/3987
f 3495/4008 3474/3987 3472/3985 3496/4009
f 3472/3985 3473/3986 3394/3907 3496/4009
f 3497/4010 3391/3904 3394/3907 3473/3986
f 3471/3984 3498/4011 3497/4010 3473/3986
f 3471/3984 3442/3955 3441/3954 3498/4011
f 3359/4200 3361/4202 3497/4010 3498/4011
f 3441/3954 3360/4201 3359/4200 3498/4011
f 3361/4202 3362/4203 3391/3904 3497/4010
f 3440/4219 3499/4012 3358/3871 3360/3873
f 3440/3953 3409/3922 3408/3921 3499/4226
f 3325/4192 3327/3840 3358/3871 3499/4012
f 3408/3921 3326/3839 3325/3838 3499/4226
f 3408/3921 3407/3920 3500/4013 3326/3839
f 3500/4013 3501/4014 3324/3837 3326/3839
f 3376/3889 3377/3890 3500/4013 3407/3920
f 3378/3891 3501/4014 3500/4013 3377/3890
f 3324/3837 3501/4014 3502/4015 3298/3811
f 3503/4016 3502/4015 3501/4014 3378/3891
f 3504/4017 3503/4016 3378/3891 3375/3888
f 3502/4015 3503/4016 3505/4018 3506/4019
f 3507/4020 3505/4018 3503/4016 3504/4017
f 3296/3809 3298/3811 3502/4015 3506/4019
f 2982/3495 3506/4019 3505/4018 2983/3496
f 2982/3495 2980/3493 3296/3809 3506/4019
f 3505/4018 3507/4020 2984/3497 2983/3496
f 3344/3857 3507/4020 3504/4017 3343/3856
f 2985/3498 2984/3497 3507/4020 3344/3857
f 3342/3855 3343/3856 3504/4017 3375/3888
f 2986/3499 2985/3498 3344/3857 3341/4197
f 3310/3823 2987/3500 2986/4141 3341/3854
f 3394/3907 3393/3906 3508/4021 3496/4009
f 3393/3906 3392/3905 3423/3936 3508/4021
f 3508/4021 3423/3936 3426/3939 3509/4022
f 3495/4008 3496/4009 3508/4021 3509/4022
f 3426/3939 3425/4216 3486/4225 3510/4023
f 3511/4024 3509/4022 3426/3939 3510/4023
f 3511/4024 3494/4007 3495/4008 3509/4022
f 3494/4007 3511/4024 3491/4004 3492/4005
f 3491/4004 3511/4024 3510/4023 3493/4006
f 3510/4023 3486/4225 3485/4224 3493/4006
f 3456/3969 3486/3999 3425/3938 3424/3937
f 3493/4006 3485/4224 3487/4000 3490/4003
f 3489/4002 3490/4003 3487/4000 3488/4001
f 3512/4025 3513/4026 3514/4027 3515/4028
f 3515/4028 3516/4029 3517/4030 3512/4025
f 3514/4027 3518/4031 3519/4032 3515/4028
f 3515/4028 3519/4032 3520/4033 3516/4029
f 3519/4032 3518/4031 3521/4034 3522/4035
f 3522/4035 3523/4036 3520/4033 3519/4032
f 3524/4037 3525/4038 3522/4035 3521/4034
f 3523/4036 3522/4035 3525/4038 3526/4039
f 3527/4040 3528/4041 3525/4038 3524/4037
f 3526/4039 3525/4038 3528/4041 3529/4042
f 3530/4043 3531/4044 3528/4041 3527/4040
f 3529/4042 3528/4041 3531/4044 3532/4045
f 3533/4046 3534/4047 3531/4044 3530/4043
f 3532/4045 3531/4044 3534/4047 3535/4048
f 3536/4049 3534/4047 3533/4046 3537/4050
f 3538/4051 3535/4048 3534/4047 3536/4049
f 3539/4052 3540/4053 3541/4054 3542/4055
f 3539/4052 3543/4056 3544/4057 3540/4053
f 3539/4052 3545/4058 3546/4059 3543/4056
f 3547/4060 3545/4058 3539/4052 3542/4055
f 3542/4055 3541/4054 3548/4061 3549/4062
f 3546/4059 3545/4058 3547/4060 3550/4063
f 3550/4063 3547/4060 3551/4064 3552/4065
f 3552/4065 3551/4064 3553/4066 3554/4067
f 3554/4067 3553/4066 3555/4068 3556/4069
f 3557/4070 3556/4069 3555/4068
f 3558/4071 3559/4072 3560/4073 3561/4074
f 3560/4073 3562/4075 3563/4076 3561/4074
f 3563/4076 3564/4077 3565/4078 3561/4074
f 3558/4071 3561/4074 3565/4078 3566/4079
f 3567/4080 3568/4081 3559/4072 3558/4071
f 3569/4082 3566/4079 3565/4078 3564/4077
f 3570/4083 3571/4084 3566/4079 3569/4082
f 3572/4085 3573/4086 3571/4084 3570/4083
f 3574/4087 3575/4088 3573/4086 3572/4085
f 3575/4088 3574/4087 3576/4089
