# Exported from Nomad Sculpt
mtllib FratBearTextured.mtl
o Feet_1
usemtl Feet_1
v -0.74432397 -6.8014555 0.881175816 0.999999940 0.999999940 0.999999940
v -0.69059575 -6.77493334 0.833820819 0.999999940 0.999999940 0.999999940
v -0.77753842 -6.73358011 0.796649098 0.999999940 0.999999940 0.999999940
v -0.81943214 -6.77734518 0.862251162 0.999999940 0.999999940 0.999999940
v -0.85872167 -6.8315897 0.913158118 0.999999940 0.999999940 0.999999940
v -0.74277526 -6.84703588 0.919694483 0.999999940 0.999999940 0.999999940
v -0.63935292 -6.82752609 0.862782359 0.999999940 0.999999940 0.999999940
v -0.5672552 -6.79017639 0.767178058 0.999999940 0.999999940 0.999999940
v -0.63975227 -6.73387003 0.746254086 0.999999940 0.999999940 0.999999940
v -0.74633276 -6.69474506 0.718381643 0.999999940 0.999999940 0.999999940
v -0.84636569 -6.71665716 0.771012485 0.999999940 0.999999940 0.999999940
v -0.8572284 -6.685184 0.709226787 0.999999940 0.999999940 0.999999940
v -0.9056915 -6.74531507 0.809945642 0.999999940 0.999999940 0.999999940
v -0.9677304 -6.7991848 0.853616237 0.999999940 0.999999940 0.999999940
v -1.00766957 -6.86553383 0.874806284 0.999999940 0.999999940 0.999999940
v -0.88447762 -6.89444208 0.940505325 0.999999940 0.999999940 0.999999940
v -0.74435663 -6.90517521 0.947200179 0.999999940 0.999999940 0.999999940
v -0.61389053 -6.88790894 0.880741357 0.999999940 0.999999940 0.999999940
v -0.52862948 -6.85327959 0.771672725 0.999999940 0.999999940 0.999999940
v -0.47702909 -6.81626844 0.650646805 0.999999940 0.999999940 0.999999940
v -0.52147585 -6.75203323 0.655929803 0.999999940 0.999999940 0.999999940
v -0.60517484 -6.69701815 0.647355377 0.999999940 0.999999940 0.999999940
v -0.72988468 -6.65840006 0.630108952 0.999999940 0.999999940 0.999999940
v -0.86656594 -6.64707756 0.621187388 0.999999940 0.999999940 0.999999940
v -0.96753538 -6.70745564 0.728325367 0.999999940 0.999999940 0.999999940
v -1.00120068 -6.66782236 0.62789464 0.999999940 0.999999940 0.999999940
v -1.05556226 -6.75910521 0.757368147 0.999999940 0.999999940 0.999999940
v -1.10862839 -6.8271246 0.771070838 0.999999940 0.999999940 0.999999940
v -1.02355874 -6.93888521 0.872562468 0.999999940 0.999999940 0.999999940
v -0.89588439 -6.96341467 0.940284371 0.999999940 0.999999940 0.999999940
v -1.13120782 -6.90571451 0.765951037 0.999999940 0.999999940 0.999999940
v -0.74957144 -6.97083712 0.950472235 0.999999940 0.999999940 0.999999940
v -0.60548621 -6.95494699 0.880599796 0.999999940 0.999999940 0.999999940
v -0.51606482 -6.92350101 0.760279059 0.999999940 0.999999940 0.999999940
v -0.4634589 -6.89023304 0.632953107 0.999999940 0.999999940 0.999999940
v -0.43423823 -6.85654736 0.503038942 0.999999940 0.999999940 0.999999940
v -0.44601253 -6.78120136 0.527181148 0.999999940 0.999999940 0.999999940
v -0.49206787 -6.71623278 0.542934477 0.999999940 0.999999940 0.999999940
v -0.58443636 -6.66158867 0.547166824 0.999999940 0.999999940 0.999999940
v -0.71885937 -6.62421656 0.540679037 0.999999940 0.999999940 0.999999940
v -0.86667961 -6.61077356 0.531465649 0.999999940 0.999999940 0.999999940
v -1.01277232 -6.62839031 0.522761344 0.999999940 0.999999940 0.999999940
v -1.13505673 -6.67174101 0.513148427 0.999999940 0.999999940 0.999999940
v -1.11076224 -6.71796513 0.639918327 0.999999940 0.999999940 0.999999940
v -1.17667687 -6.78506231 0.640502274 0.999999940 0.999999940 0.999999940
v -1.20680332 -6.86476994 0.628264188 0.999999940 0.999999940 0.999999940
v -1.12276375 -6.98421335 0.745048403 0.999999940 0.999999940 0.999999940
v -1.01590693 -7.00948286 0.849143564 0.999999940 0.999999940 0.999999940
v -1.20000815 -6.95025015 0.607226073 0.999999940 0.999999940 0.999999940
v -0.89478093 -7.02726173 0.913367331 0.999999940 0.999999940 0.999999940
v -0.76077849 -7.03203917 0.927231788 0.999999940 0.999999940 0.999999940
v -0.61765128 -7.02053022 0.861603379 0.999999940 0.999999940 0.999999940
v -0.52966088 -6.99572945 0.736954152 0.999999940 0.999999940 0.999999940
v -0.48201638 -6.96939898 0.606214582 0.999999940 0.999999940 0.999999940
v -0.45777923 -6.94166374 0.476315081 0.999999940 0.999999940 0.999999940
v -0.44746611 -6.91416264 0.348222792 0.999999940 0.999999940 0.999999940
v -0.4189457 -6.81925392 0.371490389 0.999999940 0.999999940 0.999999940
v -0.42709059 -6.74003172 0.402070850 0.999999940 0.999999940 0.999999940
v -0.47182018 -6.67404842 0.430246681 0.999999940 0.999999940 0.999999940
v -0.566966 -6.62078762 0.448395460 0.999999940 0.999999940 0.999999940
v -0.7051782 -6.58569765 0.451034367 0.999999940 0.999999940 0.999999940
v -0.85662878 -6.57049513 0.441017806 0.999999940 0.999999940 0.999999940
v -1.00555575 -6.58421564 0.418245255 0.999999940 0.999999940 0.999999940
v -1.12925482 -6.61866188 0.387383401 0.999999940 0.999999940 0.999999940
v -1.20950341 -6.73581982 0.496717304 0.999999940 0.999999940 0.999999940
v -1.20351565 -6.67812014 0.352665215 0.999999940 0.999999940 0.999999940
v -1.24367738 -6.8161912 0.473680257 0.999999940 0.999999940 0.999999940
v -1.23744917 -6.90857792 0.451202035 0.999999940 0.999999940 0.999999940
v -1.0816766 -7.05551386 0.711983084 0.999999940 0.999999940 0.999999940
v -1.15316141 -7.03446674 0.582715153 0.999999940 0.999999940 0.999999940
v -1.18697321 -7.00624609 0.436711251 0.999999940 0.999999940 0.999999940
v -0.98367411 -7.0710721 0.808448076 0.999999940 0.999999940 0.999999940
v -0.8825556 -7.08131695 0.863068401 0.999999940 0.999999940 0.999999940
v -0.77511185 -7.08251905 0.880769074 0.999999940 0.999999940 0.999999940
v -0.65104133 -7.07622242 0.825648546 0.999999940 0.999999940 0.999999940
v -0.57529169 -7.06359911 0.704955101 0.999999940 0.999999940 0.999999940
v -0.54007006 -7.04832792 0.577028751 0.999999940 0.999999940 0.999999940
v -0.5269872 -7.03318405 0.455988198 0.999999940 0.999999940 0.999999940
v -0.52453685 -7.02081633 0.340985596 0.999999940 0.999999940 0.999999940
v -0.40769678 -6.77805948 0.235044017 0.999999940 0.999999940 0.999999940
v -0.44182661 -6.8919673 0.218809157 0.999999940 0.999999940 0.999999940
v -0.52269918 -7.01325035 0.228863969 0.999999940 0.999999940 0.999999940
v -0.41191024 -6.69044971 0.272361129 0.999999940 0.999999940 0.999999940
v -0.45517948 -6.62089968 0.316539883 0.999999940 0.999999940 0.999999940
v -0.5488373 -6.57025194 0.350371092 0.999999940 0.999999940 0.999999940
v -0.68769395 -6.53968811 0.362882524 0.999999940 0.999999940 0.999999940
v -0.83823955 -6.52464533 0.351148128 0.999999940 0.999999940 0.999999940
v -0.98267645 -6.53107738 0.314444512 0.999999940 0.999999940 0.999999940
v -1.10056281 -6.55771017 0.264296263 0.999999940 0.999999940 0.999999940
v -1.16899705 -6.61355734 0.21403341 0.999999940 0.999999940 0.999999940
v -1.19974756 -6.69917488 0.171487912 0.999999940 0.999999940 0.999999940
v -1.23731709 -6.75909805 0.318266928 0.999999940 0.999999940 0.999999940
v -1.234658 -6.86160278 0.294106841 0.999999940 0.999999940 0.999999940
v -1.18449783 -6.97581244 0.290903717 0.999999940 0.999999940 0.999999940
v -1.05229402 -7.10517693 0.559981226 0.999999940 0.999999940 0.999999940
v -1.08036518 -7.09007025 0.433435887 0.999999940 0.999999940 0.999999940
v -1.08001423 -7.07167625 0.308364689 0.999999940 0.999999940 0.999999940
v -0.99456638 -7.11334848 0.673537850 0.999999940 0.999999940 0.999999940
v -0.94206733 -7.11256981 0.750493228 0.999999940 0.999999940 0.999999940
v -0.86740947 -7.12493658 0.766828000 0.999999940 0.999999940 0.999999940
v -0.77550501 -7.12574005 0.781382441 0.999999940 0.999999940 0.999999940
v -0.69310206 -7.11331987 0.771939218 0.999999940 0.999999940 0.999999940
v -0.66062337 -7.11665297 0.671927630 0.999999940 0.999999940 0.999999940
v -0.64639318 -7.11389923 0.556385397 0.999999940 0.999999940 0.999999940
v -0.64478582 -7.10893917 0.450249999 0.999999940 0.999999940 0.999999940
v -0.64454824 -7.10363483 0.348591953 0.999999940 0.999999940 0.999999940
v -0.64241213 -7.10192299 0.246146380 0.999999940 0.999999940 0.999999940
v -0.44272557 -6.88111067 0.092601373 0.999999940 0.999999940 0.999999940
v -0.52261454 -7.01373672 0.121438235 0.999999940 0.999999940 0.999999940
v -0.64038974 -7.10638428 0.143590226 0.999999940 0.999999940 0.999999940
v -0.40642345 -6.74134398 0.087709032 0.999999940 0.999999940 0.999999940
v -0.53071612 -7.02217722 0.017355866 0.999999940 0.999999940 0.999999940
v -0.45661795 -6.88457298 -0.02894011 0.999999940 0.999999940 0.999999940
v -0.43112192 -6.71242857 -0.08058906 0.999999940 0.999999940 0.999999940
v -0.64326578 -7.11438084 0.040975738 0.999999940 0.999999940 0.999999940
v -0.77858037 -7.14266539 0.147356435 0.999999940 0.999999940 0.999999940
v -0.77520013 -7.14883614 0.044031459 0.999999940 0.999999940 0.999999940
v -0.78493291 -7.13926315 0.250433921 0.999999940 0.999999940 0.999999940
v -0.79027039 -7.14024687 0.352076351 0.999999940 0.999999940 0.999999940
v -0.78909707 -7.14330339 0.450356245 0.999999940 0.999999940 0.999999940
v -0.78113335 -7.14451361 0.549278557 0.999999940 0.999999940 0.999999940
v -0.77300042 -7.14149714 0.655898332 0.999999940 0.999999940 0.999999940
v -0.88617039 -7.13958025 0.656117022 0.999999940 0.999999940 0.999999940
v -0.91987461 -7.14073896 0.550045013 0.999999940 0.999999940 0.999999940
v -0.9396233 -7.13567162 0.443093359 0.999999940 0.999999940 0.999999940
v -0.94140893 -7.1277895 0.337193310 0.999999940 0.999999940 0.999999940
v -0.93016994 -7.12268209 0.232196465 0.999999940 0.999999940 0.999999940
v -0.91728759 -7.12271023 0.128302544 0.999999940 0.999999940 0.999999940
v -0.90665841 -7.1269598 0.026364732 0.999999940 0.999999940 0.999999940
v -0.89608657 -7.13115358 -0.07565107 0.999999940 0.999999940 0.999999940
v -0.77491772 -7.15386438 -0.06056707 0.999999940 0.999999940 0.999999940
v -0.65347534 -7.12395573 -0.06305161 0.999999940 0.999999940 0.999999940
v -0.54889905 -7.03863144 -0.08528255 0.999999940 0.999999940 0.999999940
v -0.48483875 -6.9160614 -0.1317009 0.999999940 0.999999940 0.999999940
v -0.47386315 -6.7899971 -0.20441583 0.999999940 0.999999940 0.999999940
v -0.51204151 -6.70180798 -0.28362882 0.999999940 0.999999940 0.999999940
v -0.48069125 -6.60885477 -0.19935079 0.999999940 0.999999940 0.999999940
v -0.46981895 -6.50556993 -0.10850544 0.999999940 0.999999940 0.999999940
v -0.42357254 -6.57195759 0.001367292 0.999999940 0.999999940 0.999999940
v -0.40608135 -6.63149691 0.136362448 0.999999940 0.999999940 0.999999940
v -0.44566298 -6.55461025 0.20060426 0.999999940 0.999999940 0.999999940
v -0.45749429 -6.48112106 0.087484292 0.999999940 0.999999940 0.999999940
v -0.49594223 -6.41422653 -0.01087341 0.999999940 0.999999940 0.999999940
v -0.56346828 -6.5427556 -0.27744931 0.999999940 0.999999940 0.999999940
v -0.55179077 -6.44358206 -0.18855639 0.999999940 0.999999940 0.999999940
v -0.57027286 -6.35861635 -0.08583976 0.999999940 0.999999940 0.999999940
v -0.58633792 -6.64637184 -0.35034525 0.999999940 0.999999940 0.999999940
v -0.61388141 -6.75591946 -0.4070147 0.999999940 0.999999940 0.999999940
v -0.55198342 -6.79674673 -0.35408539 0.999999940 0.999999940 0.999999940
v -0.5185225 -6.85997105 -0.29150021 0.999999940 0.999999940 0.999999940
v -0.52249187 -6.95332336 -0.22915807 0.999999940 0.999999940 0.999999940
v -0.57442319 -7.05435467 -0.18749131 0.999999940 0.999999940 0.999999940
v -0.66677159 -7.1282506 -0.16892666 0.999999940 0.999999940 0.999999940
v -0.77576518 -7.15280247 -0.16706009 0.999999940 0.999999940 0.999999940
v -0.88278663 -7.12913847 -0.18030089 0.999999940 0.999999940 0.999999940
v -0.77404869 -7.13642359 -0.27350208 0.999999940 0.999999940 0.999999940
v -0.85922277 -7.11450052 -0.28454116 0.999999940 0.999999940 0.999999940
v -0.68260634 -7.11734295 -0.27444133 0.999999940 0.999999940 0.999999940
v -0.60887957 -7.05781841 -0.29106846 0.999999940 0.999999940 0.999999940
v -0.57130712 -6.97939014 -0.32353646 0.999999940 0.999999940 0.999999940
v -0.55957174 -6.91260099 -0.34639493 0.999999940 0.999999940 0.999999940
v -0.59280288 -6.89228439 -0.39475021 0.999999940 0.999999940 0.999999940
v -0.64382094 -6.86699152 -0.43715063 0.999999940 0.999999940 0.999999940
v -0.71000689 -6.85133505 -0.46168277 0.999999940 0.999999940 0.999999940
v -0.69470191 -6.73639822 -0.43797317 0.999999940 0.999999940 0.999999940
v -0.68278927 -6.62126064 -0.38830608 0.999999940 0.999999940 0.999999940
v -0.67141074 -6.51154661 -0.3205522 0.999999940 0.999999940 0.999999940
v -0.66207594 -6.41208124 -0.23340975 0.999999940 0.999999940 0.999999940
v -0.66553581 -6.33288336 -0.12796269 0.999999940 0.999999940 0.999999940
v -0.62823731 -6.32027817 0.003861219 0.999999940 0.999999940 0.999999940
v -0.57015407 -6.36848736 0.075743079 0.999999940 0.999999940 0.999999940
v -0.68225789 -6.30557203 -0.04844226 0.999999940 0.999999940 0.999999940
v -0.53809136 -6.43743515 0.160907775 0.999999940 0.999999940 0.999999940
v -0.67798209 -6.36197853 0.121973253 0.999999940 0.999999940 0.999999940
v -0.661156 -6.42514467 0.201377645 0.999999940 0.999999940 0.999999940
v -0.7182256 -6.31869602 0.048547294 0.999999940 0.999999940 0.999999940
v -0.7620157 -6.30446625 -0.04087752 0.999999940 0.999999940 0.999999940
v -0.78491324 -6.33684254 -0.14191192 0.999999940 0.999999940 0.999999940
v -0.79577595 -6.41760588 -0.24462482 0.999999940 0.999999940 0.999999940
v -0.79707146 -6.51613808 -0.32722986 0.999999940 0.999999940 0.999999940
v -0.79228228 -6.62457657 -0.39347407 0.999999940 0.999999940 0.999999940
v -0.78502554 -6.73787069 -0.44255492 0.999999940 0.999999940 0.999999940
v -0.77921265 -6.85070896 -0.46508384 0.999999940 0.999999940 0.999999940
v -0.72834641 -6.93600225 -0.45724237 0.999999940 0.999999940 0.999999940
v -0.77696174 -6.93491983 -0.45907769 0.999999940 0.999999940 0.999999940
v -0.67129582 -6.95416307 -0.43615952 0.999999940 0.999999940 0.999999940
v -0.61936224 -6.97384548 -0.39228091 0.999999940 0.999999940 0.999999940
v -0.65258527 -7.03866863 -0.37609339 0.999999940 0.999999940 0.999999940
v -0.70732856 -7.08371019 -0.36372966 0.999999940 0.999999940 0.999999940
v -0.73842877 -7.03867722 -0.41617972 0.999999940 0.999999940 0.999999940
v -0.69855547 -7.00720167 -0.42502815 0.999999940 0.999999940 0.999999940
v -0.73539835 -6.97729015 -0.44658706 0.999999940 0.999999940 0.999999940
v -0.76969671 -6.98820925 -0.44410327 0.999999940 0.999999940 0.999999940
v -0.82721305 -6.94178581 -0.44888878 0.999999940 0.999999940 0.999999940
v -0.84037358 -6.8684926 -0.45223132 0.999999940 0.999999940 0.999999940
v -0.81492651 -6.99791431 -0.43389642 0.999999940 0.999999940 0.999999940
v -0.87329245 -6.76613617 -0.42309031 0.999999940 0.999999940 0.999999940
v -0.90261286 -6.66246128 -0.36727896 0.999999940 0.999999940 0.999999940
v -0.92629594 -6.56615925 -0.29652122 0.999999940 0.999999940 0.999999940
v -0.938398 -6.4762001 -0.21587223 0.999999940 0.999999940 0.999999940
v -0.92242181 -6.38515615 -0.11469965 0.999999940 0.999999940 0.999999940
v -0.88422757 -6.34195328 -0.01037989 0.999999940 0.999999940 0.999999940
v -0.81548113 -6.3460741 0.080826029 0.999999940 0.999999940 0.999999940
v -0.75576103 -6.36822176 0.132030934 0.999999940 0.999999940 0.999999940
v -0.89626032 -6.4042325 0.140751391 0.999999940 0.999999940 0.999999940
v -0.78354549 -6.41654396 0.193724319 0.999999940 0.999999940 0.999999940
v -0.98750192 -6.41035461 0.054201513 0.999999940 0.999999940 0.999999940
v -1.04507279 -6.46792555 -0.04229289 0.999999940 0.999999940 0.999999940
v -1.07931328 -6.60173512 -0.1348526 0.999999940 0.999999940 0.999999940
v -1.03365517 -6.66867304 -0.24436076 0.999999940 0.999999940 0.999999940
v -0.99025267 -6.74055529 -0.32436088 0.999999940 0.999999940 0.999999940
v -0.93719298 -6.82249975 -0.39277667 0.999999940 0.999999940 0.999999940
v -0.88662761 -6.88306999 -0.43084192 0.999999940 0.999999940 0.999999940
v -0.88665414 -6.93890333 -0.42328182 0.999999940 0.999999940 0.999999940
v -0.88270777 -7.00016499 -0.40250602 0.999999940 0.999999940 0.999999940
v -0.79551905 -7.04929733 -0.40774691 0.999999940 0.999999940 0.999999940
v -0.85838199 -7.05355883 -0.37969139 0.999999940 0.999999940 0.999999940
v -0.77842987 -7.0958581 -0.36166304 0.999999940 0.999999940 0.999999940
v -0.8334862 -7.09005308 -0.35213679 0.999999940 0.999999940 0.999999940
v -0.92425287 -7.06225586 -0.30420768 0.999999940 0.999999940 0.999999940
v -0.96365738 -6.98634529 -0.33070639 0.999999940 0.999999940 0.999999940
v -0.96795839 -6.8997221 -0.36188629 0.999999940 0.999999940 0.999999940
v -1.03208458 -6.8469677 -0.28252575 0.999999940 0.999999940 0.999999940
v -1.08102453 -6.802423 -0.19647077 0.999999940 0.999999940 0.999999940
v -1.12017989 -6.77746439 -0.10449323 0.999999940 0.999999940 0.999999940
v -1.15864444 -6.78338337 0.017056595 0.999999940 0.999999940 0.999999940
v -1.15255606 -6.64645195 0.023251067 0.999999940 0.999999940 0.999999940
v -1.12077045 -6.54183149 0.078554786 0.999999940 0.999999940 0.999999940
v -1.05728841 -6.48637295 0.148422271 0.999999940 0.999999940 0.999999940
v -0.94873279 -6.4689703 0.218847155 0.999999940 0.999999940 0.999999940
v -0.81375384 -6.47268248 0.267972976 0.999999940 0.999999940 0.999999940
v -1.19949591 -6.81527567 0.150591909 0.999999940 0.999999940 0.999999940
v -1.12514985 -6.93151474 0.044628400 0.999999940 0.999999940 0.999999940
v -1.155774 -6.9487133 0.158707425 0.999999940 0.999999940 0.999999940
v -1.09830606 -6.92853975 -0.05693098 0.999999940 0.999999940 0.999999940
v -1.06749701 -6.9412837 -0.15075798 0.999999940 0.999999940 0.999999940
v -1.0241468 -6.96383858 -0.24214931 0.999999940 0.999999940 0.999999940
v -0.97059947 -7.06310511 -0.20678739 0.999999940 0.999999940 0.999999940
v -1.00092983 -7.05726624 -0.10779284 0.999999940 0.999999940 0.999999940
v -1.02160347 -7.05157089 -0.01087288 0.999999940 0.999999940 0.999999940
v -1.04020667 -7.05149984 0.088643178 0.999999940 0.999999940 0.999999940
v -1.06130672 -7.05831242 0.194478333 0.999999940 0.999999940 0.999999940
v -0.66943288 -6.48597527 0.280042737 0.999999940 0.999999940 0.999999940
v -0.53508753 -6.5081358 0.254250526 0.999999940 0.999999940 0.999999940
v 0.819432139 -6.77734518 0.862251162 0.999999940 0.999999940 0.999999940
v 0.777538418 -6.73358011 0.796649098 0.999999940 0.999999940 0.999999940
v 0.690595746 -6.77493334 0.833820819 0.999999940 0.999999940 0.999999940
v 0.744323968 -6.8014555 0.881175816 0.999999940 0.999999940 0.999999940
v 0.742775261 -6.84703588 0.919694483 0.999999940 0.999999940 0.999999940
v 0.858721673 -6.8315897 0.913158118 0.999999940 0.999999940 0.999999940
v 0.639352917 -6.82752609 0.862782359 0.999999940 0.999999940 0.999999940
v 0.905691504 -6.74531507 0.809945642 0.999999940 0.999999940 0.999999940
v 0.846365690 -6.71665716 0.771012485 0.999999940 0.999999940 0.999999940
v 0.967730402 -6.7991848 0.853616237 0.999999940 0.999999940 0.999999940
v 0.857228398 -6.685184 0.709226787 0.999999940 0.999999940 0.999999940
v 0.746332764 -6.69474506 0.718381643 0.999999940 0.999999940 0.999999940
v 0.639752268 -6.73387003 0.746254086 0.999999940 0.999999940 0.999999940
v 0.567255199 -6.79017639 0.767178058 0.999999940 0.999999940 0.999999940
v 0.613890528 -6.88790894 0.880741357 0.999999940 0.999999940 0.999999940
v 0.528629481 -6.85327959 0.771672725 0.999999940 0.999999940 0.999999940
v 0.744356632 -6.90517521 0.947200179 0.999999940 0.999999940 0.999999940
v 0.884477615 -6.89444208 0.940505325 0.999999940 0.999999940 0.999999940
v 1.007669568 -6.86553383 0.874806284 0.999999940 0.999999940 0.999999940
v 0.967535376 -6.70745564 0.728325367 0.999999940 0.999999940 0.999999940
v 1.055562257 -6.75910521 0.757368147 0.999999940 0.999999940 0.999999940
v 1.108628392 -6.8271246 0.771070838 0.999999940 0.999999940 0.999999940
v 0.866565942 -6.64707756 0.621187388 0.999999940 0.999999940 0.999999940
v 0.729884684 -6.65840006 0.630108952 0.999999940 0.999999940 0.999999940
v 1.001200676 -6.66782236 0.62789464 0.999999940 0.999999940 0.999999940
v 0.605174839 -6.69701815 0.647355377 0.999999940 0.999999940 0.999999940
v 0.521475851 -6.75203323 0.655929803 0.999999940 0.999999940 0.999999940
v 0.477029085 -6.81626844 0.650646805 0.999999940 0.999999940 0.999999940
v 0.516064822 -6.92350101 0.760279059 0.999999940 0.999999940 0.999999940
v 0.463458895 -6.89023304 0.632953107 0.999999940 0.999999940 0.999999940
v 0.605486214 -6.95494699 0.880599796 0.999999940 0.999999940 0.999999940
v 0.749571442 -6.97083712 0.950472235 0.999999940 0.999999940 0.999999940
v 0.895884394 -6.96341467 0.940284371 0.999999940 0.999999940 0.999999940
v 1.023558735 -6.93888521 0.872562468 0.999999940 0.999999940 0.999999940
v 1.131207823 -6.90571451 0.765951037 0.999999940 0.999999940 0.999999940
v 1.206803321 -6.86476994 0.628264188 0.999999940 0.999999940 0.999999940
v 1.176676869 -6.78506231 0.640502274 0.999999940 0.999999940 0.999999940
v 1.110762238 -6.71796513 0.639918327 0.999999940 0.999999940 0.999999940
v 1.012772321 -6.62839031 0.522761344 0.999999940 0.999999940 0.999999940
v 0.866679608 -6.61077356 0.531465649 0.999999940 0.999999940 0.999999940
v 1.135056734 -6.67174101 0.513148427 0.999999940 0.999999940 0.999999940
v 0.718859374 -6.62421656 0.540679037 0.999999940 0.999999940 0.999999940
v 0.584436357 -6.66158867 0.547166824 0.999999940 0.999999940 0.999999940
v 0.492067873 -6.71623278 0.542934477 0.999999940 0.999999940 0.999999940
v 0.446012526 -6.78120136 0.527181148 0.999999940 0.999999940 0.999999940
v 0.434238225 -6.85654736 0.503038942 0.999999940 0.999999940 0.999999940
v 0.482016384 -6.96939898 0.606214582 0.999999940 0.999999940 0.999999940
v 0.457779228 -6.94166374 0.476315081 0.999999940 0.999999940 0.999999940
v 0.529660880 -6.99572945 0.736954152 0.999999940 0.999999940 0.999999940
v 0.617651283 -7.02053022 0.861603379 0.999999940 0.999999940 0.999999940
v 0.760778486 -7.03203917 0.927231788 0.999999940 0.999999940 0.999999940
v 0.894780933 -7.02726173 0.913367331 0.999999940 0.999999940 0.999999940
v 1.01590693 -7.00948286 0.849143564 0.999999940 0.999999940 0.999999940
v 1.122763752 -6.98421335 0.745048403 0.999999940 0.999999940 0.999999940
v 1.200008153 -6.95025015 0.607226073 0.999999940 0.999999940 0.999999940
v 1.243677377 -6.8161912 0.473680257 0.999999940 0.999999940 0.999999940
v 1.209503412 -6.73581982 0.496717304 0.999999940 0.999999940 0.999999940
v 1.237449169 -6.90857792 0.451202035 0.999999940 0.999999940 0.999999940
v 1.129254818 -6.61866188 0.387383401 0.999999940 0.999999940 0.999999940
v 1.005555748 -6.58421564 0.418245255 0.999999940 0.999999940 0.999999940
v 1.203515648 -6.67812014 0.352665215 0.999999940 0.999999940 0.999999940
v 0.856628775 -6.57049513 0.441017806 0.999999940 0.999999940 0.999999940
v 0.705178201 -6.58569765 0.451034367 0.999999940 0.999999940 0.999999940
v 0.566965997 -6.62078762 0.448395460 0.999999940 0.999999940 0.999999940
v 0.471820175 -6.67404842 0.430246681 0.999999940 0.999999940 0.999999940
v 0.427090585 -6.74003172 0.402070850 0.999999940 0.999999940 0.999999940
v 0.418945699 -6.81925392 0.371490389 0.999999940 0.999999940 0.999999940
v 0.447466105 -6.91416264 0.348222792 0.999999940 0.999999940 0.999999940
v 0.524536848 -7.02081633 0.340985596 0.999999940 0.999999940 0.999999940
v 0.526987195 -7.03318405 0.455988198 0.999999940 0.999999940 0.999999940
v 0.540070056 -7.04832792 0.577028751 0.999999940 0.999999940 0.999999940
v 0.575291693 -7.06359911 0.704955101 0.999999940 0.999999940 0.999999940
v 0.651041328 -7.07622242 0.825648546 0.999999940 0.999999940 0.999999940
v 0.775111854 -7.08251905 0.880769074 0.999999940 0.999999940 0.999999940
v 0.882555604 -7.08131695 0.863068401 0.999999940 0.999999940 0.999999940
v 0.983674109 -7.0710721 0.808448076 0.999999940 0.999999940 0.999999940
v 1.081676602 -7.05551386 0.711983084 0.999999940 0.999999940 0.999999940
v 1.153161406 -7.03446674 0.582715153 0.999999940 0.999999940 0.999999940
v 1.186973214 -7.00624609 0.436711251 0.999999940 0.999999940 0.999999940
v 1.234658002 -6.86160278 0.294106841 0.999999940 0.999999940 0.999999940
v 1.237317085 -6.75909805 0.318266928 0.999999940 0.999999940 0.999999940
v 1.184497833 -6.97581244 0.290903717 0.999999940 0.999999940 0.999999940
v 1.168997049 -6.61355734 0.21403341 0.999999940 0.999999940 0.999999940
v 1.100562810 -6.55771017 0.264296263 0.999999940 0.999999940 0.999999940
v 1.199747562 -6.69917488 0.171487912 0.999999940 0.999999940 0.999999940
v 0.982676446 -6.53107738 0.314444512 0.999999940 0.999999940 0.999999940
v 0.838239550 -6.52464533 0.351148128 0.999999940 0.999999940 0.999999940
v 0.687693953 -6.53968811 0.362882524 0.999999940 0.999999940 0.999999940
v 0.548837304 -6.57025194 0.350371092 0.999999940 0.999999940 0.999999940
v 0.455179482 -6.62089968 0.316539883 0.999999940 0.999999940 0.999999940
v 0.411910235 -6.69044971 0.272361129 0.999999940 0.999999940 0.999999940
v 0.407696783 -6.77805948 0.235044017 0.999999940 0.999999940 0.999999940
v 0.441826611 -6.8919673 0.218809157 0.999999940 0.999999940 0.999999940
v 0.522699177 -7.01325035 0.228863969 0.999999940 0.999999940 0.999999940
v 0.644548237 -7.10363483 0.348591953 0.999999940 0.999999940 0.999999940
v 0.644785821 -7.10893917 0.450249999 0.999999940 0.999999940 0.999999940
v 0.642412126 -7.10192299 0.246146380 0.999999940 0.999999940 0.999999940
v 0.646393179 -7.11389923 0.556385397 0.999999940 0.999999940 0.999999940
v 0.660623371 -7.11665297 0.671927630 0.999999940 0.999999940 0.999999940
v 0.693102061 -7.11331987 0.771939218 0.999999940 0.999999940 0.999999940
v 0.775505006 -7.12574005 0.781382441 0.999999940 0.999999940 0.999999940
v 0.867409467 -7.12493658 0.766828000 0.999999940 0.999999940 0.999999940
v 0.942067325 -7.11256981 0.750493228 0.999999940 0.999999940 0.999999940
v 0.994566381 -7.11334848 0.673537850 0.999999940 0.999999940 0.999999940
v 1.052294015 -7.10517693 0.559981226 0.999999940 0.999999940 0.999999940
v 1.080365181 -7.09007025 0.433435887 0.999999940 0.999999940 0.999999940
v 1.080014228 -7.07167625 0.308364689 0.999999940 0.999999940 0.999999940
v 1.155773997 -6.9487133 0.158707425 0.999999940 0.999999940 0.999999940
v 1.199495911 -6.81527567 0.150591909 0.999999940 0.999999940 0.999999940
v 1.061306715 -7.05831242 0.194478333 0.999999940 0.999999940 0.999999940
v 0.941408932 -7.1277895 0.337193310 0.999999940 0.999999940 0.999999940
v 0.93016994 -7.12268209 0.232196465 0.999999940 0.999999940 0.999999940
v 0.939623296 -7.13567162 0.443093359 0.999999940 0.999999940 0.999999940
v 0.919874608 -7.14073896 0.550045013 0.999999940 0.999999940 0.999999940
v 0.886170387 -7.13958025 0.656117022 0.999999940 0.999999940 0.999999940
v 0.773000419 -7.14149714 0.655898332 0.999999940 0.999999940 0.999999940
v 0.781133353 -7.14451361 0.549278557 0.999999940 0.999999940 0.999999940
v 0.789097070 -7.14330339 0.450356245 0.999999940 0.999999940 0.999999940
v 0.790270388 -7.14024687 0.352076351 0.999999940 0.999999940 0.999999940
v 0.784932911 -7.13926315 0.250433921 0.999999940 0.999999940 0.999999940
v 0.640389740 -7.10638428 0.143590226 0.999999940 0.999999940 0.999999940
v 0.778580367 -7.14266539 0.147356435 0.999999940 0.999999940 0.999999940
v 0.522614538 -7.01373672 0.121438235 0.999999940 0.999999940 0.999999940
v 0.442725569 -6.88111067 0.092601373 0.999999940 0.999999940 0.999999940
v 0.456617951 -6.88457298 -0.02894011 0.999999940 0.999999940 0.999999940
v 0.530716121 -7.02217722 0.017355866 0.999999940 0.999999940 0.999999940
v 0.643265783 -7.11438084 0.040975738 0.999999940 0.999999940 0.999999940
v 0.775200128 -7.14883614 0.044031459 0.999999940 0.999999940 0.999999940
v 0.906658411 -7.1269598 0.026364732 0.999999940 0.999999940 0.999999940
v 0.917287588 -7.12271023 0.128302544 0.999999940 0.999999940 0.999999940
v 1.040206670 -7.05149984 0.088643178 0.999999940 0.999999940 0.999999940
v 1.125149846 -6.93151474 0.044628400 0.999999940 0.999999940 0.999999940
v 1.158644437 -6.78338337 0.017056595 0.999999940 0.999999940 0.999999940
v 1.152556061 -6.64645195 0.023251067 0.999999940 0.999999940 0.999999940
v 1.120179891 -6.77746439 -0.10449323 0.999999940 0.999999940 0.999999940
v 1.079313278 -6.60173512 -0.1348526 0.999999940 0.999999940 0.999999940
v 1.098306059 -6.92853975 -0.05693098 0.999999940 0.999999940 0.999999940
v 1.021603465 -7.05157089 -0.01087288 0.999999940 0.999999940 0.999999940
v 0.896086573 -7.13115358 -0.07565107 0.999999940 0.999999940 0.999999940
v 1.000929832 -7.05726624 -0.10779284 0.999999940 0.999999940 0.999999940
v 0.774917721 -7.15386438 -0.06056707 0.999999940 0.999999940 0.999999940
v 0.653475344 -7.12395573 -0.06305161 0.999999940 0.999999940 0.999999940
v 0.548899054 -7.03863144 -0.08528255 0.999999940 0.999999940 0.999999940
v 0.484838753 -6.9160614 -0.1317009 0.999999940 0.999999940 0.999999940
v 0.473863154 -6.7899971 -0.20441583 0.999999940 0.999999940 0.999999940
v 0.431121915 -6.71242857 -0.08058906 0.999999940 0.999999940 0.999999940
v 0.406423449 -6.74134398 0.087709032 0.999999940 0.999999940 0.999999940
v 0.406081348 -6.63149691 0.136362448 0.999999940 0.999999940 0.999999940
v 0.423572540 -6.57195759 0.001367292 0.999999940 0.999999940 0.999999940
v 0.480691254 -6.60885477 -0.19935079 0.999999940 0.999999940 0.999999940
v 0.512041509 -6.70180798 -0.28362882 0.999999940 0.999999940 0.999999940
v 0.469818949 -6.50556993 -0.10850544 0.999999940 0.999999940 0.999999940
v 0.518522501 -6.85997105 -0.29150021 0.999999940 0.999999940 0.999999940
v 0.522491872 -6.95332336 -0.22915807 0.999999940 0.999999940 0.999999940
v 0.551983416 -6.79674673 -0.35408539 0.999999940 0.999999940 0.999999940
v 0.574423193 -7.05435467 -0.18749131 0.999999940 0.999999940 0.999999940
v 0.666771590 -7.1282506 -0.16892666 0.999999940 0.999999940 0.999999940
v 0.775765180 -7.15280247 -0.16706009 0.999999940 0.999999940 0.999999940
v 0.882786631 -7.12913847 -0.18030089 0.999999940 0.999999940 0.999999940
v 0.970599472 -7.06310511 -0.20678739 0.999999940 0.999999940 0.999999940
v 1.024146795 -6.96383858 -0.24214931 0.999999940 0.999999940 0.999999940
v 1.067497015 -6.9412837 -0.15075798 0.999999940 0.999999940 0.999999940
v 1.081024527 -6.802423 -0.19647077 0.999999940 0.999999940 0.999999940
v 1.032084584 -6.8469677 -0.28252575 0.999999940 0.999999940 0.999999940
v 0.963657379 -6.98634529 -0.33070639 0.999999940 0.999999940 0.999999940
v 0.924252867 -7.06225586 -0.30420768 0.999999940 0.999999940 0.999999940
v 0.967958390 -6.8997221 -0.36188629 0.999999940 0.999999940 0.999999940
v 0.859222769 -7.11450052 -0.28454116 0.999999940 0.999999940 0.999999940
v 0.774048686 -7.13642359 -0.27350208 0.999999940 0.999999940 0.999999940
v 0.682606339 -7.11734295 -0.27444133 0.999999940 0.999999940 0.999999940
v 0.608879566 -7.05781841 -0.29106846 0.999999940 0.999999940 0.999999940
v 0.571307122 -6.97939014 -0.32353646 0.999999940 0.999999940 0.999999940
v 0.559571743 -6.91260099 -0.34639493 0.999999940 0.999999940 0.999999940
v 0.592802882 -6.89228439 -0.39475021 0.999999940 0.999999940 0.999999940
v 0.613881409 -6.75591946 -0.4070147 0.999999940 0.999999940 0.999999940
v 0.643820941 -6.86699152 -0.43715063 0.999999940 0.999999940 0.999999940
v 0.586337924 -6.64637184 -0.35034525 0.999999940 0.999999940 0.999999940
v 0.563468277 -6.5427556 -0.27744931 0.999999940 0.999999940 0.999999940
v 0.551790773 -6.44358206 -0.18855639 0.999999940 0.999999940 0.999999940
v 0.495942235 -6.41422653 -0.01087341 0.999999940 0.999999940 0.999999940
v 0.570272862 -6.35861635 -0.08583976 0.999999940 0.999999940 0.999999940
v 0.457494288 -6.48112106 0.087484292 0.999999940 0.999999940 0.999999940
v 0.662075936 -6.41208124 -0.23340975 0.999999940 0.999999940 0.999999940
v 0.671410739 -6.51154661 -0.3205522 0.999999940 0.999999940 0.999999940
v 0.665535807 -6.33288336 -0.12796269 0.999999940 0.999999940 0.999999940
v 0.682789266 -6.62126064 -0.38830608 0.999999940 0.999999940 0.999999940
v 0.69470191 -6.73639822 -0.43797317 0.999999940 0.999999940 0.999999940
v 0.710006892 -6.85133505 -0.46168277 0.999999940 0.999999940 0.999999940
v 0.728346407 -6.93600225 -0.45724237 0.999999940 0.999999940 0.999999940
v 0.671295821 -6.95416307 -0.43615952 0.999999940 0.999999940 0.999999940
v 0.619362235 -6.97384548 -0.39228091 0.999999940 0.999999940 0.999999940
v 0.652585268 -7.03866863 -0.37609339 0.999999940 0.999999940 0.999999940
v 0.707328558 -7.08371019 -0.36372966 0.999999940 0.999999940 0.999999940
v 0.778429865 -7.0958581 -0.36166304 0.999999940 0.999999940 0.999999940
v 0.833486199 -7.09005308 -0.35213679 0.999999940 0.999999940 0.999999940
v 0.858381986 -7.05355883 -0.37969139 0.999999940 0.999999940 0.999999940
v 0.795519053 -7.04929733 -0.40774691 0.999999940 0.999999940 0.999999940
v 0.738428771 -7.03867722 -0.41617972 0.999999940 0.999999940 0.999999940
v 0.698555469 -7.00720167 -0.42502815 0.999999940 0.999999940 0.999999940
v 0.735398352 -6.97729015 -0.44658706 0.999999940 0.999999940 0.999999940
v 0.776961743 -6.93491983 -0.45907769 0.999999940 0.999999940 0.999999940
v 0.769696712 -6.98820925 -0.44410327 0.999999940 0.999999940 0.999999940
v 0.779212653 -6.85070896 -0.46508384 0.999999940 0.999999940 0.999999940
v 0.785025537 -6.73787069 -0.44255492 0.999999940 0.999999940 0.999999940
v 0.792282283 -6.62457657 -0.39347407 0.999999940 0.999999940 0.999999940
v 0.797071456 -6.51613808 -0.32722986 0.999999940 0.999999940 0.999999940
v 0.79577595 -6.41760588 -0.24462482 0.999999940 0.999999940 0.999999940
v 0.784913241 -6.33684254 -0.14191192 0.999999940 0.999999940 0.999999940
v 0.682257890 -6.30557203 -0.04844226 0.999999940 0.999999940 0.999999940
v 0.762015700 -6.30446625 -0.04087752 0.999999940 0.999999940 0.999999940
v 0.628237307 -6.32027817 0.003861219 0.999999940 0.999999940 0.999999940
v 0.922421813 -6.38515615 -0.11469965 0.999999940 0.999999940 0.999999940
v 0.884227573 -6.34195328 -0.01037989 0.999999940 0.999999940 0.999999940
v 0.938398003 -6.4762001 -0.21587223 0.999999940 0.999999940 0.999999940
v 0.926295936 -6.56615925 -0.29652122 0.999999940 0.999999940 0.999999940
v 0.902612865 -6.66246128 -0.36727896 0.999999940 0.999999940 0.999999940
v 0.873292446 -6.76613617 -0.42309031 0.999999940 0.999999940 0.999999940
v 0.840373575 -6.8684926 -0.45223132 0.999999940 0.999999940 0.999999940
v 0.827213048 -6.94178581 -0.44888878 0.999999940 0.999999940 0.999999940
v 0.814926505 -6.99791431 -0.43389642 0.999999940 0.999999940 0.999999940
v 0.882707774 -7.00016499 -0.40250602 0.999999940 0.999999940 0.999999940
v 0.886654138 -6.93890333 -0.42328182 0.999999940 0.999999940 0.999999940
v 0.886627614 -6.88306999 -0.43084192 0.999999940 0.999999940 0.999999940
v 0.937192976 -6.82249975 -0.39277667 0.999999940 0.999999940 0.999999940
v 0.990252673 -6.74055529 -0.32436088 0.999999940 0.999999940 0.999999940
v 1.033655166 -6.66867304 -0.24436076 0.999999940 0.999999940 0.999999940
v 1.045072794 -6.46792555 -0.04229289 0.999999940 0.999999940 0.999999940
v 0.987501919 -6.41035461 0.054201513 0.999999940 0.999999940 0.999999940
v 0.815481126 -6.3460741 0.080826029 0.999999940 0.999999940 0.999999940
v 0.896260321 -6.4042325 0.140751391 0.999999940 0.999999940 0.999999940
v 0.718225598 -6.31869602 0.048547294 0.999999940 0.999999940 0.999999940
v 0.570154070 -6.36848736 0.075743079 0.999999940 0.999999940 0.999999940
v 0.677982091 -6.36197853 0.121973253 0.999999940 0.999999940 0.999999940
v 0.755761027 -6.36822176 0.132030934 0.999999940 0.999999940 0.999999940
v 0.783545494 -6.41654396 0.193724319 0.999999940 0.999999940 0.999999940
v 0.948732793 -6.4689703 0.218847155 0.999999940 0.999999940 0.999999940
v 1.057288408 -6.48637295 0.148422271 0.999999940 0.999999940 0.999999940
v 0.813753843 -6.47268248 0.267972976 0.999999940 0.999999940 0.999999940
v 1.120770454 -6.54183149 0.078554786 0.999999940 0.999999940 0.999999940
v 0.661155998 -6.42514467 0.201377645 0.999999940 0.999999940 0.999999940
v 0.669432878 -6.48597527 0.280042737 0.999999940 0.999999940 0.999999940
v 0.538091361 -6.43743515 0.160907775 0.999999940 0.999999940 0.999999940
v 0.445662975 -6.55461025 0.20060426 0.999999940 0.999999940 0.999999940
v 0.535087525 -6.5081358 0.254250526 0.999999940 0.999999940 0.999999940
vt 0.750765383 0.948282480
vt 0.729257941 0.932076215
vt 0.756119847 0.916742801
vt 0.775229156 0.938003659
vt 0.795327901 0.957150518
vt 0.755949914 0.966280877
vt 0.712348282 0.948346197
vt 0.685489893 0.915214777
vt 0.712071418 0.901992201
vt 0.746604085 0.890039861
vt 0.779750645 0.905949890
vt 0.781925499 0.884924411
vt 0.802430391 0.918278634
vt 0.829845607 0.934345066
vt 0.855426669 0.945727765
vt 0.814579367 0.974905788
vt 0.760067522 0.985245883
vt 0.709763288 0.967688441
vt 0.773118615 0.142863452
vt 0.728227198 0.14296031
vt 0.727048754 0.119322538
vt 0.700722813 0.869401216
vt 0.739922523 0.861375808
vt 0.784319639 0.856131553
vt 0.820110082 0.890561997
vt 0.829289674 0.857536912
vt 0.854568123 0.901800513
vt 0.884464025 0.909834265
vt 0.881817996 0.956679642
vt 0.838317692 0.989969968
vt 0.913180053 0.917001187
vt 0.775969505 0.999752879
vt 0.819224298 0.177353501
vt 0.773274838 0.167172431
vt 0.730001747 0.166052699
vt 0.687411606 0.170978903
vt 0.686504781 0.146745801
vt 0.685583949 0.122021079
vt 0.693396568 0.836959481
vt 0.73627913 0.831451177
vt 0.782477021 0.826453387
vt 0.829917669 0.823372244
vt 0.872527957 0.822646975
vt 0.869162499 0.863124549
vt 0.900355160 0.868171632
vt 0.930081427 0.870192945
vt 0.941039919 0.924417436
vt 0.910037040 0.965493798
vt 0.959900915 0.874102234
vt 0.865906715 0.993694901
vt 0.857052862 0.239458262
vt 0.819840490 0.202988147
vt 0.773646533 0.192426085
vt 0.731812834 0.194870173
vt 0.690791785 0.199470400
vt 0.651502072 0.208320319
vt 0.645527184 0.178015053
vt 0.644238591 0.151493907
vt 0.645641207 0.126320838
vt 0.688045203 0.803309559
vt 0.730924367 0.801318049
vt 0.778654813 0.795622050
vt 0.826423943 0.788573682
vt 0.868751049 0.781158268
vt 0.904759109 0.821966111
vt 0.901324808 0.775679051
vt 0.933337509 0.820572972
vt 0.963542819 0.821397006
vt 0.839695274 0.387013137
vt 0.808466076 0.426133334
vt 0.998495340 0.822225332
vt 0.856640934 0.342476844
vt 0.857097268 0.302579879
vt 0.846664488 0.263906300
vt 0.814936041 0.232019901
vt 0.774973154 0.22253865
vt 0.736603498 0.229359567
vt 0.699702739 0.236374557
vt 0.666183710 0.247899353
vt 0.600285232 0.183462321
vt 0.612059712 0.218614459
vt 0.633416950 0.258906960
vt 0.599489152 0.155343771
vt 0.604002177 0.127987861
vt 0.682094872 0.767825245
vt 0.725213348 0.770173192
vt 0.771631240 0.764463186
vt 0.818723857 0.752861976
vt 0.858727514 0.739434123
vt 0.889501392 0.729240298
vt 0.920559644 0.721728324
vt 0.930161714 0.771221101
vt 0.962205767 0.769605636
vt 0.999076128 0.774744987
vt 0.790147543 0.393663168
vt 0.755558073 0.418018996
vt 0.718491137 0.430306196
vt 0.816071152 0.362648665
vt 0.833084702 0.338060498
vt 0.827786147 0.312001645
vt 0.820774138 0.281475901
vt 0.808889627 0.257004737
vt 0.778561651 0.259048938
vt 0.744947612 0.268997073
vt 0.714499831 0.279890835
vt 0.685239553 0.290861189
vt 0.655668973 0.301713526
vt 0.575167357 0.231171250
vt 0.602517306 0.270995616
vt 0.626068413 0.312563598
vt 0.552580416 0.193996071
vt 0.572831869 0.285928130
vt 0.539511978 0.248251676
vt 0.499446779 0.209967136
vt 0.597144901 0.326091349
vt 0.643106579 0.355344295
vt 0.613317966 0.366736650
vt 0.673760712 0.346205771
vt 0.703592896 0.335821688
vt 0.731595993 0.325526118
vt 0.758303284 0.311655223
vt 0.787496447 0.297250509
vt 0.800485730 0.331831932
vt 0.773798406 0.353626251
vt 0.745801866 0.372234523
vt 0.714416205 0.383402168
vt 0.682450830 0.392367124
vt 0.651227414 0.401001632
vt 0.620515167 0.408700227
vt 0.590371668 0.417491197
vt 0.582954227 0.379031539
vt 0.569074451 0.341803431
vt 0.546250701 0.305207550
vt 0.514832019 0.272077381
vt 0.475604325 0.251338899
vt 0.434458017 0.247380852
vt 0.446440815 0.212217271
vt 0.459473639 0.171600759
vt 0.503167927 0.164009392
vt 0.551229357 0.159061729
vt 0.560451746 0.127119541
vt 0.514906466 0.127012372
vt 0.473794549 0.129324376
vt 0.407735407 0.217378079
vt 0.415430694 0.175375282
vt 0.702325463 0.602925777
vt 0.399834960 0.256121099
vt 0.405633270 0.298115074
vt 0.431219965 0.286241412
vt 0.461257904 0.285776913
vt 0.493874907 0.298934876
vt 0.520596563 0.325417816
vt 0.540198981 0.357433617
vt 0.551642119 0.389909207
vt 0.557105839 0.423275828
vt 0.519866764 0.400319457
vt 0.523095905 0.425481557
vt 0.510915637 0.370467484
vt 0.492979586 0.344745457
vt 0.471517413 0.324898779
vt 0.454258710 0.310515582
vt 0.439145088 0.322827160
vt 0.420500814 0.333594560
vt 0.409136623 0.357179999
vt 0.388748109 0.328598260
vt 0.373205572 0.283347010
vt 0.770459115 0.515991091
vt 0.744799017 0.552744031
vt 0.731618523 0.591434061
vt 0.713996291 0.633080005
vt 0.696150124 0.658753752
vt 0.731177866 0.616609931
vt 0.680971264 0.694351136
vt 0.723056137 0.675015687
vt 0.716544210 0.707336068
vt 0.735949277 0.648687720
vt 0.753814637 0.620938420
vt 0.768813550 0.589063763
vt 0.793773651 0.556466460
vt 0.818644940 0.525519073
vt 0.845544159 0.500774860
vt 0.876204371 0.476606965
vt 0.410131543 0.393626749
vt 0.431260764 0.380693078
vt 0.433110952 0.402718305
vt 0.438142985 0.360670983
vt 0.452712684 0.343319296
vt 0.468489825 0.362738251
vt 0.482051819 0.383195757
vt 0.462953329 0.394197404
vt 0.453405916 0.377934515
vt 0.442809581 0.388673961
vt 0.448535919 0.401023566
vt 0.438928842 0.423351466
vt 0.419869184 0.422490179
vt 0.457079976 0.419460833
vt 0.398199021 0.432493031
vt 0.887262165 0.520758509
vt 0.863907218 0.548064947
vt 0.839850843 0.576617956
vt 0.812413334 0.607275128
vt 0.787288904 0.635703623
vt 0.763174176 0.663171529
vt 0.745324552 0.680169224
vt 0.787475585 0.688215136
vt 0.752834618 0.704930782
vt 0.818975806 0.663731694
vt 0.850687265 0.640390217
vt 0.895165979 0.614608645
vt 0.909860312 0.578328847
vt 0.923878073 0.548472285
vt 0.94316715 0.519884824
vt 0.433546930 0.441722214
vt 0.453946173 0.444697439
vt 0.473222166 0.443610847
vt 0.473545849 0.415312767
vt 0.489622414 0.432974457
vt 0.491448730 0.405528068
vt 0.498669058 0.422013759
vt 0.518869519 0.449389576
vt 0.504129529 0.467119336
vt 0.462332248 0.470615029
vt 0.961555004 0.569138884
vt 0.953584373 0.601985156
vt 0.950637996 0.633699059
vt 0.950184345 0.674119591
vt 0.908869981 0.671485543
vt 0.874416291 0.683165550
vt 0.842790782 0.698763072
vt 0.804991722 0.719281792
vt 0.762515544 0.733867406
vt 0.955302476 0.720114111
vt 0.993882179 0.686992287
vt 0.995980441 0.72729671
vt 0.994297325 0.651772916
vt 0.996491551 0.619973480
vt 0.998894274 0.586666584
vt 0.554237306 0.455624818
vt 0.587422370 0.453836977
vt 0.619491457 0.454105556
vt 0.650206804 0.447221934
vt 0.683434963 0.440900802
vt 0.717030406 0.739981293
vt 0.680402398 0.732352554
vt 0.388691663 0.517122626
vt 0.368694305 0.539302706
vt 0.345559269 0.519939184
vt 0.366824120 0.504339575
vt 0.375654220 0.486850023
vt 0.411031663 0.499331653
vt 0.046822100 0.557177782
vt 0.409711241 0.539899706
vt 0.388232052 0.551635146
vt 0.438791781 0.526186883
vt 0.387326180 0.573004126
vt 0.354902327 0.565479636
vt 0.327233910 0.549736321
vt 0.045505389 0.518424868
vt 0.069717854 0.564365863
vt 0.070550195 0.521302163
vt 0.075405046 0.608857750
vt 0.437868505 0.486097991
vt 0.469120711 0.516830086
vt 0.422679573 0.569949030
vt 0.456202358 0.559138953
vt 0.487949967 0.551281154
vt 0.385490000 0.603133678
vt 0.347643345 0.595433771
vt 0.427226692 0.603370428
vt 0.312751203 0.582779705
vt 0.046274907 0.479275703
vt 0.070793405 0.48070544
vt 0.094429500 0.524243772
vt 0.095942638 0.481596887
vt 0.098030746 0.568948209
vt 0.112869180 0.604353785
vt 0.149717792 0.631624817
vt 0.500214994 0.512436449
vt 0.518525362 0.547635793
vt 0.527747929 0.593114495
vt 0.498239547 0.595140636
vt 0.465552687 0.597851872
vt 0.427953243 0.637540340
vt 0.384091198 0.633025527
vt 0.469289302 0.639515638
vt 0.341576367 0.625404775
vt 0.304256349 0.616426110
vt 0.049366854 0.441368460
vt 0.074403926 0.439419686
vt 0.100128583 0.439899802
vt 0.123893804 0.482476234
vt 0.130473807 0.442416548
vt 0.122467115 0.524303793
vt 0.125408202 0.565920770
vt 0.145908936 0.604669034
vt 0.185332045 0.627449929
vt 0.534196436 0.507381022
vt 0.549705743 0.546284139
vt 0.558767259 0.592634320
vt 0.530387938 0.642202556
vt 0.501566052 0.640985369
vt 0.560440003 0.642217516
vt 0.462417691 0.68073982
vt 0.422644108 0.672739744
vt 0.494659155 0.687109351
vt 0.378047466 0.664117693
vt 0.336863607 0.657437443
vt 0.300058007 0.651276111
vt 0.050339736 0.403048932
vt 0.076992943 0.399350345
vt 0.103922396 0.398362159
vt 0.136650830 0.403219282
vt 0.177292272 0.416704475
vt 0.168101057 0.450344026
vt 0.157734468 0.486474990
vt 0.152598485 0.525929093
vt 0.154382929 0.567233443
vt 0.179813727 0.596404314
vt 0.208392188 0.613816559
vt 0.250900358 0.618917644
vt 0.582567930 0.548519551
vt 0.592224419 0.589712858
vt 0.595916986 0.638059854
vt 0.558595776 0.692428946
vt 0.524698674 0.691857159
vt 0.594854474 0.686791896
vt 0.481777995 0.732489645
vt 0.450638532 0.722132086
vt 0.513878047 0.739383101
vt 0.413157939 0.708784639
vt 0.371263414 0.696881055
vt 0.327772557 0.688951015
vt 0.289272666 0.687221109
vt 0.049919173 0.363731503
vt 0.07832589 0.356402993
vt 0.108532935 0.354656159
vt 0.145344585 0.364061057
vt 0.187785401 0.383920431
vt 0.220259189 0.435918271
vt 0.209493234 0.465414524
vt 0.230188608 0.406228601
vt 0.198272422 0.495926857
vt 0.187271624 0.529786348
vt 0.180067583 0.559834599
vt 0.203687787 0.574791550
vt 0.232460662 0.586028039
vt 0.258212536 0.594602108
vt 0.624221921 0.545568227
vt 0.631895244 0.586612522
vt 0.636987209 0.630144834
vt 0.638531923 0.673479676
vt 0.596623718 0.730835557
vt 0.552258074 0.740031778
vt 0.639312803 0.712112009
vt 0.309110790 0.472397327
vt 0.318028420 0.441404104
vt 0.295301020 0.502186119
vt 0.277810931 0.53083992
vt 0.255118578 0.556725263
vt 0.222703367 0.540750086
vt 0.239214569 0.512118697
vt 0.252094864 0.484598279
vt 0.263440489 0.456110835
vt 0.272894978 0.425758004
vt 0.243073537 0.377699136
vt 0.284628510 0.396817505
vt 0.200113430 0.353393316
vt 0.158261060 0.326853573
vt 0.175115689 0.292371928
vt 0.215074181 0.325240910
vt 0.256074279 0.348967909
vt 0.295363515 0.366825759
vt 0.335511952 0.378041446
vt 0.326245695 0.408118009
vt 0.367875754 0.410356044
vt 0.596971929 0.768493652
vt 0.551308035 0.783630549
vt 0.505477547 0.788275480
vt 0.552520275 0.823591828
vt 0.495860964 0.842950582
vt 0.600962519 0.801214218
vt 0.645415425 0.780027806
vt 0.340891748 0.344381153
vt 0.37765944 0.344855070
vt 0.306742250 0.336686551
vt 0.27016294 0.319751143
vt 0.232570946 0.298620462
vt 0.198006913 0.267693817
vt 0.171881228 0.229869902
vt 0.132206499 0.257425725
vt 0.117044054 0.308652520
vt 0.079565733 0.311122119
vt 0.081892713 0.265863120
vt 0.122180946 0.207974195
vt 0.160906478 0.193378031
vt 0.079236790 0.225177645
vt 0.205388277 0.213537633
vt 0.222478702 0.244560539
vt 0.199649050 0.184861421
vt 0.250099331 0.271482229
vt 0.283310413 0.29120785
vt 0.316373199 0.305673241
vt 0.345717430 0.310666799
vt 0.371625363 0.306308269
vt 0.613419711 0.86086905
vt 0.605520963 0.830907821
vt 0.562092661 0.852783918
vt 0.575041353 0.879679799
vt 0.621533274 0.891793251
vt 0.648066043 0.879659056
vt 0.590942323 0.906946182
vt 0.341879099 0.271821677
vt 0.318586230 0.269348919
vt 0.294402360 0.261482417
vt 0.266852825 0.244077086
vt 0.245897531 0.221740484
vt 0.230306178 0.205274105
vt 0.235392868 0.186087369
vt 0.204460889 0.157160699
vt 0.243313267 0.165597736
vt 0.161977052 0.158224105
vt 0.118148289 0.169779360
vt 0.073946319 0.185324788
vt 0.039986740 0.24329561
vt 0.032002575 0.209748983
vt 0.042585205 0.279413044
vt 0.071033388 0.148857116
vt 0.121948041 0.133924782
vt 0.031989578 0.177038192
vt 0.167751342 0.125405192
vt 0.213550776 0.129967808
vt 0.257691711 0.149837434
vt 0.285296678 0.171986103
vt 0.271334141 0.184813261
vt 0.260745376 0.201940655
vt 0.280322790 0.219825625
vt 0.300410509 0.230532288
vt 0.321690201 0.238418281
vt 0.335698962 0.245539307
vt 0.341762900 0.231584370
vt 0.322080195 0.217158854
vt 0.304013371 0.208115518
vt 0.289382994 0.198072493
vt 0.295145362 0.185680091
vt 0.300647646 0.169575512
vt 0.307834178 0.188628673
vt 0.284585595 0.146967470
vt 0.512013733 0.973393261
vt 0.474583119 0.961709439
vt 0.434413164 0.936672091
vt 0.398538112 0.909168243
vt 0.372575551 0.871847808
vt 0.329764276 0.846845269
vt 0.351596146 0.843001008
vt 0.307673722 0.830787777
vt 0.410198360 0.856215119
vt 0.385131031 0.825348913
vt 0.444777309 0.885611772
vt 0.475115329 0.909179091
vt 0.504864156 0.931071937
vt 0.539149642 0.949564695
vt 0.574161350 0.960624158
vt 0.317965060 0.179065406
vt 0.324614346 0.200649678
vt 0.342276841 0.210194826
vt 0.601227343 0.932976067
vt 0.330222010 0.164885044
vt 0.564531981 0.927327573
vt 0.539911985 0.904356062
vt 0.518725276 0.878069579
vt 0.446999192 0.822108984
vt 0.414559692 0.798698902
vt 0.359746307 0.800049364
vt 0.383652836 0.774459779
vt 0.333883851 0.816359460
vt 0.004040760 0.264500379
vt 0.323681592 0.787839055
vt 0.343821644 0.781627953
vt 0.349849730 0.756695747
vt 0.400154173 0.743780612
vt 0.436108201 0.762800633
vt 0.360973328 0.727326691
vt 0.465955644 0.777108609
vt 0.316780209 0.753073751
vt 0.321412026 0.721149027
vt 0.286362230 0.765781045
vt 0.047276958 0.321784675
vt 0.013859910 0.336800456
vt 0.814821839 0.128181457
vt 0.769715666 0.120625555
vt 0.867808759 0.183280944
vt 0.820696175 0.154190063
vt 0.671915650 0.877704799
vt 0.89412117 0.269673764
vt 0.867245912 0.214530408
vt 0.661616921 0.841512560
vt 0.862642884 0.400847256
vt 0.878547310 0.349721312
vt 0.835313201 0.437857806
vt 0.879123449 0.293734014
vt 0.655533671 0.803341746
vt 0.993992507 0.870327174
vt 0.768708467 0.457243084
vt 0.650428772 0.762749493
vt 0.722191274 0.471957981
vt 0.666491627 0.588997304
vt 0.652349591 0.715580940
vt 0.659238159 0.670656085
vt 0.673992633 0.631552934
vt 0.717641770 0.521897912
vt 0.693817496 0.562334060
vt 0.751386642 0.484722435
vt 0.841945767 0.461633384
vt 0.800822317 0.483792305
vt 0.383399516 0.377136647
vt 0.911768615 0.499127566
vt 0.426828593 0.458970308
vt 0.996442437 0.552516877
vt 0.968497574 0.537743568
vt 0.642000675 0.494532883
vt 0.679715812 0.487107455
vt 0.606717765 0.496519267
vt 0.574924290 0.490654647
vt 0.539958059 0.485044360
vt 0.019697135 0.554432034
vt 0.026731591 0.580527186
vt 0.047358866 0.591812729
vt 0.016847757 0.515339255
vt 0.389459520 0.470070302
vt 0.116946481 0.636164009
vt 0.015100259 0.480531394
vt 0.470756173 0.480185329
vt 0.015911791 0.445250332
vt 0.499834984 0.474056303
vt 0.235160693 0.638951242
vt 0.016892220 0.410725772
vt 0.573332846 0.510952532
vt 0.016119157 0.374599933
vt 0.607301592 0.517086148
vt 0.283542662 0.576617360
vt 0.314846158 0.551778674
vt 0.336950004 0.517315566
vt 0.354910701 0.481578350
vt 0.364148169 0.445772469
vt 0.642049133 0.747689724
vt 0.376043647 0.378278672
vt 0.647955656 0.811621844
vt 0.648833751 0.842003822
vt 0.360384404 0.266719937
vt 0.308747470 0.865414440
vt 0.357620358 0.920702755
vt 0.396545589 0.954453051
vt 0.337447136 0.876999855
vt 0.440640389 0.979797601
vt 0.491276502 0.997840166
vt 0.541550099 0.999236702
vt 0.643968939 0.914018034
vt 0.554575026 0.979499101
vt 0.000558390 0.231871962
vt 0.312773346 0.153731286
vt 0.624643802 0.924103617
vt 0.336464643 0.185294330
vt 0.584753632 0.944683611
vt 0.298875331 0.802551031
vt 0.009339783 0.298895895
vt 0.283839613 0.725251197
s 1
f 1/1 2/2 3/3 4/4
f 1/1 4/4 5/5 6/6
f 1/1 6/6 7/7 2/2
f 8/8 9/9 2/2 7/7
f 9/9 10/10 3/3 2/2
f 11/11 3/3 10/10 12/12
f 11/11 13/13 4/4 3/3
f 14/14 5/5 4/4 13/13
f 14/14 15/15 16/16 5/5
f 16/16 17/17 6/6 5/5
f 17/17 18/18 7/7 6/6
f 19/19 8/490 7/489 18/492
f 19/19 20/20 21/21 8/490
f 8/8 21/493 22/22 9/9
f 9/9 22/22 23/23 10/10
f 23/23 24/24 12/12 10/10
f 11/11 12/12 25/25 13/13
f 24/24 26/26 25/25 12/12
f 27/27 14/14 13/13 25/25
f 27/27 28/28 15/15 14/14
f 29/29 30/30 16/16 15/15
f 29/29 15/15 28/28 31/31
f 32/32 17/17 16/16 30/30
f 32/495 33/33 18/492 17/491
f 19/19 18/492 33/33 34/34
f 35/35 20/20 19/19 34/34
f 35/35 36/36 37/37 20/20
f 38/38 21/21 20/20 37/37
f 38/496 39/39 22/22 21/493
f 23/23 22/22 39/39 40/40
f 23/23 40/40 41/41 24/24
f 24/24 41/41 42/42 26/26
f 26/26 42/42 43/43 44/44
f 26/26 44/44 27/27 25/25
f 27/27 44/44 45/45 28/28
f 31/31 28/28 45/45 46/46
f 29/29 31/31 47/47 48/48
f 31/31 46/46 49/49 47/47
f 50/50 30/30 29/29 48/48
f 32/495 30/494 50/500 51/51
f 52/52 33/33 32/495 51/51
f 52/52 53/53 34/34 33/33
f 35/35 34/34 53/53 54/54
f 55/55 36/36 35/35 54/54
f 55/55 56/56 57/57 36/36
f 58/58 37/37 36/36 57/57
f 58/58 59/59 38/38 37/37
f 60/60 39/39 38/496 59/501
f 61/61 40/40 39/39 60/60
f 61/61 62/62 41/41 40/40
f 62/62 63/63 42/42 41/41
f 43/43 42/42 63/63 64/64
f 44/44 43/43 65/65 45/45
f 43/43 64/64 66/66 65/65
f 46/46 45/45 65/65 67/67
f 46/46 67/67 68/68 49/49
f 69/69 47/497 49/499 70/70
f 68/68 71/71 70/502 49/49
f 69/69 72/72 48/498 47/497
f 50/500 48/498 72/72 73/73
f 50/500 73/73 74/74 51/51
f 52/52 51/51 74/74 75/75
f 76/76 53/53 52/52 75/75
f 76/76 77/77 54/54 53/53
f 78/78 55/55 54/54 77/77
f 78/78 79/79 56/56 55/55
f 80/80 57/57 56/56 81/81
f 82/82 81/81 56/56 79/79
f 83/83 58/58 57/57 80/80
f 84/84 59/59 58/58 83/83
f 60/60 59/501 84/504 85/85
f 61/61 60/60 85/85 86/86
f 87/87 62/62 61/61 86/86
f 87/87 88/88 63/63 62/62
f 88/88 89/89 64/64 63/63
f 66/66 64/64 89/89 90/90
f 66/66 90/90 91/91 92/92
f 66/66 92/92 67/67 65/65
f 68/68 67/67 92/92 93/93
f 68/68 93/93 94/94 71/71
f 95/95 70/70 71/503 96/96
f 94/505 97/97 96/96 71/503
f 69/69 70/70 95/95 98/98
f 99/99 72/72 69/69 98/98
f 99/99 100/100 73/73 72/72
f 73/73 100/100 101/101 74/74
f 102/102 75/75 74/74 101/101
f 103/103 76/76 75/75 102/102
f 103/103 104/104 77/77 76/76
f 105/105 78/78 77/77 104/104
f 105/105 106/106 79/79 78/78
f 82/82 79/79 106/106 107/107
f 108/108 81/81 82/82 109/109
f 110/110 109/109 82/82 107/107
f 80/80 81/81 108/108 111/111
f 108/108 109/109 112/112 113/113
f 108/108 113/113 114/114 111/111
f 112/112 109/109 110/110 115/115
f 116/116 117/117 115/115 110/110
f 116/116 110/110 107/107 118/118
f 119/119 118/118 107/107 106/106
f 119/119 106/106 105/105 120/120
f 105/105 104/104 121/121 120/120
f 122/122 121/121 104/104 103/103
f 122/122 103/103 102/102 101/101
f 122/122 101/101 100/100 123/123
f 99/99 98/98 123/123 100/100
f 95/95 124/124 123/123 98/98
f 95/95 96/96 125/125 124/124
f 97/97 126/126 125/125 96/96
f 124/124 125/125 120/120 121/121
f 126/126 119/119 120/120 125/125
f 126/126 127/127 118/118 119/119
f 128/128 116/116 118/118 127/127
f 128/128 129/129 117/117 116/116
f 117/117 129/129 130/130 131/131
f 117/117 131/131 132/132 115/115
f 112/112 115/115 132/132 133/133
f 112/112 133/133 134/134 113/113
f 114/114 113/113 134/134 135/135
f 114/114 135/135 136/136 137/137
f 114/114 137/137 138/138 139/139
f 114/114 139/139 140/140 111/111
f 83/83 80/80 111/111 140/140
f 84/84 83/83 140/140 141/141
f 141/141 140/140 139/139 142/142
f 143/143 142/142 139/139 138/138
f 144/144 145/145 138/138 137/137
f 145/511 146/146 143/509 138/506
f 147/147 144/144 137/137 136/136
f 148/148 147/147 136/136 149/149
f 136/136 135/135 150/150 149/149
f 134/134 151/151 150/150 135/135
f 133/133 152/152 151/151 134/134
f 133/133 132/132 153/153 152/152
f 131/131 154/154 153/153 132/132
f 131/131 130/130 155/155 154/154
f 156/156 154/154 155/155 157/157
f 156/156 158/158 153/153 154/154
f 152/152 153/153 158/158 159/159
f 152/152 159/159 160/160 151/151
f 161/161 150/150 151/151 160/160
f 161/161 162/162 149/149 150/150
f 163/163 148/148 149/149 162/162
f 164/164 165/165 148/148 163/163
f 148/148 165/165 166/166 147/147
f 147/512 166/514 167/167 144/510
f 144/510 167/167 168/168 145/511
f 145/511 168/168 169/169 146/146
f 143/509 146/146 170/170 171/171
f 146/146 169/169 172/172 170/170
f 143/509 171/171 173/173 142/508
f 173/173 171/171 174/174 175/175
f 171/171 170/170 176/176 174/174
f 172/172 177/177 176/176 170/170
f 178/178 177/177 172/172 169/169
f 178/178 169/169 168/168 179/179
f 179/179 168/168 167/167 180/180
f 180/180 167/167 166/514 181/181
f 182/182 181/181 166/514 165/513
f 182/515 165/165 164/164 183/183
f 183/183 164/164 184/184 185/185
f 164/164 163/163 186/186 184/184
f 163/163 162/162 187/187 186/186
f 161/161 160/160 187/187 162/162
f 159/159 188/188 187/187 160/160
f 159/159 158/158 189/189 188/188
f 188/188 189/189 190/190 191/191
f 188/188 191/191 186/186 187/187
f 192/192 184/184 186/186 191/191
f 192/192 193/193 185/185 184/184
f 183/183 185/185 194/194 195/195
f 196/196 194/194 185/185 193/193
f 182/515 183/183 195/195 197/197
f 198/198 181/181 182/182 197/516
f 180/180 181/181 198/198 199/199
f 179/179 180/180 199/199 200/200
f 178/178 179/179 200/200 201/201
f 202/202 177/177 178/178 201/201
f 202/202 203/203 176/176 177/177
f 204/204 174/174 176/176 203/203
f 204/204 203/203 205/205 206/206
f 207/207 205/205 203/203 202/202
f 207/207 202/202 201/201 208/208
f 209/209 208/208 201/201 200/200
f 209/209 200/200 199/199 210/210
f 198/198 211/211 210/210 199/199
f 198/198 197/516 212/212 211/211
f 213/213 212/517 197/197 195/195
f 213/213 195/195 194/194 214/214
f 215/215 214/214 194/194 196/196
f 215/215 196/196 216/216 217/217
f 196/196 193/193 190/190 216/216
f 192/192 191/191 190/190 193/193
f 189/189 218/218 216/216 190/190
f 189/189 158/158 156/156 218/218
f 219/219 217/217 216/216 218/218
f 156/156 157/157 219/219 218/218
f 157/157 220/220 217/217 219/219
f 220/220 221/221 215/215 217/217
f 215/215 221/221 222/222 214/214
f 213/213 214/214 222/222 212/517
f 223/223 211/211 212/212 222/519
f 223/223 224/224 210/210 211/211
f 209/209 210/210 224/224 225/225
f 209/209 225/225 226/226 227/227
f 209/209 227/227 228/228 208/208
f 229/229 207/207 208/208 228/228
f 229/229 230/230 205/205 207/207
f 231/231 206/206 205/205 230/230
f 229/229 89/89 88/88 230/230
f 87/87 231/231 230/230 88/88
f 90/90 89/89 229/229 228/228
f 91/91 90/90 228/228 227/227
f 91/91 227/227 226/226 232/232
f 233/233 234/234 232/232 226/226
f 233/233 226/226 225/225 235/235
f 236/236 235/235 225/225 224/224
f 223/223 237/237 236/236 224/224
f 221/518 237/237 223/223 222/519
f 220/220 238/238 237/524 221/221
f 157/157 155/155 238/238 220/220
f 236/523 237/524 238/238 239/239
f 130/130 239/239 238/238 155/155
f 236/523 239/239 240/240 235/522
f 240/240 241/241 233/520 235/522
f 233/520 241/241 242/242 234/521
f 94/94 93/93 232/232 234/234
f 94/505 234/521 242/242 97/97
f 91/91 232/232 93/93 92/92
f 97/97 242/242 127/127 126/126
f 128/128 127/127 242/242 241/241
f 240/240 129/129 128/128 241/241
f 240/240 239/239 130/130 129/129
f 243/243 175/175 206/206 231/231
f 243/243 231/231 87/87 86/86
f 173/173 175/175 243/243 244/244
f 243/243 86/86 85/85 244/244
f 204/204 206/206 175/175 174/174
f 173/173 244/244 141/507 142/508
f 84/504 141/507 244/244 85/85
f 124/124 121/121 122/122 123/123
f 245/245 246/246 247/247 248/248
f 249/249 250/250 245/245 248/248
f 247/525 251/251 249/527 248/526
f 246/246 245/245 252/252 253/253
f 252/252 245/245 250/250 254/254
f 255/255 256/256 246/246 253/253
f 247/247 246/246 256/256 257/257
f 251/251 247/525 257/528 258/258
f 259/259 251/251 258/258 260/260
f 249/527 251/251 259/259 261/261
f 250/250 249/249 261/529 262/262
f 250/250 262/262 263/263 254/254
f 264/264 252/252 254/254 265/265
f 254/254 263/263 266/266 265/265
f 252/252 264/264 255/255 253/253
f 256/256 255/255 267/267 268/268
f 255/255 264/264 269/269 267/267
f 256/256 268/268 270/270 257/257
f 257/528 270/531 271/271 258/258
f 258/258 271/271 272/272 260/260
f 273/273 260/260 272/272 274/274
f 273/273 275/275 259/259 260/260
f 261/261 259/259 275/275 276/276
f 277/277 262/530 261/261 276/276
f 263/263 262/262 277/532 278/278
f 279/279 266/266 263/263 278/278
f 280/280 281/281 266/266 279/279
f 266/266 281/281 282/282 265/265
f 264/264 265/265 282/282 269/269
f 269/269 283/283 284/284 267/267
f 282/282 285/285 283/283 269/269
f 267/267 284/284 286/286 268/268
f 286/286 287/287 270/270 268/268
f 271/271 270/531 287/533 288/288
f 289/289 272/272 271/271 288/288
f 272/272 289/289 290/290 274/274
f 291/291 274/274 290/290 292/292
f 291/291 293/293 273/273 274/274
f 275/275 273/273 293/293 294/294
f 295/295 276/276 275/275 294/294
f 295/295 296/296 277/277 276/276
f 297/297 278/278 277/532 296/534
f 297/297 298/298 279/279 278/278
f 298/298 299/299 280/280 279/279
f 300/300 301/301 281/281 280/280
f 299/299 302/302 300/300 280/280
f 281/281 301/301 285/285 282/282
f 303/303 304/304 283/283 285/285
f 301/301 305/305 303/303 285/285
f 284/284 283/283 304/304 306/306
f 286/286 284/284 306/306 307/307
f 308/308 287/287 286/286 307/307
f 309/309 288/288 287/533 308/536
f 289/289 288/288 309/309 310/310
f 311/311 290/290 289/289 310/310
f 290/290 311/311 312/312 292/292
f 292/292 312/312 313/313 314/314
f 315/315 291/291 292/292 314/314
f 293/293 291/291 315/315 316/316
f 317/317 294/294 293/293 316/316
f 317/317 318/318 295/295 294/294
f 295/295 318/318 319/319 296/296
f 319/319 320/320 297/535 296/296
f 298/298 297/297 320/537 321/321
f 322/322 299/299 298/298 321/321
f 299/299 322/322 323/323 302/302
f 324/324 325/325 300/300 302/302
f 323/323 326/326 324/324 302/302
f 301/301 300/300 325/325 305/305
f 327/327 328/328 303/303 305/305
f 325/325 329/329 327/327 305/305
f 304/304 303/303 328/328 330/330
f 306/306 304/304 330/330 331/331
f 332/332 307/307 306/306 331/331
f 332/332 333/333 308/308 307/307
f 333/538 334/334 309/309 308/536
f 335/335 310/310 309/309 334/334
f 336/336 311/311 310/310 335/335
f 337/337 312/312 311/311 336/336
f 313/313 312/312 337/337 338/338
f 314/314 313/313 339/339 340/340
f 341/341 339/339 313/313 338/338
f 342/342 315/315 314/314 340/340
f 316/316 315/315 342/342 343/343
f 344/344 317/317 316/316 343/343
f 345/345 318/318 317/317 344/344
f 318/318 345/345 346/346 319/319
f 320/320 319/319 346/346 347/347
f 348/348 321/321 320/537 347/539
f 348/348 349/349 322/322 321/321
f 350/350 323/323 322/322 349/349
f 323/323 350/350 351/351 326/326
f 352/352 353/353 324/324 326/326
f 351/351 354/354 352/352 326/326
f 355/355 356/356 354/544 351/543
f 350/542 357/357 355/355 351/543
f 358/358 357/357 350/542 349/541
f 348/540 359/359 358/358 349/541
f 346/346 359/359 348/540 347/347
f 359/359 346/346 345/345 360/360
f 345/345 344/344 343/343 360/360
f 343/343 342/342 361/361 360/360
f 362/362 361/361 342/342 340/340
f 362/362 340/340 339/339 363/363
f 339/339 341/341 364/364 363/363
f 364/364 341/341 365/365 366/366
f 341/341 338/338 367/367 365/365
f 367/367 338/338 337/337 368/368
f 369/369 370/370 367/367 368/368
f 371/371 365/365 367/367 370/370
f 365/365 371/371 372/372 366/366
f 366/366 372/372 373/373 374/374
f 356/356 364/364 366/366 374/374
f 363/363 364/364 356/356 355/355
f 375/375 354/544 356/356 374/374
f 352/352 354/354 375/545 376/376
f 377/377 353/353 352/352 376/376
f 353/353 377/377 378/378 329/329
f 325/325 324/324 353/353 329/329
f 378/378 377/377 379/379 380/380
f 381/381 379/379 377/377 376/376
f 381/381 376/376 375/545 382/382
f 375/375 374/374 373/373 382/546
f 373/373 383/383 384/384 382/546
f 385/385 383/383 373/373 372/372
f 371/371 386/386 385/385 372/372
f 387/387 386/386 371/371 370/370
f 369/369 388/388 387/387 370/370
f 389/389 388/388 369/369 390/390
f 391/391 390/390 369/369 368/368
f 391/391 368/368 337/337 336/336
f 391/391 392/392 393/393 390/390
f 392/392 391/391 336/336 335/335
f 394/394 395/395 389/389 390/390
f 393/393 396/396 394/394 390/390
f 389/389 397/397 398/398 388/388
f 399/399 397/397 389/389 395/395
f 388/388 398/398 400/400 387/387
f 400/400 401/401 386/386 387/387
f 386/386 401/401 402/402 385/385
f 402/402 403/403 383/383 385/385
f 403/403 404/404 384/384 383/383
f 384/547 404/548 405/405 406/406
f 381/381 382/382 384/547 406/406
f 407/407 379/379 381/381 406/406
f 407/407 406/406 405/405 408/408
f 409/409 405/405 404/548 410/410
f 411/411 408/408 405/405 409/409
f 410/549 404/404 403/403 412/412
f 412/412 403/403 402/402 413/413
f 402/402 401/401 414/414 413/413
f 415/415 414/414 401/401 400/400
f 398/398 416/416 415/415 400/400
f 416/416 398/398 397/397 417/417
f 397/397 399/399 418/418 417/417
f 418/418 399/399 419/419 420/420
f 399/399 395/395 421/421 419/419
f 395/395 394/394 422/422 421/421
f 394/394 396/396 423/423 422/422
f 396/396 424/424 425/425 423/423
f 396/396 393/393 426/426 424/424
f 423/423 427/427 428/428 422/422
f 425/425 429/429 427/427 423/423
f 422/422 428/428 430/430 421/421
f 421/421 430/430 431/431 419/419
f 420/420 419/419 431/431 432/432
f 433/433 434/434 420/420 432/432
f 434/434 435/435 418/418 420/420
f 418/418 435/435 416/416 417/417
f 416/416 435/435 436/436 415/415
f 436/436 437/437 414/414 415/415
f 438/438 413/413 414/414 437/437
f 438/438 439/439 412/412 413/413
f 439/439 440/440 410/549 412/412
f 438/438 441/441 440/440 439/439
f 442/442 441/441 438/438 437/437
f 443/443 442/442 437/437 436/436
f 435/435 434/434 443/443 436/436
f 443/443 434/434 433/433 444/444
f 433/433 445/445 446/446 444/444
f 445/445 433/433 432/432 447/447
f 447/558 432/556 431/555 448/448
f 431/555 430/554 449/449 448/448
f 449/449 430/554 428/552 450/450
f 450/450 428/552 427/551 451/451
f 451/451 427/551 429/553 452/452
f 429/553 453/453 454/454 452/452
f 455/455 453/453 429/553 425/550
f 456/456 452/452 454/454 457/457
f 456/456 458/458 451/451 452/452
f 458/458 459/459 450/450 451/451
f 459/459 460/460 449/449 450/450
f 461/461 448/448 449/449 460/460
f 461/461 462/462 447/558 448/448
f 462/560 463/463 445/445 447/447
f 446/446 445/445 463/463 464/464
f 446/446 442/442 443/443 444/444
f 441/441 442/442 446/446 464/464
f 440/440 441/441 464/464 465/465
f 440/557 465/561 409/409 410/410
f 466/466 411/411 409/409 465/561
f 464/464 463/463 466/562 465/465
f 466/562 463/463 462/560 467/467
f 462/462 461/461 468/468 467/563
f 469/469 468/468 461/461 460/460
f 459/459 470/470 469/469 460/460
f 470/470 459/459 458/458 380/380
f 458/458 456/456 471/471 380/380
f 471/471 456/456 457/457 472/472
f 457/457 473/473 474/474 472/472
f 454/454 475/475 473/473 457/457
f 455/455 475/475 454/454 453/453
f 476/476 455/559 425/425 424/424
f 477/477 475/475 455/455 476/564
f 473/473 475/475 477/477 478/478
f 479/479 474/474 473/473 478/478
f 472/472 474/474 480/480 481/481
f 480/480 474/474 479/479 482/482
f 483/483 471/471 472/472 481/481
f 471/471 483/483 378/378 380/380
f 379/379 407/407 470/470 380/380
f 469/469 470/470 407/407 408/408
f 411/411 468/468 469/469 408/408
f 468/468 411/411 466/466 467/563
f 378/378 483/483 327/327 329/329
f 483/483 481/481 328/328 327/327
f 480/480 330/330 328/328 481/481
f 330/330 480/480 482/482 331/331
f 482/482 479/479 484/484 485/485
f 332/332 331/331 482/482 485/485
f 477/477 484/484 479/479 478/478
f 484/484 477/477 476/564 486/486
f 426/426 486/565 476/476 424/424
f 426/426 487/487 488/488 486/565
f 488/566 485/485 484/484 486/486
f 488/566 333/333 332/332 485/485
f 333/538 488/488 487/487 334/334
f 487/487 392/392 335/335 334/334
f 426/426 393/393 392/392 487/487
f 357/357 362/362 363/363 355/355
f 361/361 362/362 357/357 358/358
f 359/359 360/360 361/361 358/358
o Bod_1
usemtl Bod_1
v -0.15728867 -0.58764815 0.174498468 0.999999940 0.999999940 0.999999940
v -0.19845967 -0.58394188 0.095578387 0.999999940 0.999999940 0.999999940
v -0.37571782 -0.59934998 0.122617662 0.999999940 0.999999940 0.999999940
v -0.36082402 -0.6282351 0.219689816 0.999999940 0.999999940 0.999999940
v 0 -0.58989674 0.24278 0.999999940 0.999999940 0.999999940
v 0 -0.51788527 0.224253431 0.999999940 0.999999940 0.999999940
v -0.1282053 -0.51023763 0.180115774 0.999999940 0.999999940 0.999999940
v -0.17759213 -0.50306028 0.097587019 0.999999940 0.999999940 0.999999940
v -0.35994837 -0.721762 0.349950879 0.999999940 0.999999940 0.999999940
v -0.17503351 -0.71496594 0.351069808 0.999999940 0.999999940 0.999999940
v 0 -0.71504813 0.357701301 0.999999940 0.999999940 0.999999940
v -0.38202325 -0.60257167 0.013581272 0.999999940 0.999999940 0.999999940
v -0.20029591 -0.59639633 0.018287615 0.999999940 0.999999940 0.999999940
v -0.16447701 -0.50107682 0.012309067 0.999999940 0.999999940 0.999999940
v -0.59351987 -0.59983987 0.023107485 0.999999940 0.999999940 0.999999940
v -0.56759208 -0.60141599 0.134570702 0.999999940 0.999999940 0.999999940
v -0.55040669 -0.63848799 0.234584391 0.999999940 0.999999940 0.999999940
v -0.54890484 -0.71799749 0.332426488 0.999999940 0.999999940 0.999999940
v -0.19426815 -0.87276512 0.471295833 0.999999940 0.999999940 0.999999940
v -0.37666833 -0.84518844 0.440004259 0.999999940 0.999999940 0.999999940
v -0.56125951 -0.80394083 0.392191976 0.999999940 0.999999940 0.999999940
v 0 -0.88023722 0.482088565 0.999999940 0.999999940 0.999999940
v 0.175033509 -0.71496594 0.351069808 0.999999940 0.999999940 0.999999940
v 0.157288670 -0.58764815 0.174498468 0.999999940 0.999999940 0.999999940
v 0.194268152 -0.87276512 0.471295833 0.999999940 0.999999940 0.999999940
v 0.128205299 -0.51023763 0.180115774 0.999999940 0.999999940 0.999999940
v 0 -0.45505798 0.235388010 0.999999940 0.999999940 0.999999940
v -0.12713012 -0.44753873 0.191879272 0.999999940 0.999999940 0.999999940
v 0.127130121 -0.44753873 0.191879272 0.999999940 0.999999940 0.999999940
v -0.19499815 -0.42808461 0.104153260 0.999999940 0.999999940 0.999999940
v -0.16249619 -0.41287154 0.017445894 0.999999940 0.999999940 0.999999940
v -0.18506588 -0.61713868 -0.05301123 0.999999940 0.999999940 0.999999940
v -0.11200368 -0.50337952 -0.05189715 0.999999940 0.999999940 0.999999940
v -0.08858287 -0.40156442 -0.05502919 0.999999940 0.999999940 0.999999940
v -0.3804687 -0.63096583 -0.08228577 0.999999940 0.999999940 0.999999940
v -0.61996251 -0.64191574 -0.08507016 0.999999940 0.999999940 0.999999940
v -0.79068369 -0.60273486 0.031500518 0.999999940 0.999999940 0.999999940
v -0.77025515 -0.64216167 -0.03656487 0.999999940 0.999999940 0.999999940
v -0.75445199 -0.62417608 0.155147537 0.999999940 0.999999940 0.999999940
v -0.72856581 -0.63669652 0.241646453 0.999999940 0.999999940 0.999999940
v -0.71011597 -0.72583926 0.331755757 0.999999940 0.999999940 0.999999940
v -0.71416247 -0.73377079 0.334720313 0.999999940 0.999999940 0.999999940
v -0.59250486 -0.90654844 0.436079531 0.999999940 0.999999940 0.999999940
v -0.42303964 -0.99238831 0.501034677 0.999999940 0.999999940 0.999999940
v -0.75604206 -0.81585878 0.365402162 0.999999940 0.999999940 0.999999940
v -0.2409111 -1.05546355 0.550547540 0.999999940 0.999999940 0.999999940
v 0 -1.0759269 0.569975793 0.999999940 0.999999940 0.999999940
v 0.240911096 -1.05546355 0.550547540 0.999999940 0.999999940 0.999999940
v 0.376668334 -0.84518844 0.440004259 0.999999940 0.999999940 0.999999940
v 0.359948366 -0.721762 0.349950879 0.999999940 0.999999940 0.999999940
v 0.423039645 -0.99238831 0.501034677 0.999999940 0.999999940 0.999999940
v 0.360824018 -0.6282351 0.219689816 0.999999940 0.999999940 0.999999940
v 0.561259508 -0.80394083 0.392191976 0.999999940 0.999999940 0.999999940
v 0.548904836 -0.71799749 0.332426488 0.999999940 0.999999940 0.999999940
v 0.550406694 -0.63848799 0.234584391 0.999999940 0.999999940 0.999999940
v 0.592504859 -0.90654844 0.436079531 0.999999940 0.999999940 0.999999940
v 0.501549601 -1.13916826 0.525205493 0.999999940 0.999999940 0.999999940
v 0.326126933 -1.2806046 0.596816182 0.999999940 0.999999940 0.999999940
v 0.649986982 -1.01890838 0.457401812 0.999999940 0.999999940 0.999999940
v 0 -1.29034197 0.628308236 0.999999940 0.999999940 0.999999940
v -0.32612693 -1.2806046 0.596816182 0.999999940 0.999999940 0.999999940
v -0.5015496 -1.13916826 0.525205493 0.999999940 0.999999940 0.999999940
v -0.64998698 -1.01890838 0.457401812 0.999999940 0.999999940 0.999999940
v -0.8087396 -0.92092299 0.381211787 0.999999940 0.999999940 0.999999940
v -0.86580479 -0.64381564 0.143864586 0.999999940 0.999999940 0.999999940
v -0.96008182 -0.69585437 0.192883729 0.999999940 0.999999940 0.999999940
v -0.82211232 -0.61856329 0.113735079 0.999999940 0.999999940 0.999999940
v -0.77535814 -0.61111373 0.083347097 0.999999940 0.999999940 0.999999940
v -0.80113125 -0.60542989 0.032850399 0.999999940 0.999999940 0.999999940
v -0.83632582 -0.6200853 -0.00179001 0.999999940 0.999999940 0.999999940
v -0.95490074 -0.65653986 0.046563096 0.999999940 0.999999940 0.999999940
v -1.1260277 -0.77203333 0.218444243 0.999999940 0.999999940 0.999999940
v -1.08661127 -0.88391298 0.320408463 0.999999940 0.999999940 0.999999940
v -1.13736641 -0.71942329 0.103505186 0.999999940 0.999999940 0.999999940
v -1.08988309 -1.01215947 0.348583608 0.999999940 0.999999940 0.999999940
v -0.86975574 -1.04080915 0.369662284 0.999999940 0.999999940 0.999999940
v -0.72752661 -1.13835549 0.442590206 0.999999940 0.999999940 0.999999940
v -0.61682439 -1.26372313 0.513452053 0.999999940 0.999999940 0.999999940
v -0.53293407 -1.41349983 0.560917019 0.999999940 0.999999940 0.999999940
v -0.47222668 -1.62654471 0.582822620 0.999999940 0.999999940 0.999999940
v -0.26070184 -1.56663442 0.636085450 0.999999940 0.999999940 0.999999940
v 0 -1.5526036 0.655996263 0.999999940 0.999999940 0.999999940
v 0.260701835 -1.56663442 0.636085450 0.999999940 0.999999940 0.999999940
v 0.472226679 -1.62654471 0.582822620 0.999999940 0.999999940 0.999999940
v 0.532934069 -1.41349983 0.560917019 0.999999940 0.999999940 0.999999940
v 0.616824388 -1.26372313 0.513452053 0.999999940 0.999999940 0.999999940
v 0.230903238 -1.80918324 0.608860492 0.999999940 0.999999940 0.999999940
v 0.443825393 -1.83841228 0.559421837 0.999999940 0.999999940 0.999999940
v 0 -1.79698861 0.624377250 0.999999940 0.999999940 0.999999940
v -0.23090324 -1.80918324 0.608860492 0.999999940 0.999999940 0.999999940
v -0.44382539 -1.83841228 0.559421837 0.999999940 0.999999940 0.999999940
v -0.63489687 -1.87196541 0.466974556 0.999999940 0.999999940 0.999999940
v -0.65811843 -1.69042599 0.489124149 0.999999940 0.999999940 0.999999940
v -0.69844073 -1.52025211 0.477091491 0.999999940 0.999999940 0.999999940
v -0.75188768 -1.37850797 0.437833935 0.999999940 0.999999940 0.999999940
v -0.82501525 -1.25838077 0.381499439 0.999999940 0.999999940 0.999999940
v -0.92938119 -1.15534127 0.326599985 0.999999940 0.999999940 0.999999940
v -1.10585511 -1.13844478 0.324559211 0.999999940 0.999999940 0.999999940
v -1.29987597 -0.9393115 0.303612083 0.999999940 0.999999940 0.999999940
v -1.289186 -1.05406475 0.335153877 0.999999940 0.999999940 0.999999940
v -1.2794379 -1.16781485 0.319068521 0.999999940 0.999999940 0.999999940
v -1.31513906 -0.8440004 0.230666175 0.999999940 0.999999940 0.999999940
v -1.49384761 -0.90325332 0.229262948 0.999999940 0.999999940 0.999999940
v -1.48190129 -0.98873442 0.293195247 0.999999940 0.999999940 0.999999940
v -1.46695697 -1.09562194 0.319640576 0.999999940 0.999999940 0.999999940
v -1.45236862 -1.20025706 0.305613309 0.999999940 0.999999940 0.999999940
v -1.43869495 -1.29006541 0.251468658 0.999999940 0.999999940 0.999999940
v -1.27542531 -1.26678908 0.258788317 0.999999940 0.999999940 0.999999940
v -1.12277424 -1.24512923 0.254025727 0.999999940 0.999999940 0.999999940
v -0.98624009 -1.26101065 0.249330014 0.999999940 0.999999940 0.999999940
v -0.9169119 -1.3584646 0.284095823 0.999999940 0.999999940 0.999999940
v -0.87071192 -1.47287667 0.318855375 0.999999940 0.999999940 0.999999940
v -0.83627093 -1.60200036 0.341073691 0.999999940 0.999999940 0.999999940
v -0.804142 -1.74631953 0.340288668 0.999999940 0.999999940 0.999999940
v -0.779396 -1.9004606 0.317808717 0.999999940 0.999999940 0.999999940
v -0.75745791 -2.06096315 0.271397382 0.999999940 0.999999940 0.999999940
v -0.62362975 -2.05201721 0.416940838 0.999999940 0.999999940 0.999999940
v -0.43521699 -2.03676748 0.505133509 0.999999940 0.999999940 0.999999940
v -0.22254837 -2.02001452 0.546330153 0.999999940 0.999999940 0.999999940
v 0 -2.01147699 0.559992969 0.999999940 0.999999940 0.999999940
v -0.43609497 -2.22519088 0.440011739 0.999999940 0.999999940 0.999999940
v -0.22209603 -2.21397781 0.480106622 0.999999940 0.999999940 0.999999940
v 0 -2.20648146 0.492722988 0.999999940 0.999999940 0.999999940
v -0.61989921 -2.22883725 0.351297527 0.999999940 0.999999940 0.999999940
v -0.73981947 -2.2224915 0.213510826 0.999999940 0.999999940 0.999999940
v -0.78871226 -2.20563841 0.049465894 0.999999940 0.999999940 0.999999940
v -0.82035476 -2.05919027 0.092305570 0.999999940 0.999999940 0.999999940
v -0.85232192 -1.91601896 0.127385973 0.999999940 0.999999940 0.999999940
v -0.88590848 -1.78004968 0.151304662 0.999999940 0.999999940 0.999999940
v -0.91607314 -1.6507895 0.159671053 0.999999940 0.999999940 0.999999940
v -0.94270909 -1.53121662 0.156256690 0.999999940 0.999999940 0.999999940
v -0.97781837 -1.42216468 0.148618921 0.999999940 0.999999940 0.999999940
v -1.0276649 -1.33154118 0.140754967 0.999999940 0.999999940 0.999999940
v -1.13749814 -1.31663418 0.151539579 0.999999940 0.999999940 0.999999940
v -1.27471054 -1.33371675 0.162261262 0.999999940 0.999999940 0.999999940
v -1.4289794 -1.35524201 0.167552948 0.999999940 0.999999940 0.999999940
v -1.14431632 -1.33472598 0.034267541 0.999999940 0.999999940 0.999999940
v -1.27630949 -1.35002017 0.050644308 0.999999940 0.999999940 0.999999940
v -1.42617035 -1.37930572 0.063482455 0.999999940 0.999999940 0.999999940
v -1.03905177 -1.34176123 0.017435869 0.999999940 0.999999940 0.999999940
v -0.99226832 -1.43088627 -0.00202701 0.999999940 0.999999940 0.999999940
v -0.95154327 -1.53598166 -0.01693789 0.999999940 0.999999940 0.999999940
v -0.91779608 -1.65241683 -0.03251551 0.999999940 0.999999940 0.999999940
v -0.88447136 -1.77593911 -0.04930185 0.999999940 0.999999940 0.999999940
v -0.84721142 -1.90609276 -0.07012893 0.999999940 0.999999940 0.999999940
v -0.80974531 -2.04114771 -0.09531393 0.999999940 0.999999940 0.999999940
v -0.77390683 -2.18044138 -0.12279581 0.999999940 0.999999940 0.999999940
v -0.74463719 -2.31946731 -0.15299402 0.999999940 0.999999940 0.999999940
v -0.76079971 -2.35024881 0.002601843 0.999999940 0.999999940 0.999999940
v -0.72451812 -2.38001204 0.148378551 0.999999940 0.999999940 0.999999940
v -0.62573904 -2.40506649 0.275793552 0.999999940 0.999999940 0.999999940
v -0.44420651 -2.41377187 0.373988628 0.999999940 0.999999940 0.999999940
v -0.71705568 -2.53107357 0.082815729 0.999999940 0.999999940 0.999999940
v -0.63797951 -2.59410763 0.198502972 0.999999940 0.999999940 0.999999940
v -0.45760116 -2.60968089 0.314262777 0.999999940 0.999999940 0.999999940
v -0.74235916 -2.48556948 -0.03879593 0.999999940 0.999999940 0.999999940
v -0.72459668 -2.45480752 -0.17998654 0.999999940 0.999999940 0.999999940
v -0.65933192 -2.43975234 -0.31231698 0.999999940 0.999999940 0.999999940
v -0.67225325 -2.29196358 -0.29690704 0.999999940 0.999999940 0.999999940
v -0.69551158 -2.14758778 -0.28151006 0.999999940 0.999999940 0.999999940
v -0.73067075 -2.00595856 -0.26573253 0.999999940 0.999999940 0.999999940
v -0.76992857 -1.86779249 -0.24784864 0.999999940 0.999999940 0.999999940
v -0.81261533 -1.73545814 -0.22679488 0.999999940 0.999999940 0.999999940
v -0.854994 -1.6091646 -0.20206717 0.999999940 0.999999940 0.999999940
v -0.89872122 -1.49202812 -0.17385285 0.999999940 0.999999940 0.999999940
v -0.95227361 -1.38766968 -0.14072061 0.999999940 0.999999940 0.999999940
v -1.02034163 -1.29462361 -0.09613296 0.999999940 0.999999940 0.999999940
v -1.14160407 -1.29836988 -0.07356281 0.999999940 0.999999940 0.999999940
v -0.87255675 -1.30445099 -0.24930422 0.999999940 0.999999940 0.999999940
v -0.98417395 -1.21664989 -0.1801165 0.999999940 0.999999940 0.999999940
v -1.13169289 -1.22304523 -0.16207825 0.999999940 0.999999940 0.999999940
v -0.793145 -1.41112065 -0.29856554 0.999999940 0.999999940 0.999999940
v -0.72740513 -1.53031051 -0.33663434 0.999999940 0.999999940 0.999999940
v -0.67609566 -1.66404748 -0.36464489 0.999999940 0.999999940 0.999999940
v -0.63298815 -1.80758691 -0.38881183 0.999999940 0.999999940 0.999999940
v -0.59332705 -1.95706773 -0.40064332 0.999999940 0.999999940 0.999999940
v -0.56414294 -2.11166739 -0.40926954 0.999999940 0.999999940 0.999999940
v -0.54805088 -2.26974058 -0.41436011 0.999999940 0.999999940 0.999999940
v -0.56252998 -2.43124151 -0.41399002 0.999999940 0.999999940 0.999999940
v -0.62217939 -2.62868977 -0.39008492 0.999999940 0.999999940 0.999999940
v -0.65855294 -2.59853864 -0.32989031 0.999999940 0.999999940 0.999999940
v -0.71761447 -2.57069468 -0.20999707 0.999999940 0.999999940 0.999999940
v -0.74127674 -2.58832574 -0.07057682 0.999999940 0.999999940 0.999999940
v -0.72702241 -2.64083505 0.039429467 0.999999940 0.999999940 0.999999940
v -0.76114202 -2.8624897 -0.12902179 0.999999940 0.999999940 0.999999940
v -0.76055133 -2.88908553 -0.01941801 0.999999940 0.999999940 0.999999940
v -0.72638232 -2.84758735 -0.24435773 0.999999940 0.999999940 0.999999940
v -0.65144533 -2.83944345 -0.36551735 0.999999940 0.999999940 0.999999940
v -0.53745973 -2.8083384 -0.47140604 0.999999940 0.999999940 0.999999940
v -0.37467375 -2.76498675 -0.53797638 0.999999940 0.999999940 0.999999940
v -0.39343163 -2.58333755 -0.51020235 0.999999940 0.999999940 0.999999940
v -0.37862709 -2.42032862 -0.50877613 0.999999940 0.999999940 0.999999940
v -0.38048664 -2.24545598 -0.50733471 0.999999940 0.999999940 0.999999940
v -0.39343497 -2.07445502 -0.49763471 0.999999940 0.999999940 0.999999940
v -0.4152694 -1.90544868 -0.48732993 0.999999940 0.999999940 0.999999940
v -0.44521591 -1.73963952 -0.47333923 0.999999940 0.999999940 0.999999940
v -0.48670667 -1.57592821 -0.45448092 0.999999940 0.999999940 0.999999940
v -0.548096 -1.42205894 -0.42269036 0.999999940 0.999999940 0.999999940
v -0.64873129 -1.30333519 -0.37998888 0.999999940 0.999999940 0.999999940
v -0.77817512 -1.19465172 -0.31794536 0.999999940 0.999999940 0.999999940
v -0.31354722 -1.28048813 -0.46613801 0.999999940 0.999999940 0.999999940
v -0.51263034 -1.16584611 -0.40835461 0.999999940 0.999999940 0.999999940
v -0.69525397 -1.07535255 -0.34215131 0.999999940 0.999999940 0.999999940
v -0.25948906 -1.49901676 -0.50313103 0.999999940 0.999999940 0.999999940
v -0.23108394 -1.68888474 -0.52423728 0.999999940 0.999999940 0.999999940
v -0.21303216 -1.86845684 -0.535864 0.999999940 0.999999940 0.999999940
v -0.20066148 -2.04667902 -0.5443036 0.999999940 0.999999940 0.999999940
v -0.19439605 -2.22516322 -0.56261879 0.999999940 0.999999940 0.999999940
v -0.1908814 -2.4031353 -0.57379735 0.999999940 0.999999940 0.999999940
v -0.19244981 -2.57684684 -0.58444214 0.999999940 0.999999940 0.999999940
v -0.18949011 -2.74325323 -0.5974704 0.999999940 0.999999940 0.999999940
v -0.17972726 -2.90572786 -0.60101867 0.999999940 0.999999940 0.999999940
v -0.34613883 -2.93453932 -0.55738282 0.999999940 0.999999940 0.999999940
v -0.4857178 -2.97636294 -0.50303376 0.999999940 0.999999940 0.999999940
v -0.62805146 -3.10652924 -0.38360733 0.999999940 0.999999940 0.999999940
v -0.7499938 -3.11775136 -0.24415004 0.999999940 0.999999940 0.999999940
v -0.79308891 -3.12883949 -0.12016344 0.999999940 0.999999940 0.999999940
v -0.69773495 -3.42934728 -0.27717873 0.999999940 0.999999940 0.999999940
v -0.78121579 -3.40871167 -0.18711729 0.999999940 0.999999940 0.999999940
v -0.81881547 -3.39611125 -0.0823974 0.999999940 0.999999940 0.999999940
v -0.43073702 -3.12551999 -0.49732444 0.999999940 0.999999940 0.999999940
v -0.54533172 -3.26017642 -0.39584267 0.999999940 0.999999940 0.999999940
v -0.61954063 -3.49224234 -0.31072164 0.999999940 0.999999940 0.999999940
v -0.31129688 -3.08857846 -0.54645669 0.999999940 0.999999940 0.999999940
v -0.16313018 -3.05999851 -0.59042525 0.999999940 0.999999940 0.999999940
v 0 -2.89817238 -0.61254537 0.999999940 0.999999940 0.999999940
v 0 -3.0502913 -0.59971035 0.999999940 0.999999940 0.999999940
v 0 -2.73917508 -0.61732244 0.999999940 0.999999940 0.999999940
v 0 -2.57298803 -0.61419815 0.999999940 0.999999940 0.999999940
v 0 -2.39788771 -0.60329962 0.999999940 0.999999940 0.999999940
v 0 -2.21929169 -0.58430386 0.999999940 0.999999940 0.999999940
v 0 -2.03848505 -0.56653363 0.999999940 0.999999940 0.999999940
v 0 -1.85679722 -0.55623674 0.999999940 0.999999940 0.999999940
v 0 -1.67183685 -0.54469162 0.999999940 0.999999940 0.999999940
v 0.231083944 -1.68888474 -0.52423728 0.999999940 0.999999940 0.999999940
v 0.213032156 -1.86845684 -0.535864 0.999999940 0.999999940 0.999999940
v 0.200661480 -2.04667902 -0.5443036 0.999999940 0.999999940 0.999999940
v 0.194396048 -2.22516322 -0.56261879 0.999999940 0.999999940 0.999999940
v 0.190881401 -2.4031353 -0.57379735 0.999999940 0.999999940 0.999999940
v 0.192449808 -2.57684684 -0.58444214 0.999999940 0.999999940 0.999999940
v 0.189490109 -2.74325323 -0.5974704 0.999999940 0.999999940 0.999999940
v 0.179727256 -2.90572786 -0.60101867 0.999999940 0.999999940 0.999999940
v 0.163130179 -3.05999851 -0.59042525 0.999999940 0.999999940 0.999999940
v 0 -3.19491911 -0.556355 0.999999940 0.999999940 0.999999940
v -0.13603035 -3.20240569 -0.5390361 0.999999940 0.999999940 0.999999940
v 0.136030346 -3.20240569 -0.5390361 0.999999940 0.999999940 0.999999940
v -0.25847256 -3.23719025 -0.49453023 0.999999940 0.999999940 0.999999940
v -0.3569642 -3.28371358 -0.44902071 0.999999940 0.999999940 0.999999940
v -0.45642692 -3.37863612 -0.37711146 0.999999940 0.999999940 0.999999940
v -0.52481037 -3.55880547 -0.31743544 0.999999940 0.999999940 0.999999940
v -0.55382329 -3.7353251 -0.29089904 0.999999940 0.999999940 0.999999940
v -0.6512537 -3.70077467 -0.27337456 0.999999940 0.999999940 0.999999940
v -0.73682457 -3.66564846 -0.22553964 0.999999940 0.999999940 0.999999940
v -0.36905229 -3.48104095 -0.32484275 0.999999940 0.999999940 0.999999940
v -0.42740345 -3.61654186 -0.29040229 0.999999940 0.999999940 0.999999940
v -0.45282778 -3.76722598 -0.27141011 0.999999940 0.999999940 0.999999940
v -0.28567562 -3.40017414 -0.36241132 0.999999940 0.999999940 0.999999940
v -0.19933251 -3.35265899 -0.40894523 0.999999940 0.999999940 0.999999940
v -0.10399026 -3.32564569 -0.44873279 0.999999940 0.999999940 0.999999940
v 0 -3.32210684 -0.46519858 0.999999940 0.999999940 0.999999940
v 0.103990264 -3.32564569 -0.44873279 0.999999940 0.999999940 0.999999940
v 0.258472561 -3.23719025 -0.49453023 0.999999940 0.999999940 0.999999940
v 0.199332505 -3.35265899 -0.40894523 0.999999940 0.999999940 0.999999940
v 0.311296880 -3.08857846 -0.54645669 0.999999940 0.999999940 0.999999940
v 0.346138835 -2.93453932 -0.55738282 0.999999940 0.999999940 0.999999940
v 0.374673754 -2.76498675 -0.53797638 0.999999940 0.999999940 0.999999940
v 0.393431633 -2.58333755 -0.51020235 0.999999940 0.999999940 0.999999940
v 0.378627091 -2.42032862 -0.50877613 0.999999940 0.999999940 0.999999940
v 0.622179389 -2.62868977 -0.39008492 0.999999940 0.999999940 0.999999940
v 0.537459731 -2.8083384 -0.47140604 0.999999940 0.999999940 0.999999940
v 0.562529981 -2.43124151 -0.41399002 0.999999940 0.999999940 0.999999940
v 0.485717803 -2.97636294 -0.50303376 0.999999940 0.999999940 0.999999940
v 0.430737018 -3.12551999 -0.49732444 0.999999940 0.999999940 0.999999940
v 0.356964200 -3.28371358 -0.44902071 0.999999940 0.999999940 0.999999940
v 0.285675615 -3.40017414 -0.36241132 0.999999940 0.999999940 0.999999940
v 0.154321044 -3.4440918 -0.30457163 0.999999940 0.999999940 0.999999940
v 0.077550537 -3.429919 -0.33212835 0.999999940 0.999999940 0.999999940
v 0.231382831 -3.47457576 -0.26697439 0.999999940 0.999999940 0.999999940
v 0 -3.43370223 -0.33953038 0.999999940 0.999999940 0.999999940
v -0.07755054 -3.429919 -0.33212835 0.999999940 0.999999940 0.999999940
v -0.15432104 -3.4440918 -0.30457163 0.999999940 0.999999940 0.999999940
v -0.23138283 -3.47457576 -0.26697439 0.999999940 0.999999940 0.999999940
v -0.29701957 -3.55389023 -0.25179106 0.999999940 0.999999940 0.999999940
v -0.33729571 -3.66417217 -0.23202388 0.999999940 0.999999940 0.999999940
v -0.3598057 -3.79369783 -0.21680975 0.999999940 0.999999940 0.999999940
v -0.23638025 -3.5916121 -0.16108182 0.999999940 0.999999940 0.999999940
v -0.2644906 -3.6907897 -0.14384331 0.999999940 0.999999940 0.999999940
v -0.28662491 -3.80773735 -0.13023844 0.999999940 0.999999940 0.999999940
v -0.19817363 -3.51209211 -0.17130202 0.999999940 0.999999940 0.999999940
v -0.12854989 -3.49933743 -0.18628778 0.999999940 0.999999940 0.999999940
v -0.06412257 -3.49584413 -0.19417937 0.999999940 0.999999940 0.999999940
v 0 -3.49647832 -0.19293238 0.999999940 0.999999940 0.999999940
v 0.064122565 -3.49584413 -0.19417937 0.999999940 0.999999940 0.999999940
v 0.128549888 -3.49933743 -0.18628778 0.999999940 0.999999940 0.999999940
v 0.198173627 -3.51209211 -0.17130202 0.999999940 0.999999940 0.999999940
v 0.297019571 -3.55389023 -0.25179106 0.999999940 0.999999940 0.999999940
v 0.236380249 -3.5916121 -0.16108182 0.999999940 0.999999940 0.999999940
v 0.369052290 -3.48104095 -0.32484275 0.999999940 0.999999940 0.999999940
v 0.456426918 -3.37863612 -0.37711146 0.999999940 0.999999940 0.999999940
v 0.545331716 -3.26017642 -0.39584267 0.999999940 0.999999940 0.999999940
v 0.628051459 -3.10652924 -0.38360733 0.999999940 0.999999940 0.999999940
v 0.651445329 -2.83944345 -0.36551735 0.999999940 0.999999940 0.999999940
v 0.726382315 -2.84758735 -0.24435773 0.999999940 0.999999940 0.999999940
v 0.749993801 -3.11775136 -0.24415004 0.999999940 0.999999940 0.999999940
v 0.697734952 -3.42934728 -0.27717873 0.999999940 0.999999940 0.999999940
v 0.619540631 -3.49224234 -0.31072164 0.999999940 0.999999940 0.999999940
v 0.781215786 -3.40871167 -0.18711729 0.999999940 0.999999940 0.999999940
v 0.524810373 -3.55880547 -0.31743544 0.999999940 0.999999940 0.999999940
v 0.42740345 -3.61654186 -0.29040229 0.999999940 0.999999940 0.999999940
v 0.337295711 -3.66417217 -0.23202388 0.999999940 0.999999940 0.999999940
v 0.264490604 -3.6907897 -0.14384331 0.999999940 0.999999940 0.999999940
v 0.228901729 -3.6907537 -0.03508225 0.999999940 0.999999940 0.999999940
v 0.204601347 -3.59575796 -0.04905582 0.999999940 0.999999940 0.999999940
v 0.178343385 -3.52490401 -0.05694262 0.999999940 0.999999940 0.999999940
v 0.118039332 -3.51440549 -0.06119646 0.999999940 0.999999940 0.999999940
v 0.061209041 -3.51105571 -0.06149444 0.999999940 0.999999940 0.999999940
v 0 -3.51011014 -0.06073894 0.999999940 0.999999940 0.999999940
v -0.06120904 -3.51105571 -0.06149444 0.999999940 0.999999940 0.999999940
v -0.11803933 -3.51440549 -0.06119646 0.999999940 0.999999940 0.999999940
v -0.17834339 -3.52490401 -0.05694262 0.999999940 0.999999940 0.999999940
v -0.12424761 -3.48493052 0.063138932 0.999999940 0.999999940 0.999999940
v -0.17763053 -3.50075531 0.062374617 0.999999940 0.999999940 0.999999940
v -0.06362683 -3.47913098 0.063763655 0.999999940 0.999999940 0.999999940
v 0 -3.47799897 0.064650528 0.999999940 0.999999940 0.999999940
v 0.063626833 -3.47913098 0.063763655 0.999999940 0.999999940 0.999999940
v 0.124247610 -3.48493052 0.063138932 0.999999940 0.999999940 0.999999940
v 0.177630528 -3.50075531 0.062374617 0.999999940 0.999999940 0.999999940
v 0.207012832 -3.56994057 0.071284212 0.999999940 0.999999940 0.999999940
v 0.233502611 -3.67166138 0.079385161 0.999999940 0.999999940 0.999999940
v 0.251709431 -3.80692887 -0.0222467 0.999999940 0.999999940 0.999999940
v 0.251951068 -3.79257727 0.089077211 0.999999940 0.999999940 0.999999940
v 0.286624908 -3.80773735 -0.13023844 0.999999940 0.999999940 0.999999940
v 0.359805703 -3.79369783 -0.21680975 0.999999940 0.999999940 0.999999940
v 0.452827781 -3.76722598 -0.27141011 0.999999940 0.999999940 0.999999940
v 0.553823292 -3.7353251 -0.29089904 0.999999940 0.999999940 0.999999940
v 0.651253700 -3.70077467 -0.27337456 0.999999940 0.999999940 0.999999940
v 0.570528328 -3.89399076 -0.27256942 0.999999940 0.999999940 0.999999940
v 0.467812597 -3.91489959 -0.25765413 0.999999940 0.999999940 0.999999940
v 0.671312987 -3.87199616 -0.25373718 0.999999940 0.999999940 0.999999940
v 0.374660313 -3.93091774 -0.20382489 0.999999940 0.999999940 0.999999940
v 0.304160147 -3.93924093 -0.11835907 0.999999940 0.999999940 0.999999940
v 0.265710771 -3.93795061 -0.01363945 0.999999940 0.999999940 0.999999940
v 0.267689436 -3.92714572 0.097464948 0.999999940 0.999999940 0.999999940
v 0.304918825 -3.90972185 0.199165329 0.999999940 0.999999940 0.999999940
v 0.293645590 -3.76633525 0.190297231 0.999999940 0.999999940 0.999999940
v 0.277008026 -3.63418198 0.181180819 0.999999940 0.999999940 0.999999940
v 0.253355264 -3.51099253 0.172886654 0.999999940 0.999999940 0.999999940
v 0.215016394 -3.41652441 0.160603463 0.999999940 0.999999940 0.999999940
v 0.146342784 -3.39478946 0.166361942 0.999999940 0.999999940 0.999999940
v 0.073964722 -3.38672876 0.170179352 0.999999940 0.999999940 0.999999940
v 0 -3.38484168 0.172346875 0.999999940 0.999999940 0.999999940
v -0.07396472 -3.38672876 0.170179352 0.999999940 0.999999940 0.999999940
v -0.14634278 -3.39478946 0.166361942 0.999999940 0.999999940 0.999999940
v -0.09401868 -3.24111366 0.243751764 0.999999940 0.999999940 0.999999940
v -0.18831152 -3.25967431 0.233130082 0.999999940 0.999999940 0.999999940
v 0 -3.23477817 0.249662354 0.999999940 0.999999940 0.999999940
v 0.094018675 -3.24111366 0.243751764 0.999999940 0.999999940 0.999999940
v 0.188311517 -3.25967431 0.233130082 0.999999940 0.999999940 0.999999940
v 0.277738660 -3.29913783 0.220417290 0.999999940 0.999999940 0.999999940
v 0.330977916 -3.43042731 0.241690605 0.999999940 0.999999940 0.999999940
v 0.352308541 -3.5850873 0.255360901 0.999999940 0.999999940 0.999999940
v 0.365265458 -3.73406339 0.267739534 0.999999940 0.999999940 0.999999940
v 0.376095801 -3.88791037 0.277939200 0.999999940 0.999999940 0.999999940
v 0.320173144 -4.05970144 0.203286156 0.999999940 0.999999940 0.999999940
v 0.388830989 -4.04363489 0.283739060 0.999999940 0.999999940 0.999999940
v 0.282545715 -4.07228184 0.102870516 0.999999940 0.999999940 0.999999940
v 0.282063365 -4.07987595 -0.00641957 0.999999940 0.999999940 0.999999940
v 0.319972991 -4.08116055 -0.10982075 0.999999940 0.999999940 0.999999940
v 0.389783114 -4.07584095 -0.1943696 0.999999940 0.999999940 0.999999940
v 0.405847817 -4.22546053 -0.18635197 0.999999940 0.999999940 0.999999940
v 0.335028171 -4.22966814 -0.10361408 0.999999940 0.999999940 0.999999940
v 0.298703610 -4.22861338 -0.00074794 0.999999940 0.999999940 0.999999940
v 0.296781033 -4.22321367 0.107302576 0.999999940 0.999999940 0.999999940
v 0.333090573 -4.2132163 0.208154872 0.999999940 0.999999940 0.999999940
v 0.401755034 -4.20017624 0.289009630 0.999999940 0.999999940 0.999999940
v 0.493816137 -4.18566513 0.340979576 0.999999940 0.999999940 0.999999940
v 0.48093009 -4.02621031 0.333440333 0.999999940 0.999999940 0.999999940
v 0.468069940 -3.86540127 0.325721353 0.999999940 0.999999940 0.999999940
v 0.457304239 -3.70295715 0.315239489 0.999999940 0.999999940 0.999999940
v 0.447143793 -3.53252769 0.298221319 0.999999940 0.999999940 0.999999940
v 0.425692319 -3.33312249 0.276725024 0.999999940 0.999999940 0.999999940
v 0.355290472 -3.16687226 0.250332921 0.999999940 0.999999940 0.999999940
v 0.248389735 -3.11356592 0.26674968 0.999999940 0.999999940 0.999999940
v 0.128319725 -3.08111954 0.282929718 0.999999940 0.999999940 0.999999940
v 0 -3.07108736 0.290926873 0.999999940 0.999999940 0.999999940
v -0.12831973 -3.08111954 0.282929718 0.999999940 0.999999940 0.999999940
v 0 -2.89918804 0.319842845 0.999999940 0.999999940 0.999999940
v -0.16765773 -2.91794372 0.308637112 0.999999940 0.999999940 0.999999940
v 0.167657733 -2.91794372 0.308637112 0.999999940 0.999999940 0.999999940
v 0.324808031 -2.95935154 0.283416092 0.999999940 0.999999940 0.999999940
v 0.455502033 -3.005826 0.256863713 0.999999940 0.999999940 0.999999940
v 0.476329565 -3.15838242 0.263707250 0.999999940 0.999999940 0.999999940
v 0.524372935 -3.24291468 0.279157757 0.999999940 0.999999940 0.999999940
v 0.558261394 -3.0798378 0.253727674 0.999999940 0.999999940 0.999999940
v 0.545802176 -3.47705126 0.305314749 0.999999940 0.999999940 0.999999940
v 0.559337854 -3.67458797 0.322172701 0.999999940 0.999999940 0.999999940
v 0.571558356 -3.84460592 0.338246434 0.999999940 0.999999940 0.999999940
v 0.584451854 -4.00934887 0.348863273 0.999999940 0.999999940 0.999999940
v 0.598113477 -4.17126894 0.357944101 0.999999940 0.999999940 0.999999940
v 0.507056951 -4.34497213 0.346631676 0.999999940 0.999999940 0.999999940
v 0.611394405 -4.33231163 0.365213900 0.999999940 0.999999940 0.999999940
v 0.415641188 -4.35769415 0.293208777 0.999999940 0.999999940 0.999999940
v 0.348219096 -4.3686223 0.211598113 0.999999940 0.999999940 0.999999940
v 0.312910169 -4.37664938 0.111046858 0.999999940 0.999999940 0.999999940
v 0.363025695 -4.52535248 0.214303940 0.999999940 0.999999940 0.999999940
v 0.429714649 -4.51588821 0.296633303 0.999999940 0.999999940 0.999999940
v 0.328110426 -4.53191185 0.114047378 0.999999940 0.999999940 0.999999940
v 0.520482003 -4.50482368 0.350563198 0.999999940 0.999999940 0.999999940
v 0.624356746 -4.49352264 0.370134383 0.999999940 0.999999940 0.999999940
v 0.728682875 -4.48321438 0.352847665 0.999999940 0.999999940 0.999999940
v 0.716059088 -4.32123137 0.347647756 0.999999940 0.999999940 0.999999940
v 0.702287137 -4.15878391 0.339086890 0.999999940 0.999999940 0.999999940
v 0.687802016 -3.99477291 0.328814387 0.999999940 0.999999940 0.999999940
v 0.673555314 -3.82675242 0.316166371 0.999999940 0.999999940 0.999999940
v 0.658927977 -3.64735937 0.300099700 0.999999940 0.999999940 0.999999940
v 0.639211475 -3.43529391 0.279567271 0.999999940 0.999999940 0.999999940
v 0.588794291 -3.18610406 0.258905649 0.999999940 0.999999940 0.999999940
v 0.53304106 -3.01242232 0.247466951 0.999999940 0.999999940 0.999999940
v 0.492457032 -2.95233512 0.250915676 0.999999940 0.999999940 0.999999940
v 0.673585355 -3.15434909 0.200806111 0.999999940 0.999999940 0.999999940
v 0.665936350 -2.95554233 0.157100096 0.999999940 0.999999940 0.999999940
v 0.722773492 -3.40862656 0.220263779 0.999999940 0.999999940 0.999999940
v 0.745263338 -3.62670732 0.242823675 0.999999940 0.999999940 0.999999940
v 0.762246787 -3.81357288 0.260490298 0.999999940 0.999999940 0.999999940
v 0.778034806 -3.98433471 0.273950994 0.999999940 0.999999940 0.999999940
v 0.793602705 -4.14977074 0.285101920 0.999999940 0.999999940 0.999999940
v 0.808290541 -4.31295204 0.294405549 0.999999940 0.999999940 0.999999940
v 0.821548402 -4.47505856 0.301197797 0.999999940 0.999999940 0.999999940
v 0.636781871 -4.65471458 0.376194298 0.999999940 0.999999940 0.999999940
v 0.742261350 -4.64502478 0.359498769 0.999999940 0.999999940 0.999999940
v 0.835962772 -4.63704014 0.307681798 0.999999940 0.999999940 0.999999940
v 0.532813012 -4.66509104 0.354533433 0.999999940 0.999999940 0.999999940
v 0.442794293 -4.67471933 0.298931121 0.999999940 0.999999940 0.999999940
v 0.377062588 -4.68257284 0.215980619 0.999999940 0.999999940 0.999999940
v 0.343574583 -4.68783426 0.115683503 0.999999940 0.999999940 0.999999940
v 0.390675425 -4.8403039 0.215765297 0.999999940 0.999999940 0.999999940
v 0.455077290 -4.83380795 0.299384594 0.999999940 0.999999940 0.999999940
v 0.356567293 -4.84414244 0.115629345 0.999999940 0.999999940 0.999999940
v 0.544753432 -4.8256793 0.355249285 0.999999940 0.999999940 0.999999940
v 0.648461997 -4.81653214 0.376620978 0.999999940 0.999999940 0.999999940
v 0.754030942 -4.80735731 0.362877994 0.999999940 0.999999940 0.999999940
v 0.848248124 -4.79943705 0.312060713 0.999999940 0.999999940 0.999999940
v 0.907736957 -4.63152122 0.228409230 0.999999940 0.999999940 0.999999940
v 0.891022682 -4.47017956 0.220667168 0.999999940 0.999999940 0.999999940
v 0.918718695 -4.79375696 0.231853336 0.999999940 0.999999940 0.999999940
v 0.877106130 -4.30839062 0.213165521 0.999999940 0.999999940 0.999999940
v 0.861489236 -4.14526653 0.203292906 0.999999940 0.999999940 0.999999940
v 0.844630479 -3.97925997 0.191650152 0.999999940 0.999999940 0.999999940
v 0.827546715 -3.8067224 0.177652671 0.999999940 0.999999940 0.999999940
v 0.807913959 -3.61508465 0.158433526 0.999999940 0.999999940 0.999999940
v 0.786308288 -3.39527941 0.132088333 0.999999940 0.999999940 0.999999940
v 0.760442316 -3.14990473 0.098928414 0.999999940 0.999999940 0.999999940
v 0.819248735 -3.39067769 0.028007747 0.999999940 0.999999940 0.999999940
v 0.841450393 -3.61326957 0.057630166 0.999999940 0.999999940 0.999999940
v 0.793466031 -3.13867807 -0.00611732 0.999999940 0.999999940 0.999999940
v 0.861648559 -3.80743122 0.077860683 0.999999940 0.999999940 0.999999940
v 0.879936456 -3.98029828 0.092083029 0.999999940 0.999999940 0.999999940
v 0.898034691 -4.14572382 0.103726081 0.999999940 0.999999940 0.999999940
v 0.913850128 -4.30804443 0.113432586 0.999999940 0.999999940 0.999999940
v 0.928487420 -4.46908426 0.121312268 0.999999940 0.999999940 0.999999940
v 0.946695208 -4.62962866 0.128586545 0.999999940 0.999999940 0.999999940
v 0.960548996 -4.79069853 0.133757099 0.999999940 0.999999940 0.999999940
v 0.931792914 -4.95541191 0.235503315 0.999999940 0.999999940 0.999999940
v 0.972620487 -4.9517293 0.13623254 0.999999940 0.999999940 0.999999940
v 0.858260035 -4.96177101 0.313930690 0.999999940 0.999999940 0.999999940
v 0.763381540 -4.96987438 0.362666815 0.999999940 0.999999940 0.999999940
v 0.658116877 -4.97848272 0.376967281 0.999999940 0.999999940 0.999999940
v 0.554713010 -4.9865222 0.353813201 0.999999940 0.999999940 0.999999940
v 0.665855526 -5.14016151 0.373400628 0.999999940 0.999999940 0.999999940
v 0.771630227 -5.13200188 0.362402945 0.999999940 0.999999940 0.999999940
v 0.564049422 -5.14728642 0.348829507 0.999999940 0.999999940 0.999999940
v 0.866853594 -5.12375116 0.313195765 0.999999940 0.999999940 0.999999940
v 0.940474867 -5.1167779 0.235601231 0.999999940 0.999999940 0.999999940
v 0.984881699 -5.1120863 0.137507826 0.999999940 0.999999940 0.999999940
v 0.977773249 -4.95094872 0.029706256 0.999999940 0.999999940 0.999999940
v 0.964966177 -4.79133415 0.026718026 0.999999940 0.999999940 0.999999940
v 0.990169227 -5.11027956 0.029649708 0.999999940 0.999999940 0.999999940
v 0.948847711 -4.63168049 0.021943809 0.999999940 0.999999940 0.999999940
v 0.932720899 -4.47168255 0.015568179 0.999999940 0.999999940 0.999999940
v 0.915118455 -4.31185246 0.007563672 0.999999940 0.999999940 0.999999940
v 0.900969743 -4.15096235 -0.00201769 0.999999940 0.999999940 0.999999940
v 0.880511105 -3.98703599 -0.01300534 0.999999940 0.999999940 0.999999940
v 0.861936986 -3.81555414 -0.02695341 0.999999940 0.999999940 0.999999940
v 0.842556655 -3.62199354 -0.04928719 0.999999940 0.999999940 0.999999940
v 0.846186459 -3.99876428 -0.11148059 0.999999940 0.999999940 0.999999940
v 0.826162993 -3.83054829 -0.12458201 0.999999940 0.999999940 0.999999940
v 0.805897116 -3.64070344 -0.14858013 0.999999940 0.999999940 0.999999940
v 0.864002406 -4.16072416 -0.10099943 0.999999940 0.999999940 0.999999940
v 0.880753755 -4.31983519 -0.09198671 0.999999940 0.999999940 0.999999940
v 0.899625957 -4.47834921 -0.08492745 0.999999940 0.999999940 0.999999940
v 0.916184485 -4.63693237 -0.07883839 0.999999940 0.999999940 0.999999940
v 0.931447029 -4.79539776 -0.07493049 0.999999940 0.999999940 0.999999940
v 0.946074843 -4.95327234 -0.0731505 0.999999940 0.999999940 0.999999940
v 0.957201659 -5.11111164 -0.0730193 0.999999940 0.999999940 0.999999940
v 1.002204060 -5.26914454 0.027979768 0.999999940 0.999999940 0.999999940
v 0.970882058 -5.26921844 -0.07668138 0.999999940 0.999999940 0.999999940
v 0.994529187 -5.27174664 0.136528462 0.999999940 0.999999940 0.999999940
v 0.951082825 -5.27681875 0.235863730 0.999999940 0.999999940 0.999999940
v 0.874685168 -5.28438425 0.313280075 0.999999940 0.999999940 0.999999940
v 0.777229130 -5.29326916 0.358875423 0.999999940 0.999999940 0.999999940
v 0.882045507 -5.44301796 0.312639117 0.999999940 0.999999940 0.999999940
v 0.961499989 -5.43446398 0.236796259 0.999999940 0.999999940 0.999999940
v 0.783517003 -5.45324612 0.358694434 0.999999940 0.999999940 0.999999940
v 1.007787108 -5.42933607 0.136474907 0.999999940 0.999999940 0.999999940
v 1.013960361 -5.42766094 0.025178683 0.999999940 0.999999940 0.999999940
v 0.983279407 -5.42830229 -0.08199327 0.999999940 0.999999940 0.999999940
v 0.904052674 -5.27200699 -0.16334763 0.999999940 0.999999940 0.999999940
v 0.890039742 -5.11466265 -0.15747654 0.999999940 0.999999940 0.999999940
v 0.916749119 -5.43051243 -0.17130786 0.999999940 0.999999940 0.999999940
v 0.878083825 -4.95803595 -0.15679751 0.999999940 0.999999940 0.999999940
v 0.864204764 -4.80180311 -0.15669446 0.999999940 0.999999940 0.999999940
v 0.851055800 -4.64466858 -0.16208927 0.999999940 0.999999940 0.999999940
v 0.834920465 -4.48795986 -0.16830117 0.999999940 0.999999940 0.999999940
v 0.816549956 -4.33100033 -0.17490445 0.999999940 0.999999940 0.999999940
v 0.796113491 -4.17374516 -0.1812949 0.999999940 0.999999940 0.999999940
v 0.780565798 -4.01430798 -0.19275217 0.999999940 0.999999940 0.999999940
v 0.725608885 -4.34443903 -0.22899695 0.999999940 0.999999940 0.999999940
v 0.707459211 -4.18873501 -0.23642997 0.999999940 0.999999940 0.999999940
v 0.689341902 -4.03192472 -0.24501105 0.999999940 0.999999940 0.999999940
v 0.744167447 -4.49956083 -0.22244249 0.999999940 0.999999940 0.999999940
v 0.759717524 -4.65416288 -0.21431915 0.999999940 0.999999940 0.999999940
v 0.774479031 -4.80900574 -0.21297306 0.999999940 0.999999940 0.999999940
v 0.787227571 -4.96426821 -0.2142684 0.999999940 0.999999940 0.999999940
v 0.799767434 -5.12014675 -0.21668436 0.999999940 0.999999940 0.999999940
v 0.812146544 -5.2766614 -0.22268471 0.999999940 0.999999940 0.999999940
v 0.823170363 -5.43464851 -0.23252973 0.999999940 0.999999940 0.999999940
v 0.931688368 -5.59091377 -0.182477 0.999999940 0.999999940 0.999999940
v 0.833409071 -5.59566784 -0.24586943 0.999999940 0.999999940 0.999999940
v 0.999651432 -5.58670425 -0.08732504 0.999999940 0.999999940 0.999999940
v 1.031299114 -5.5838623 0.023693151 0.999999940 0.999999940 0.999999940
v 1.023060798 -5.5840621 0.138136491 0.999999940 0.999999940 0.999999940
v 0.973510146 -5.58933735 0.239350929 0.999999940 0.999999940 0.999999940
v 1.044491052 -5.73749495 0.144571557 0.999999940 0.999999940 0.999999940
v 1.056732773 -5.73861313 0.026378149 0.999999940 0.999999940 0.999999940
v 0.992993652 -5.74246645 0.248468279 0.999999940 0.999999940 0.999999940
v 1.022218704 -5.74439669 -0.09062976 0.999999940 0.999999940 0.999999940
v 0.947907686 -5.75133514 -0.19088756 0.999999940 0.999999940 0.999999940
v 0.841810107 -5.75746727 -0.25875664 0.999999940 0.999999940 0.999999940
v 0.719516158 -5.59996986 -0.27017978 0.999999940 0.999999940 0.999999940
v 0.714568913 -5.44016123 -0.25740629 0.999999940 0.999999940 0.999999940
v 0.720031440 -5.76107693 -0.28514031 0.999999940 0.999999940 0.999999940
v 0.705708801 -5.28297329 -0.24439642 0.999999940 0.999999940 0.999999940
v 0.695219874 -5.12711 -0.24243456 0.999999940 0.999999940 0.999999940
v 0.683035314 -4.9715395 -0.23796873 0.999999940 0.999999940 0.999999940
v 0.670279324 -4.81676817 -0.23572637 0.999999940 0.999999940 0.999999940
v 0.655658483 -4.6640811 -0.23475276 0.999999940 0.999999940 0.999999940
v 0.639015138 -4.51143742 -0.24003026 0.999999940 0.999999940 0.999999940
v 0.621327579 -4.35802031 -0.24925567 0.999999940 0.999999940 0.999999940
v 0.549723327 -4.6735425 -0.21978496 0.999999940 0.999999940 0.999999940
v 0.533175766 -4.52176428 -0.22341408 0.999999940 0.999999940 0.999999940
v 0.515690147 -4.36975288 -0.23262812 0.999999940 0.999999940 0.999999940
v 0.563965082 -4.82517099 -0.22176796 0.999999940 0.999999940 0.999999940
v 0.577392756 -4.97938728 -0.22408554 0.999999940 0.999999940 0.999999940
v 0.588259935 -5.1345439 -0.22841367 0.999999940 0.999999940 0.999999940
v 0.598309278 -5.28995562 -0.23267479 0.999999940 0.999999940 0.999999940
v 0.605487287 -5.44601917 -0.24091174 0.999999940 0.999999940 0.999999940
v 0.605552136 -5.60343027 -0.25527585 0.999999940 0.999999940 0.999999940
v 0.600755035 -5.76325607 -0.26935437 0.999999940 0.999999940 0.999999940
v 0.716798663 -5.92261982 -0.29926401 0.999999940 0.999999940 0.999999940
v 0.592813313 -5.92541027 -0.28137043 0.999999940 0.999999940 0.999999940
v 0.847437441 -5.91843653 -0.27133775 0.999999940 0.999999940 0.999999940
v 0.963185429 -5.91115808 -0.19778803 0.999999940 0.999999940 0.999999940
v 1.044278621 -5.90194082 -0.09089808 0.999999940 0.999999940 0.999999940
v 1.080690741 -5.89432144 0.032933447 0.999999940 0.999999940 0.999999940
v 1.067017078 -6.05801249 -0.09022653 0.999999940 0.999999940 0.999999940
v 0.978539466 -6.07000494 -0.20538817 0.999999940 0.999999940 0.999999940
v 1.102607011 -6.04980183 0.042591251 0.999999940 0.999999940 0.999999940
v 0.850056529 -6.08036232 -0.28605053 0.999999940 0.999999940 0.999999940
v 0.707928597 -6.08748007 -0.31463224 0.999999940 0.999999940 0.999999940
v 0.579100191 -6.09836149 -0.2907638 0.999999940 0.999999940 0.999999940
v 0.490654796 -5.92939758 -0.22633052 0.999999940 0.999999940 0.999999940
v 0.499499797 -5.76643896 -0.21567246 0.999999940 0.999999940 0.999999940
v 0.474869906 -6.12654257 -0.23573446 0.999999940 0.999999940 0.999999940
v 0.505103290 -5.60726929 -0.20468691 0.999999940 0.999999940 0.999999940
v 0.508412480 -5.45101833 -0.18948497 0.999999940 0.999999940 0.999999940
v 0.502347350 -5.29624844 -0.18334058 0.999999940 0.999999940 0.999999940
v 0.493683636 -5.14137173 -0.1785755 0.999999940 0.999999940 0.999999940
v 0.483134090 -4.98710966 -0.1742882 0.999999940 0.999999940 0.999999940
v 0.469060957 -4.83384848 -0.17135258 0.999999940 0.999999940 0.999999940
v 0.454139918 -4.68164492 -0.16978951 0.999999940 0.999999940 0.999999940
v 0.413016349 -4.99363708 -0.09364437 0.999999940 0.999999940 0.999999940
v 0.399617403 -4.84072065 -0.09011622 0.999999940 0.999999940 0.999999940
v 0.382780492 -4.68730354 -0.09009074 0.999999940 0.999999940 0.999999940
v 0.422103077 -5.14722157 -0.09895428 0.999999940 0.999999940 0.999999940
v 0.43099913 -5.30126429 -0.1034869 0.999999940 0.999999940 0.999999940
v 0.436557918 -5.45622635 -0.10981311 0.999999940 0.999999940 0.999999940
v 0.431025922 -5.61263943 -0.12260561 0.999999940 0.999999940 0.999999940
v 0.427115380 -5.77203512 -0.13333724 0.999999940 0.999999940 0.999999940
v 0.419707894 -5.93547106 -0.14393072 0.999999940 0.999999940 0.999999940
v 0.411348342 -6.10896111 -0.15139838 0.999999940 0.999999940 0.999999940
v 0.456305712 -6.39508343 -0.23506059 0.999999940 0.999999940 0.999999940
v 0.404217928 -6.32636261 -0.15104942 0.999999940 0.999999940 0.999999940
v 0.555766582 -6.31597805 -0.29889742 0.999999940 0.999999940 0.999999940
v 0.694676578 -6.26183987 -0.33164057 0.999999940 0.999999940 0.999999940
v 0.850527942 -6.24100304 -0.30109808 0.999999940 0.999999940 0.999999940
v 0.991213440 -6.22698212 -0.21375403 0.999999940 0.999999940 0.999999940
v 0.994190931 -6.38273144 -0.2203638 0.999999940 0.999999940 0.999999940
v 0.845318496 -6.40103197 -0.3103531 0.999999940 0.999999940 0.999999940
v 0.677538573 -6.4437294 -0.33286136 0.999999940 0.999999940 0.999999940
v 0.504734933 -6.5401001 -0.27908269 0.999999940 0.999999940 0.999999940
v 0.467802405 -6.52843285 -0.24989551 0.999999940 0.999999940 0.999999940
v 0.422145962 -6.56005192 -0.21198186 0.999999940 0.999999940 0.999999940
v 0.442331552 -6.54367733 -0.22846159 0.999999940 0.999999940 0.999999940
v 0.404219597 -6.53419924 -0.16722883 0.999999940 0.999999940 0.999999940
v 0.383951306 -6.28879786 -0.0636384 0.999999940 0.999999940 0.999999940
v 0.380541652 -6.10925531 -0.05463271 0.999999940 0.999999940 0.999999940
v 0.394593834 -6.47354984 -0.07093422 0.999999940 0.999999940 0.999999940
v 0.382550686 -5.9423461 -0.04493112 0.999999940 0.999999940 0.999999940
v 0.385896891 -5.77927446 -0.03442716 0.999999940 0.999999940 0.999999940
v 0.391662448 -5.61901855 -0.02226426 0.999999940 0.999999940 0.999999940
v 0.396947801 -5.46148348 -0.01157151 0.999999940 0.999999940 0.999999940
v 0.391937404 -5.30617189 -0.00467353 0.999999940 0.999999940 0.999999940
v 0.385280787 -5.15164137 0.001418356 0.999999940 0.999999940 0.999999940
v 0.376276463 -4.99753618 0.006416082 0.999999940 0.999999940 0.999999940
v 0.383547157 -5.15390539 0.107515022 0.999999940 0.999999940 0.999999940
v 0.369039028 -4.99921036 0.112874522 0.999999940 0.999999940 0.999999940
v 0.389265030 -5.30999327 0.101187020 0.999999940 0.999999940 0.999999940
v 0.390415877 -5.46641779 0.093940623 0.999999940 0.999999940 0.999999940
v 0.387354403 -5.62523174 0.083723157 0.999999940 0.999999940 0.999999940
v 0.384519666 -5.78612709 0.072517655 0.999999940 0.999999940 0.999999940
v 0.384678006 -5.94804192 0.061932127 0.999999940 0.999999940 0.999999940
v 0.385522246 -6.11253738 0.052156396 0.999999940 0.999999940 0.999999940
v 0.388960391 -6.279459 0.041075591 0.999999940 0.999999940 0.999999940
v 0.398860454 -6.43810892 0.032411772 0.999999940 0.999999940 0.999999940
v 0.397974491 -6.55657148 -0.07373913 0.999999940 0.999999940 0.999999940
v 0.398736327 -6.54803467 0.02837459 0.999999940 0.999999940 0.999999940
v 0.408638566 -6.56521988 -0.17849673 0.999999940 0.999999940 0.999999940
v 0.417130142 -6.55258322 -0.19197154 0.999999940 0.999999940 0.999999940
v 0.433514833 -6.55086279 -0.21017665 0.999999940 0.999999940 0.999999940
v 0.450197726 -6.54303265 -0.22800623 0.999999940 0.999999940 0.999999940
v 0.449272394 -6.54980421 -0.22394179 0.999999940 0.999999940 0.999999940
v 0.504499256 -6.56279325 -0.27776876 0.999999940 0.999999940 0.999999940
v 0.460056990 -6.55952024 -0.17671014 0.999999940 0.999999940 0.999999940
v 0.484841883 -6.55204487 -0.10165551 0.999999940 0.999999940 0.999999940
v 0.535082757 -6.5425806 -0.02112939 0.999999940 0.999999940 0.999999940
v 0.442620903 -6.53747749 0.148592829 0.999999940 0.999999940 0.999999940
v 0.594841361 -6.53305864 0.065861575 0.999999940 0.999999940 0.999999940
v 0.431888997 -6.41744471 0.147386685 0.999999940 0.999999940 0.999999940
v 0.418625623 -6.27182007 0.152868956 0.999999940 0.999999940 0.999999940
v 0.414754331 -6.11221504 0.159520581 0.999999940 0.999999940 0.999999940
v 0.415265262 -5.95077753 0.167326808 0.999999940 0.999999940 0.999999940
v 0.416874438 -5.79032516 0.175855919 0.999999940 0.999999940 0.999999940
v 0.419007003 -5.62997389 0.185203805 0.999999940 0.999999940 0.999999940
v 0.421390950 -5.47034645 0.195125713 0.999999940 0.999999940 0.999999940
v 0.420617163 -5.31194639 0.201779142 0.999999940 0.999999940 0.999999940
v 0.411964982 -5.1545186 0.209170907 0.999999940 0.999999940 0.999999940
v 0.482480406 -5.31142807 0.285431921 0.999999940 0.999999940 0.999999940
v 0.475808531 -5.15235376 0.292557627 0.999999940 0.999999940 0.999999940
v 0.485701084 -5.47167873 0.278477639 0.999999940 0.999999940 0.999999940
v 0.484473675 -5.63159323 0.270993530 0.999999940 0.999999940 0.999999940
v 0.482499986 -5.79068756 0.264451921 0.999999940 0.999999940 0.999999940
v 0.479886323 -5.94898224 0.260242044 0.999999940 0.999999940 0.999999940
v 0.479092806 -6.10634661 0.256367415 0.999999940 0.999999940 0.999999940
v 0.485742926 -6.25974751 0.252482473 0.999999940 0.999999940 0.999999940
v 0.498749494 -6.40159655 0.250656545 0.999999940 0.999999940 0.999999940
v 0.512693345 -6.52787971 0.253562867 0.999999940 0.999999940 0.999999940
v 0.666392207 -6.52361298 0.157457485 0.999999940 0.999999940 0.999999940
v 0.661452412 -6.54016113 -0.1099541 0.999999940 0.999999940 0.999999940
v 0.735351562 -6.53010988 -0.0210438 0.999999940 0.999999940 0.999999940
v 0.803254127 -6.52043676 0.080622777 0.999999940 0.999999940 0.999999940
v 0.587210118 -6.55064201 -0.18917328 0.999999940 0.999999940 0.999999940
v 0.662375330 -6.55098009 -0.36538568 0.999999940 0.999999940 0.999999940
v 0.669892072 -6.54837418 -0.26898864 0.999999940 0.999999940 0.999999940
v 0.770754098 -6.53950167 -0.21780878 0.999999940 0.999999940 0.999999940
v 0.873018145 -6.52950478 -0.12006125 0.999999940 0.999999940 0.999999940
v 0.950124979 -6.51923084 0.002283819 0.999999940 0.999999940 0.999999940
v 0.735967397 -6.51428509 0.262098461 0.999999940 0.999999940 0.999999940
v 0.863696038 -6.51079082 0.206166163 0.999999940 0.999999940 0.999999940
v 0.986520171 -6.5091691 0.144827008 0.999999940 0.999999940 0.999999940
v 0.594780445 -6.5190239 0.332113772 0.999999940 0.999999940 0.999999940
v 0.587855041 -6.38645267 0.325850844 0.999999940 0.999999940 0.999999940
v 0.580078661 -6.24415779 0.325311273 0.999999940 0.999999940 0.999999940
v 0.575294673 -6.09572506 0.328133344 0.999999940 0.999999940 0.999999940
v 0.575695514 -5.94283867 0.327561855 0.999999940 0.999999940 0.999999940
v 0.575174748 -5.78696156 0.329524815 0.999999940 0.999999940 0.999999940
v 0.574415087 -5.62924099 0.332721769 0.999999940 0.999999940 0.999999940
v 0.574005425 -5.46888256 0.336946249 0.999999940 0.999999940 0.999999940
v 0.56953758 -5.30812788 0.343934714 0.999999940 0.999999940 0.999999940
v 0.680861175 -5.62214422 0.362845569 0.999999940 0.999999940 0.999999940
v 0.676567435 -5.46263885 0.366858601 0.999999940 0.999999940 0.999999940
v 0.671604275 -5.30181789 0.369434982 0.999999940 0.999999940 0.999999940
v 0.685473024 -5.77921772 0.362994641 0.999999940 0.999999940 0.999999940
v 0.689590454 -5.93314934 0.363970875 0.999999940 0.999999940 0.999999940
v 0.691540598 -6.08297443 0.367290079 0.999999940 0.999999940 0.999999940
v 0.690983712 -6.22885895 0.368625730 0.999999940 0.999999940 0.999999940
v 0.687900960 -6.37194347 0.371527761 0.999999940 0.999999940 0.999999940
v 0.689580678 -6.51046991 0.387477129 0.999999940 0.999999940 0.999999940
v 0.800724625 -6.50367689 0.403814911 0.999999940 0.999999940 0.999999940
v 0.932496190 -6.49920034 0.379972666 0.999999940 0.999999940 0.999999940
v 1.038825869 -6.49722767 0.320624649 0.999999940 0.999999940 0.999999940
v 1.143377661 -6.50678682 0.100842945 0.999999940 0.999999940 0.999999940
v 1.115608334 -6.49867916 0.229083091 0.999999940 0.999999940 0.999999940
v 1.107684969 -6.51979733 -0.07709119 0.999999940 0.999999940 0.999999940
v 1.007739782 -6.53145123 -0.23509179 0.999999940 0.999999940 0.999999940
v 0.849591314 -6.53963423 -0.34052822 0.999999940 0.999999940 0.999999940
v 1.106109142 -6.37171602 -0.08980295 0.999999940 0.999999940 0.999999940
v 1.138392806 -6.35999155 0.069884501 0.999999940 0.999999940 0.999999940
v 1.096960544 -6.35216999 0.206757724 0.999999940 0.999999940 0.999999940
v 1.027594447 -6.35170698 0.296517014 0.999999940 0.999999940 0.999999940
v 0.929389357 -6.3542428 0.359693139 0.999999940 0.999999940 0.999999940
v 0.808049023 -6.36047316 0.386018246 0.999999940 0.999999940 0.999999940
v 0.812612652 -6.2170167 0.379136025 0.999999940 0.999999940 0.999999940
v 0.813494443 -6.07029676 0.373268753 0.999999940 0.999999940 0.999999940
v 0.809060633 -5.91994286 0.366885691 0.999999940 0.999999940 0.999999940
v 0.799969255 -5.76697206 0.362673252 0.999999940 0.999999940 0.999999940
v 0.790347576 -5.6112752 0.358549803 0.999999940 0.999999940 0.999999940
v 0.893112897 -5.5989356 0.316134840 0.999999940 0.999999940 0.999999940
v 0.907045900 -5.75288677 0.323588818 0.999999940 0.999999940 0.999999940
v 0.920445561 -5.90657902 0.332810372 0.999999940 0.999999940 0.999999940
v 0.929077446 -6.05936623 0.345584660 0.999999940 0.999999940 0.999999940
v 0.930851042 -6.20867443 0.352660596 0.999999940 0.999999940 0.999999940
v 1.030738115 -6.20393181 0.287202894 0.999999940 0.999999940 0.999999940
v 1.100037813 -6.20329142 0.184324279 0.999999940 0.999999940 0.999999940
v 1.122894287 -6.20609951 0.051204733 0.999999940 0.999999940 0.999999940
v 1.087692022 -6.21456957 -0.08906931 0.999999940 0.999999940 0.999999940
v 1.087224841 -6.04788256 0.169697687 0.999999940 0.999999940 0.999999940
v 1.024085164 -6.05167198 0.273892939 0.999999940 0.999999940 0.999999940
v 1.012148618 -5.89643908 0.260484933 0.999999940 0.999999940 0.999999940
v 1.068616151 -5.89215183 0.155519232 0.999999940 0.999999940 0.999999940
v 0.466767370 -4.99315977 0.296774029 0.999999940 0.999999940 0.999999940
v 0.401788532 -4.99772072 0.214031502 0.999999940 0.999999940 0.999999940
v 0.35987553 -4.84424162 0.008989970 0.999999940 0.999999940 0.999999940
v 0.345604151 -4.6894865 0.009697111 0.999999940 0.999999940 0.999999940
v 0.32991606 -4.53484488 0.007558852 0.999999940 0.999999940 0.999999940
v 0.367392778 -4.53410435 -0.09243421 0.999999940 0.999999940 0.999999940
v 0.438361287 -4.52959251 -0.17272314 0.999999940 0.999999940 0.999999940
v 0.313920527 -4.38082981 0.003787606 0.999999940 0.999999940 0.999999940
v 0.351803809 -4.38090086 -0.09696672 0.999999940 0.999999940 0.999999940
v 0.422166883 -4.37745523 -0.17903766 0.999999940 0.999999940 0.999999940
v 0.499062746 -4.21656799 -0.23937015 0.999999940 0.999999940 0.999999940
v 0.603887438 -4.20385551 -0.25797176 0.999999940 0.999999940 0.999999940
v 0.482296347 -4.06492043 -0.24881089 0.999999940 0.999999940 0.999999940
v 0.586148977 -4.04962015 -0.26436728 0.999999940 0.999999940 0.999999940
v 0.759030640 -3.85039067 -0.20305791 0.999999940 0.999999940 0.999999940
v 0.736824572 -3.66564846 -0.22553964 0.999999940 0.999999940 0.999999940
v 0.818815469 -3.39611125 -0.0823974 0.999999940 0.999999940 0.999999940
v 0.793088913 -3.12883949 -0.12016344 0.999999940 0.999999940 0.999999940
v 0.761142015 -2.8624897 -0.12902179 0.999999940 0.999999940 0.999999940
v 0.760551333 -2.88908553 -0.01941801 0.999999940 0.999999940 0.999999940
v 0.730567753 -2.92202544 0.071444891 0.999999940 0.999999940 0.999999940
v 0.741276741 -2.58832574 -0.07057682 0.999999940 0.999999940 0.999999940
v 0.727022409 -2.64083505 0.039429467 0.999999940 0.999999940 0.999999940
v 0.684428572 -2.71058369 0.118064440 0.999999940 0.999999940 0.999999940
v 0.717614471 -2.57069468 -0.20999707 0.999999940 0.999999940 0.999999940
v 0.658552944 -2.59853864 -0.32989031 0.999999940 0.999999940 0.999999940
v 0.724596679 -2.45480752 -0.17998654 0.999999940 0.999999940 0.999999940
v 0.659331917 -2.43975234 -0.31231698 0.999999940 0.999999940 0.999999940
v 0.742359161 -2.48556948 -0.03879593 0.999999940 0.999999940 0.999999940
v 0.717055678 -2.53107357 0.082815729 0.999999940 0.999999940 0.999999940
v 0.637979507 -2.59410763 0.198502972 0.999999940 0.999999940 0.999999940
v 0.588449120 -2.72252631 0.218214690 0.999999940 0.999999940 0.999999940
v 0.625907421 -2.7904861 0.176566675 0.999999940 0.999999940 0.999999940
v 0.418292969 -2.80262232 0.289305150 0.999999940 0.999999940 0.999999940
v 0.457601159 -2.60968089 0.314262777 0.999999940 0.999999940 0.999999940
v 0.724518120 -2.38001204 0.148378551 0.999999940 0.999999940 0.999999940
v 0.625739038 -2.40506649 0.275793552 0.999999940 0.999999940 0.999999940
v 0.444206506 -2.41377187 0.373988628 0.999999940 0.999999940 0.999999940
v 0.760799706 -2.35024881 0.002601843 0.999999940 0.999999940 0.999999940
v 0.744637191 -2.31946731 -0.15299402 0.999999940 0.999999940 0.999999940
v 0.672253251 -2.29196358 -0.29690704 0.999999940 0.999999940 0.999999940
v 0.548050880 -2.26974058 -0.41436011 0.999999940 0.999999940 0.999999940
v 0.695511579 -2.14758778 -0.28151006 0.999999940 0.999999940 0.999999940
v 0.564142942 -2.11166739 -0.40926954 0.999999940 0.999999940 0.999999940
v 0.773906827 -2.18044138 -0.12279581 0.999999940 0.999999940 0.999999940
v 0.788712263 -2.20563841 0.049465894 0.999999940 0.999999940 0.999999940
v 0.739819467 -2.2224915 0.213510826 0.999999940 0.999999940 0.999999940
v 0.619899213 -2.22883725 0.351297527 0.999999940 0.999999940 0.999999940
v 0.436094969 -2.22519088 0.440011739 0.999999940 0.999999940 0.999999940
v 0.222096025 -2.21397781 0.480106622 0.999999940 0.999999940 0.999999940
v 0.224060162 -2.40312195 0.419565439 0.999999940 0.999999940 0.999999940
v 0.224780991 -2.58989429 0.368089526 0.999999940 0.999999940 0.999999940
v 0.204255908 -2.75779986 0.332597643 0.999999940 0.999999940 0.999999940
v 0 -2.57709503 0.384366810 0.999999940 0.999999940 0.999999940
v 0 -2.742167 0.347433060 0.999999940 0.999999940 0.999999940
v 0 -2.39608669 0.433257132 0.999999940 0.999999940 0.999999940
v 0.435216993 -2.03676748 0.505133509 0.999999940 0.999999940 0.999999940
v 0.222548365 -2.02001452 0.546330153 0.999999940 0.999999940 0.999999940
v 0.623629748 -2.05201721 0.416940838 0.999999940 0.999999940 0.999999940
v 0.757457912 -2.06096315 0.271397382 0.999999940 0.999999940 0.999999940
v 0.820354759 -2.05919027 0.092305570 0.999999940 0.999999940 0.999999940
v 0.809745311 -2.04114771 -0.09531393 0.999999940 0.999999940 0.999999940
v 0.730670750 -2.00595856 -0.26573253 0.999999940 0.999999940 0.999999940
v 0.593327045 -1.95706773 -0.40064332 0.999999940 0.999999940 0.999999940
v 0.393434971 -2.07445502 -0.49763471 0.999999940 0.999999940 0.999999940
v 0.415269404 -1.90544868 -0.48732993 0.999999940 0.999999940 0.999999940
v 0.380486637 -2.24545598 -0.50733471 0.999999940 0.999999940 0.999999940
v 0.632988154 -1.80758691 -0.38881183 0.999999940 0.999999940 0.999999940
v 0.445215910 -1.73963952 -0.47333923 0.999999940 0.999999940 0.999999940
v 0.769928574 -1.86779249 -0.24784864 0.999999940 0.999999940 0.999999940
v 0.847211420 -1.90609276 -0.07012893 0.999999940 0.999999940 0.999999940
v 0.852321922 -1.91601896 0.127385973 0.999999940 0.999999940 0.999999940
v 0.779395997 -1.9004606 0.317808717 0.999999940 0.999999940 0.999999940
v 0.634896874 -1.87196541 0.466974556 0.999999940 0.999999940 0.999999940
v 0.658118426 -1.69042599 0.489124149 0.999999940 0.999999940 0.999999940
v 0.804141998 -1.74631953 0.340288668 0.999999940 0.999999940 0.999999940
v 0.885908484 -1.78004968 0.151304662 0.999999940 0.999999940 0.999999940
v 0.884471356 -1.77593911 -0.04930185 0.999999940 0.999999940 0.999999940
v 0.812615335 -1.73545814 -0.22679488 0.999999940 0.999999940 0.999999940
v 0.676095664 -1.66404748 -0.36464489 0.999999940 0.999999940 0.999999940
v 0.486706674 -1.57592821 -0.45448092 0.999999940 0.999999940 0.999999940
v 0.259489059 -1.49901676 -0.50313103 0.999999940 0.999999940 0.999999940
v 0 -1.4788152 -0.52084064 0.999999940 0.999999940 0.999999940
v 0.548096001 -1.42205894 -0.42269036 0.999999940 0.999999940 0.999999940
v 0.313547223 -1.28048813 -0.46613801 0.999999940 0.999999940 0.999999940
v 0 -1.27768469 -0.47789058 0.999999940 0.999999940 0.999999940
v 0.727405130 -1.53031051 -0.33663434 0.999999940 0.999999940 0.999999940
v 0.854993999 -1.6091646 -0.20206717 0.999999940 0.999999940 0.999999940
v 0.917796075 -1.65241683 -0.03251551 0.999999940 0.999999940 0.999999940
v 0.916073143 -1.6507895 0.159671053 0.999999940 0.999999940 0.999999940
v 0.836270928 -1.60200036 0.341073691 0.999999940 0.999999940 0.999999940
v 0.698440730 -1.52025211 0.477091491 0.999999940 0.999999940 0.999999940
v 0.751887679 -1.37850797 0.437833935 0.999999940 0.999999940 0.999999940
v 0.870711922 -1.47287667 0.318855375 0.999999940 0.999999940 0.999999940
v 0.942709088 -1.53121662 0.156256690 0.999999940 0.999999940 0.999999940
v 0.951543271 -1.53598166 -0.01693789 0.999999940 0.999999940 0.999999940
v 0.898721218 -1.49202812 -0.17385285 0.999999940 0.999999940 0.999999940
v 0.793145000 -1.41112065 -0.29856554 0.999999940 0.999999940 0.999999940
v 0.648731291 -1.30333519 -0.37998888 0.999999940 0.999999940 0.999999940
v 0.512630343 -1.16584611 -0.40835461 0.999999940 0.999999940 0.999999940
v 0.235089466 -1.06725717 -0.423345 0.999999940 0.999999940 0.999999940
v 0.435698807 -1.01363707 -0.38842416 0.999999940 0.999999940 0.999999940
v 0 -1.08572793 -0.42614961 0.999999940 0.999999940 0.999999940
v -0.23508947 -1.06725717 -0.423345 0.999999940 0.999999940 0.999999940
v -0.43569881 -1.01363707 -0.38842416 0.999999940 0.999999940 0.999999940
v -0.39158204 -0.85285056 -0.31864053 0.999999940 0.999999940 0.999999940
v -0.19814239 -0.88029981 -0.33740988 0.999999940 0.999999940 0.999999940
v 0 -0.89317548 -0.34496754 0.999999940 0.999999940 0.999999940
v 0.198142394 -0.88029981 -0.33740988 0.999999940 0.999999940 0.999999940
v 0.391582042 -0.85285056 -0.31864053 0.999999940 0.999999940 0.999999940
v 0.695253968 -1.07535255 -0.34215131 0.999999940 0.999999940 0.999999940
v 0.64307338 -0.95486099 -0.3288179 0.999999940 0.999999940 0.999999940
v 0.611564457 -0.82350278 -0.2775082 0.999999940 0.999999940 0.999999940
v 0.778175115 -1.19465172 -0.31794536 0.999999940 0.999999940 0.999999940
v 0.872556746 -1.30445099 -0.24930422 0.999999940 0.999999940 0.999999940
v 0.952273607 -1.38766968 -0.14072061 0.999999940 0.999999940 0.999999940
v 0.992268323 -1.43088627 -0.00202701 0.999999940 0.999999940 0.999999940
v 0.977818369 -1.42216468 0.148618921 0.999999940 0.999999940 0.999999940
v 0.9169119 -1.3584646 0.284095823 0.999999940 0.999999940 0.999999940
v 0.825015246 -1.25838077 0.381499439 0.999999940 0.999999940 0.999999940
v 0.986240088 -1.26101065 0.249330014 0.999999940 0.999999940 0.999999940
v 0.929381191 -1.15534127 0.326599985 0.999999940 0.999999940 0.999999940
v 1.027664899 -1.33154118 0.140754967 0.999999940 0.999999940 0.999999940
v 1.039051771 -1.34176123 0.017435869 0.999999940 0.999999940 0.999999940
v 1.020341634 -1.29462361 -0.09613296 0.999999940 0.999999940 0.999999940
v 0.984173953 -1.21664989 -0.1801165 0.999999940 0.999999940 0.999999940
v 0.941328108 -1.12525868 -0.23816526 0.999999940 0.999999940 0.999999940
v 0.897108972 -1.02286088 -0.27398455 0.999999940 0.999999940 0.999999940
v 0.861039698 -0.92144513 -0.27623439 0.999999940 0.999999940 0.999999940
v 0.826165497 -0.81495535 -0.24922954 0.999999940 0.999999940 0.999999940
v 0.374231129 -0.71816188 -0.2080797 0.999999940 0.999999940 0.999999940
v 0.602680921 -0.70224988 -0.17818233 0.999999940 0.999999940 0.999999940
v 0.823749005 -0.72136784 -0.18651986 0.999999940 0.999999940 0.999999940
v 0.183075949 -0.73100221 -0.2088315 0.999999940 0.999999940 0.999999940
v 0 -0.74219298 -0.21979809 0.999999940 0.999999940 0.999999940
v -0.18307595 -0.73100221 -0.2088315 0.999999940 0.999999940 0.999999940
v 0 -0.63248891 -0.09429595 0.999999940 0.999999940 0.999999940
v 0.185065880 -0.61713868 -0.05301123 0.999999940 0.999999940 0.999999940
v 0.380468696 -0.63096583 -0.08228577 0.999999940 0.999999940 0.999999940
v 0.619962513 -0.64191574 -0.08507016 0.999999940 0.999999940 0.999999940
v 0.772711992 -0.7010991 -0.12448869 0.999999940 0.999999940 0.999999940
v 0.817217946 -0.699242 -0.12075366 0.999999940 0.999999940 0.999999940
v 0.831007242 -0.69094098 -0.15230869 0.999999940 0.999999940 0.999999940
v 1.095473289 -0.79363793 -0.1477681 0.999999940 0.999999940 0.999999940
v 1.090356826 -0.86229795 -0.1976359 0.999999940 0.999999940 0.999999940
v 1.102279424 -0.75064063 -0.08640751 0.999999940 0.999999940 0.999999940
v 1.092756032 -0.94167852 -0.22498789 0.999999940 0.999999940 0.999999940
v 1.102640867 -1.0322963 -0.23101838 0.999999940 0.999999940 0.999999940
v 1.118725419 -1.12862504 -0.21090259 0.999999940 0.999999940 0.999999940
v 1.131692886 -1.22304523 -0.16207825 0.999999940 0.999999940 0.999999940
v 1.141604065 -1.29836988 -0.07356281 0.999999940 0.999999940 0.999999940
v 1.144316315 -1.33472598 0.034267541 0.999999940 0.999999940 0.999999940
v 1.137498140 -1.31663418 0.151539579 0.999999940 0.999999940 0.999999940
v 1.276309490 -1.35002017 0.050644308 0.999999940 0.999999940 0.999999940
v 1.274710536 -1.33371675 0.162261262 0.999999940 0.999999940 0.999999940
v 1.278729319 -1.32480359 -0.05578755 0.999999940 0.999999940 0.999999940
v 1.282521247 -1.26350307 -0.14119004 0.999999940 0.999999940 0.999999940
v 1.287839293 -1.17793298 -0.19261798 0.999999940 0.999999940 0.999999940
v 1.292860984 -1.08641505 -0.21161558 0.999999940 0.999999940 0.999999940
v 1.297103285 -0.99886519 -0.20710628 0.999999940 0.999999940 0.999999940
v 1.303468346 -0.91843319 -0.17685904 0.999999940 0.999999940 0.999999940
v 1.310482859 -0.85174239 -0.12206297 0.999999940 0.999999940 0.999999940
v 1.316778540 -0.8056559 -0.05098012 0.999999940 0.999999940 0.999999940
v 1.114301443 -0.72120929 -0.0154508 0.999999940 0.999999940 0.999999940
v 1.321866631 -0.78102654 0.035815171 0.999999940 0.999999940 0.999999940
v 0.834703862 -0.67422038 -0.13061216 0.999999940 0.999999940 0.999999940
v 0.826555252 -0.70051759 -0.084534 0.999999940 0.999999940 0.999999940
v 0.770255148 -0.64216167 -0.03656487 0.999999940 0.999999940 0.999999940
v 0.836325824 -0.6200853 -0.00179001 0.999999940 0.999999940 0.999999940
v 0.954900741 -0.65653986 0.046563096 0.999999940 0.999999940 0.999999940
v 1.137366414 -0.71942329 0.103505186 0.999999940 0.999999940 0.999999940
v 1.323438525 -0.79029584 0.133935347 0.999999940 0.999999940 0.999999940
v 1.503512978 -0.83524787 0.051829457 0.999999940 0.999999940 0.999999940
v 1.499882221 -0.85331088 -0.03529355 0.999999940 0.999999940 0.999999940
v 1.503719687 -0.85007191 0.145226612 0.999999940 0.999999940 0.999999940
v 1.493884325 -0.8967433 -0.11139585 0.999999940 0.999999940 0.999999940
v 1.484781861 -0.96471274 -0.16717257 0.999999940 0.999999940 0.999999940
v 1.474200725 -1.04727983 -0.19941464 0.999999940 0.999999940 0.999999940
v 1.462481737 -1.13727427 -0.20524509 0.999999940 0.999999940 0.999999940
v 1.449604034 -1.227754 -0.18242988 0.999999940 0.999999940 0.999999940
v 1.438007235 -1.30553627 -0.12550157 0.999999940 0.999999940 0.999999940
v 1.429798483 -1.35885584 -0.04009598 0.999999940 0.999999940 0.999999940
v 1.426170349 -1.37930572 0.063482455 0.999999940 0.999999940 0.999999940
v 1.428979396 -1.35524201 0.167552948 0.999999940 0.999999940 0.999999940
v 1.596343517 -1.37576127 0.167248055 0.999999940 0.999999940 0.999999940
v 1.590813756 -1.40321517 0.072757385 0.999999940 0.999999940 0.999999940
v 1.593485713 -1.38815486 -0.02370691 0.999999940 0.999999940 0.999999940
v 1.602738618 -1.33901131 -0.10566587 0.999999940 0.999999940 0.999999940
v 1.615231990 -1.26643848 -0.16449004 0.999999940 0.999999940 0.999999940
v 1.629561185 -1.17865443 -0.19187179 0.999999940 0.999999940 0.999999940
v 1.643388390 -1.08721769 -0.18978713 0.999999940 0.999999940 0.999999940
v 1.654917597 -1.00305545 -0.15949556 0.999999940 0.999999940 0.999999940
v 1.664192676 -0.93399179 -0.10447939 0.999999940 0.999999940 0.999999940
v 1.670503377 -0.88834041 -0.02949768 0.999999940 0.999999940 0.999999940
v 1.672834873 -0.87390721 0.057709399 0.999999940 0.999999940 0.999999940
v 1.670528292 -0.89159507 0.148057982 0.999999940 0.999999940 0.999999940
v 1.493847608 -0.90325332 0.229262948 0.999999940 0.999999940 0.999999940
v 1.315139055 -0.8440004 0.230666175 0.999999940 0.999999940 0.999999940
v 1.663156628 -0.94386524 0.226341486 0.999999940 0.999999940 0.999999940
v 1.126027703 -0.77203333 0.218444243 0.999999940 0.999999940 0.999999940
v 0.960081815 -0.69585437 0.192883729 0.999999940 0.999999940 0.999999940
v 0.808739602 -0.92092299 0.381211787 0.999999940 0.999999940 0.999999940
v 1.086611270 -0.88391298 0.320408463 0.999999940 0.999999940 0.999999940
v 1.299875974 -0.9393115 0.303612083 0.999999940 0.999999940 0.999999940
v 1.481901288 -0.98873442 0.293195247 0.999999940 0.999999940 0.999999940
v 1.651510357 -1.02695787 0.282180488 0.999999940 0.999999940 0.999999940
v 1.831796646 -0.97654617 0.220704168 0.999999940 0.999999940 0.999999940
v 1.839723467 -0.92477959 0.146152004 0.999999940 0.999999940 0.999999940
v 1.820029139 -1.05572748 0.272283703 0.999999940 0.999999940 0.999999940
v 1.842250227 -0.90807432 0.059320401 0.999999940 0.999999940 0.999999940
v 1.839857339 -0.92277718 -0.02617683 0.999999940 0.999999940 0.999999940
v 1.832944750 -0.96846956 -0.100082 0.999999940 0.999999940 0.999999940
v 1.822264432 -1.0384618 -0.15235944 0.999999940 0.999999940 0.999999940
v 1.809363484 -1.12252593 -0.17752723 0.999999940 0.999999940 0.999999940
v 1.795805692 -1.21254182 -0.17719176 0.999999940 0.999999940 0.999999940
v 1.782611846 -1.29723942 -0.14592977 0.999999940 0.999999940 0.999999940
v 1.771376848 -1.36774993 -0.08967618 0.999999940 0.999999940 0.999999940
v 1.764390349 -1.41179657 -0.01057351 0.999999940 0.999999940 0.999999940
v 1.943060874 -1.38815081 -0.07570544 0.999999940 0.999999940 0.999999940
v 1.938753724 -1.42491293 0.000752051 0.999999940 0.999999940 0.999999940
v 1.951091170 -1.32298541 -0.13087749 0.999999940 0.999999940 0.999999940
v 1.962025046 -1.24196541 -0.1612937 0.999999940 0.999999940 0.999999940
v 1.974980950 -1.1570363 -0.16705182 0.999999940 0.999999940 0.999999940
v 1.987979292 -1.07727027 -0.14142159 0.999999940 0.999999940 0.999999940
v 1.999351024 -1.010167 -0.09347934 0.999999940 0.999999940 0.999999940
v 2.007791042 -0.96499151 -0.02483398 0.999999940 0.999999940 0.999999940
v 2.010815382 -0.95020133 0.056196734 0.999999940 0.999999940 0.999999940
v 2.008373260 -0.96588945 0.137705341 0.999999940 0.999999940 0.999999940
v 2.000482797 -1.01282287 0.208250150 0.999999940 0.999999940 0.999999940
v 1.987990498 -1.08573472 0.257990717 0.999999940 0.999999940 0.999999940
v 1.637157321 -1.12672436 0.308294504 0.999999940 0.999999940 0.999999940
v 1.805921912 -1.15023947 0.294568955 0.999999940 0.999999940 0.999999940
v 1.973658442 -1.17271912 0.277366697 0.999999940 0.999999940 0.999999940
v 1.466956973 -1.09562194 0.319640576 0.999999940 0.999999940 0.999999940
v 1.289186000 -1.05406475 0.335153877 0.999999940 0.999999940 0.999999940
v 1.452368617 -1.20025706 0.305613309 0.999999940 0.999999940 0.999999940
v 1.621675849 -1.22825491 0.294464170 0.999999940 0.999999940 0.999999940
v 1.279437899 -1.16781485 0.319068521 0.999999940 0.999999940 0.999999940
v 1.791095972 -1.24701774 0.280781596 0.999999940 0.999999940 0.999999940
v 1.959967732 -1.26299322 0.268392443 0.999999940 0.999999940 0.999999940
v 2.142327308 -1.19622147 0.260409772 0.999999940 0.999999940 0.999999940
v 2.130105972 -1.27866077 0.256421089 0.999999940 0.999999940 0.999999940
v 2.155730485 -1.11578369 0.241801396 0.999999940 0.999999940 0.999999940
v 2.168095827 -1.05000901 0.193405568 0.999999940 0.999999940 0.999999940
v 2.175884962 -1.01006472 0.125634774 0.999999940 0.999999940 0.999999940
v 2.178180217 -0.99547416 0.049519579 0.999999940 0.999999940 0.999999940
v 2.174791574 -1.00937808 -0.02688316 0.999999940 0.999999940 0.999999940
v 2.165858745 -1.05409658 -0.08959448 0.999999940 0.999999940 0.999999940
v 2.154067277 -1.11733794 -0.1334518 0.999999940 0.999999940 0.999999940
v 2.141274452 -1.1920805 -0.15154536 0.999999940 0.999999940 0.999999940
v 2.130066633 -1.26974463 -0.14698768 0.999999940 0.999999940 0.999999940
v 2.121357679 -1.34411836 -0.11793862 0.999999940 0.999999940 0.999999940
v 2.299973487 -1.29424202 -0.13213146 0.999999940 0.999999940 0.999999940
v 2.292231559 -1.35860419 -0.1022757 0.999999940 0.999999940 0.999999940
v 2.309898376 -1.2245003 -0.13927659 0.999999940 0.999999940 0.999999940
v 2.320748329 -1.15730262 -0.12363595 0.999999940 0.999999940 0.999999940
v 2.331422090 -1.09929192 -0.08509593 0.999999940 0.999999940 0.999999940
v 2.339910984 -1.05929697 -0.02888613 0.999999940 0.999999940 0.999999940
v 2.344168424 -1.04215729 0.039146449 0.999999940 0.999999940 0.999999940
v 2.343977212 -1.05063379 0.111260764 0.999999940 0.999999940 0.999999940
v 2.336271524 -1.08463943 0.176790937 0.999999940 0.999999940 0.999999940
v 2.324608802 -1.14183903 0.225203961 0.999999940 0.999999940 0.999999940
v 2.312527418 -1.21615553 0.246686145 0.999999940 0.999999940 0.999999940
v 2.301834106 -1.29140604 0.243632346 0.999999940 0.999999940 0.999999940
v 2.121098041 -1.35346401 0.222819536 0.999999940 0.999999940 0.999999940
v 2.293481349 -1.35998833 0.213546931 0.999999940 0.999999940 0.999999940
v 1.948819279 -1.34373164 0.228820011 0.999999940 0.999999940 0.999999940
v 1.777891635 -1.33192146 0.237076923 0.999999940 0.999999940 0.999999940
v 1.607096314 -1.31495857 0.244262546 0.999999940 0.999999940 0.999999940
v 1.768167853 -1.39210546 0.166664123 0.999999940 0.999999940 0.999999940
v 1.941484928 -1.40390277 0.165877804 0.999999940 0.999999940 0.999999940
v 2.115678787 -1.40771735 0.162449806 0.999999940 0.999999940 0.999999940
v 2.288198709 -1.41053748 0.158651068 0.999999940 0.999999940 0.999999940
v 2.468263149 -1.30148828 0.228941232 0.999999940 0.999999940 0.999999940
v 2.461605310 -1.365291 0.201097980 0.999999940 0.999999940 0.999999940
v 2.457337379 -1.41465676 0.153236776 0.999999940 0.999999940 0.999999940
v 2.477922201 -1.23117101 0.231628939 0.999999940 0.999999940 0.999999940
v 2.499092340 -1.16121137 0.200986772 0.999999940 0.999999940 0.999999940
v 2.508962392 -1.11372018 0.153168559 0.999999940 0.999999940 0.999999940
v 2.511542797 -1.08534205 0.093668684 0.999999940 0.999999940 0.999999940
v 2.509374380 -1.08014107 0.027963567 0.999999940 0.999999940 0.999999940
v 2.503812074 -1.09868443 -0.03243744 0.999999940 0.999999940 0.999999940
v 2.496513843 -1.13855565 -0.08245623 0.999999940 0.999999940 0.999999940
v 2.487578630 -1.19078207 -0.11586726 0.999999940 0.999999940 0.999999940
v 2.657229661 -1.17091799 -0.07175429 0.999999940 0.999999940 0.999999940
v 2.657829523 -1.13766229 -0.02289612 0.999999940 0.999999940 0.999999940
v 2.652051448 -1.21912467 -0.10557286 0.999999940 0.999999940 0.999999940
v 2.654280901 -1.12212276 0.030137157 0.999999940 0.999999940 0.999999940
v 2.657315969 -1.12552297 0.080788880 0.999999940 0.999999940 0.999999940
v 2.680415630 -1.14949322 0.128427460 0.999999940 0.999999940 0.999999940
v 2.732929468 -1.19538224 0.173672467 0.999999940 0.999999940 0.999999940
v 2.664321661 -1.25072038 0.207170233 0.999999940 0.999999940 0.999999940
v 2.637253522 -1.30946767 0.210304081 0.999999940 0.999999940 0.999999940
v 2.625133752 -1.36468434 0.188277408 0.999999940 0.999999940 0.999999940
v 2.621097564 -1.41006291 0.146037921 0.999999940 0.999999940 0.999999940
v 2.285901784 -1.43598604 0.089752525 0.999999940 0.999999940 0.999999940
v 2.455623626 -1.43732488 0.089597970 0.999999940 0.999999940 0.999999940
v 2.621290922 -1.43642831 0.089249193 0.999999940 0.999999940 0.999999940
v 2.112840890 -1.43589079 0.088700674 0.999999940 0.999999940 0.999999940
v 1.938126921 -1.42982745 0.084829025 0.999999940 0.999999940 0.999999940
v 2.112965345 -1.43144798 0.009952021 0.999999940 0.999999940 0.999999940
v 2.285685539 -1.43515778 0.017363240 0.999999940 0.999999940 0.999999940
v 2.456044197 -1.435606 0.022560585 0.999999940 0.999999940 0.999999940
v 2.623204469 -1.43633401 0.028634348 0.999999940 0.999999940 0.999999940
v 2.785162687 -1.40990889 0.155823409 0.999999940 0.999999940 0.999999940
v 2.787516117 -1.43303728 0.101349331 0.999999940 0.999999940 0.999999940
v 2.791424751 -1.43711138 0.042322721 0.999999940 0.999999940 0.999999940
v 2.786998987 -1.3709861 0.196368336 0.999999940 0.999999940 0.999999940
v 2.794796466 -1.32192373 0.216787666 0.999999940 0.999999940 0.999999940
v 2.808645963 -1.2689743 0.213034257 0.999999940 0.999999940 0.999999940
v 2.827057361 -1.22209179 0.187923997 0.999999940 0.999999940 0.999999940
v 2.852108955 -1.19256377 0.152135357 0.999999940 0.999999940 0.999999940
v 2.815359592 -1.16626263 0.107189789 0.999999940 0.999999940 0.999999940
v 2.806523561 -1.1972872 0.167813092 0.999999940 0.999999940 0.999999940
v 2.841573953 -1.20559382 0.174070566 0.999999940 0.999999940 0.999999940
v 2.794815778 -1.19861329 0.171775504 0.999999940 0.999999940 0.999999940
v 2.771195411 -1.14860845 0.073407992 0.999999940 0.999999940 0.999999940
v 2.776452541 -1.14931154 0.039246890 0.999999940 0.999999940 0.999999940
v 2.825273037 -1.15602744 0.068644791 0.999999940 0.999999940 0.999999940
v 2.872447013 -1.16512859 0.065397232 0.999999940 0.999999940 0.999999940
v 2.890415430 -1.17882931 0.118499547 0.999999940 0.999999940 0.999999940
v 2.8997612 -1.17304456 0.09585388 0.999999940 0.999999940 0.999999940
v 2.946228504 -1.18826842 0.133887663 0.999999940 0.999999940 0.999999940
v 2.922025442 -1.22092319 0.191172093 0.999999940 0.999999940 0.999999940
v 2.947858333 -1.28285074 0.240414232 0.999999940 0.999999940 0.999999940
v 2.947614193 -1.33906913 0.247975707 0.999999940 0.999999940 0.999999940
v 2.945051670 -1.3872093 0.226100236 0.999999940 0.999999940 0.999999940
v 2.946934461 -1.4242841 0.182769715 0.999999940 0.999999940 0.999999940
v 2.953203678 -1.44680333 0.123468399 0.999999940 0.999999940 0.999999940
v 2.961393833 -1.45138872 0.057356089 0.999999940 0.999999940 0.999999940
v 2.626735687 -1.41912663 -0.02843229 0.999999940 0.999999940 0.999999940
v 2.794238567 -1.42427874 -0.01204622 0.999999940 0.999999940 0.999999940
v 2.967247009 -1.43995178 -0.00366714 0.999999940 0.999999940 0.999999940
v 2.458312988 -1.41483557 -0.0405928 0.999999940 0.999999940 0.999999940
v 2.462647914 -1.37274969 -0.09049632 0.999999940 0.999999940 0.999999940
v 2.63144207 -1.38418722 -0.07601463 0.999999940 0.999999940 0.999999940
v 2.797456264 -1.39382994 -0.05660637 0.999999940 0.999999940 0.999999940
v 2.961067199 -1.40906179 -0.05488225 0.999999940 0.999999940 0.999999940
v 3.106480598 -1.46739233 -0.0063347 0.999999940 0.999999940 0.999999940
v 3.116360664 -1.48044062 0.075483292 0.999999940 0.999999940 0.999999940
v 3.092882633 -1.43656754 -0.07702716 0.999999940 0.999999940 0.999999940
v 3.115760326 -1.47792387 0.161346137 0.999999940 0.999999940 0.999999940
v 3.106104373 -1.45281625 0.230372592 0.999999940 0.999999940 0.999999940
v 3.100867033 -1.41471231 0.279327958 0.999999940 0.999999940 0.999999940
v 3.104367494 -1.36545241 0.309197098 0.999999940 0.999999940 0.999999940
v 3.112487793 -1.3045702 0.309379488 0.999999940 0.999999940 0.999999940
v 3.111202716 -1.23813224 0.259148061 0.999999940 0.999999940 0.999999940
v 3.111420631 -1.1896956 0.162312388 0.999999940 0.999999940 0.999999940
v 3.111705541 -1.16893089 0.068158023 0.999999940 0.999999940 0.999999940
v 2.962302446 -1.1743573 0.075781427 0.999999940 0.999999940 0.999999940
v 2.927371025 -1.17778718 0.105477020 0.999999940 0.999999940 0.999999940
v 3.289791107 -1.24592221 0.372389912 0.999999940 0.999999940 0.999999940
v 3.262630939 -1.17059398 0.190215304 0.999999940 0.999999940 0.999999940
v 3.245918035 -1.14825964 0.061082307 0.999999940 0.999999940 0.999999940
v 3.292837381 -1.34475172 0.419624030 0.999999940 0.999999940 0.999999940
v 3.287722826 -1.41593575 0.392384767 0.999999940 0.999999940 0.999999940
v 3.284602165 -1.45731533 0.340513646 0.999999940 0.999999940 0.999999940
v 3.282763719 -1.49191117 0.261787146 0.999999940 0.999999940 0.999999940
v 3.266363620 -1.50927758 0.172426715 0.999999940 0.999999940 0.999999940
v 3.251326322 -1.50759196 0.074828244 0.999999940 0.999999940 0.999999940
v 3.236043214 -1.49276614 -0.0208993 0.999999940 0.999999940 0.999999940
v 3.220660448 -1.46184993 -0.10670225 0.999999940 0.999999940 0.999999940
v 3.081224203 -1.38548493 -0.12882572 0.999999940 0.999999940 0.999999940
v 2.951832056 -1.3628155 -0.09257392 0.999999940 0.999999940 0.999999940
v 3.207633733 -1.40631711 -0.16993602 0.999999940 0.999999940 0.999999940
v 2.801091432 -1.3495146 -0.08855262 0.999999940 0.999999940 0.999999940
v 2.637631654 -1.33468986 -0.10599299 0.999999940 0.999999940 0.999999940
v 2.644785404 -1.27668047 -0.11735746 0.999999940 0.999999940 0.999999940
v 2.803630352 -1.29436004 -0.10174003 0.999999940 0.999999940 0.999999940
v 2.949186801 -1.30818689 -0.10879356 0.999999940 0.999999940 0.999999940
v 3.077911138 -1.32122576 -0.1530664 0.999999940 0.999999940 0.999999940
v 3.202042579 -1.33218288 -0.20048648 0.999999940 0.999999940 0.999999940
v 3.343842029 -1.41587019 -0.20429575 0.999999940 0.999999940 0.999999940
v 3.355272769 -1.47212696 -0.13561338 0.999999940 0.999999940 0.999999940
v 3.338513374 -1.33690286 -0.23868971 0.999999940 0.999999940 0.999999940
v 3.369437217 -1.50494683 -0.04919477 0.999999940 0.999999940 0.999999940
v 3.385776996 -1.5212189 0.043686218 0.999999940 0.999999940 0.999999940
v 3.407207250 -1.52194607 0.132412180 0.999999940 0.999999940 0.999999940
v 3.434878110 -1.49954176 0.212290838 0.999999940 0.999999940 0.999999940
v 3.457754373 -1.45627403 0.271171450 0.999999940 0.999999940 0.999999940
v 3.469219446 -1.39563489 0.309708416 0.999999940 0.999999940 0.999999940
v 3.473606109 -1.32037508 0.319797426 0.999999940 0.999999940 0.999999940
v 3.450819730 -1.23351121 0.278905928 0.999999940 0.999999940 0.999999940
v 3.609827756 -1.30556655 0.225988149 0.999999940 0.999999940 0.999999940
v 3.583154439 -1.22656631 0.187929570 0.999999940 0.999999940 0.999999940
v 3.617478847 -1.38919091 0.229799583 0.999999940 0.999999940 0.999999940
v 3.603190660 -1.45941329 0.196867197 0.999999940 0.999999940 0.999999940
v 3.578711986 -1.50025976 0.142454668 0.999999940 0.999999940 0.999999940
v 3.551445961 -1.51656806 0.080661475 0.999999940 0.999999940 0.999999940
v 3.525201797 -1.5169909 0.007938493 0.999999940 0.999999940 0.999999940
v 3.506343841 -1.50342119 -0.07344401 0.999999940 0.999999940 0.999999940
v 3.494360446 -1.47473752 -0.15405586 0.999999940 0.999999940 0.999999940
v 3.486742496 -1.42382312 -0.22314259 0.999999940 0.999999940 0.999999940
v 3.484877347 -1.34447944 -0.26098368 0.999999940 0.999999940 0.999999940
v 3.343162536 -1.25503147 -0.21811268 0.999999940 0.999999940 0.999999940
v 3.488680124 -1.26012921 -0.24168657 0.999999940 0.999999940 0.999999940
v 3.207988500 -1.25288105 -0.18376875 0.999999940 0.999999940 0.999999940
v 3.084415197 -1.25526679 -0.14259773 0.999999940 0.999999940 0.999999940
v 2.952397108 -1.25215113 -0.102345 0.999999940 0.999999940 0.999999940
v 2.805735588 -1.24002838 -0.09287487 0.999999940 0.999999940 0.999999940
v 2.805464029 -1.19479084 -0.06002423 0.999999940 0.999999940 0.999999940
v 2.952578306 -1.20566928 -0.06322114 0.999999940 0.999999940 0.999999940
v 3.098496437 -1.20206523 -0.09545466 0.999999940 0.999999940 0.999999940
v 3.221252203 -1.19173634 -0.12770157 0.999999940 0.999999940 0.999999940
v 3.353772878 -1.19165862 -0.15777093 0.999999940 0.999999940 0.999999940
v 3.494430780 -1.19728804 -0.17850123 0.999999940 0.999999940 0.999999940
v 3.626020431 -1.28188431 -0.2299125 0.999999940 0.999999940 0.999999940
v 3.622073888 -1.35517848 -0.24317187 0.999999940 0.999999940 0.999999940
v 3.627035141 -1.21997142 -0.17398711 0.999999940 0.999999940 0.999999940
v 3.621087312 -1.42515934 -0.20841537 0.999999940 0.999999940 0.999999940
v 3.620745182 -1.46779025 -0.14448531 0.999999940 0.999999940 0.999999940
v 3.623110294 -1.49089932 -0.07319833 0.999999940 0.999999940 0.999999940
v 3.611860513 -1.50453532 -0.01590587 0.999999940 0.999999940 0.999999940
v 3.656866312 -1.49660289 0.017387351 0.999999940 0.999999940 0.999999940
v 3.692065715 -1.47837389 0.063201621 0.999999940 0.999999940 0.999999940
v 3.720298528 -1.44233513 0.109549120 0.999999940 0.999999940 0.999999940
v 3.731622457 -1.38223803 0.137899756 0.999999940 0.999999940 0.999999940
v 3.738093614 -1.4370364 -0.01777602 0.999999940 0.999999940 0.999999940
v 3.766058921 -1.3987931 0.008936082 0.999999940 0.999999940 0.999999940
v 3.777447700 -1.35418093 0.026648836 0.999999940 0.999999940 0.999999940
v 3.693442344 -1.4682585 -0.05011306 0.999999940 0.999999940 0.999999940
v 3.705052137 -1.43426025 -0.11052454 0.999999940 0.999999940 0.999999940
v 3.709329605 -1.39803088 -0.15805463 0.999999940 0.999999940 0.999999940
v 3.695204734 -1.36184204 -0.19425033 0.999999940 0.999999940 0.999999940
v 3.713705062 -1.32170546 -0.17314892 0.999999940 0.999999940 0.999999940
v 3.718414068 -1.27233112 -0.13957198 0.999999940 0.999999940 0.999999940
v 3.627809763 -1.19196761 -0.09648822 0.999999940 0.999999940 0.999999940
v 3.714591026 -1.23916972 -0.0837043 0.999999940 0.999999940 0.999999940
v 3.503081560 -1.16587603 -0.08751598 0.999999940 0.999999940 0.999999940
v 3.365461111 -1.15306318 -0.06606068 0.999999940 0.999999940 0.999999940
v 3.234998941 -1.15604973 -0.04385161 0.999999940 0.999999940 0.999999940
v 3.104942798 -1.17254639 -0.01978376 0.999999940 0.999999940 0.999999940
v 2.94054389 -1.17568076 0.009025482 0.999999940 0.999999940 0.999999940
v 3.379045009 -1.13892734 0.045477878 0.999999940 0.999999940 0.999999940
v 3.521316528 -1.15479922 0.013452103 0.999999940 0.999999940 0.999999940
v 3.642956972 -1.18404412 -0.01475874 0.999999940 0.999999940 0.999999940
v 3.708512783 -1.21636975 -0.03261288 0.999999940 0.999999940 0.999999940
v 3.743285179 -1.2447418 -0.00648389 0.999999940 0.999999940 0.999999940
v 3.758192062 -1.28094602 -0.06001612 0.999999940 0.999999940 0.999999940
v 3.759237766 -1.31637657 -0.09800991 0.999999940 0.999999940 0.999999940
v 3.744700670 -1.35865462 -0.12583141 0.999999940 0.999999940 0.999999940
v 3.748460292 -1.39634037 -0.07806925 0.999999940 0.999999940 0.999999940
v 3.771635770 -1.35847092 -0.05330684 0.999999940 0.999999940 0.999999940
v 3.776384830 -1.32035029 -0.02691304 0.999999940 0.999999940 0.999999940
v 3.770801305 -1.28111112 0.018466118 0.999999940 0.999999940 0.999999940
v 3.772230148 -1.31453896 0.054851561 0.999999940 0.999999940 0.999999940
v 3.726953983 -1.30416644 0.145865261 0.999999940 0.999999940 0.999999940
v 3.672476053 -1.19679058 0.058597944 0.999999940 0.999999940 0.999999940
v 3.705513000 -1.23860562 0.113664515 0.999999940 0.999999940 0.999999940
v 3.548268318 -1.16935575 0.111177831 0.999999940 0.999999940 0.999999940
v 3.405474185 -1.15840209 0.159010127 0.999999940 0.999999940 0.999999940
v 2.797426939 -1.1638633 -0.00936674 0.999999940 0.999999940 0.999999940
v 2.478076458 -1.25280309 -0.13008469 0.999999940 0.999999940 0.999999940
v 2.469410419 -1.31610262 -0.12146002 0.999999940 0.999999940 0.999999940
v 2.287871122 -1.40651011 -0.04921642 0.999999940 0.999999940 0.999999940
v 2.115789413 -1.40100753 -0.06217005 0.999999940 0.999999940 0.999999940
v 1.763526797 -1.41990089 0.079982772 0.999999940 0.999999940 0.999999940
v 1.438694953 -1.29006541 0.251468658 0.999999940 0.999999940 0.999999940
v 1.275425314 -1.26678908 0.258788317 0.999999940 0.999999940 0.999999940
v 1.122774243 -1.24512923 0.254025727 0.999999940 0.999999940 0.999999940
v 1.105855107 -1.13844478 0.324559211 0.999999940 0.999999940 0.999999940
v 1.089883089 -1.01215947 0.348583608 0.999999940 0.999999940 0.999999940
v 0.869755744 -1.04080915 0.369662284 0.999999940 0.999999940 0.999999940
v 0.727526605 -1.13835549 0.442590206 0.999999940 0.999999940 0.999999940
v 0.756042063 -0.81585878 0.365402162 0.999999940 0.999999940 0.999999940
v 0.865804791 -0.64381564 0.143864586 0.999999940 0.999999940 0.999999940
v 0.714162468 -0.73377079 0.334720313 0.999999940 0.999999940 0.999999940
v 0.822112321 -0.61856329 0.113735079 0.999999940 0.999999940 0.999999940
v 0.801131248 -0.60542989 0.032850399 0.999999940 0.999999940 0.999999940
v 0.728565812 -0.63669652 0.241646453 0.999999940 0.999999940 0.999999940
v 0.775358140 -0.61111373 0.083347097 0.999999940 0.999999940 0.999999940
v 0.790683686 -0.60273486 0.031500518 0.999999940 0.999999940 0.999999940
v 0.710115969 -0.72583926 0.331755757 0.999999940 0.999999940 0.999999940
v 0.754451990 -0.62417608 0.155147537 0.999999940 0.999999940 0.999999940
v 0.567592084 -0.60141599 0.134570702 0.999999940 0.999999940 0.999999940
v 0.593519866 -0.59983987 0.023107485 0.999999940 0.999999940 0.999999940
v 0.382023245 -0.60257167 0.013581272 0.999999940 0.999999940 0.999999940
v 0.375717818 -0.59934998 0.122617662 0.999999940 0.999999940 0.999999940
v 0.200295910 -0.59639633 0.018287615 0.999999940 0.999999940 0.999999940
v 0.198459669 -0.58394188 0.095578387 0.999999940 0.999999940 0.999999940
v 0.177592128 -0.50306028 0.097587019 0.999999940 0.999999940 0.999999940
v 0.164477005 -0.50107682 0.012309067 0.999999940 0.999999940 0.999999940
v 0.112003676 -0.50337952 -0.05189715 0.999999940 0.999999940 0.999999940
v 0 -0.5089097 -0.08389755 0.999999940 0.999999940 0.999999940
v 0.088582865 -0.40156442 -0.05502919 0.999999940 0.999999940 0.999999940
v 0.162496194 -0.41287154 0.017445894 0.999999940 0.999999940 0.999999940
v 0 -0.39711639 -0.09314306 0.999999940 0.999999940 0.999999940
v 0.194998145 -0.42808461 0.104153260 0.999999940 0.999999940 0.999999940
v 0.131571203 -0.39753115 0.211140751 0.999999940 0.999999940 0.999999940
v 0.205691069 -0.39791742 0.090084150 0.999999940 0.999999940 0.999999940
v 0 -0.39803147 0.099070690 0.999999940 0.999999940 0.999999940
v -0.20569107 -0.39791742 0.090084150 0.999999940 0.999999940 0.999999940
v -0.37423113 -0.71816188 -0.2080797 0.999999940 0.999999940 0.999999940
v -0.61156446 -0.82350278 -0.2775082 0.999999940 0.999999940 0.999999940
v -0.60268092 -0.70224988 -0.17818233 0.999999940 0.999999940 0.999999940
v -0.64307338 -0.95486099 -0.3288179 0.999999940 0.999999940 0.999999940
v -0.8610397 -0.92144513 -0.27623439 0.999999940 0.999999940 0.999999940
v -0.8261655 -0.81495535 -0.24922954 0.999999940 0.999999940 0.999999940
v -0.82374901 -0.72136784 -0.18651986 0.999999940 0.999999940 0.999999940
v -0.77271199 -0.7010991 -0.12448869 0.999999940 0.999999940 0.999999940
v -0.81721795 -0.699242 -0.12075366 0.999999940 0.999999940 0.999999940
v -0.83100724 -0.69094098 -0.15230869 0.999999940 0.999999940 0.999999940
v -1.09035683 -0.86229795 -0.1976359 0.999999940 0.999999940 0.999999940
v -1.09547329 -0.79363793 -0.1477681 0.999999940 0.999999940 0.999999940
v -1.10227942 -0.75064063 -0.08640751 0.999999940 0.999999940 0.999999940
v -1.09275603 -0.94167852 -0.22498789 0.999999940 0.999999940 0.999999940
v -0.89710897 -1.02286088 -0.27398455 0.999999940 0.999999940 0.999999940
v -1.10264087 -1.0322963 -0.23101838 0.999999940 0.999999940 0.999999940
v -0.94132811 -1.12525868 -0.23816526 0.999999940 0.999999940 0.999999940
v -1.11872542 -1.12862504 -0.21090259 0.999999940 0.999999940 0.999999940
v -1.28783929 -1.17793298 -0.19261798 0.999999940 0.999999940 0.999999940
v -1.29286098 -1.08641505 -0.21161558 0.999999940 0.999999940 0.999999940
v -1.29710329 -0.99886519 -0.20710628 0.999999940 0.999999940 0.999999940
v -1.30346835 -0.91843319 -0.17685904 0.999999940 0.999999940 0.999999940
v -1.31048286 -0.85174239 -0.12206297 0.999999940 0.999999940 0.999999940
v -1.31677854 -0.8056559 -0.05098012 0.999999940 0.999999940 0.999999940
v -1.32186663 -0.78102654 0.035815171 0.999999940 0.999999940 0.999999940
v -1.11430144 -0.72120929 -0.0154508 0.999999940 0.999999940 0.999999940
v -0.83470386 -0.67422038 -0.13061216 0.999999940 0.999999940 0.999999940
v -0.82655525 -0.70051759 -0.084534 0.999999940 0.999999940 0.999999940
v -1.32343853 -0.79029584 0.133935347 0.999999940 0.999999940 0.999999940
v -1.49988222 -0.85331088 -0.03529355 0.999999940 0.999999940 0.999999940
v -1.50351298 -0.83524787 0.051829457 0.999999940 0.999999940 0.999999940
v -1.50371969 -0.85007191 0.145226612 0.999999940 0.999999940 0.999999940
v -1.49388433 -0.8967433 -0.11139585 0.999999940 0.999999940 0.999999940
v -1.48478186 -0.96471274 -0.16717257 0.999999940 0.999999940 0.999999940
v -1.47420073 -1.04727983 -0.19941464 0.999999940 0.999999940 0.999999940
v -1.46248174 -1.13727427 -0.20524509 0.999999940 0.999999940 0.999999940
v -1.44960403 -1.227754 -0.18242988 0.999999940 0.999999940 0.999999940
v -1.28252125 -1.26350307 -0.14119004 0.999999940 0.999999940 0.999999940
v -1.43800724 -1.30553627 -0.12550157 0.999999940 0.999999940 0.999999940
v -1.27872932 -1.32480359 -0.05578755 0.999999940 0.999999940 0.999999940
v -1.42979848 -1.35885584 -0.04009598 0.999999940 0.999999940 0.999999940
v -1.59348571 -1.38815486 -0.02370691 0.999999940 0.999999940 0.999999940
v -1.60273862 -1.33901131 -0.10566587 0.999999940 0.999999940 0.999999940
v -1.61523199 -1.26643848 -0.16449004 0.999999940 0.999999940 0.999999940
v -1.62956119 -1.17865443 -0.19187179 0.999999940 0.999999940 0.999999940
v -1.64338839 -1.08721769 -0.18978713 0.999999940 0.999999940 0.999999940
v -1.6549176 -1.00305545 -0.15949556 0.999999940 0.999999940 0.999999940
v -1.66419268 -0.93399179 -0.10447939 0.999999940 0.999999940 0.999999940
v -1.67050338 -0.88834041 -0.02949768 0.999999940 0.999999940 0.999999940
v -1.67283487 -0.87390721 0.057709399 0.999999940 0.999999940 0.999999940
v -1.67052829 -0.89159507 0.148057982 0.999999940 0.999999940 0.999999940
v -1.66315663 -0.94386524 0.226341486 0.999999940 0.999999940 0.999999940
v -1.83972347 -0.92477959 0.146152004 0.999999940 0.999999940 0.999999940
v -1.83179665 -0.97654617 0.220704168 0.999999940 0.999999940 0.999999940
v -1.84225023 -0.90807432 0.059320401 0.999999940 0.999999940 0.999999940
v -1.83985734 -0.92277718 -0.02617683 0.999999940 0.999999940 0.999999940
v -1.83294475 -0.96846956 -0.100082 0.999999940 0.999999940 0.999999940
v -1.82226443 -1.0384618 -0.15235944 0.999999940 0.999999940 0.999999940
v -1.80936348 -1.12252593 -0.17752723 0.999999940 0.999999940 0.999999940
v -1.79580569 -1.21254182 -0.17719176 0.999999940 0.999999940 0.999999940
v -1.78261185 -1.29723942 -0.14592977 0.999999940 0.999999940 0.999999940
v -1.77137685 -1.36774993 -0.08967618 0.999999940 0.999999940 0.999999940
v -1.76439035 -1.41179657 -0.01057351 0.999999940 0.999999940 0.999999940
v -1.59081376 -1.40321517 0.072757385 0.999999940 0.999999940 0.999999940
v -1.7635268 -1.41990089 0.079982772 0.999999940 0.999999940 0.999999940
v -1.59634352 -1.37576127 0.167248055 0.999999940 0.999999940 0.999999940
v -1.76816785 -1.39210546 0.166664123 0.999999940 0.999999940 0.999999940
v -1.94148493 -1.40390277 0.165877804 0.999999940 0.999999940 0.999999940
v -1.93812692 -1.42982745 0.084829025 0.999999940 0.999999940 0.999999940
v -1.93875372 -1.42491293 0.000752051 0.999999940 0.999999940 0.999999940
v -1.94306087 -1.38815081 -0.07570544 0.999999940 0.999999940 0.999999940
v -1.95109117 -1.32298541 -0.13087749 0.999999940 0.999999940 0.999999940
v -1.96202505 -1.24196541 -0.1612937 0.999999940 0.999999940 0.999999940
v -1.97498095 -1.1570363 -0.16705182 0.999999940 0.999999940 0.999999940
v -1.98797929 -1.07727027 -0.14142159 0.999999940 0.999999940 0.999999940
v -1.99935102 -1.010167 -0.09347934 0.999999940 0.999999940 0.999999940
v -2.00779104 -0.96499151 -0.02483398 0.999999940 0.999999940 0.999999940
v -2.01081538 -0.95020133 0.056196734 0.999999940 0.999999940 0.999999940
v -2.00837326 -0.96588945 0.137705341 0.999999940 0.999999940 0.999999940
v -2.0004828 -1.01282287 0.208250150 0.999999940 0.999999940 0.999999940
v -2.16809583 -1.05000901 0.193405568 0.999999940 0.999999940 0.999999940
v -2.17588496 -1.01006472 0.125634774 0.999999940 0.999999940 0.999999940
v -2.17818022 -0.99547416 0.049519579 0.999999940 0.999999940 0.999999940
v -2.17479157 -1.00937808 -0.02688316 0.999999940 0.999999940 0.999999940
v -2.16585875 -1.05409658 -0.08959448 0.999999940 0.999999940 0.999999940
v -2.15406728 -1.11733794 -0.1334518 0.999999940 0.999999940 0.999999940
v -2.14127445 -1.1920805 -0.15154536 0.999999940 0.999999940 0.999999940
v -2.13006663 -1.26974463 -0.14698768 0.999999940 0.999999940 0.999999940
v -2.12135768 -1.34411836 -0.11793862 0.999999940 0.999999940 0.999999940
v -2.11578941 -1.40100753 -0.06217005 0.999999940 0.999999940 0.999999940
v -2.11296535 -1.43144798 0.009952021 0.999999940 0.999999940 0.999999940
v -2.11284089 -1.43589079 0.088700674 0.999999940 0.999999940 0.999999940
v -2.11567879 -1.40771735 0.162449806 0.999999940 0.999999940 0.999999940
v -1.94881928 -1.34373164 0.228820011 0.999999940 0.999999940 0.999999940
v -2.12109804 -1.35346401 0.222819536 0.999999940 0.999999940 0.999999940
v -1.77789164 -1.33192146 0.237076923 0.999999940 0.999999940 0.999999940
v -1.60709631 -1.31495857 0.244262546 0.999999940 0.999999940 0.999999940
v -1.79109597 -1.24701774 0.280781596 0.999999940 0.999999940 0.999999940
v -1.95996773 -1.26299322 0.268392443 0.999999940 0.999999940 0.999999940
v -1.62167585 -1.22825491 0.294464170 0.999999940 0.999999940 0.999999940
v -2.13010597 -1.27866077 0.256421089 0.999999940 0.999999940 0.999999940
v -2.30183411 -1.29140604 0.243632346 0.999999940 0.999999940 0.999999940
v -2.29348135 -1.35998833 0.213546931 0.999999940 0.999999940 0.999999940
v -2.28819871 -1.41053748 0.158651068 0.999999940 0.999999940 0.999999940
v -2.28590178 -1.43598604 0.089752525 0.999999940 0.999999940 0.999999940
v -2.28568554 -1.43515778 0.017363240 0.999999940 0.999999940 0.999999940
v -2.28787112 -1.40651011 -0.04921642 0.999999940 0.999999940 0.999999940
v -2.29223156 -1.35860419 -0.1022757 0.999999940 0.999999940 0.999999940
v -2.29997349 -1.29424202 -0.13213146 0.999999940 0.999999940 0.999999940
v -2.30989838 -1.2245003 -0.13927659 0.999999940 0.999999940 0.999999940
v -2.32074833 -1.15730262 -0.12363595 0.999999940 0.999999940 0.999999940
v -2.33142209 -1.09929192 -0.08509593 0.999999940 0.999999940 0.999999940
v -2.33991098 -1.05929697 -0.02888613 0.999999940 0.999999940 0.999999940
v -2.34416842 -1.04215729 0.039146449 0.999999940 0.999999940 0.999999940
v -2.50935602 -1.08013928 0.027962992 0.999999940 0.999999940 0.999999940
v -2.50381207 -1.09868443 -0.03243744 0.999999940 0.999999940 0.999999940
v -2.49651384 -1.13855565 -0.08245623 0.999999940 0.999999940 0.999999940
v -2.48757863 -1.19078207 -0.11586726 0.999999940 0.999999940 0.999999940
v -2.47807646 -1.25280309 -0.13008469 0.999999940 0.999999940 0.999999940
v -2.46941042 -1.31610262 -0.12146002 0.999999940 0.999999940 0.999999940
v -2.46264791 -1.37274969 -0.09049632 0.999999940 0.999999940 0.999999940
v -2.45831299 -1.41483557 -0.0405928 0.999999940 0.999999940 0.999999940
v -2.4560442 -1.435606 0.022560585 0.999999940 0.999999940 0.999999940
v -2.45562363 -1.43732488 0.089597970 0.999999940 0.999999940 0.999999940
v -2.45733738 -1.41465676 0.153236776 0.999999940 0.999999940 0.999999940
v -2.46160531 -1.365291 0.201097980 0.999999940 0.999999940 0.999999940
v -2.46826291 -1.30148816 0.228940829 0.999999940 0.999999940 0.999999940
v -2.31252742 -1.21615553 0.246686145 0.999999940 0.999999940 0.999999940
v -2.47789049 -1.23115349 0.231587335 0.999999940 0.999999940 0.999999940
v -2.14232731 -1.19622147 0.260409772 0.999999940 0.999999940 0.999999940
v -1.97365844 -1.17271912 0.277366697 0.999999940 0.999999940 0.999999940
v -2.15573049 -1.11578369 0.241801396 0.999999940 0.999999940 0.999999940
v -2.3246088 -1.14183903 0.225203961 0.999999940 0.999999940 0.999999940
v -1.9879905 -1.08573472 0.257990717 0.999999940 0.999999940 0.999999940
v -2.49866486 -1.16094196 0.200475916 0.999999940 0.999999940 0.999999940
v -2.72831917 -1.19252825 0.168093234 0.999999940 0.999999940 0.999999940
v -2.6638 -1.25003672 0.205552592 0.999999940 0.999999940 0.999999940
v -2.63736582 -1.30935884 0.209886893 0.999999940 0.999999940 0.999999940
v -2.62518597 -1.36468363 0.188202142 0.999999940 0.999999940 0.999999940
v -2.62110281 -1.41006577 0.14603284 0.999999940 0.999999940 0.999999940
v -2.62129092 -1.43642831 0.089249178 0.999999940 0.999999940 0.999999940
v -2.62320447 -1.43633401 0.028634348 0.999999940 0.999999940 0.999999940
v -2.62673569 -1.41912663 -0.02843229 0.999999940 0.999999940 0.999999940
v -2.63144207 -1.38418722 -0.07601463 0.999999940 0.999999940 0.999999940
v -2.63763165 -1.33468986 -0.10599299 0.999999940 0.999999940 0.999999940
v -2.6447854 -1.27668047 -0.11735746 0.999999940 0.999999940 0.999999940
v -2.65204859 -1.21912432 -0.10557249 0.999999940 0.999999940 0.999999940
v -2.6570611 -1.17091548 -0.07173274 0.999999940 0.999999940 0.999999940
v -2.80361056 -1.29436028 -0.10173661 0.999999940 0.999999940 0.999999940
v -2.80543661 -1.24003446 -0.09282038 0.999999940 0.999999940 0.999999940
v -2.8039124 -1.19482112 -0.0597697 0.999999940 0.999999940 0.999999940
v -2.80109119 -1.34951484 -0.08855259 0.999999940 0.999999940 0.999999940
v -2.79745626 -1.39382994 -0.05660637 0.999999940 0.999999940 0.999999940
v -2.79423833 -1.42427862 -0.01204621 0.999999940 0.999999940 0.999999940
v -2.79142594 -1.43711245 0.042323019 0.999999940 0.999999940 0.999999940
v -2.78753638 -1.43304586 0.101351879 0.999999940 0.999999940 0.999999940
v -2.78528619 -1.40994525 0.155832022 0.999999940 0.999999940 0.999999940
v -2.78747106 -1.37108755 0.196372568 0.999999940 0.999999940 0.999999940
v -2.79610348 -1.32211816 0.216716259 0.999999940 0.999999940 0.999999940
v -2.81120396 -1.26914191 0.212576597 0.999999940 0.999999940 0.999999940
v -2.82874846 -1.22124577 0.185605555 0.999999940 0.999999940 0.999999940
v -2.94851065 -1.22738671 0.198989540 0.999999940 0.999999940 0.999999940
v -2.95595717 -1.28480351 0.242602795 0.999999940 0.999999940 0.999999940
v -2.95004606 -1.33967066 0.248556375 0.999999940 0.999999940 0.999999940
v -2.94573021 -1.38739347 0.226248711 0.999999940 0.999999940 0.999999940
v -2.94709039 -1.42433453 0.182804316 0.999999940 0.999999940 0.999999940
v -2.95322633 -1.44681299 0.123473987 0.999999940 0.999999940 0.999999940
v -2.96139526 -1.45138919 0.057356476 0.999999940 0.999999940 0.999999940
v -2.96724701 -1.43995178 -0.00366714 0.999999940 0.999999940 0.999999940
v -2.9610672 -1.40906179 -0.05488225 0.999999940 0.999999940 0.999999940
v -2.95183206 -1.3628155 -0.09257392 0.999999940 0.999999940 0.999999940
v -2.94917655 -1.3081876 -0.10879135 0.999999940 0.999999940 0.999999940
v -2.95209384 -1.25216305 -0.10228022 0.999999940 0.999999940 0.999999940
v -2.9503727 -1.20577276 -0.06276707 0.999999940 0.999999940 0.999999940
v -2.65661383 -1.13761139 -0.02282207 0.999999940 0.999999940 0.999999940
v -2.7931118 -1.1638993 -0.00880854 0.999999940 0.999999940 0.999999940
v -2.93302917 -1.17607033 0.010500466 0.999999940 0.999999940 0.999999940
v -2.65147996 -1.1218636 0.029996581 0.999999940 0.999999940 0.999999940
v -2.76893806 -1.14909112 0.039637144 0.999999940 0.999999940 0.999999940
v -2.8593998 -1.16547513 0.067548558 0.999999940 0.999999940 0.999999940
v -3.09842014 -1.20207059 -0.095434 0.999999940 0.999999940 0.999999940
v -3.10270619 -1.17281508 -0.01912727 0.999999940 0.999999940 0.999999940
v -3.10642004 -1.16989112 0.07006412 0.999999940 0.999999940 0.999999940
v -2.94697142 -1.17548275 0.079096213 0.999999940 0.999999940 0.999999940
v -3.0844152 -1.25526679 -0.14259773 0.999999940 0.999999940 0.999999940
v -3.07791114 -1.32122576 -0.1530664 0.999999940 0.999999940 0.999999940
v -3.0812242 -1.38548493 -0.12882572 0.999999940 0.999999940 0.999999940
v -3.09288263 -1.43656754 -0.07702716 0.999999940 0.999999940 0.999999940
v -3.1064806 -1.46739233 -0.0063347 0.999999940 0.999999940 0.999999940
v -3.11636066 -1.48044062 0.075483292 0.999999940 0.999999940 0.999999940
v -3.11576033 -1.47792387 0.161346137 0.999999940 0.999999940 0.999999940
v -3.10610437 -1.45281625 0.230372622 0.999999940 0.999999940 0.999999940
v -3.10087538 -1.41471767 0.279332757 0.999999940 0.999999940 0.999999940
v -3.28460217 -1.45731533 0.340513646 0.999999940 0.999999940 0.999999940
v -3.28276372 -1.49191117 0.261787146 0.999999940 0.999999940 0.999999940
v -3.26636362 -1.50927758 0.172426715 0.999999940 0.999999940 0.999999940
v -3.25132632 -1.50759196 0.074828244 0.999999940 0.999999940 0.999999940
v -3.23604321 -1.49276614 -0.0208993 0.999999940 0.999999940 0.999999940
v -3.22066045 -1.46184993 -0.10670225 0.999999940 0.999999940 0.999999940
v -3.20763373 -1.40631711 -0.16993602 0.999999940 0.999999940 0.999999940
v -3.20204258 -1.33218288 -0.20048648 0.999999940 0.999999940 0.999999940
v -3.2079885 -1.25288105 -0.18376875 0.999999940 0.999999940 0.999999940
v -3.2212522 -1.19173634 -0.12770157 0.999999940 0.999999940 0.999999940
v -3.23499346 -1.15605021 -0.04385019 0.999999940 0.999999940 0.999999940
v -3.24573255 -1.14828658 0.061138894 0.999999940 0.999999940 0.999999940
v -3.26230145 -1.17071402 0.190409168 0.999999940 0.999999940 0.999999940
v -3.10975242 -1.19161928 0.165745213 0.999999940 0.999999940 0.999999940
v -2.94186568 -1.19299269 0.142818853 0.999999940 0.999999940 0.999999940
v -2.88287592 -1.17674732 0.107098348 0.999999940 0.999999940 0.999999940
v -3.11703372 -1.24003601 0.262033969 0.999999940 0.999999940 0.999999940
v -2.89472961 -1.20137405 0.162342578 0.999999940 0.999999940 0.999999940
v -2.8591423 -1.18978751 0.145187988 0.999999940 0.999999940 0.999999940
v -3.28979111 -1.24592221 0.372389912 0.999999940 0.999999940 0.999999940
v -3.37904501 -1.13892734 0.045477878 0.999999940 0.999999940 0.999999940
v -3.40547419 -1.15840209 0.159010127 0.999999940 0.999999940 0.999999940
v -3.45081973 -1.23351121 0.278905928 0.999999940 0.999999940 0.999999940
v -3.36546111 -1.15306318 -0.06606068 0.999999940 0.999999940 0.999999940
v -3.35377288 -1.19165862 -0.15777093 0.999999940 0.999999940 0.999999940
v -3.34316254 -1.25503147 -0.21811268 0.999999940 0.999999940 0.999999940
v -3.33851337 -1.33690286 -0.23868971 0.999999940 0.999999940 0.999999940
v -3.34384203 -1.41587019 -0.20429575 0.999999940 0.999999940 0.999999940
v -3.35527277 -1.47212696 -0.13561338 0.999999940 0.999999940 0.999999940
v -3.36943722 -1.50494683 -0.04919477 0.999999940 0.999999940 0.999999940
v -3.385777 -1.5212189 0.043686218 0.999999940 0.999999940 0.999999940
v -3.40720725 -1.52194607 0.132412180 0.999999940 0.999999940 0.999999940
v -3.5252018 -1.5169909 0.007938493 0.999999940 0.999999940 0.999999940
v -3.50634384 -1.50342119 -0.07344401 0.999999940 0.999999940 0.999999940
v -3.55144596 -1.51656806 0.080661475 0.999999940 0.999999940 0.999999940
v -3.49436045 -1.47473752 -0.15405586 0.999999940 0.999999940 0.999999940
v -3.4867425 -1.42382312 -0.22314259 0.999999940 0.999999940 0.999999940
v -3.48487735 -1.34447944 -0.26098368 0.999999940 0.999999940 0.999999940
v -3.48868012 -1.26012921 -0.24168657 0.999999940 0.999999940 0.999999940
v -3.49443078 -1.19728804 -0.17850123 0.999999940 0.999999940 0.999999940
v -3.50308156 -1.16587603 -0.08751598 0.999999940 0.999999940 0.999999940
v -3.52131653 -1.15479922 0.013452103 0.999999940 0.999999940 0.999999940
v -3.54826832 -1.16935575 0.111177831 0.999999940 0.999999940 0.999999940
v -3.58315444 -1.22656631 0.187929570 0.999999940 0.999999940 0.999999940
v -3.60982776 -1.30556655 0.225988149 0.999999940 0.999999940 0.999999940
v -3.47360611 -1.32037508 0.319797426 0.999999940 0.999999940 0.999999940
v -3.29283738 -1.34475172 0.419624030 0.999999940 0.999999940 0.999999940
v -3.11423206 -1.30519652 0.310287654 0.999999940 0.999999940 0.999999940
v -3.46921945 -1.39563489 0.309708416 0.999999940 0.999999940 0.999999940
v -3.28772283 -1.41593575 0.392384767 0.999999940 0.999999940 0.999999940
v -3.10455728 -1.36555064 0.309307098 0.999999940 0.999999940 0.999999940
v -3.61747885 -1.38919091 0.229799583 0.999999940 0.999999940 0.999999940
v -3.705513 -1.23860562 0.113664515 0.999999940 0.999999940 0.999999940
v -3.72695398 -1.30416644 0.145865261 0.999999940 0.999999940 0.999999940
v -3.73162246 -1.38223803 0.137899756 0.999999940 0.999999940 0.999999940
v -3.67247605 -1.19679058 0.058597944 0.999999940 0.999999940 0.999999940
v -3.64295697 -1.18404412 -0.01475874 0.999999940 0.999999940 0.999999940
v -3.62780976 -1.19196761 -0.09648822 0.999999940 0.999999940 0.999999940
v -3.62703514 -1.21997142 -0.17398711 0.999999940 0.999999940 0.999999940
v -3.62602043 -1.28188431 -0.2299125 0.999999940 0.999999940 0.999999940
v -3.62207389 -1.35517848 -0.24317187 0.999999940 0.999999940 0.999999940
v -3.62108731 -1.42515934 -0.20841537 0.999999940 0.999999940 0.999999940
v -3.62074518 -1.46779025 -0.14448531 0.999999940 0.999999940 0.999999940
v -3.62311029 -1.49089932 -0.07319833 0.999999940 0.999999940 0.999999940
v -3.70505214 -1.43426025 -0.11052454 0.999999940 0.999999940 0.999999940
v -3.70932961 -1.39803088 -0.15805463 0.999999940 0.999999940 0.999999940
v -3.69344234 -1.4682585 -0.05011306 0.999999940 0.999999940 0.999999940
v -3.69520473 -1.36184204 -0.19425033 0.999999940 0.999999940 0.999999940
v -3.71370506 -1.32170546 -0.17314892 0.999999940 0.999999940 0.999999940
v -3.71841407 -1.27233112 -0.13957198 0.999999940 0.999999940 0.999999940
v -3.71459103 -1.23916972 -0.0837043 0.999999940 0.999999940 0.999999940
v -3.70851278 -1.21636975 -0.03261288 0.999999940 0.999999940 0.999999940
v -3.74328518 -1.2447418 -0.00648389 0.999999940 0.999999940 0.999999940
v -3.77080131 -1.28111112 0.018466118 0.999999940 0.999999940 0.999999940
v -3.77223015 -1.31453896 0.054851561 0.999999940 0.999999940 0.999999940
v -3.7774477 -1.35418093 0.026648836 0.999999940 0.999999940 0.999999940
v -3.72029853 -1.44233513 0.109549120 0.999999940 0.999999940 0.999999940
v -3.60319066 -1.45941329 0.196867197 0.999999940 0.999999940 0.999999940
v -3.76605892 -1.3987931 0.008936082 0.999999940 0.999999940 0.999999940
v -3.45775437 -1.45627403 0.271171450 0.999999940 0.999999940 0.999999940
v -3.57871199 -1.50025976 0.142454668 0.999999940 0.999999940 0.999999940
v -3.43487811 -1.49954176 0.212290838 0.999999940 0.999999940 0.999999940
v -3.69206572 -1.47837389 0.063201621 0.999999940 0.999999940 0.999999940
v -3.73809361 -1.4370364 -0.01777602 0.999999940 0.999999940 0.999999940
v -3.74846029 -1.39634037 -0.07806925 0.999999940 0.999999940 0.999999940
v -3.77163577 -1.35847092 -0.05330684 0.999999940 0.999999940 0.999999940
v -3.77638483 -1.32035029 -0.02691304 0.999999940 0.999999940 0.999999940
v -3.75819206 -1.28094602 -0.06001612 0.999999940 0.999999940 0.999999940
v -3.75923777 -1.31637657 -0.09800991 0.999999940 0.999999940 0.999999940
v -3.74470067 -1.35865462 -0.12583141 0.999999940 0.999999940 0.999999940
v -3.61186051 -1.50453532 -0.01590587 0.999999940 0.999999940 0.999999940
v -3.65686631 -1.49660289 0.017387351 0.999999940 0.999999940 0.999999940
v -2.82411909 -1.19834256 0.163038998 0.999999940 0.999999940 0.999999940
v -2.80393028 -1.19023991 0.154546469 0.999999940 0.999999940 0.999999940
v -2.67358565 -1.14784801 0.125584632 0.999999940 0.999999940 0.999999940
v -2.79712629 -1.16353273 0.102635107 0.999999940 0.999999940 0.999999940
v -2.79868841 -1.18328691 0.142424896 0.999999940 0.999999940 0.999999940
v -2.50836253 -1.11353135 0.152896553 0.999999940 0.999999940 0.999999940
v -2.76083803 -1.14759934 0.072282373 0.999999940 0.999999940 0.999999940
v -2.65270638 -1.12476742 0.079760015 0.999999940 0.999999940 0.999999940
v -2.81359053 -1.15570557 0.069223284 0.999999940 0.999999940 0.999999940
v -2.51137304 -1.08530664 0.093617960 0.999999940 0.999999940 0.999999940
v -2.33627152 -1.08463943 0.176790937 0.999999940 0.999999940 0.999999940
v -2.34397721 -1.05063379 0.111260764 0.999999940 0.999999940 0.999999940
v -1.80592191 -1.15023947 0.294568955 0.999999940 0.999999940 0.999999940
v -1.82002914 -1.05572748 0.272283703 0.999999940 0.999999940 0.999999940
v -1.63715732 -1.12672436 0.308294504 0.999999940 0.999999940 0.999999940
v -1.65151036 -1.02695787 0.282180488 0.999999940 0.999999940 0.999999940
v -0.1315712 -0.39753115 0.211140751 0.999999940 0.999999940 0.999999940
v 0 -0.3975541 0.265586316 0.999999940 0.999999940 0.999999940
v -0.22406016 -2.40312195 0.419565439 0.999999940 0.999999940 0.999999940
v -0.22478099 -2.58989429 0.368089526 0.999999940 0.999999940 0.999999940
v -0.20425591 -2.75779986 0.332597643 0.999999940 0.999999940 0.999999940
v -0.41829297 -2.80262232 0.289305150 0.999999940 0.999999940 0.999999940
v -0.58844912 -2.72252631 0.218214690 0.999999940 0.999999940 0.999999940
v -0.62590742 -2.7904861 0.176566675 0.999999940 0.999999940 0.999999940
v -0.49245703 -2.95233512 0.250915676 0.999999940 0.999999940 0.999999940
v -0.32480803 -2.95935154 0.283416092 0.999999940 0.999999940 0.999999940
v -0.45550203 -3.005826 0.256863713 0.999999940 0.999999940 0.999999940
v -0.24838974 -3.11356592 0.26674968 0.999999940 0.999999940 0.999999940
v -0.35529047 -3.16687226 0.250332921 0.999999940 0.999999940 0.999999940
v -0.55826139 -3.0798378 0.253727674 0.999999940 0.999999940 0.999999940
v -0.53304106 -3.01242232 0.247466951 0.999999940 0.999999940 0.999999940
v -0.47632957 -3.15838242 0.263707250 0.999999940 0.999999940 0.999999940
v -0.66593635 -2.95554233 0.157100096 0.999999940 0.999999940 0.999999940
v -0.68442857 -2.71058369 0.118064440 0.999999940 0.999999940 0.999999940
v -0.73056775 -2.92202544 0.071444891 0.999999940 0.999999940 0.999999940
v -0.76044232 -3.14990473 0.098928414 0.999999940 0.999999940 0.999999940
v -0.67358536 -3.15434909 0.200806111 0.999999940 0.999999940 0.999999940
v -0.79346603 -3.13867807 -0.00611732 0.999999940 0.999999940 0.999999940
v -0.58879429 -3.18610406 0.258905649 0.999999940 0.999999940 0.999999940
v -0.52437294 -3.24291468 0.279157757 0.999999940 0.999999940 0.999999940
v -0.42569232 -3.33312249 0.276725024 0.999999940 0.999999940 0.999999940
v -0.27773866 -3.29913783 0.220417290 0.999999940 0.999999940 0.999999940
v -0.33097792 -3.43042731 0.241690605 0.999999940 0.999999940 0.999999940
v -0.21501639 -3.41652441 0.160603463 0.999999940 0.999999940 0.999999940
v -0.25335526 -3.51099253 0.172886654 0.999999940 0.999999940 0.999999940
v -0.44714379 -3.53252769 0.298221319 0.999999940 0.999999940 0.999999940
v -0.35230854 -3.5850873 0.255360901 0.999999940 0.999999940 0.999999940
v -0.27700803 -3.63418198 0.181180819 0.999999940 0.999999940 0.999999940
v -0.54580218 -3.47705126 0.305314749 0.999999940 0.999999940 0.999999940
v -0.63921148 -3.43529391 0.279567271 0.999999940 0.999999940 0.999999940
v -0.72277349 -3.40862656 0.220263779 0.999999940 0.999999940 0.999999940
v -0.78630829 -3.39527941 0.132088333 0.999999940 0.999999940 0.999999940
v -0.81924874 -3.39067769 0.028007747 0.999999940 0.999999940 0.999999940
v -0.84145039 -3.61326957 0.057630166 0.999999940 0.999999940 0.999999940
v -0.80791396 -3.61508465 0.158433526 0.999999940 0.999999940 0.999999940
v -0.84255666 -3.62199354 -0.04928719 0.999999940 0.999999940 0.999999940
v -0.74526334 -3.62670732 0.242823675 0.999999940 0.999999940 0.999999940
v -0.65892798 -3.64735937 0.300099700 0.999999940 0.999999940 0.999999940
v -0.55933785 -3.67458797 0.322172701 0.999999940 0.999999940 0.999999940
v -0.45730424 -3.70295715 0.315239489 0.999999940 0.999999940 0.999999940
v -0.36526546 -3.73406339 0.267739534 0.999999940 0.999999940 0.999999940
v -0.29364559 -3.76633525 0.190297231 0.999999940 0.999999940 0.999999940
v -0.25195107 -3.79257727 0.089077211 0.999999940 0.999999940 0.999999940
v -0.23350261 -3.67166138 0.079385161 0.999999940 0.999999940 0.999999940
v -0.20701283 -3.56994057 0.071284212 0.999999940 0.999999940 0.999999940
v -0.20460135 -3.59575796 -0.04905582 0.999999940 0.999999940 0.999999940
v -0.22890173 -3.6907537 -0.03508225 0.999999940 0.999999940 0.999999940
v -0.25170943 -3.80692887 -0.0222467 0.999999940 0.999999940 0.999999940
v -0.30491883 -3.90972185 0.199165329 0.999999940 0.999999940 0.999999940
v -0.26768944 -3.92714572 0.097464948 0.999999940 0.999999940 0.999999940
v -0.26571077 -3.93795061 -0.01363945 0.999999940 0.999999940 0.999999940
v -0.3760958 -3.88791037 0.277939200 0.999999940 0.999999940 0.999999940
v -0.46806994 -3.86540127 0.325721353 0.999999940 0.999999940 0.999999940
v -0.57155836 -3.84460592 0.338246434 0.999999940 0.999999940 0.999999940
v -0.67355531 -3.82675242 0.316166371 0.999999940 0.999999940 0.999999940
v -0.76224679 -3.81357288 0.260490298 0.999999940 0.999999940 0.999999940
v -0.82754672 -3.8067224 0.177652671 0.999999940 0.999999940 0.999999940
v -0.86164856 -3.80743122 0.077860683 0.999999940 0.999999940 0.999999940
v -0.86193699 -3.81555414 -0.02695341 0.999999940 0.999999940 0.999999940
v -0.80589712 -3.64070344 -0.14858013 0.999999940 0.999999940 0.999999940
v -0.82616299 -3.83054829 -0.12458201 0.999999940 0.999999940 0.999999940
v -0.84618646 -3.99876428 -0.11148059 0.999999940 0.999999940 0.999999940
v -0.88051111 -3.98703599 -0.01300534 0.999999940 0.999999940 0.999999940
v -0.87993646 -3.98029828 0.092083029 0.999999940 0.999999940 0.999999940
v -0.84463048 -3.97925997 0.191650152 0.999999940 0.999999940 0.999999940
v -0.77803481 -3.98433471 0.273950994 0.999999940 0.999999940 0.999999940
v -0.68780202 -3.99477291 0.328814387 0.999999940 0.999999940 0.999999940
v -0.58445185 -4.00934887 0.348863273 0.999999940 0.999999940 0.999999940
v -0.48093009 -4.02621031 0.333440333 0.999999940 0.999999940 0.999999940
v -0.38883099 -4.04363489 0.283739060 0.999999940 0.999999940 0.999999940
v -0.32017314 -4.05970144 0.203286156 0.999999940 0.999999940 0.999999940
v -0.28254572 -4.07228184 0.102870516 0.999999940 0.999999940 0.999999940
v -0.28206336 -4.07987595 -0.00641957 0.999999940 0.999999940 0.999999940
v -0.30416015 -3.93924093 -0.11835907 0.999999940 0.999999940 0.999999940
v -0.31997299 -4.08116055 -0.10982075 0.999999940 0.999999940 0.999999940
v -0.29678103 -4.22321367 0.107302576 0.999999940 0.999999940 0.999999940
v -0.29870361 -4.22861338 -0.00074794 0.999999940 0.999999940 0.999999940
v -0.33502817 -4.22966814 -0.10361408 0.999999940 0.999999940 0.999999940
v -0.33309057 -4.2132163 0.208154872 0.999999940 0.999999940 0.999999940
v -0.40175503 -4.20017624 0.289009630 0.999999940 0.999999940 0.999999940
v -0.49381614 -4.18566513 0.340979576 0.999999940 0.999999940 0.999999940
v -0.59811348 -4.17126894 0.357944101 0.999999940 0.999999940 0.999999940
v -0.70228714 -4.15878391 0.339086890 0.999999940 0.999999940 0.999999940
v -0.79360271 -4.14977074 0.285101920 0.999999940 0.999999940 0.999999940
v -0.86148924 -4.14526653 0.203292906 0.999999940 0.999999940 0.999999940
v -0.89803469 -4.14572382 0.103726081 0.999999940 0.999999940 0.999999940
v -0.90096974 -4.15096235 -0.00201769 0.999999940 0.999999940 0.999999940
v -0.86400241 -4.16072416 -0.10099943 0.999999940 0.999999940 0.999999940
v -0.75903064 -3.85039067 -0.20305791 0.999999940 0.999999940 0.999999940
v -0.7805658 -4.01430798 -0.19275217 0.999999940 0.999999940 0.999999940
v -0.79611349 -4.17374516 -0.1812949 0.999999940 0.999999940 0.999999940
v -0.81654996 -4.33100033 -0.17490445 0.999999940 0.999999940 0.999999940
v -0.88075376 -4.31983519 -0.09198671 0.999999940 0.999999940 0.999999940
v -0.91511846 -4.31185246 0.007563672 0.999999940 0.999999940 0.999999940
v -0.91385013 -4.30804443 0.113432586 0.999999940 0.999999940 0.999999940
v -0.87710613 -4.30839062 0.213165521 0.999999940 0.999999940 0.999999940
v -0.80829054 -4.31295204 0.294405549 0.999999940 0.999999940 0.999999940
v -0.71605909 -4.32123137 0.347647756 0.999999940 0.999999940 0.999999940
v -0.61139441 -4.33231163 0.365213900 0.999999940 0.999999940 0.999999940
v -0.50705695 -4.34497213 0.346631676 0.999999940 0.999999940 0.999999940
v -0.41564119 -4.35769415 0.293208777 0.999999940 0.999999940 0.999999940
v -0.3482191 -4.3686223 0.211598113 0.999999940 0.999999940 0.999999940
v -0.31291017 -4.37664938 0.111046858 0.999999940 0.999999940 0.999999940
v -0.31392053 -4.38082981 0.003787606 0.999999940 0.999999940 0.999999940
v -0.35180381 -4.38090086 -0.09696672 0.999999940 0.999999940 0.999999940
v -0.38978311 -4.07584095 -0.1943696 0.999999940 0.999999940 0.999999940
v -0.40584782 -4.22546053 -0.18635197 0.999999940 0.999999940 0.999999940
v -0.42216688 -4.37745523 -0.17903766 0.999999940 0.999999940 0.999999940
v -0.32991606 -4.53484488 0.007558852 0.999999940 0.999999940 0.999999940
v -0.36739278 -4.53410435 -0.09243421 0.999999940 0.999999940 0.999999940
v -0.43836129 -4.52959251 -0.17272314 0.999999940 0.999999940 0.999999940
v -0.32811043 -4.53191185 0.114047378 0.999999940 0.999999940 0.999999940
v -0.3630257 -4.52535248 0.214303940 0.999999940 0.999999940 0.999999940
v -0.42971465 -4.51588821 0.296633303 0.999999940 0.999999940 0.999999940
v -0.520482 -4.50482368 0.350563198 0.999999940 0.999999940 0.999999940
v -0.62435675 -4.49352264 0.370134383 0.999999940 0.999999940 0.999999940
v -0.72868288 -4.48321438 0.352847665 0.999999940 0.999999940 0.999999940
v -0.8215484 -4.47505856 0.301197797 0.999999940 0.999999940 0.999999940
v -0.89102268 -4.47017956 0.220667168 0.999999940 0.999999940 0.999999940
v -0.92848742 -4.46908426 0.121312268 0.999999940 0.999999940 0.999999940
v -0.9327209 -4.47168255 0.015568179 0.999999940 0.999999940 0.999999940
v -0.89962596 -4.47834921 -0.08492745 0.999999940 0.999999940 0.999999940
v -0.83492047 -4.48795986 -0.16830117 0.999999940 0.999999940 0.999999940
v -0.8510558 -4.64466858 -0.16208927 0.999999940 0.999999940 0.999999940
v -0.91618448 -4.63693237 -0.07883839 0.999999940 0.999999940 0.999999940
v -0.94884771 -4.63168049 0.021943809 0.999999940 0.999999940 0.999999940
v -0.94669521 -4.62962866 0.128586545 0.999999940 0.999999940 0.999999940
v -0.90773696 -4.63152122 0.228409230 0.999999940 0.999999940 0.999999940
v -0.83596277 -4.63704014 0.307681798 0.999999940 0.999999940 0.999999940
v -0.74226135 -4.64502478 0.359498769 0.999999940 0.999999940 0.999999940
v -0.63678187 -4.65471458 0.376194298 0.999999940 0.999999940 0.999999940
v -0.53281301 -4.66509104 0.354533433 0.999999940 0.999999940 0.999999940
v -0.44279429 -4.67471933 0.298931121 0.999999940 0.999999940 0.999999940
v -0.37706259 -4.68257284 0.215980619 0.999999940 0.999999940 0.999999940
v -0.34357458 -4.68783426 0.115683503 0.999999940 0.999999940 0.999999940
v -0.34560415 -4.6894865 0.009697111 0.999999940 0.999999940 0.999999940
v -0.38278049 -4.68730354 -0.09009074 0.999999940 0.999999940 0.999999940
v -0.45413992 -4.68164492 -0.16978951 0.999999940 0.999999940 0.999999940
v -0.54972333 -4.6735425 -0.21978496 0.999999940 0.999999940 0.999999940
v -0.53317577 -4.52176428 -0.22341408 0.999999940 0.999999940 0.999999940
v -0.51569015 -4.36975288 -0.23262812 0.999999940 0.999999940 0.999999940
v -0.3996174 -4.84072065 -0.09011622 0.999999940 0.999999940 0.999999940
v -0.46906096 -4.83384848 -0.17135258 0.999999940 0.999999940 0.999999940
v -0.56396508 -4.82517099 -0.22176796 0.999999940 0.999999940 0.999999940
v -0.35987553 -4.84424162 0.008989970 0.999999940 0.999999940 0.999999940
v -0.35656729 -4.84414244 0.115629345 0.999999940 0.999999940 0.999999940
v -0.39067543 -4.8403039 0.215765297 0.999999940 0.999999940 0.999999940
v -0.45507729 -4.83380795 0.299384594 0.999999940 0.999999940 0.999999940
v -0.54475343 -4.8256793 0.355249285 0.999999940 0.999999940 0.999999940
v -0.648462 -4.81653214 0.376620978 0.999999940 0.999999940 0.999999940
v -0.75403094 -4.80735731 0.362877994 0.999999940 0.999999940 0.999999940
v -0.84824812 -4.79943705 0.312060713 0.999999940 0.999999940 0.999999940
v -0.9187187 -4.79375696 0.231853336 0.999999940 0.999999940 0.999999940
v -0.960549 -4.79069853 0.133757099 0.999999940 0.999999940 0.999999940
v -0.96496618 -4.79133415 0.026718026 0.999999940 0.999999940 0.999999940
v -0.97777325 -4.95094872 0.029706256 0.999999940 0.999999940 0.999999940
v -0.97262049 -4.9517293 0.13623254 0.999999940 0.999999940 0.999999940
v -0.93179291 -4.95541191 0.235503315 0.999999940 0.999999940 0.999999940
v -0.85826004 -4.96177101 0.313930690 0.999999940 0.999999940 0.999999940
v -0.76338154 -4.96987438 0.362666815 0.999999940 0.999999940 0.999999940
v -0.65811688 -4.97848272 0.376967281 0.999999940 0.999999940 0.999999940
v -0.55471301 -4.9865222 0.353813201 0.999999940 0.999999940 0.999999940
v -0.46676737 -4.99315977 0.296774029 0.999999940 0.999999940 0.999999940
v -0.40178853 -4.99772072 0.214031502 0.999999940 0.999999940 0.999999940
v -0.36903903 -4.99921036 0.112874522 0.999999940 0.999999940 0.999999940
v -0.37627646 -4.99753618 0.006416082 0.999999940 0.999999940 0.999999940
v -0.41301635 -4.99363708 -0.09364437 0.999999940 0.999999940 0.999999940
v -0.48313409 -4.98710966 -0.1742882 0.999999940 0.999999940 0.999999940
v -0.57739276 -4.97938728 -0.22408554 0.999999940 0.999999940 0.999999940
v -0.68303531 -4.9715395 -0.23796873 0.999999940 0.999999940 0.999999940
v -0.67027932 -4.81676817 -0.23572637 0.999999940 0.999999940 0.999999940
v -0.65565848 -4.6640811 -0.23475276 0.999999940 0.999999940 0.999999940
v -0.49368364 -5.14137173 -0.1785755 0.999999940 0.999999940 0.999999940
v -0.58825994 -5.1345439 -0.22841367 0.999999940 0.999999940 0.999999940
v -0.69521987 -5.12711 -0.24243456 0.999999940 0.999999940 0.999999940
v -0.42210308 -5.14722157 -0.09895428 0.999999940 0.999999940 0.999999940
v -0.38528079 -5.15164137 0.001418356 0.999999940 0.999999940 0.999999940
v -0.38354716 -5.15390539 0.107515022 0.999999940 0.999999940 0.999999940
v -0.41196498 -5.1545186 0.209170907 0.999999940 0.999999940 0.999999940
v -0.47580853 -5.15235376 0.292557627 0.999999940 0.999999940 0.999999940
v -0.56404942 -5.14728642 0.348829507 0.999999940 0.999999940 0.999999940
v -0.66585553 -5.14016151 0.373400628 0.999999940 0.999999940 0.999999940
v -0.77163023 -5.13200188 0.362402945 0.999999940 0.999999940 0.999999940
v -0.86685359 -5.12375116 0.313195765 0.999999940 0.999999940 0.999999940
v -0.94047487 -5.1167779 0.235601231 0.999999940 0.999999940 0.999999940
v -0.9848817 -5.1120863 0.137507826 0.999999940 0.999999940 0.999999940
v -0.99452919 -5.27174664 0.136528462 0.999999940 0.999999940 0.999999940
v -0.95108283 -5.27681875 0.235863730 0.999999940 0.999999940 0.999999940
v -0.87468517 -5.28438425 0.313280075 0.999999940 0.999999940 0.999999940
v -0.77722913 -5.29326916 0.358875423 0.999999940 0.999999940 0.999999940
v -0.67160428 -5.30181789 0.369434982 0.999999940 0.999999940 0.999999940
v -0.56953758 -5.30812788 0.343934714 0.999999940 0.999999940 0.999999940
v -0.48248041 -5.31142807 0.285431921 0.999999940 0.999999940 0.999999940
v -0.42061716 -5.31194639 0.201779142 0.999999940 0.999999940 0.999999940
v -0.38926503 -5.30999327 0.101187020 0.999999940 0.999999940 0.999999940
v -0.3919374 -5.30617189 -0.00467353 0.999999940 0.999999940 0.999999940
v -0.43099913 -5.30126429 -0.1034869 0.999999940 0.999999940 0.999999940
v -0.50234735 -5.29624844 -0.18334058 0.999999940 0.999999940 0.999999940
v -0.59830928 -5.28995562 -0.23267479 0.999999940 0.999999940 0.999999940
v -0.7057088 -5.28297329 -0.24439642 0.999999940 0.999999940 0.999999940
v -0.81214654 -5.2766614 -0.22268471 0.999999940 0.999999940 0.999999940
v -0.79976743 -5.12014675 -0.21668436 0.999999940 0.999999940 0.999999940
v -0.78722757 -4.96426821 -0.2142684 0.999999940 0.999999940 0.999999940
v -0.60548729 -5.44601917 -0.24091174 0.999999940 0.999999940 0.999999940
v -0.71456891 -5.44016123 -0.25740629 0.999999940 0.999999940 0.999999940
v -0.82317036 -5.43464851 -0.23252973 0.999999940 0.999999940 0.999999940
v -0.50841248 -5.45101833 -0.18948497 0.999999940 0.999999940 0.999999940
v -0.43655792 -5.45622635 -0.10981311 0.999999940 0.999999940 0.999999940
v -0.3969478 -5.46148348 -0.01157151 0.999999940 0.999999940 0.999999940
v -0.39041588 -5.46641779 0.093940623 0.999999940 0.999999940 0.999999940
v -0.42139095 -5.47034645 0.195125713 0.999999940 0.999999940 0.999999940
v -0.48570108 -5.47167873 0.278477639 0.999999940 0.999999940 0.999999940
v -0.57400542 -5.46888256 0.336946249 0.999999940 0.999999940 0.999999940
v -0.67656744 -5.46263885 0.366858601 0.999999940 0.999999940 0.999999940
v -0.783517 -5.45324612 0.358694434 0.999999940 0.999999940 0.999999940
v -0.88204551 -5.44301796 0.312639117 0.999999940 0.999999940 0.999999940
v -0.96149999 -5.43446398 0.236796259 0.999999940 0.999999940 0.999999940
v -0.97351015 -5.58933735 0.239350929 0.999999940 0.999999940 0.999999940
v -0.8931129 -5.5989356 0.316134840 0.999999940 0.999999940 0.999999940
v -0.79034758 -5.6112752 0.358549803 0.999999940 0.999999940 0.999999940
v -0.68086118 -5.62214422 0.362845569 0.999999940 0.999999940 0.999999940
v -0.57441509 -5.62924099 0.332721769 0.999999940 0.999999940 0.999999940
v -0.48447368 -5.63159323 0.270993530 0.999999940 0.999999940 0.999999940
v -0.419007 -5.62997389 0.185203805 0.999999940 0.999999940 0.999999940
v -0.3873544 -5.62523174 0.083723157 0.999999940 0.999999940 0.999999940
v -0.39166245 -5.61901855 -0.02226426 0.999999940 0.999999940 0.999999940
v -0.43102592 -5.61263943 -0.12260561 0.999999940 0.999999940 0.999999940
v -0.50510329 -5.60726929 -0.20468691 0.999999940 0.999999940 0.999999940
v -0.60555214 -5.60343027 -0.25527585 0.999999940 0.999999940 0.999999940
v -0.71951616 -5.59996986 -0.27017978 0.999999940 0.999999940 0.999999940
v -0.83340907 -5.59566784 -0.24586943 0.999999940 0.999999940 0.999999940
v -0.93168837 -5.59091377 -0.182477 0.999999940 0.999999940 0.999999940
v -0.91674912 -5.43051243 -0.17130786 0.999999940 0.999999940 0.999999940
v -0.90405267 -5.27200699 -0.16334763 0.999999940 0.999999940 0.999999940
v -0.72003144 -5.76107693 -0.28514031 0.999999940 0.999999940 0.999999940
v -0.84181011 -5.75746727 -0.25875664 0.999999940 0.999999940 0.999999940
v -0.94790769 -5.75133514 -0.19088756 0.999999940 0.999999940 0.999999940
v -0.60075504 -5.76325607 -0.26935437 0.999999940 0.999999940 0.999999940
v -0.4994998 -5.76643896 -0.21567246 0.999999940 0.999999940 0.999999940
v -0.42711538 -5.77203512 -0.13333724 0.999999940 0.999999940 0.999999940
v -0.38589689 -5.77927446 -0.03442716 0.999999940 0.999999940 0.999999940
v -0.38451967 -5.78612709 0.072517655 0.999999940 0.999999940 0.999999940
v -0.41687444 -5.79032516 0.175855919 0.999999940 0.999999940 0.999999940
v -0.48249999 -5.79068756 0.264451921 0.999999940 0.999999940 0.999999940
v -0.57517475 -5.78696156 0.329524815 0.999999940 0.999999940 0.999999940
v -0.68547302 -5.77921772 0.362994641 0.999999940 0.999999940 0.999999940
v -0.79996926 -5.76697206 0.362673252 0.999999940 0.999999940 0.999999940
v -0.9070459 -5.75288677 0.323588818 0.999999940 0.999999940 0.999999940
v -0.92044556 -5.90657902 0.332810372 0.999999940 0.999999940 0.999999940
v -0.80906063 -5.91994286 0.366885691 0.999999940 0.999999940 0.999999940
v -0.68959045 -5.93314934 0.363970875 0.999999940 0.999999940 0.999999940
v -0.57569551 -5.94283867 0.327561855 0.999999940 0.999999940 0.999999940
v -0.47988632 -5.94898224 0.260242044 0.999999940 0.999999940 0.999999940
v -0.41526526 -5.95077753 0.167326808 0.999999940 0.999999940 0.999999940
v -0.38467801 -5.94804192 0.061932127 0.999999940 0.999999940 0.999999940
v -0.38255069 -5.9423461 -0.04493112 0.999999940 0.999999940 0.999999940
v -0.41970789 -5.93547106 -0.14393072 0.999999940 0.999999940 0.999999940
v -0.4906548 -5.92939758 -0.22633052 0.999999940 0.999999940 0.999999940
v -0.59281331 -5.92541027 -0.28137043 0.999999940 0.999999940 0.999999940
v -0.71679866 -5.92261982 -0.29926401 0.999999940 0.999999940 0.999999940
v -0.84743744 -5.91843653 -0.27133775 0.999999940 0.999999940 0.999999940
v -0.96318543 -5.91115808 -0.19778803 0.999999940 0.999999940 0.999999940
v -1.04427862 -5.90194082 -0.09089808 0.999999940 0.999999940 0.999999940
v -1.0222187 -5.74439669 -0.09062976 0.999999940 0.999999940 0.999999940
v -0.99965143 -5.58670425 -0.08732504 0.999999940 0.999999940 0.999999940
v -0.85005653 -6.08036232 -0.28605053 0.999999940 0.999999940 0.999999940
v -0.97853947 -6.07000494 -0.20538817 0.999999940 0.999999940 0.999999940
v -1.06701708 -6.05801249 -0.09022653 0.999999940 0.999999940 0.999999940
v -0.7079286 -6.08748007 -0.31463224 0.999999940 0.999999940 0.999999940
v -0.57910019 -6.09836149 -0.2907638 0.999999940 0.999999940 0.999999940
v -0.47486991 -6.12654257 -0.23573446 0.999999940 0.999999940 0.999999940
v -0.41134834 -6.10896111 -0.15139838 0.999999940 0.999999940 0.999999940
v -0.38054165 -6.10925531 -0.05463271 0.999999940 0.999999940 0.999999940
v -0.38552225 -6.11253738 0.052156396 0.999999940 0.999999940 0.999999940
v -0.41475433 -6.11221504 0.159520581 0.999999940 0.999999940 0.999999940
v -0.47909281 -6.10634661 0.256367415 0.999999940 0.999999940 0.999999940
v -0.57529467 -6.09572506 0.328133344 0.999999940 0.999999940 0.999999940
v -0.6915406 -6.08297443 0.367290079 0.999999940 0.999999940 0.999999940
v -0.81349444 -6.07029676 0.373268753 0.999999940 0.999999940 0.999999940
v -0.81261265 -6.2170167 0.379136025 0.999999940 0.999999940 0.999999940
v -0.69098371 -6.22885895 0.368625730 0.999999940 0.999999940 0.999999940
v -0.58007866 -6.24415779 0.325311273 0.999999940 0.999999940 0.999999940
v -0.48574293 -6.25974751 0.252482473 0.999999940 0.999999940 0.999999940
v -0.41862562 -6.27182007 0.152868956 0.999999940 0.999999940 0.999999940
v -0.38896039 -6.279459 0.041075591 0.999999940 0.999999940 0.999999940
v -0.38395131 -6.28879786 -0.0636384 0.999999940 0.999999940 0.999999940
v -0.40421793 -6.32636261 -0.15104942 0.999999940 0.999999940 0.999999940
v -0.45630571 -6.39508343 -0.23506059 0.999999940 0.999999940 0.999999940
v -0.55576658 -6.31597805 -0.29889742 0.999999940 0.999999940 0.999999940
v -0.69467658 -6.26183987 -0.33164057 0.999999940 0.999999940 0.999999940
v -0.85052794 -6.24100304 -0.30109808 0.999999940 0.999999940 0.999999940
v -0.99121344 -6.22698212 -0.21375403 0.999999940 0.999999940 0.999999940
v -1.08769202 -6.21456957 -0.08906931 0.999999940 0.999999940 0.999999940
v -1.12289429 -6.20609951 0.051204733 0.999999940 0.999999940 0.999999940
v -1.10260701 -6.04980183 0.042591251 0.999999940 0.999999940 0.999999940
v -1.08069074 -5.89432144 0.032933447 0.999999940 0.999999940 0.999999940
v -0.99419093 -6.38273144 -0.2203638 0.999999940 0.999999940 0.999999940
v -1.10610914 -6.37171602 -0.08980295 0.999999940 0.999999940 0.999999940
v -1.13839281 -6.35999155 0.069884501 0.999999940 0.999999940 0.999999940
v -0.8453185 -6.40103197 -0.3103531 0.999999940 0.999999940 0.999999940
v -0.67753857 -6.4437294 -0.33286136 0.999999940 0.999999940 0.999999940
v -0.50473493 -6.5401001 -0.27908269 0.999999940 0.999999940 0.999999940
v -0.46780241 -6.52843285 -0.24989551 0.999999940 0.999999940 0.999999940
v -0.44233155 -6.54367733 -0.22846159 0.999999940 0.999999940 0.999999940
v -0.42214596 -6.56005192 -0.21198186 0.999999940 0.999999940 0.999999940
v -0.4042196 -6.53419924 -0.16722883 0.999999940 0.999999940 0.999999940
v -0.39459383 -6.47354984 -0.07093422 0.999999940 0.999999940 0.999999940
v -0.39886045 -6.43810892 0.032411772 0.999999940 0.999999940 0.999999940
v -0.431889 -6.41744471 0.147386685 0.999999940 0.999999940 0.999999940
v -0.49874949 -6.40159655 0.250656545 0.999999940 0.999999940 0.999999940
v -0.58785504 -6.38645267 0.325850844 0.999999940 0.999999940 0.999999940
v -0.51269335 -6.52787971 0.253562867 0.999999940 0.999999940 0.999999940
v -0.4426209 -6.53747749 0.148592829 0.999999940 0.999999940 0.999999940
v -0.59478045 -6.5190239 0.332113772 0.999999940 0.999999940 0.999999940
v -0.39873633 -6.54803467 0.02837459 0.999999940 0.999999940 0.999999940
v -0.39797449 -6.55657148 -0.07373913 0.999999940 0.999999940 0.999999940
v -0.40863857 -6.56521988 -0.17849673 0.999999940 0.999999940 0.999999940
v -0.41132262 -6.55151176 -0.18198568 0.999999940 0.999999940 0.999999940
v -0.42110968 -6.5551157 -0.20023146 0.999999940 0.999999940 0.999999940
v -0.45420372 -6.53976679 -0.23631541 0.999999940 0.999999940 0.999999940
v -0.45247719 -6.54719114 -0.23058911 0.999999940 0.999999940 0.999999940
v -0.46005699 -6.55952024 -0.17671014 0.999999940 0.999999940 0.999999940
v -0.50449926 -6.56279325 -0.27776876 0.999999940 0.999999940 0.999999940
v -0.66237533 -6.55098009 -0.36538568 0.999999940 0.999999940 0.999999940
v -0.84959131 -6.53963423 -0.34052822 0.999999940 0.999999940 0.999999940
v -1.00773978 -6.53145123 -0.23509179 0.999999940 0.999999940 0.999999940
v -1.10768497 -6.51979733 -0.07709119 0.999999940 0.999999940 0.999999940
v -1.14337766 -6.50678682 0.100842945 0.999999940 0.999999940 0.999999940
v -0.95012498 -6.51923084 0.002283819 0.999999940 0.999999940 0.999999940
v -0.98652017 -6.5091691 0.144827008 0.999999940 0.999999940 0.999999940
v -0.87301815 -6.52950478 -0.12006125 0.999999940 0.999999940 0.999999940
v -0.7707541 -6.53950167 -0.21780878 0.999999940 0.999999940 0.999999940
v -0.66989207 -6.54837418 -0.26898864 0.999999940 0.999999940 0.999999940
v -0.58721012 -6.55064201 -0.18917328 0.999999940 0.999999940 0.999999940
v -0.48484188 -6.55204487 -0.10165551 0.999999940 0.999999940 0.999999940
v -0.53508276 -6.5425806 -0.02112939 0.999999940 0.999999940 0.999999940
v -0.59484136 -6.53305864 0.065861575 0.999999940 0.999999940 0.999999940
v -0.66639221 -6.52361298 0.157457485 0.999999940 0.999999940 0.999999940
v -0.7359674 -6.51428509 0.262098461 0.999999940 0.999999940 0.999999940
v -0.68958068 -6.51046991 0.387477129 0.999999940 0.999999940 0.999999940
v -0.68790096 -6.37194347 0.371527761 0.999999940 0.999999940 0.999999940
v -0.80072463 -6.50367689 0.403814911 0.999999940 0.999999940 0.999999940
v -0.93249619 -6.49920034 0.379972666 0.999999940 0.999999940 0.999999940
v -0.86369604 -6.51079082 0.206166163 0.999999940 0.999999940 0.999999940
v -0.80325413 -6.52043676 0.080622777 0.999999940 0.999999940 0.999999940
v -0.73535156 -6.53010988 -0.0210438 0.999999940 0.999999940 0.999999940
v -0.66145241 -6.54016113 -0.1099541 0.999999940 0.999999940 0.999999940
v -1.11560833 -6.49867916 0.229083091 0.999999940 0.999999940 0.999999940
v -1.03882587 -6.49722767 0.320624649 0.999999940 0.999999940 0.999999940
v -1.09696054 -6.35216999 0.206757724 0.999999940 0.999999940 0.999999940
v -1.02759445 -6.35170698 0.296517014 0.999999940 0.999999940 0.999999940
v -0.92938936 -6.3542428 0.359693139 0.999999940 0.999999940 0.999999940
v -0.80804902 -6.36047316 0.386018246 0.999999940 0.999999940 0.999999940
v -0.93085104 -6.20867443 0.352660596 0.999999940 0.999999940 0.999999940
v -1.03073812 -6.20393181 0.287202894 0.999999940 0.999999940 0.999999940
v -1.10003781 -6.20329142 0.184324279 0.999999940 0.999999940 0.999999940
v -1.08722484 -6.04788256 0.169697687 0.999999940 0.999999940 0.999999940
v -1.02408516 -6.05167198 0.273892939 0.999999940 0.999999940 0.999999940
v -0.92907745 -6.05936623 0.345584660 0.999999940 0.999999940 0.999999940
v -1.01214862 -5.89643908 0.260484933 0.999999940 0.999999940 0.999999940
v -1.06861615 -5.89215183 0.155519232 0.999999940 0.999999940 0.999999940
v -1.05673277 -5.73861313 0.026378149 0.999999940 0.999999940 0.999999940
v -1.04449105 -5.73749495 0.144571557 0.999999940 0.999999940 0.999999940
v -0.99299365 -5.74246645 0.248468279 0.999999940 0.999999940 0.999999940
v -1.0230608 -5.5840621 0.138136491 0.999999940 0.999999940 0.999999940
v -1.03129911 -5.5838623 0.023693151 0.999999940 0.999999940 0.999999940
v -0.98327941 -5.42830229 -0.08199327 0.999999940 0.999999940 0.999999940
v -1.01396036 -5.42766094 0.025178683 0.999999940 0.999999940 0.999999940
v -1.00778711 -5.42933607 0.136474907 0.999999940 0.999999940 0.999999940
v -1.00220406 -5.26914454 0.027979768 0.999999940 0.999999940 0.999999940
v -0.97088206 -5.26921844 -0.07668138 0.999999940 0.999999940 0.999999940
v -0.89003974 -5.11466265 -0.15747654 0.999999940 0.999999940 0.999999940
v -0.95720166 -5.11111164 -0.0730193 0.999999940 0.999999940 0.999999940
v -0.99016923 -5.11027956 0.029649708 0.999999940 0.999999940 0.999999940
v -0.94607484 -4.95327234 -0.0731505 0.999999940 0.999999940 0.999999940
v -0.87808383 -4.95803595 -0.15679751 0.999999940 0.999999940 0.999999940
v -0.77447903 -4.80900574 -0.21297306 0.999999940 0.999999940 0.999999940
v -0.86420476 -4.80180311 -0.15669446 0.999999940 0.999999940 0.999999940
v -0.93144703 -4.79539776 -0.07493049 0.999999940 0.999999940 0.999999940
v -0.75971752 -4.65416288 -0.21431915 0.999999940 0.999999940 0.999999940
v -0.63901514 -4.51143742 -0.24003026 0.999999940 0.999999940 0.999999940
v -0.74416745 -4.49956083 -0.22244249 0.999999940 0.999999940 0.999999940
v -0.62132758 -4.35802031 -0.24925567 0.999999940 0.999999940 0.999999940
v -0.72560889 -4.34443903 -0.22899695 0.999999940 0.999999940 0.999999940
v -0.60388744 -4.20385551 -0.25797176 0.999999940 0.999999940 0.999999940
v -0.70745921 -4.18873501 -0.23642997 0.999999940 0.999999940 0.999999940
v -0.49906275 -4.21656799 -0.23937015 0.999999940 0.999999940 0.999999940
v -0.48229635 -4.06492043 -0.24881089 0.999999940 0.999999940 0.999999940
v -0.58614898 -4.04962015 -0.26436728 0.999999940 0.999999940 0.999999940
v -0.6893419 -4.03192472 -0.24501105 0.999999940 0.999999940 0.999999940
v -0.57052833 -3.89399076 -0.27256942 0.999999940 0.999999940 0.999999940
v -0.67131299 -3.87199616 -0.25373718 0.999999940 0.999999940 0.999999940
v -0.4678126 -3.91489959 -0.25765413 0.999999940 0.999999940 0.999999940
v -0.37466031 -3.93091774 -0.20382489 0.999999940 0.999999940 0.999999940
vt 0.163700029 0.412211358
vt 0.164987012 0.404418766
vt 0.191326275 0.404758811
vt 0.194184571 0.417093515
vt 0.624158322 0.731068134
vt 0.635004460 0.733199834
vt 0.636967003 0.752671659
vt 0.637475669 0.767503857
vt 0.203802660 0.435146272
vt 0.175789371 0.436682641
vt 0.150557160 0.442549347
vt 0.516291260 0.367392361
vt 0.538929045 0.367639303
vt 0.635228514 0.779983103
vt 0.491560041 0.366318941
vt 0.498474299 0.352671623
vt 0.220870018 0.419953227
vt 0.232360348 0.433357894
vt 0.190023079 0.458090126
vt 0.221547260 0.453642368
vt 0.241537928 0.442537248
vt 0.162694379 0.465636730
vt 0.125174060 0.447607696
vt 0.116015844 0.421936869
vt 0.133563578 0.471927106
vt 0.633883178 0.714691996
vt 0.642872393 0.732570588
vt 0.645203709 0.752076506
vt 0.642652511 0.713991046
vt 0.650827109 0.767072439
vt 0.648635029 0.780170440
vt 0.618014752 0.787441432
vt 0.635376811 0.792211353
vt 0.650930047 0.794895649
vt 0.512317955 0.379926323
vt 0.484642744 0.381032407
vt 0.47003901 0.365191876
vt 0.469213396 0.375187635
vt 0.479432910 0.349402427
vt 0.241447955 0.416315734
vt 0.251809060 0.426244974
vt 0.253821700 0.427267909
vt 0.251054436 0.453259944
vt 0.229187861 0.470680415
vt 0.264633387 0.431897461
vt 0.203030720 0.481574893
vt 0.173216968 0.492384970
vt 0.135990783 0.497873067
vt 0.104906402 0.474465668
vt 0.099487751 0.455623924
vt 0.105048447 0.497072815
vt 0.093415051 0.436432004
vt 0.074801720 0.474388897
vt 0.071654304 0.458951413
vt 0.063117921 0.443169772
vt 0.076082788 0.491375207
vt 0.101574026 0.520426988
vt 0.134041413 0.532984614
vt 0.073436163 0.510151803
vt 0.180849924 0.521631717
vt 0.227142244 0.507827401
vt 0.246832102 0.483471512
vt 0.263851761 0.461369693
vt 0.278070539 0.442646026
vt 0.253441304 0.850456416
vt 0.268353939 0.856566369
vt 0.248104512 0.844770908
vt 0.242761671 0.839500069
vt 0.247998789 0.834290385
vt 0.255252003 0.832011103
vt 0.271734535 0.838145077
vt 0.289671599 0.868967175
vt 0.281967610 0.888256847
vt 0.295219361 0.852632463
vt 0.280364900 0.905667305
vt 0.249932855 0.911467135
vt 0.280566901 0.471962094
vt 0.268810004 0.491490721
vt 0.262467742 0.515865564
vt 0.262626171 0.547106146
vt 0.229443103 0.549147009
vt 0.192193105 0.557593941
vt 0.156399995 0.569312214
vt 0.129085481 0.587463736
vt 0.109896093 0.560964822
vt 0.090353287 0.543352603
vt 0.172431126 0.601852059
vt 0.143390759 0.615099310
vt 0.203506454 0.591431021
vt 0.236351132 0.583195924
vt 0.268021732 0.578216195
vt 0.299139678 0.575014233
vt 0.293793767 0.547610640
vt 0.292745739 0.521616935
vt 0.296243429 0.498004913
vt 0.302936166 0.480457007
vt 0.311924606 0.463027358
vt 0.281891524 0.922946989
vt 0.309985011 0.895854890
vt 0.307033747 0.911342144
vt 0.304615259 0.926730632
vt 0.314126938 0.879483699
vt 0.338141053 0.888795971
vt 0.334410637 0.903028726
vt 0.330890685 0.918050885
vt 0.328152418 0.932122409
vt 0.326050072 0.946062445
vt 0.303622454 0.942045807
vt 0.282595843 0.939838171
vt 0.264696925 0.942780494
vt 0.326780557 0.488632500
vt 0.322939127 0.506901621
vt 0.322303146 0.527027428
vt 0.323792040 0.550052166
vt 0.328240722 0.574199378
vt 0.335249722 0.599616050
vt 0.307470738 0.602186977
vt 0.277765482 0.606295645
vt 0.247301071 0.612999081
vt 0.214883253 0.620923042
vt 0.288576543 0.633363127
vt 0.25663203 0.640829205
vt 0.223910436 0.647925019
vt 0.317564487 0.627787947
vt 0.343563914 0.624314546
vt 0.368261158 0.621146082
vt 0.361960083 0.597288847
vt 0.356714069 0.573946416
vt 0.352762758 0.551513552
vt 0.350530087 0.530235290
vt 0.349900484 0.510406673
vt 0.349225521 0.493030428
vt 0.349046707 0.477268159
vt 0.376237303 0.728433013
vt 0.393177300 0.736383914
vt 0.412152946 0.746221780
vt 0.367920458 0.742324590
vt 0.384964823 0.749625623
vt 0.404148221 0.758428812
vt 0.356407046 0.733682036
vt 0.370730489 0.492476999
vt 0.373995244 0.509887874
vt 0.377175569 0.529463827
vt 0.380359649 0.550325036
vt 0.384122073 0.572435140
vt 0.388215631 0.594963908
vt 0.392329931 0.617897033
vt 0.397095888 0.640693664
vt 0.374479651 0.644392430
vt 0.352722525 0.647604107
vt 0.329584270 0.653186202
vt 0.299566477 0.658533215
vt 0.361621439 0.669805109
vt 0.340499430 0.678069531
vt 0.308447361 0.684276580
vt 0.37970227 0.664573788
vt 0.400384336 0.660936951
vt 0.421697139 0.660130441
vt 0.420053750 0.637179970
vt 0.417482137 0.614184260
vt 0.414417743 0.591490864
vt 0.411125183 0.568238258
vt 0.407008826 0.545920252
vt 0.402515053 0.524730682
vt 0.397405058 0.505158364
vt 0.391415804 0.487439155
vt 0.383346349 0.471054196
vt 0.359046310 0.754829227
vt 0.412197321 0.477622568
vt 0.397386372 0.460497736
vt 0.348151207 0.766892194
vt 0.421469509 0.495852887
vt 0.429413348 0.515731990
vt 0.434625953 0.538025617
vt 0.439116329 0.561710357
vt 0.442211717 0.585970282
vt 0.443398624 0.610775113
vt 0.444432020 0.634980678
vt 0.441978633 0.658478438
vt 0.433466732 0.686022639
vt 0.423885583 0.684049367
vt 0.404290050 0.678118467
vt 0.383748352 0.680123090
vt 0.367225825 0.685330808
vt 0.851094603 0.625272035
vt 0.866174638 0.616801798
vt 0.835326373 0.633102059
vt 0.818807661 0.641667962
vt 0.802082300 0.653709828
vt 0.479561001 0.702893495
vt 0.472457498 0.680430233
vt 0.471529930 0.658317565
vt 0.471668809 0.633164346
vt 0.471568822 0.607115030
vt 0.470679014 0.581270217
vt 0.468767732 0.555030584
vt 0.465988725 0.528908968
vt 0.459619075 0.504401028
vt 0.447347462 0.484093010
vt 0.431812077 0.464853107
vt 0.495866656 0.487859487
vt 0.470134139 0.467074513
vt 0.448818326 0.449980199
vt 0.499973624 0.521990299
vt 0.500541687 0.551089763
vt 0.500852108 0.578266859
vt 0.500300169 0.604814410
vt 0.500214040 0.630878806
vt 0.500270724 0.656448066
vt 0.502748191 0.679122269
vt 0.506381571 0.700947344
vt 0.509693145 0.721012711
vt 0.488904893 0.723039984
vt 0.470834136 0.726532816
vt 0.801502406 0.609119534
vt 0.823857963 0.598265528
vt 0.839907288 0.590718329
vt 0.799724161 0.562377452
vt 0.816740572 0.558721303
vt 0.832127690 0.554895758
vt 0.776801765 0.619665741
vt 0.783708334 0.593791842
vt 0.785738050 0.558687806
vt 0.500688970 0.741099476
vt 0.518394112 0.738991379
vt 0.534134686 0.719997406
vt 0.540713131 0.738783836
vt 0.532279312 0.700067400
vt 0.529235065 0.679251313
vt 0.528334796 0.655967354
vt 0.528676688 0.631012201
vt 0.529315531 0.604968547
vt 0.531880378 0.578536927
vt 0.533703684 0.551191210
vt 0.566899180 0.554434657
vt 0.562546074 0.581179797
vt 0.558285117 0.607089042
vt 0.556809902 0.632806420
vt 0.556302309 0.656901598
vt 0.557055473 0.680276691
vt 0.558237612 0.702033400
vt 0.558549165 0.720930457
vt 0.561907529 0.740225732
vt 0.544664979 0.755655646
vt 0.527099072 0.756051778
vt 0.563030839 0.757608175
vt 0.512407481 0.759233832
vt 0.500904679 0.763307690
vt 0.769254803 0.581843078
vt 0.770166456 0.555084109
vt 0.767918586 0.530449509
vt 0.781602442 0.529584348
vt 0.795685350 0.529379963
vt 0.755360662 0.572363317
vt 0.756692767 0.551453232
vt 0.754003405 0.530635476
vt 0.748542666 0.587703585
vt 0.525318563 0.775426089
vt 0.537104249 0.773043036
vt 0.550474464 0.772866666
vt 0.564827084 0.774883091
vt 0.580766499 0.763019800
vt 0.579201936 0.779865980
vt 0.583116233 0.744943261
vt 0.583491385 0.726181864
vt 0.586113572 0.705296099
vt 0.587367177 0.681868791
vt 0.584845244 0.660036683
vt 0.622314095 0.687875747
vt 0.611745417 0.712026
vt 0.614063024 0.661988735
vt 0.602965116 0.732205748
vt 0.601952254 0.750937402
vt 0.595500171 0.769090771
vt 0.593673884 0.787561178
vt 0.578766882 0.794995725
vt 0.567221403 0.791775703
vt 0.590650260 0.799296021
vt 0.556417465 0.790851235
vt 0.546176075 0.790349602
vt 0.537592709 0.792338490
vt 0.530880868 0.796448469
vt 0.742722153 0.564476847
vt 0.742687284 0.548792004
vt 0.740039646 0.531408548
vt 0.729410767 0.562512397
vt 0.728487849 0.549142837
vt 0.726023912 0.533555746
vt 0.727997899 0.574117422
vt 0.548248112 0.807734727
vt 0.555214881 0.806809663
vt 0.563806772 0.807611942
vt 0.572314739 0.807935714
vt 0.581159949 0.809186816
vt 0.591027617 0.812027335
vt 0.431565731 0.138706445
vt 0.425756603 0.127532482
vt 0.440781444 0.150108993
vt 0.454546004 0.161898732
vt 0.469565749 0.172429740
vt 0.488537877 0.185614764
vt 0.525091648 0.194621264
vt 0.520695567 0.213703334
vt 0.484089434 0.210031211
vt 0.442766875 0.194244682
vt 0.436055302 0.182068944
vt 0.443461507 0.211699068
vt 0.427894592 0.169264793
vt 0.421252369 0.156188428
vt 0.415772974 0.143091797
vt 0.412432491 0.129664003
vt 0.411336600 0.384244620
vt 0.424281925 0.386473953
vt 0.434098273 0.388354241
vt 0.585533142 0.823073685
vt 0.578320503 0.822600603
vt 0.570617914 0.822197854
vt 0.563055574 0.821491360
vt 0.556528508 0.820925951
vt 0.545588314 0.821338892
vt 0.258368134 0.789421916
vt 0.265097200 0.790366947
vt 0.250577002 0.790650486
vt 0.243124947 0.791917800
vt 0.235320925 0.794175088
vt 0.227973520 0.796298861
vt 0.221107840 0.799802124
vt 0.427298069 0.370410144
vt 0.413110733 0.368532896
vt 0.395372122 0.382303357
vt 0.396498382 0.367364704
vt 0.395004987 0.396703898
vt 0.397968232 0.144573807
vt 0.400644719 0.158265233
vt 0.403719961 0.171553254
vt 0.406780183 0.185404598
vt 0.381783068 0.172077477
vt 0.380075573 0.158340513
vt 0.383359313 0.185839414
vt 0.379302650 0.144847989
vt 0.379251420 0.131323099
vt 0.377002030 0.382592856
vt 0.377578854 0.367251992
vt 0.378672450 0.352237522
vt 0.398637622 0.352063417
vt 0.416861444 0.352909803
vt 0.433848440 0.354970395
vt 0.447406679 0.358756661
vt 0.226227521 0.784735918
vt 0.235903963 0.781728506
vt 0.245780408 0.778139591
vt 0.253941655 0.776787519
vt 0.262358427 0.775080800
vt 0.259181767 0.760686993
vt 0.272593975 0.759988248
vt 0.246242970 0.762929320
vt 0.234564110 0.766051709
vt 0.221790581 0.771392822
vt 0.210378676 0.777704358
vt 0.443152010 0.338638603
vt 0.421970814 0.337164223
vt 0.401336163 0.336970329
vt 0.380180686 0.337059199
vt 0.357811123 0.352643668
vt 0.358754664 0.337672174
vt 0.357121408 0.367421746
vt 0.356903642 0.382266223
vt 0.356829285 0.396888554
vt 0.359283566 0.144052207
vt 0.338720083 0.143649697
vt 0.338951349 0.130269467
vt 0.335901677 0.382295250
vt 0.336060583 0.368018508
vt 0.336328148 0.353260755
vt 0.336963623 0.338298082
vt 0.337354540 0.323161304
vt 0.359511852 0.322726130
vt 0.381513148 0.321741402
vt 0.403743445 0.321580708
vt 0.427090406 0.321181356
vt 0.454139530 0.322374165
vt 0.477910161 0.328278541
vt 0.213053703 0.759351134
vt 0.230021476 0.751593291
vt 0.247671589 0.746079683
vt 0.265378952 0.744103431
vt 0.246331304 0.728743314
vt 0.270168215 0.725695133
vt 0.222228527 0.736823558
vt 0.201188474 0.746022582
vt 0.185261398 0.755149781
vt 0.476452946 0.310594260
vt 0.464293152 0.305308520
vt 0.485630095 0.297389149
vt 0.433027744 0.305633544
vt 0.406232088 0.306550502
vt 0.382855266 0.305867910
vt 0.360291183 0.307346463
vt 0.338144809 0.308014512
vt 0.315604001 0.323026478
vt 0.316035062 0.307783067
vt 0.315211892 0.338081479
vt 0.314825415 0.352909922
vt 0.314555138 0.367568790
vt 0.293018758 0.352964818
vt 0.293445825 0.338260650
vt 0.292910903 0.367338180
vt 0.293563425 0.323269963
vt 0.294135570 0.307910919
vt 0.294391542 0.292515099
vt 0.316439062 0.292409837
vt 0.338676333 0.292441666
vt 0.361060112 0.292028427
vt 0.383976608 0.290892601
vt 0.408533543 0.291228592
vt 0.437350451 0.290387153
vt 0.470966577 0.294396460
vt 0.494901925 0.299452543
vt 0.503738045 0.304653227
vt 0.474593997 0.278733015
vt 0.501705706 0.275395631
vt 0.440637320 0.275048375
vt 0.410725504 0.275923430
vt 0.385057479 0.275827288
vt 0.361492395 0.276658356
vt 0.339117139 0.276892960
vt 0.316833168 0.276937425
vt 0.294729888 0.276886463
vt 0.272806912 0.306697845
vt 0.272702246 0.291885197
vt 0.272992104 0.276898920
vt 0.271828025 0.322289645
vt 0.271616429 0.337625443
vt 0.271235942 0.352481007
vt 0.271300941 0.367041111
vt 0.249655634 0.352243363
vt 0.249670609 0.337783813
vt 0.249797821 0.366747021
vt 0.249589964 0.322521626
vt 0.249973520 0.307181835
vt 0.250618428 0.291428923
vt 0.250794976 0.276311934
vt 0.273384094 0.261445403
vt 0.295257985 0.261234879
vt 0.251106351 0.261022746
vt 0.317168444 0.261497020
vt 0.339445918 0.261187315
vt 0.362088054 0.261166691
vt 0.385717719 0.260630786
vt 0.411739975 0.260489702
vt 0.441871792 0.259387433
vt 0.475120455 0.258930683
vt 0.442948490 0.243603110
vt 0.412501156 0.245104491
vt 0.477406084 0.243049383
vt 0.386016905 0.245057225
vt 0.362324595 0.245748162
vt 0.339653939 0.245708763
vt 0.317448854 0.245992958
vt 0.295559048 0.245723247
vt 0.273725688 0.246292710
vt 0.251599073 0.245896399
vt 0.228966042 0.261561036
vt 0.229574084 0.246041297
vt 0.228497833 0.277120828
vt 0.228129208 0.292722344
vt 0.227877199 0.307733178
vt 0.227761015 0.322835624
vt 0.205793231 0.307799875
vt 0.206091925 0.292303562
vt 0.205758407 0.322977423
vt 0.206501305 0.276605069
vt 0.207122340 0.261033535
vt 0.207787081 0.245266497
vt 0.230253100 0.230800688
vt 0.252062648 0.230477809
vt 0.208608135 0.229820132
vt 0.273964315 0.230825781
vt 0.295814216 0.230410277
vt 0.317710697 0.230658471
vt 0.339712530 0.230314016
vt 0.362257421 0.230384349
vt 0.385818421 0.229829192
vt 0.412377536 0.229619503
vt 0.361987233 0.215334832
vt 0.385217487 0.214828252
vt 0.411512345 0.214328169
vt 0.339744150 0.215034306
vt 0.317836642 0.215502500
vt 0.295975744 0.214950978
vt 0.274293452 0.215611457
vt 0.252519339 0.215293765
vt 0.230873301 0.215512454
vt 0.209295019 0.214634835
vt 0.186798483 0.229606330
vt 0.187706440 0.214007437
vt 0.186027407 0.245328366
vt 0.18543984 0.261176109
vt 0.184855043 0.277092158
vt 0.184355601 0.292959630
vt 0.163490831 0.276986599
vt 0.164059341 0.260747790
vt 0.162827789 0.293057680
vt 0.164639234 0.244654655
vt 0.165322274 0.228440463
vt 0.166194364 0.212438881
vt 0.188650131 0.198578536
vt 0.210164547 0.199425697
vt 0.167119979 0.196612596
vt 0.231559991 0.200411140
vt 0.252995729 0.200420200
vt 0.274618446 0.200739741
vt 0.296185791 0.200006127
vt 0.317800402 0.200593292
vt 0.339519292 0.199960887
vt 0.361558586 0.200343132
vt 0.317706823 0.185831010
vt 0.339041292 0.185176074
vt 0.360970020 0.185778796
vt 0.296408742 0.185443043
vt 0.274985700 0.186162293
vt 0.253627181 0.185725569
vt 0.232332974 0.185547351
vt 0.211055025 0.184404432
vt 0.189685016 0.183462202
vt 0.168312504 0.180931150
vt 0.145289182 0.195032477
vt 0.146486952 0.178906083
vt 0.144588381 0.211528480
vt 0.144188031 0.228186667
vt 0.143699109 0.244859337
vt 0.143093600 0.261315882
vt 0.122872129 0.244332373
vt 0.123056374 0.227608323
vt 0.122387111 0.261131048
vt 0.123163029 0.210191905
vt 0.123546913 0.192616105
vt 0.124781742 0.175518214
vt 0.147965550 0.163109779
vt 0.169556438 0.165903210
vt 0.126634180 0.158896923
vt 0.190749704 0.168781518
vt 0.21192801 0.169682323
vt 0.233183577 0.170977950
vt 0.254501134 0.171072185
vt 0.275260746 0.171804964
vt 0.296317815 0.171303570
vt 0.317614853 0.171374678
vt 0.275831878 0.157588779
vt 0.296677112 0.157051205
vt 0.317490696 0.157276749
vt 0.255381554 0.157031357
vt 0.233970835 0.156793713
vt 0.212901294 0.155222415
vt 0.191781371 0.154296338
vt 0.170787364 0.151163935
vt 0.149565309 0.147986292
vt 0.128310456 0.143260002
vt 0.104739651 0.154634892
vt 0.106767080 0.138522207
vt 0.103030033 0.172375202
vt 0.102062836 0.191101908
vt 0.101717270 0.209756374
vt 0.101764768 0.227911829
vt 0.080395214 0.208802819
vt 0.080442696 0.188772261
vt 0.080521568 0.228145360
vt 0.081037871 0.168163955
vt 0.082671418 0.148857712
vt 0.084145039 0.132106304
vt 0.108725227 0.123996317
vt 0.130235061 0.128857493
vt 0.083173885 0.116743207
vt 0.151268422 0.133739650
vt 0.172117918 0.137179493
vt 0.192905232 0.140184938
vt 0.213783383 0.141418457
vt 0.234692752 0.142929315
vt 0.255593627 0.143045187
vt 0.276219874 0.143549740
vt 0.235356435 0.129383444
vt 0.256023407 0.129488468
vt 0.276769965 0.129934370
vt 0.214667022 0.127790331
vt 0.193946272 0.126307189
vt 0.173483729 0.123601019
vt 0.152775093 0.120118260
vt 0.131893932 0.115492343
vt 0.110310584 0.110812962
vt 0.087537221 0.104686439
vt 0.047699540 0.108095943
vt 0.058784835 0.096666276
vt 0.055793061 0.124690234
vt 0.059748027 0.14379704
vt 0.059395436 0.164895653
vt 0.059329308 0.187221527
vt 0.038435928 0.184078931
vt 0.038426939 0.161311030
vt 0.036138825 0.138819634
vt 0.026331787 0.110593438
vt 0.026731472 0.104691207
vt 0.025380563 0.100562036
vt 0.025711391 0.102575063
vt 0.031923722 0.094652593
vt 0.05347085 0.396563887
vt 0.078395873 0.394298732
vt 0.029242703 0.398477554
vt 0.100691512 0.392285287
vt 0.122503660 0.389561593
vt 0.144080713 0.386949122
vt 0.165913015 0.383426010
vt 0.187018692 0.382451295
vt 0.207878842 0.381534099
vt 0.229392409 0.380381047
vt 0.207308679 0.366811156
vt 0.228620633 0.366604447
vt 0.186184629 0.367505073
vt 0.164339989 0.369108855
vt 0.142694562 0.372689664
vt 0.121266707 0.375065028
vt 0.099453128 0.377733469
vt 0.077631078 0.379836320
vt 0.054715249 0.381963789
vt 0.034071229 0.383287429
vt 0.017448501 0.39994663
vt 0.020002732 0.385133683
vt 0.018329331 0.411040663
vt 0.005677708 0.539504826
vt 0.005674179 0.536148607
vt 0.004924982 0.532728493
vt 0.005855266 0.533290624
vt 0.519784390 0.118804514
vt 0.522065222 0.133714616
vt 0.53047508 0.140573978
vt 0.542230784 0.146214425
vt 0.544006049 0.172583162
vt 0.555553972 0.151898622
vt 0.036217883 0.366892933
vt 0.055805660 0.365940630
vt 0.077684216 0.364450931
vt 0.099058307 0.362604081
vt 0.120502360 0.359927117
vt 0.141876041 0.357682943
vt 0.163492798 0.354831039
vt 0.185198962 0.353053510
vt 0.206735208 0.352368593
vt 0.184447482 0.338639020
vt 0.206202447 0.337914943
vt 0.162754163 0.339672148
vt 0.1413479 0.342116415
vt 0.120027735 0.344431519
vt 0.099141001 0.346559584
vt 0.078040294 0.348220348
vt 0.057546190 0.349256753
vt 0.037519641 0.350074052
vt 0.020547973 0.350750565
vt 0.570568859 0.157250285
vt 0.550338447 0.126711130
vt 0.565434098 0.131584882
vt 0.580764412 0.138368070
vt 0.535902619 0.122981488
vt 0.531709790 0.097158372
vt 0.539634704 0.107741653
vt 0.555072844 0.106270968
vt 0.574081003 0.110077142
vt 0.591985583 0.118572592
vt 0.586305797 0.164251565
vt 0.596976399 0.148450970
vt 0.606670081 0.132380485
vt 0.575098991 0.182660341
vt 0.039339449 0.333538711
vt 0.058285828 0.332777738
vt 0.078412443 0.331544995
vt 0.099008537 0.329988956
vt 0.119979873 0.327923417
vt 0.141278103 0.326404869
vt 0.162741705 0.324240684
vt 0.183932662 0.323622763
vt 0.140900477 0.310456693
vt 0.162284821 0.308696687
vt 0.184006705 0.308403551
vt 0.120052821 0.310876429
vt 0.099598005 0.312937557
vt 0.079089827 0.314337909
vt 0.059315457 0.316076755
vt 0.040079109 0.318056643
vt 0.021236736 0.320050716
vt 0.604204475 0.175886750
vt 0.617690682 0.163494944
vt 0.625631749 0.148863554
vt 0.621559977 0.115819275
vt 0.627792179 0.132673919
vt 0.604348361 0.097866416
vt 0.581196308 0.086929500
vt 0.555197477 0.086333274
vt 0.037881542 0.207899093
vt 0.038026940 0.230468571
vt 0.039006389 0.250775039
vt 0.039733525 0.266943395
vt 0.040146511 0.283486783
vt 0.040330551 0.301010370
vt 0.059708345 0.299022495
vt 0.079616308 0.297038078
vt 0.100046031 0.295822560
vt 0.120857328 0.294513464
vt 0.141659319 0.294233322
vt 0.142481148 0.277746915
vt 0.121663153 0.277885496
vt 0.100845575 0.278990566
vt 0.080015093 0.280182480
vt 0.059747841 0.282071411
vt 0.059613574 0.265198051
vt 0.059174288 0.247795701
vt 0.059037342 0.228889226
vt 0.059021536 0.208796560
vt 0.080415695 0.246176362
vt 0.080241270 0.263382196
vt 0.101422295 0.262292981
vt 0.101696334 0.245336353
vt 0.227868706 0.337674737
vt 0.227983623 0.352478683
vt 0.250108718 0.381052613
vt 0.271352380 0.38127774
vt 0.292768776 0.381778001
vt 0.292760223 0.395901262
vt 0.297046184 0.143479526
vt 0.314341992 0.382036566
vt 0.314288705 0.396363854
vt 0.317830860 0.143532037
vt 0.338662684 0.157326281
vt 0.338963627 0.171001792
vt 0.359476327 0.157376945
vt 0.360208213 0.171390116
vt 0.384451627 0.200140297
vt 0.409818738 0.199458956
vt 0.443522542 0.227604687
vt 0.480239987 0.227599918
vt 0.516505599 0.230232417
vt 0.511466205 0.245211958
vt 0.505497634 0.259217679
vt 0.552572965 0.240639567
vt 0.544164121 0.256575107
vt 0.534361481 0.267776191
vt 0.557277858 0.221225261
vt 0.558108389 0.203606963
vt 0.654678881 0.665331840
vt 0.634124279 0.662765860
vt 0.101362280 0.728911340
vt 0.122088812 0.724247336
vt 0.144122481 0.724662184
vt 0.156665012 0.735358476
vt 0.154650583 0.744972109
vt 0.184159427 0.734219908
vt 0.175940424 0.715032637
vt 0.118358306 0.707454443
vt 0.140606001 0.700307488
vt 0.170015320 0.691762685
vt 0.095878422 0.713631689
vt 0.074672661 0.722525000
vt 0.636217355 0.642725884
vt 0.611938059 0.639883160
vt 0.640269994 0.622572600
vt 0.614403665 0.616952121
vt 0.665035724 0.628234386
vt 0.087069466 0.697238922
vt 0.110006161 0.687377810
vt 0.134789347 0.677878141
vt 0.162403464 0.666988372
vt 0.192796900 0.656875491
vt 0.201129198 0.680677890
vt 0.207287967 0.703343629
vt 0.214523434 0.721520543
vt 0.239829778 0.693853020
vt 0.243710711 0.712077140
vt 0.232952609 0.672198176
vt 0.154023304 0.642149448
vt 0.183435753 0.630933463
vt 0.126285806 0.653745412
vt 0.101206280 0.666369974
vt 0.077567227 0.679852008
vt 0.053640816 0.691976785
vt 0.646502494 0.602656185
vt 0.619375526 0.594775021
vt 0.586938738 0.610964417
vt 0.591882944 0.586654126
vt 0.584760367 0.635381698
vt 0.626415371 0.573002278
vt 0.597617626 0.562469124
vt 0.653769016 0.583467841
vt 0.680194914 0.590379536
vt 0.067123755 0.660763502
vt 0.091791905 0.646137595
vt 0.116618692 0.629297137
vt 0.103711761 0.605854272
vt 0.079728372 0.624767661
vt 0.055992241 0.642715871
vt 0.031776953 0.659638643
vt 0.661676704 0.564051628
vt 0.635238349 0.552320480
vt 0.606163263 0.538552105
vt 0.573617994 0.525839448
vt 0.536686003 0.521711707
vt 0.617351412 0.516015887
vt 0.585327386 0.494285345
vt 0.540447890 0.491057992
vt 0.644681513 0.532959282
vt 0.669977009 0.545451760
vt 0.694201588 0.554501771
vt 0.044589560 0.626068592
vt 0.067379064 0.605918049
vt 0.089156881 0.584697842
vt 0.073510311 0.566940665
vt 0.054769601 0.589424729
vt 0.034902676 0.609183967
vt 0.013587763 0.623458981
vt 0.678615748 0.528293430
vt 0.656551837 0.515761196
vt 0.634154558 0.499269068
vt 0.616103529 0.478594899
vt 0.578404903 0.462103247
vt 0.608135104 0.455489814
vt 0.544697523 0.462411284
vt 0.512792944 0.457358479
vt 0.486312419 0.447503566
vt 0.496020317 0.424327969
vt 0.522937297 0.428833127
vt 0.550318837 0.432982862
vt 0.578613042 0.433024108
vt 0.606420278 0.430748760
vt 0.644622206 0.466252446
vt 0.638560175 0.448074042
vt 0.637917518 0.427119672
vt 0.655696094 0.483773529
vt 0.670904934 0.500481009
vt 0.688498258 0.51355654
vt 0.707217037 0.522214174
vt 0.025019494 0.593836665
vt 0.041588529 0.575110077
vt 0.055664923 0.553534507
vt 0.026854863 0.563654124
vt 0.034555364 0.543487846
vt 0.014991874 0.581447720
vt 0.000650107 0.592396140
vt 0.701465070 0.500418603
vt 0.690541684 0.488029539
vt 0.679912567 0.471738636
vt 0.675129532 0.458098590
vt 0.668227553 0.441563367
vt 0.669321358 0.427941501
vt 0.608652234 0.406225264
vt 0.642357885 0.405791878
vt 0.673581183 0.409972369
vt 0.581244349 0.40579319
vt 0.555286586 0.406313896
vt 0.531403005 0.402697622
vt 0.561896979 0.383735716
vt 0.588250756 0.379843890
vt 0.614699840 0.386995971
vt 0.648019194 0.391081988
vt 0.669563829 0.401179075
vt 0.677019119 0.401369333
vt 0.676854491 0.407309770
vt 0.699584782 0.764570713
vt 0.699033081 0.776700735
vt 0.701184153 0.754103779
vt 0.699785590 0.788697779
vt 0.701753854 0.801425755
vt 0.704975903 0.814682722
vt 0.708205819 0.828944802
vt 0.710966706 0.844633936
vt 0.712366223 0.860137343
vt 0.712317705 0.875758051
vt 0.730002403 0.861947178
vt 0.730564296 0.877533733
vt 0.729817271 0.846791744
vt 0.729394018 0.832171917
vt 0.728742301 0.818215549
vt 0.728406131 0.805089891
vt 0.728396832 0.792678833
vt 0.728811860 0.780354440
vt 0.729853630 0.767910480
vt 0.731304943 0.755620956
vt 0.703868210 0.743574261
vt 0.733655750 0.743084430
vt 0.663875341 0.748394727
vt 0.682055771 0.400221407
vt 0.670088231 0.386089384
vt 0.680343210 0.382606327
vt 0.684205532 0.728614628
vt 0.709984362 0.728023767
vt 0.736840546 0.729633510
vt 0.759607672 0.746535778
vt 0.757241189 0.758721888
vt 0.762858867 0.734004676
vt 0.755487084 0.770910084
vt 0.754037320 0.783472299
vt 0.753119289 0.796270191
vt 0.752418458 0.808881878
vt 0.751721739 0.821769833
vt 0.751198172 0.835571169
vt 0.750933229 0.849591970
vt 0.750804483 0.864287495
vt 0.750928640 0.87881428
vt 0.773795962 0.879183888
vt 0.773530602 0.865626454
vt 0.773431301 0.852192640
vt 0.773961186 0.838781714
vt 0.774622380 0.825375199
vt 0.775704562 0.812135338
vt 0.776632368 0.798906087
vt 0.777750730 0.785957634
vt 0.779202759 0.773552298
vt 0.781073153 0.761232614
vt 0.783302784 0.748959898
vt 0.785926878 0.736003398
vt 0.765517711 0.719677448
vt 0.740487635 0.714754462
vt 0.789139032 0.723903536
vt 0.713953137 0.710646033
vt 0.689613342 0.709852218
vt 0.687613844 0.665584266
vt 0.717303097 0.689846396
vt 0.745639264 0.699060976
vt 0.769689440 0.704897761
vt 0.792940855 0.711116433
vt 0.812498748 0.728274941
vt 0.809223711 0.740524411
vt 0.816487371 0.716000855
vt 0.806494712 0.752468705
vt 0.804313600 0.764650940
vt 0.802394747 0.776911020
vt 0.800721049 0.789422750
vt 0.799376189 0.802107572
vt 0.798340141 0.815178036
vt 0.797545194 0.828323781
vt 0.796956479 0.841173172
vt 0.796707868 0.854019284
vt 0.820240736 0.842482984
vt 0.820742189 0.853792905
vt 0.820425689 0.829886674
vt 0.820780873 0.817377746
vt 0.822007775 0.804943859
vt 0.823575019 0.792709708
vt 0.825318753 0.780751466
vt 0.827373564 0.768950521
vt 0.829692065 0.757439374
vt 0.832382977 0.745915174
vt 0.835624516 0.734320282
vt 0.839068651 0.722632408
vt 0.797569036 0.698292374
vt 0.820451796 0.704117953
vt 0.843143820 0.711058259
vt 0.775192022 0.690903663
vt 0.751392424 0.684070229
vt 0.780465602 0.677655100
vt 0.802807748 0.684758305
vt 0.758207440 0.670557737
vt 0.824618697 0.692112386
vt 0.847637176 0.699960112
vt 0.865136504 0.719081282
vt 0.869155883 0.708472788
vt 0.861316740 0.730020701
vt 0.858007967 0.741198062
vt 0.855226755 0.751990020
vt 0.852703332 0.762850463
vt 0.850219249 0.773860275
vt 0.848143219 0.784906864
vt 0.846362173 0.796227514
vt 0.844909906 0.807628333
vt 0.844123005 0.818565666
vt 0.844222009 0.829704642
vt 0.867221415 0.820198774
vt 0.866907358 0.830881238
vt 0.867923438 0.809645950
vt 0.869292795 0.799497842
vt 0.870960056 0.789199650
vt 0.872921466 0.779070913
vt 0.875015258 0.768896520
vt 0.877638161 0.758733153
vt 0.880246102 0.748424708
vt 0.883078217 0.737950682
vt 0.886648058 0.727618336
vt 0.890529692 0.717719793
vt 0.873787522 0.698182582
vt 0.894863367 0.708306431
vt 0.852460861 0.688684344
vt 0.830230951 0.682027399
vt 0.808361828 0.671759247
vt 0.798016369 0.877897918
vt 0.822491109 0.877321124
vt 0.845794737 0.876515090
vt 0.868951320 0.873501777
vt 0.910956323 0.727304339
vt 0.915051579 0.718451380
vt 0.891577899 0.870000243
vt 0.907334566 0.736440062
vt 0.904908359 0.747612476
vt 0.902652919 0.757186949
vt 0.899662554 0.765514314
vt 0.897240459 0.774690032
vt 0.895051658 0.783496379
vt 0.893616497 0.793331682
vt 0.89225173 0.802128195
vt 0.915539264 0.796260356
vt 0.916226148 0.787445306
vt 0.914573609 0.804966330
vt 0.917461395 0.779278457
vt 0.919557929 0.772587537
vt 0.924158811 0.765338778
vt 0.933495998 0.758469283
vt 0.930862426 0.745314240
vt 0.932008564 0.736564993
vt 0.933718025 0.728062868
vt 0.913899838 0.866495132
vt 0.867908179 0.862978935
vt 0.890848577 0.860260546
vt 0.913291692 0.857739329
vt 0.844898521 0.864770054
vt 0.821877658 0.865503847
vt 0.844142437 0.853165388
vt 0.867322266 0.85234797
vt 0.890348851 0.850525438
vt 0.912841558 0.848816156
vt 0.936045408 0.864880025
vt 0.935460746 0.856338799
vt 0.935452401 0.847601771
vt 0.937196135 0.871698975
vt 0.939614594 0.878112554
vt 0.943710684 0.885560393
vt 0.949691534 0.893205225
vt 0.946902394 0.765879988
vt 0.940508961 0.771746218
vt 0.980678379 0.538041353
vt 0.981239557 0.534181952
vt 0.979287445 0.539909899
vt 0.934301197 0.776754379
vt 0.934745371 0.782918810
vt 0.940802276 0.777839064
vt 0.94660604 0.778256654
vt 0.989872217 0.526001393
vt 0.993288874 0.523624241
vt 0.985968112 0.517789006
vt 0.976515948 0.521478533
vt 0.958506405 0.885040223
vt 0.957629025 0.879807889
vt 0.956697702 0.873529911
vt 0.957646966 0.867353260
vt 0.956477880 0.857230067
vt 0.958120763 0.849550485
vt 0.912823081 0.839972853
vt 0.935486078 0.839368403
vt 0.957884311 0.840263724
vt 0.890186131 0.840486407
vt 0.889859437 0.830308258
vt 0.913028359 0.831221699
vt 0.935347676 0.831458270
vt 0.957149803 0.832745850
vt 0.146000549 0.917301416
vt 0.148131579 0.905410528
vt 0.145008996 0.928717196
vt 0.151765048 0.893436014
vt 0.156799674 0.884644329
vt 0.160608172 0.877094924
vt 0.166301310 0.872906863
vt 0.679273903 0.934058070
vt 0.671794414 0.922554135
vt 0.663382828 0.907329976
vt 0.655018091 0.896169185
vt 0.671694159 0.885688364
vt 0.990600585 0.520120680
vt 0.656131923 0.944639861
vt 0.645720601 0.919991314
vt 0.637965619 0.903787195
vt 0.658639729 0.958343625
vt 0.661194205 0.966280221
vt 0.662400126 0.975672781
vt 0.133594691 0.873822629
vt 0.131891250 0.886412382
vt 0.130319178 0.899924516
vt 0.128171041 0.913806617
vt 0.126871004 0.926354527
vt 0.144979283 0.939548075
vt 0.163270205 0.941197753
vt 0.126866728 0.938014507
vt 0.935212373 0.823266029
vt 0.913079202 0.822563648
vt 0.913741231 0.813725352
vt 0.935031056 0.814453959
vt 0.954944789 0.816623270
vt 0.144758775 0.949402272
vt 0.126285687 0.949074327
vt 0.107703812 0.936942040
vt 0.107933439 0.924701571
vt 0.106703996 0.948251545
vt 0.109537012 0.912167787
vt 0.111228704 0.899457335
vt 0.112074151 0.887331068
vt 0.110785111 0.875151872
vt 0.109725497 0.864637255
vt 0.632346212 0.971895575
vt 0.631200552 0.960937619
vt 0.630025804 0.947071492
vt 0.608375489 0.959965884
vt 0.608567774 0.946306109
vt 0.608152449 0.971209347
vt 0.606854140 0.981436133
vt 0.088999494 0.878406047
vt 0.090592853 0.887626588
vt 0.090977780 0.898341178
vt 0.090595558 0.909726798
vt 0.089404277 0.921726524
vt 0.088324233 0.933747828
vt 0.086621031 0.945678770
vt 0.105809211 0.959487795
vt 0.083414875 0.956769287
vt 0.126627892 0.959742605
vt 0.144938901 0.958888292
vt 0.163675904 0.957924485
vt 0.935038387 0.805719196
vt 0.935128152 0.797328949
vt 0.955451846 0.800887584
vt 0.149530559 0.965748786
vt 0.626431524 0.880703628
vt 0.607764780 0.886469066
vt 0.084427736 0.967192947
vt 0.065228022 0.947768867
vt 0.068097062 0.938180089
vt 0.574679315 0.907898664
vt 0.071515925 0.927546501
vt 0.073085241 0.916727006
vt 0.075242295 0.906247019
vt 0.079075574 0.898640155
vt 0.074516907 0.892519474
vt 0.070892639 0.885103285
vt 0.066668264 0.877788662
vt 0.586861372 0.968433380
vt 0.060872897 0.896434009
vt 0.055032085 0.892405688
vt 0.570438921 0.955662667
vt 0.066532693 0.902212798
vt 0.061382539 0.911757111
vt 0.058802984 0.921248316
vt 0.059036612 0.929554700
vt 0.052178487 0.933018624
vt 0.564422726 0.920494318
vt 0.581382215 0.915327131
vt 0.571801245 0.925205946
vt 0.596267581 0.905184745
vt 0.614635825 0.897976577
vt 0.631500065 0.890809297
vt 0.648592710 0.885432004
vt 0.668997764 0.876193642
vt 0.621110856 0.911224842
vt 0.602731347 0.918298482
vt 0.586734890 0.925081849
vt 0.577571094 0.929560184
vt 0.574742972 0.936352431
vt 0.566843748 0.935102582
vt 0.561850190 0.931506991
vt 0.557119607 0.932409167
vt 0.053831193 0.908392190
vt 0.050033070 0.902932643
vt 0.565736413 0.945107221
vt 0.572960913 0.945184290
vt 0.575184047 0.952076554
vt 0.588706195 0.958069682
vt 0.589050948 0.936571717
vt 0.589974820 0.947806119
vt 0.606811821 0.931702554
vt 0.626499116 0.926716446
vt 0.934366107 0.789457023
vt 0.891248583 0.811152696
vt 0.890279889 0.820179820
vt 0.866952061 0.841681122
vt 0.843891441 0.841602265
vt 0.797356426 0.866564333
vt 0.751942873 0.893175125
vt 0.729008317 0.893615365
vt 0.709353089 0.892184197
vt 0.735716283 0.66140306
vt 0.725748360 0.674825310
vt 0.702920615 0.655628383
vt 0.067226290 0.530427098
vt 0.047265820 0.485312998
vt 0.673865020 0.712350189
vt 0.662787914 0.679222345
vt 0.666125893 0.714617252
vt 0.661937594 0.725331187
vt 0.653403341 0.694625794
vt 0.659634172 0.717601537
vt 0.660800218 0.724484324
vt 0.050905138 0.467698156
vt 0.032690811 0.446421146
vt 0.056353483 0.436100602
vt 0.647600114 0.375591278
vt 0.619419217 0.374727070
vt 0.622428 0.360708594
vt 0.595677375 0.372225284
vt 0.598823487 0.360815823
vt 0.632452607 0.702518343
vt 0.639527559 0.836229860
vt 0.634794235 0.825243771
vt 0.634576141 0.808930277
vt 0.649876534 0.822774827
vt 0.652269601 0.837118446
vt 0.650077462 0.808810234
vt 0.651120364 0.850010395
vt 0.649687409 0.711155891
vt 0.644380748 0.694697022
vt 0.654866695 0.130507171
vt 0.641555368 0.155303418
vt 0.506602048 0.399781405
vt 0.470891267 0.416093587
vt 0.480044484 0.395360887
vt 0.460142910 0.433484435
vt 0.433329075 0.424061656
vt 0.443433821 0.410184443
vt 0.453826695 0.396951377
vt 0.463618844 0.388270020
vt 0.458646327 0.387233734
vt 0.453180044 0.391107916
vt 0.312310338 0.805674195
vt 0.305847346 0.816178262
vt 0.301171332 0.825712084
vt 0.319207280 0.796409189
vt 0.305493533 0.770538747
vt 0.328096896 0.787037491
vt 0.411071091 0.449536919
vt 0.338045865 0.777325153
vt 0.360068798 0.786304831
vt 0.352501452 0.797304153
vt 0.345754653 0.807852268
vt 0.339332878 0.818355143
vt 0.33347103 0.829222798
vt 0.328329473 0.840029597
vt 0.323685109 0.851743221
vt 0.298103481 0.836234033
vt 0.267303824 0.811701536
vt 0.459405243 0.382297456
vt 0.319030970 0.864846289
vt 0.351698011 0.851581335
vt 0.346894979 0.863447308
vt 0.342422872 0.875790774
vt 0.356926739 0.839977502
vt 0.362717807 0.828673303
vt 0.368612557 0.817472398
vt 0.374774783 0.806311249
vt 0.381258040 0.794726610
vt 0.368191957 0.774547219
vt 0.388509273 0.783177137
vt 0.376654058 0.762350738
vt 0.396311253 0.770681917
vt 0.417105048 0.780571103
vt 0.409747988 0.791931748
vt 0.403131067 0.803329110
vt 0.396693110 0.814920067
vt 0.390426665 0.826485395
vt 0.384411424 0.837793707
vt 0.378719240 0.849110543
vt 0.373517483 0.860537707
vt 0.368641704 0.872109472
vt 0.364365547 0.884351074
vt 0.360476195 0.896907508
vt 0.386277437 0.892687141
vt 0.382766991 0.904788851
vt 0.390538305 0.880916059
vt 0.395008415 0.869632422
vt 0.400069296 0.858374714
vt 0.405470252 0.847146570
vt 0.411339014 0.835885047
vt 0.417691260 0.824543714
vt 0.424006313 0.813587486
vt 0.430439651 0.80288589
vt 0.437371432 0.791545152
vt 0.424698650 0.769270420
vt 0.444690614 0.781185805
vt 0.431297540 0.758784890
vt 0.453276872 0.771298468
vt 0.472054004 0.783955574
vt 0.463744372 0.793040216
vt 0.458219885 0.802542328
vt 0.451458126 0.813079834
vt 0.444804936 0.823615789
vt 0.438288122 0.834430337
vt 0.432132422 0.845201551
vt 0.426793813 0.856106281
vt 0.421789288 0.866920292
vt 0.417189806 0.877836167
vt 0.412920773 0.888821184
vt 0.409043759 0.899925053
vt 0.405463188 0.911408364
vt 0.428117513 0.917572498
vt 0.431563377 0.90672189
vt 0.435366839 0.896177887
vt 0.439321547 0.885666608
vt 0.443575978 0.875202715
vt 0.448240935 0.864936351
vt 0.453138977 0.855030119
vt 0.458431392 0.845250368
vt 0.464426606 0.835030913
vt 0.471017122 0.825394153
vt 0.477970480 0.816190958
vt 0.484987229 0.806814312
vt 0.491383314 0.797482669
vt 0.479999154 0.773867070
vt 0.498804986 0.788510501
vt 0.460625648 0.760552823
vt 0.439685761 0.75091362
vt 0.374704688 0.943247258
vt 0.396854013 0.947773456
vt 0.350924044 0.937954187
vt 0.419993013 0.951591372
vt 0.443272352 0.954841196
vt 0.441738814 0.965060591
vt 0.509664297 0.812309622
vt 0.503077626 0.820893108
vt 0.496590882 0.829341411
vt 0.490265697 0.838106155
vt 0.484154045 0.846841514
vt 0.479081600 0.855978727
vt 0.474193841 0.865105271
vt 0.469557464 0.874237418
vt 0.465247452 0.883793652
vt 0.461407601 0.893251836
vt 0.457721948 0.902903914
vt 0.479945689 0.909502565
vt 0.482993006 0.900869846
vt 0.486737817 0.892383933
vt 0.490480244 0.884073793
vt 0.494729429 0.875647425
vt 0.499336481 0.867395043
vt 0.504128992 0.859181284
vt 0.509374141 0.851133465
vt 0.515000522 0.843142449
vt 0.520885586 0.835217595
vt 0.527061104 0.827473044
vt 0.533506751 0.819720506
vt 0.465564817 0.957375168
vt 0.445145458 0.944383859
vt 0.467647522 0.947642624
vt 0.422131568 0.940271914
vt 0.399158239 0.935464978
vt 0.424961775 0.928892791
vt 0.447647005 0.933557033
vt 0.402164161 0.923498749
vt 0.471623659 0.936929106
vt 0.502700507 0.941544652
vt 0.491223424 0.951611578
vt 0.487423181 0.960025489
vt 0.485798537 0.968185603
vt 0.543726205 0.842454731
vt 0.538112819 0.849596798
vt 0.533051490 0.856825351
vt 0.528315007 0.864216327
vt 0.523583948 0.871552884
vt 0.519213199 0.878926754
vt 0.514803826 0.886556148
vt 0.511011004 0.894274354
vt 0.506725430 0.901726365
vt 0.532123506 0.898143589
vt 0.527906775 0.904766559
vt 0.523383498 0.911396026
vt 0.537504375 0.891092896
vt 0.542105734 0.884026765
vt 0.546657025 0.876828968
vt 0.551882743 0.870330274
vt 0.556246161 0.862963378
vt 0.561064720 0.856465101
vt 0.566976010 0.851731300
vt 0.572282373 0.847462117
vt 0.578919172 0.845476508
vt 0.585520148 0.842444658
vt 0.597051858 0.846772193
vt 0.594155728 0.852501273
vt 0.589074432 0.856543541
vt 0.584926366 0.859578013
vt 0.580208897 0.865681171
vt 0.575124979 0.873469352
vt 0.571225047 0.881022810
vt 0.564849615 0.889822602
vt 0.560916781 0.895166218
vt 0.554046690 0.901733458
vt 0.550303995 0.907269001
vt 0.545158267 0.914251029
vt 0.540252804 0.920941591
vt 0.502661645 0.909321844
vt 0.519018173 0.918754100
vt 0.535276293 0.928702473
vt 0.499083399 0.916442275
vt 0.513672471 0.923296392
vt 0.521601676 0.932276785
vt 0.145044699 0.858567714
vt 0.151769682 0.849501073
vt 0.159999579 0.839798688
vt 0.17799896 0.850930750
vt 0.902749836 0.898793637
vt 0.904941678 0.908599197
vt 0.906546294 0.918647170
vt 0.908247709 0.929401636
vt 0.910127580 0.940755605
vt 0.913447082 0.952543497
vt 0.917202532 0.963951766
vt 0.922092258 0.972892761
vt 0.926464498 0.979717850
vt 0.902133286 0.994944214
vt 0.899067282 0.984206795
vt 0.897846162 0.972085177
vt 0.895122230 0.959528446
vt 0.893127083 0.946301519
vt 0.890903592 0.933678746
vt 0.888693749 0.921740531
vt 0.887474358 0.910572946
vt 0.884650945 0.900429606
vt 0.883698761 0.889651060
vt 0.135215148 0.840724885
vt 0.143682703 0.829131424
vt 0.153693795 0.814184546
vt 0.169952556 0.827518224
vt 0.185931786 0.843644499
vt 0.992780625 0.561007857
vt 0.180954203 0.813898444
vt 0.984717190 0.558491170
vt 0.989500343 0.555526018
vt 0.165684208 0.790088892
vt 0.127725452 0.820077776
vt 0.134515419 0.805977284
vt 0.140793159 0.787308991
vt 0.118430718 0.831583142
vt 0.109814696 0.841994524
vt 0.864663243 0.902172446
vt 0.867380023 0.913302898
vt 0.869773447 0.925034523
vt 0.872658193 0.937061965
vt 0.87490803 0.949945092
vt 0.876390159 0.962758779
vt 0.877538263 0.974825441
vt 0.856929361 0.963688612
vt 0.855857133 0.952505290
vt 0.856412053 0.973887205
vt 0.854711711 0.940782487
vt 0.850959062 0.929061770
vt 0.847688853 0.917978286
vt 0.844336152 0.906441390
vt 0.094366386 0.829914331
vt 0.102745413 0.820621609
vt 0.110411256 0.809696555
vt 0.116163291 0.796763241
vt 0.120406135 0.782602191
vt 0.122909978 0.769850432
vt 0.145074337 0.772214293
vt 0.173900201 0.780455648
vt 0.188452571 0.804541230
vt 0.149188458 0.762437582
vt 0.178125768 0.769630134
vt 0.194056794 0.798479795
vt 0.125124231 0.758076548
vt 0.102021351 0.779260873
vt 0.103843689 0.767628967
vt 0.103999488 0.757600963
vt 0.099174864 0.790023684
vt 0.095666922 0.800401449
vt 0.088260345 0.809282660
vt 0.080970272 0.816420793
vt 0.072706796 0.823497533
vt 0.830608487 0.925359249
vt 0.834203898 0.935549497
vt 0.837956428 0.946353614
vt 0.840706467 0.956698358
vt 0.827170729 0.952348351
vt 0.823814868 0.943947732
vt 0.832078993 0.962242484
vt 0.822157442 0.93501544
vt 0.816805541 0.934135913
vt 0.810053587 0.933221399
vt 0.080709293 0.798047304
vt 0.087289661 0.794401526
vt 0.086678154 0.786269366
vt 0.087200850 0.778243184
vt 0.089857466 0.770511508
vt 0.086575873 0.766037583
vt 0.103813573 0.748396396
vt 0.127216637 0.747607290
vt 0.084448292 0.760405898
vt 0.151773303 0.752772688
vt 0.854697644 0.982934057
vt 0.87638551 0.985931217
vt 0.836157143 0.977244913
vt 0.825666606 0.966953694
vt 0.820198178 0.956932485
vt 0.814669013 0.959848523
vt 0.080046042 0.777197301
vt 0.079082526 0.787067532
vt 0.073142997 0.787294805
vt 0.816842913 0.946593225
vt 0.844601750 0.964161515
vt 0.840062797 0.969906568
vt 0.989343524 0.550029039
vt 0.992026805 0.548299968
vt 0.497372746 0.931021809
vt 0.512483477 0.934478044
vt 0.511077821 0.940391600
vt 0.474427610 0.927576661
vt 0.510729193 0.927590966
vt 0.496712446 0.923237800
vt 0.516245245 0.930120706
vt 0.477221250 0.918539226
vt 0.450861692 0.923165261
vt 0.454211622 0.913050413
vt 0.376386225 0.930516719
vt 0.379253327 0.917475223
vt 0.353505671 0.924295485
vt 0.356930017 0.910434544
vt 0.652590155 0.748025298
vt 0.635301172 0.118876218
vt 0.266457498 0.665719687
vt 0.273882240 0.688043117
vt 0.273683756 0.707699835
vt 0.305849313 0.706473112
vt 0.33311221 0.694815754
vt 0.340569883 0.703369081
vt 0.318788766 0.720939278
vt 0.292784214 0.726061761
vt 0.311921477 0.728715896
vt 0.282264471 0.743502259
vt 0.297849029 0.744695782
vt 0.910590887 0.579806566
vt 0.913141667 0.587980985
vt 0.922723293 0.567107319
vt 0.892173349 0.599927783
vt 0.353440046 0.693986177
vt 0.878715872 0.608493208
vt 0.870133161 0.578540206
vt 0.889514267 0.572998762
vt 0.855183899 0.584240734
vt 0.904816448 0.564880192
vt 0.915158391 0.556904196
vt 0.927791714 0.542862892
vt 0.283595055 0.761674523
vt 0.94097054 0.527334690
vt 0.272371053 0.775763332
vt 0.953613638 0.514986276
vt 0.919538915 0.517058730
vt 0.933420956 0.507599234
vt 0.947539389 0.499073863
vt 0.906164050 0.526564478
vt 0.89232409 0.533708453
vt 0.877830028 0.540271937
vt 0.862433552 0.545897007
vt 0.847500860 0.550925552
vt 0.841221749 0.520837187
vt 0.856317758 0.516435861
vt 0.825978100 0.524358391
vt 0.871011436 0.511423349
vt 0.885407447 0.505787015
vt 0.899876534 0.499884009
vt 0.914143443 0.493911743
vt 0.928386867 0.487703800
vt 0.942833721 0.481199443
vt 0.957194268 0.475341618
vt 0.962017297 0.491680204
vt 0.967480838 0.505014419
vt 0.982134223 0.497683048
vt 0.976875722 0.485743105
vt 0.97200495 0.470445513
vt 0.937472701 0.462331473
vt 0.951813757 0.457275986
vt 0.965344309 0.453051269
vt 0.923003733 0.467303097
vt 0.908954739 0.472166240
vt 0.894748508 0.477108597
vt 0.880277395 0.481944382
vt 0.865469038 0.486657202
vt 0.850642740 0.491059243
vt 0.835843324 0.494892299
vt 0.821041286 0.498411715
vt 0.81069839 0.527168512
vt 0.806369125 0.501355409
vt 0.800561189 0.479025602
vt 0.815093576 0.475672721
vt 0.830106556 0.471961021
vt 0.845130264 0.468195796
vt 0.860147655 0.464052856
vt 0.875076472 0.459672510
vt 0.889836013 0.455133259
vt 0.904598236 0.450538396
vt 0.919058799 0.446165144
vt 0.933340013 0.441965699
vt 0.947806298 0.437604785
vt 0.962014555 0.433427631
vt 0.979562342 0.450264275
vt 0.976045191 0.429850995
vt 0.942580699 0.417050242
vt 0.95671767 0.413219153
vt 0.970618903 0.409648120
vt 0.928322255 0.421107888
vt 0.913905799 0.425290465
vt 0.899368226 0.429465055
vt 0.884582996 0.433718562
vt 0.869771122 0.437987685
vt 0.854885518 0.442215144
vt 0.839933931 0.446176648
vt 0.825032472 0.450028717
vt 0.810162603 0.453805267
vt 0.795442163 0.457444369
vt 0.791871726 0.504118740
vt 0.78584975 0.482385933
vt 0.780913353 0.460977494
vt 0.775425314 0.439962804
vt 0.789935648 0.436355650
vt 0.804642736 0.432610988
vt 0.819491863 0.428609132
vt 0.834429204 0.424748480
vt 0.849572002 0.420697510
vt 0.864662885 0.416526138
vt 0.879607498 0.412406623
vt 0.894300758 0.408285319
vt 0.908891379 0.404168605
vt 0.923197984 0.400144040
vt 0.937411665 0.396520495
vt 0.951019883 0.392512440
vt 0.964844405 0.389106094
vt 0.730732023 0.494158446
vt 0.725556254 0.474104046
vt 0.721178948 0.453893601
vt 0.945369124 0.371823608
vt 0.959056496 0.368203699
vt 0.715567648 0.433391988
vt 0.931657075 0.375443875
vt 0.917531311 0.379233062
vt 0.903165280 0.383143186
vt 0.888685226 0.387183487
vt 0.873958885 0.391198098
vt 0.859210610 0.395296871
vt 0.844371438 0.399335324
vt 0.829561173 0.403375804
vt 0.814633190 0.407411456
vt 0.799899578 0.411295950
vt 0.785280585 0.415018558
vt 0.770950257 0.418786585
vt 0.765586674 0.397955775
vt 0.779968798 0.394004404
vt 0.794329643 0.390118241
vt 0.808954238 0.386230409
vt 0.823844790 0.382347703
vt 0.838835418 0.378115117
vt 0.853875041 0.373992085
vt 0.868720471 0.370019376
vt 0.883425474 0.366011858
vt 0.897854268 0.361952900
vt 0.911904513 0.358174383
vt 0.925854742 0.354376971
vt 0.939465344 0.351056814
vt 0.952733159 0.348050355
vt 0.710628807 0.413498878
vt 0.724084734 0.409668743
vt 0.729070425 0.429782867
vt 0.733663141 0.449808120
vt 0.692247092 0.397195100
vt 0.705416500 0.393477499
vt 0.718939304 0.389516294
vt 0.934694767 0.329944074
vt 0.920717537 0.333703458
vt 0.906356155 0.336974263
vt 0.891973197 0.340878009
vt 0.877497553 0.344810009
vt 0.863322615 0.348653674
vt 0.848743736 0.352376163
vt 0.834043800 0.356508195
vt 0.819135308 0.360707461
vt 0.804374754 0.364699363
vt 0.789581596 0.368801176
vt 0.784046053 0.347809493
vt 0.798652052 0.343603014
vt 0.813497841 0.339389383
vt 0.828446507 0.335211813
vt 0.843367099 0.331090688
vt 0.858157873 0.327053070
vt 0.872825324 0.323263585
vt 0.887158215 0.319559812
vt 0.901514053 0.315844118
vt 0.915779709 0.312638580
vt 0.929791748 0.309312999
vt 0.943805456 0.306122720
vt 0.699360370 0.373515963
vt 0.712801277 0.369361043
vt 0.726468503 0.365113377
vt 0.732662618 0.385426461
vt 0.737639606 0.405879318
vt 0.693497359 0.353469073
vt 0.706782460 0.349048376
vt 0.720639288 0.344774246
vt 0.680318415 0.357570350
vt 0.924742102 0.288827002
vt 0.910747528 0.291938364
vt 0.896552026 0.295125484
vt 0.882181167 0.298341631
vt 0.867688953 0.302049815
vt 0.853160321 0.305605769
vt 0.838355600 0.309628367
vt 0.823364973 0.313867151
vt 0.808447837 0.318078935
vt 0.793522238 0.322403132
vt 0.787447214 0.301568865
vt 0.802632331 0.297179341
vt 0.817758202 0.292815506
vt 0.833007633 0.288534760
vt 0.848036766 0.284426689
vt 0.862814068 0.280590713
vt 0.877615094 0.277279853
vt 0.892237842 0.274043023
vt 0.906393647 0.271183311
vt 0.920605242 0.268262088
vt 0.934581458 0.265321910
vt 0.686523854 0.333885848
vt 0.699666738 0.329206824
vt 0.713744998 0.324775934
vt 0.727732718 0.320224642
vt 0.735055863 0.340287566
vt 0.740384519 0.360789656
vt 0.693302273 0.309365928
vt 0.706971705 0.304484486
vt 0.721415460 0.299650013
vt 0.679782033 0.314061164
vt 0.667004466 0.318789660
vt 0.916390597 0.247652232
vt 0.902351141 0.250477433
vt 0.888216018 0.252877950
vt 0.873573839 0.255948603
vt 0.858822882 0.259305059
vt 0.843776762 0.263167142
vt 0.828582465 0.267392814
vt 0.813396453 0.271962285
vt 0.797831833 0.276452124
vt 0.792176663 0.256463885
vt 0.807724654 0.251788556
vt 0.823175191 0.246967554
vt 0.838981509 0.242435514
vt 0.854692637 0.238235890
vt 0.870279729 0.234620034
vt 0.885383009 0.231485247
vt 0.899665772 0.228769004
vt 0.913753390 0.226386189
vt 0.927888810 0.223927021
vt 0.670474827 0.294973790
vt 0.684178769 0.289955258
vt 0.697992742 0.284612536
vt 0.713179945 0.279435515
vt 0.728769183 0.274365484
vt 0.736371994 0.294803381
vt 0.742585599 0.315535843
vt 0.689350366 0.264566898
vt 0.705358386 0.258980393
vt 0.722018599 0.253785550
vt 0.674696266 0.270278513
vt 0.661133289 0.275396585
vt 0.648253858 0.280194699
vt 0.911230266 0.204850256
vt 0.896925389 0.207266271
vt 0.882449388 0.210202336
vt 0.867289900 0.213440895
vt 0.851742088 0.217442572
vt 0.835626125 0.221638619
vt 0.819659113 0.226237237
vt 0.803799927 0.231155872
vt 0.799205601 0.210943043
vt 0.815125465 0.206101715
vt 0.831622362 0.201217949
vt 0.848113000 0.196713864
vt 0.863957285 0.192461431
vt 0.879296898 0.188671767
vt 0.893976032 0.185670614
vt 0.908013165 0.182958722
vt 0.921963393 0.180907487
vt 0.650619208 0.255871355
vt 0.664457440 0.250594317
vt 0.679453969 0.245118737
vt 0.696580171 0.238988637
vt 0.714666307 0.233442008
vt 0.732584595 0.228483438
vt 0.738841652 0.249024212
vt 0.744634330 0.269742131
vt 0.688022434 0.218692898
vt 0.707747399 0.212846458
vt 0.727109968 0.207863271
vt 0.669742107 0.224736869
vt 0.653289258 0.229647159
vt 0.637998163 0.232129275
vt 0.627260446 0.239479899
vt 0.905008971 0.160684645
vt 0.890922963 0.163655757
vt 0.875950157 0.167194783
vt 0.860337674 0.171764910
vt 0.844435632 0.176043868
vt 0.828105330 0.181190967
vt 0.811721265 0.186002552
vt 0.808408975 0.166243434
vt 0.824876129 0.161644697
vt 0.840750336 0.156317114
vt 0.856494247 0.151218354
vt 0.872262775 0.146062552
vt 0.887430906 0.141302824
vt 0.900850236 0.136667728
vt 0.911471664 0.128805756
vt 0.618058025 0.200396180
vt 0.636569738 0.203616440
vt 0.657466352 0.203638613
vt 0.678631544 0.198942363
vt 0.700010597 0.192765295
vt 0.720954299 0.187326550
vt 0.740345120 0.182512402
vt 0.745636224 0.203285634
vt 0.750079035 0.224079966
vt 0.692449927 0.173132777
vt 0.715062797 0.166887760
vt 0.737138211 0.161743879
vt 0.669162809 0.179410994
vt 0.646688878 0.182122528
vt 0.620518088 0.179357111
vt 0.613198816 0.182696461
vt 0.608485043 0.182914495
vt 0.606366992 0.182782113
vt 0.600274562 0.188190460
vt 0.896955668 0.111963212
vt 0.884091258 0.120290279
vt 0.868707597 0.127004504
vt 0.852191686 0.132466971
vt 0.836470007 0.137589812
vt 0.848334312 0.115972101
vt 0.865246713 0.111235976
vt 0.833366692 0.120563745
vt 0.881049633 0.106507360
vt 0.895297408 0.100818097
vt 0.907685637 0.097393989
vt 0.965519905 0.546723485
vt 0.965736806 0.543858885
vt 0.968817055 0.537489593
vt 0.967633366 0.538034677
vt 0.699671447 0.959161639
vt 0.700078129 0.974204182
vt 0.640011966 0.168791234
vt 0.661258757 0.161970794
vt 0.686236202 0.153817474
vt 0.710302352 0.147149443
vt 0.734641730 0.141860604
vt 0.771164536 0.961677074
vt 0.783171594 0.945486903
vt 0.755046904 0.973208248
vt 0.737015783 0.980327129
vt 0.721561312 0.981614887
vt 0.71518749 0.967268765
vt 0.706729114 0.950918495
vt 0.717301666 0.943288326
vt 0.729406833 0.935333371
vt 0.743236184 0.927404701
vt 0.757483899 0.917727112
vt 0.819146812 0.123900711
vt 0.821989715 0.142403841
vt 0.773037731 0.903105378
vt 0.788504719 0.912912368
vt 0.770784676 0.931387543
vt 0.756614923 0.944182515
vt 0.742728471 0.953573823
vt 0.728733778 0.961039841
vt 0.803903758 0.941456973
vt 0.798912823 0.925904989
vt 0.756867885 0.157789766
vt 0.772622227 0.154445529
vt 0.788781821 0.151413261
vt 0.805690050 0.146819949
vt 0.791855096 0.170596659
vt 0.775448560 0.174294114
vt 0.758619427 0.178011357
vt 0.762932181 0.198894321
vt 0.779442489 0.194630444
vt 0.795599043 0.190393209
vt 0.783195912 0.215513050
vt 0.766895592 0.219834685
vt 0.755503773 0.244658112
vt 0.771944999 0.240366935
vt 0.788061559 0.235974311
vt 0.776112556 0.260828375
vt 0.760377407 0.265131056
vt 0.751546025 0.290045082
vt 0.766746401 0.285397410
vt 0.782169640 0.280836939
vt 0.772353231 0.306149661
vt 0.757293343 0.310701310
vt 0.749422609 0.335777044
vt 0.763998329 0.331224501
vt 0.778657555 0.326783180
vt 0.769246995 0.352114319
vt 0.754533827 0.356476247
vt 0.746572911 0.381153643
vt 0.760663390 0.376924276
vt 0.774962008 0.372906684
vt 0.751461744 0.401897668
vt 0.742806017 0.426108717
vt 0.756823539 0.422441840
vt 0.747304201 0.446744561
vt 0.761330604 0.443323612
vt 0.752606093 0.467365205
vt 0.766705155 0.464151263
vt 0.738877594 0.470632791
vt 0.744077086 0.491185009
vt 0.757407307 0.487811565
vt 0.771379828 0.485255360
vt 0.763395547 0.508688688
vt 0.777569770 0.506422221
vt 0.749649167 0.510967135
vt 0.735786199 0.513302207
vt 0.625856936 0.754633367
vt 0.624445438 0.766856491
vt 0.541382193 0.358496367
vt 0.520616710 0.353981077
vt 0.141595527 0.423235118
vt 0.62010777 0.777001977
vt 0.213374406 0.405495524
vt 0.624074101 0.708431720
vt 0.641051471 0.160055816
vt 0.653258681 0.156115770
vt 0.537700057 0.376543939
vt 0.666796207 0.151717126
vt 0.000779545 0.582915663
vt 0.247200846 0.833994984
vt 0.235323503 0.402287304
vt 0.001273894 0.565068006
vt 0.224303320 0.856980323
vt 0.001273893 0.552608013
vt 0.225029468 0.873873233
vt 0.225974753 0.873846113
vt 0.232621893 0.884885072
vt 0.244611397 0.895153939
vt 0.000901509 0.575438261
vt 0.469267040 0.365095019
vt 0.464140057 0.369102358
vt 0.295168221 0.453965067
vt 0.259007334 0.924634337
vt 0.420613408 0.734009742
vt 0.401408970 0.722114682
vt 0.383175402 0.713921904
vt 0.330609768 0.471712589
vt 0.369299203 0.703272342
vt 0.364008456 0.720923483
vt 0.366868138 0.477199494
vt 0.344771146 0.746040105
vt 0.331746727 0.755370080
vt 0.822804391 0.670302987
vt 0.833652734 0.670573115
vt 0.851787209 0.666782736
vt 0.870598912 0.657627582
vt 0.883644819 0.646054148
vt 0.456059902 0.709548354
vt 0.787485480 0.636487841
vt 0.486869722 0.745723128
vt 0.762011468 0.601560413
vt 0.516440272 0.779661119
vt 0.559553504 0.198295652
vt 0.532479226 0.174406290
vt 0.510535597 0.164990305
vt 0.491993218 0.156253457
vt 0.471226781 0.149234712
vt 0.454570025 0.141758680
vt 0.443437993 0.131755530
vt 0.739486873 0.577484846
vt 0.997178912 0.494594812
vt 0.991899251 0.482199609
vt 0.986536562 0.466899633
vt 0.540652692 0.808142423
vt 0.999314665 0.504943907
vt 0.436413019 0.123685658
vt 0.435746550 0.401836037
vt 0.424434125 0.401770591
vt 0.411016315 0.399586439
vt 0.594062149 0.823082089
vt 0.219412401 0.809381008
vt 0.226165995 0.808339238
vt 0.232447549 0.806374847
vt 0.239239335 0.804452419
vt 0.245857864 0.802939474
vt 0.250395357 0.805185496
vt 0.261676996 0.800395488
vt 0.986619472 0.507087826
vt 0.972719967 0.513793110
vt 0.43735376 0.372134327
vt 0.396721780 0.130783498
vt 0.376728564 0.397166490
vt 0.217275142 0.789441049
vt 0.462230593 0.344649195
vt 0.359353154 0.130498647
vt 0.335622072 0.396691501
vt 0.199021816 0.768931388
vt 0.497208029 0.311408698
vt 0.176742941 0.752574205
vt 0.230509340 0.394350051
vt 0.250035196 0.395724952
vt 0.271316289 0.395582139
vt 0.207795605 0.396492779
vt 0.186833530 0.397373199
vt 0.167981848 0.396484255
vt 0.145067840 0.401429295
vt 0.123850412 0.403849482
vt 0.101872712 0.406396508
vt 0.078309111 0.408097863
vt 0.049073625 0.409462153
vt 0.516794681 0.117953002
vt 0.005517119 0.522523403
vt 0.003231540 0.528746247
vt 0.003895793 0.537092566
vt 0.004328208 0.533629417
vt 0.020975023 0.412534236
vt 0.002971322 0.543184995
vt 0.522453546 0.150149643
vt 0.530078530 0.161899745
vt 0.007295611 0.541764497
vt 0.515944898 0.137257397
vt 0.024037119 0.114008545
vt 0.019736239 0.368124902
vt 0.559827566 0.179587364
vt 0.021671785 0.134612083
vt 0.022147664 0.333373248
vt 0.590142548 0.182125806
vt 0.021243289 0.304438531
vt 0.020538339 0.285078883
vt 0.019729783 0.269093990
vt 0.018208386 0.233977973
vt 0.019074767 0.251916408
vt 0.017641030 0.207911431
vt 0.018289294 0.181621670
vt 0.019875995 0.158022701
vt 0.297482907 0.129988431
vt 0.318331420 0.130002498
vt 0.103554017 0.740152955
vt 0.124512225 0.735961318
vt 0.133634865 0.742094993
vt 0.651427328 0.679705739
vt 0.087696664 0.743813633
vt 0.634347856 0.684233188
vt 0.082363978 0.736855149
vt 0.524159908 0.281941413
vt 0.658779561 0.647080302
vt 0.064826116 0.708094060
vt 0.672578156 0.609241247
vt 0.042300906 0.675883173
vt 0.687375605 0.572595596
vt 0.022006500 0.641706824
vt 0.700561523 0.537436485
vt 0.006628439 0.606716334
vt 0.732735812 0.637055993
vt 0.692457199 0.894524872
vt 0.717392146 0.644904732
vt 0.697316229 0.876984894
vt 0.713928997 0.509033918
vt 0.698323130 0.860228121
vt 0.694261014 0.845756351
vt 0.688001155 0.831176817
vt 0.680382013 0.817455232
vt 0.673425436 0.804033637
vt 0.667789816 0.790532231
vt 0.663197100 0.775045096
vt 0.662137329 0.759412288
vt 0.616247057 0.814051151
vt 0.620413005 0.839104652
vt 0.663329899 0.752929568
vt 0.680000841 0.404718101
vt 0.658410549 0.744390606
vt 0.666311264 0.730200529
vt 0.044546175 0.502885699
vt 0.846926510 0.887892127
vt 0.870381414 0.884056568
vt 0.823332011 0.890388250
vt 0.800133645 0.889219582
vt 0.775760829 0.892412781
vt 0.893167257 0.879755973
vt 0.938436806 0.894771516
vt 0.975944280 0.547506392
vt 0.926843226 0.883788228
vt 0.921480059 0.879690468
vt 0.914439261 0.874391615
vt 0.978733241 0.535790801
vt 0.984765112 0.532213091
vt 0.994586825 0.533728003
vt 0.999414980 0.525764942
vt 0.679351985 0.891693949
vt 0.958423554 0.891985476
vt 0.687076032 0.900948584
vt 0.692519307 0.913588821
vt 0.184053286 0.885586738
vt 0.697926580 0.922647774
vt 0.179463461 0.890233993
vt 0.175977841 0.897494137
vt 0.171618089 0.905054688
vt 0.167706355 0.914492189
vt 0.164079517 0.922666013
vt 0.162605956 0.931350052
vt 0.686545372 0.950839638
vt 0.684379100 0.942280709
vt 0.992869675 0.514095187
vt 0.957955539 0.781152486
vt 0.136810347 0.862826824
vt 0.954532384 0.823390364
vt 0.163056686 0.949612140
vt 0.632432103 0.981516420
vt 0.086807437 0.868677437
vt 0.606467425 0.876340508
vt 0.578974902 0.890174746
vt 0.622532725 0.871327936
vt 0.640636146 0.866532921
vt 0.953961491 0.807756066
vt 0.165294051 0.965252339
vt 0.661476433 0.869473815
vt 0.643801808 0.87452209
vt 0.101754710 0.968795418
vt 0.588960409 0.894773125
vt 0.566731751 0.901719689
vt 0.583810150 0.975790321
vt 0.567718744 0.960574865
vt 0.557679534 0.918868422
vt 0.953520894 0.788739740
vt 0.052244659 0.919040203
vt 0.554640173 0.942660749
vt 0.559957385 0.946686208
vt 0.785708248 0.66470927
vt 0.764803886 0.656522929
vt 0.746654212 0.649587154
vt 0.041289702 0.525798559
vt 0.673548817 0.671725511
vt 0.050940450 0.468742370
vt 0.675590872 0.376256883
vt 0.040122341 0.456745803
vt 0.006890081 0.578808069
vt 0.007337225 0.555979132
vt 0.007483683 0.548502147
vt 0.673277139 0.374913215
vt 0.661630034 0.679030895
vt 0.007337226 0.566356062
vt 0.673489034 0.359805524
vt 0.647469520 0.360845983
vt 0.082224391 0.426763713
vt 0.629531502 0.844355881
vt 0.104340948 0.416721463
vt 0.624838829 0.699072063
vt 0.631743371 0.853557586
vt 0.638785183 0.847805917
vt 0.679165720 0.130849123
vt 0.679606616 0.116621732
vt 0.677451849 0.143933236
vt 0.643129706 0.698585450
vt 0.674554526 0.104831278
vt 0.650883674 0.107213199
vt 0.670273661 0.106955707
vt 0.654800176 0.765558898
vt 0.291826248 0.778430283
vt 0.280316293 0.788395881
vt 0.272879958 0.800513863
vt 0.268375456 0.807083606
vt 0.423817962 0.437179863
vt 0.318346679 0.762296915
vt 0.453157395 0.387528479
vt 0.261053770 0.816226720
vt 0.395465165 0.960230588
vt 0.418644398 0.962774574
vt 0.371487259 0.954881548
vt 0.348775446 0.951406776
vt 0.516520917 0.804074823
vt 0.464616298 0.967155575
vt 0.577780127 0.834440887
vt 0.995308578 0.538321018
vt 0.565254271 0.834424436
vt 0.557487666 0.834569692
vt 0.549583733 0.835999548
vt 0.985132038 0.548621773
vt 0.192107304 0.836493849
vt 0.975848138 0.562113404
vt 0.198762133 0.827290654
vt 0.204905986 0.819457650
vt 0.945593237 0.965372383
vt 0.210660830 0.813278675
vt 0.940925300 0.958755075
vt 0.935504674 0.950732111
vt 0.932146012 0.941691994
vt 0.927127540 0.933927476
vt 0.925506830 0.924069643
vt 0.923586070 0.914774358
vt 0.922894775 0.905835151
vt 0.921597361 0.897819280
vt 0.164409965 0.868409156
vt 0.922744572 0.889775216
vt 0.172511264 0.859724938
vt 0.999253511 0.560994803
vt 0.901870310 0.889383494
vt 0.531889498 0.937565505
vt 0.991694271 0.570508539
vt 0.199054002 0.791610181
vt 0.180376827 0.762710571
vt 0.128472372 0.850094795
vt 0.984222650 0.565541267
vt 0.866812765 0.891893088
vt 0.100767634 0.84768641
vt 0.086288876 0.837072014
vt 0.814452230 0.915096879
vt 0.825448274 0.916208028
vt 0.073096871 0.800618290
vt 0.832653701 0.985060155
vt 0.851512014 0.991892755
vt 0.820079743 0.971331834
vt 0.874530673 0.995626866
vt 0.076498687 0.774565935
vt 0.811487555 0.948456049
vt 0.999511480 0.551224112
vt 0.994050264 0.548560500
vt 0.632508337 0.138138711
vt 0.651705861 0.729091167
vt 0.903430581 0.620311737
vt 0.918767631 0.594691515
vt 0.927321970 0.587426841
vt 0.941085219 0.564105391
vt 0.895610332 0.633713126
vt 0.950699627 0.544333159
vt 0.960113167 0.527311682
vt 0.722339928 0.516046404
vt 0.717375040 0.497403740
vt 0.712406575 0.47781533
vt 0.708919465 0.457448601
vt 0.702529251 0.437440097
vt 0.697433531 0.417472839
vt 0.948565244 0.326854348
vt 0.686363875 0.377396285
vt 0.939161002 0.285703778
vt 0.673333168 0.338056385
vt 0.930295765 0.245284974
vt 0.657233715 0.299558162
vt 0.925306618 0.202698767
vt 0.638078510 0.260552406
vt 0.918147563 0.157662212
vt 0.610269427 0.213796854
vt 0.969882965 0.528503418
vt 0.696975350 0.974373459
vt 0.970690846 0.535083293
vt 0.968145191 0.539392352
vt 0.967455804 0.543542325
vt 0.907929182 0.100654661
vt 0.967181742 0.549525320
vt 0.728708446 0.907323300
vt 0.714378118 0.917021036
vt 0.743194222 0.901594162
vt 0.702562451 0.930004537
vt 0.697139680 0.942919552
vt 0.963600814 0.546776771
vt 0.693016350 0.956758201
vt 0.616498947 0.176581203
vt 0.715634346 0.993433535
vt 0.740667879 0.999927878
vt 0.766148805 0.994730055
vt 0.786998629 0.979866743
vt 0.800758898 0.959149658
vt 0.758092880 0.899456143
vt 0.802555620 0.128240764
vt 0.785653352 0.131790578
vt 0.753065049 0.138203263
vt 0.770225524 0.134709417
s 1
g Main
f 489/2477 493/571 494/572 495/573
f 489/2477 495/573 496/574 490/2478
f 502/580 501/2482 490/2478 496/574
f 514/592 494/572 493/571 512/2484
f 515/593 516/594 495/573 494/572
f 494/572 514/592 517/595 515/593
f 516/594 518/596 496/574 495/573
f 519/597 502/580 496/574 518/596
f 520/598 501/2482 502/580 521/599
f 519/597 522/600 521/599 502/580
f 1687/2707 1688/1766 514/592 512/2484
f 1688/2709 1687/2708 1686/2705 1689/1767
f 1690/1768 1689/1767 1686/2705 1345/2628
f 1344/2627 1691/1769 1690/1768 1345/2628
f 1689/1767 1690/1768 1692/1770 1693/1771
f 1691/1769 1694/1772 1692/1770 1690/1768
f 1695/1773 1688/2709 1689/1767 1693/1771
f 514/592 1688/1766 1695/2713 517/595
f 1696/1774 517/595 1695/2713 1697/1775
f 521/599 522/600 1694/1772 1691/1769
f 520/598 521/599 1691/1769 1344/2627
f 1699/2717 518/596 516/594 2001/2079
f 2001/2079 516/594 515/593 2002/2778
f 2002/2778 515/593 517/595 1696/1774
g Top
f 1695/2714 1693/2711 1692/2710 1697/2716
f 1692/2710 1694/2712 1698/1776 1697/2716
f 1699/1777 1698/1776 1694/2712 522/2488
f 1699/1777 522/2488 519/2486 518/2485
f 2001/2777 2002/2080 1698/1776 1699/1777
f 1697/2716 1698/1776 2002/2080 1696/2715
g Main_1
f 552/2498 533/2497 553/631 554/632
f 555/633 553/631 533/2497 530/2496
f 556/634 555/633 530/2496 528/2493
f 530/2496 529/2495 528/2493
f 557/635 555/633 556/634 525/2490
f 558/636 553/631 555/633 557/635
f 558/636 559/637 554/632 553/631
f 554/632 560/638 561/639 552/2498
f 562/640 560/638 554/632 559/637
f 563/641 564/642 552/2498 561/639
f 563/641 586/664 585/2503 564/642
f 587/665 588/666 563/641 561/639
f 563/641 588/666 589/667 586/664
f 590/668 587/665 561/639 560/638
f 590/668 591/669 592/670 587/665
f 587/665 592/670 593/671 588/666
f 588/666 593/671 594/672 589/667
f 595/673 596/674 589/667 594/672
f 586/664 589/667 596/674 597/675
f 585/2503 586/664 597/675 598/676
f 598/2508 597/2506 622/700 621/2509
f 623/701 622/700 597/2506 596/2505
f 623/701 596/2505 595/2504 624/702
f 625/703 622/700 623/701 626/704
f 623/701 624/702 627/705 626/704
f 625/703 628/706 621/2509 622/700
f 655/2511 628/706 625/703 656/734
f 655/2511 656/734 659/737 658/2512
f 1337/2625 1340/2626 1351/1429 1352/1430
f 1340/2626 1350/2629 1353/1431 1351/1429
f 1354/1432 1336/2624 1337/2625 1352/1430
f 1336/2624 1354/1432 1355/1433 1335/2623
f 1334/2622 1335/2623 1355/1433 1356/1434
f 1357/1435 1333/2621 1334/2622 1356/1434
f 1333/2621 1357/1435 1358/1436 1332/2620
f 1358/1436 1359/1437 1331/2619 1332/2620
f 1360/1438 1330/2617 1331/2619 1359/1437
f 1361/1439 1362/1440 1360/1438 1359/1437
f 1358/1436 1363/1441 1361/1439 1359/1437
f 1363/1441 1358/1436 1357/1435 1364/1442
f 1357/1435 1356/1434 1365/1443 1364/1442
f 1355/1433 1366/1444 1365/1443 1356/1434
f 1366/1444 1355/1433 1354/1432 1367/1445
f 1354/1432 1352/1430 1368/1446 1367/1445
f 1351/1429 1369/1447 1368/1446 1352/1430
f 1353/1431 1370/1448 1369/1447 1351/1429
f 1371/1449 1372/1450 1370/1448 1353/1431
f 1371/1449 1353/1431 1350/2629 1373/1451
f 1376/2632 1377/1455 1373/1451 1374/2631
f 1377/1455 1378/1456 1371/1449 1373/1451
f 1379/1457 1372/1450 1371/1449 1378/1456
f 1370/1448 1372/1450 1380/1458 1381/1459
f 1372/1450 1379/1457 1382/1460 1380/1458
f 1383/1461 1369/1447 1370/1448 1381/1459
f 1384/1462 1368/1446 1369/1447 1383/1461
f 1368/1446 1384/1462 1385/1463 1367/1445
f 1366/1444 1367/1445 1385/1463 1386/1464
f 1387/1465 1365/1443 1366/1444 1386/1464
f 1365/1443 1387/1465 1388/1466 1364/1442
f 1363/1441 1364/1442 1388/1466 1389/1467
f 1390/1468 1361/1439 1363/1441 1389/1467
f 1361/1439 1390/1468 1391/1469 1362/1440
f 1392/1470 1391/1469 1390/1468 1393/1471
f 1390/1468 1389/1467 1394/1472 1393/1471
f 1388/1466 1395/1473 1394/1472 1389/1467
f 1395/1473 1388/1466 1387/1465 1396/1474
f 1387/1465 1386/1464 1397/1475 1396/1474
f 1385/1463 1398/1476 1397/1475 1386/1464
f 1398/1476 1385/1463 1384/1462 1399/1477
f 1399/1477 1384/1462 1383/1461 1400/1478
f 1383/1461 1381/1459 1401/1479 1400/1478
f 1380/1458 1402/1480 1401/1479 1381/1459
f 1382/1460 1403/1481 1402/1480 1380/1458
f 1404/1482 1382/1460 1379/1457 1405/1483
f 1403/1481 1382/1460 1404/1482 1406/1484
f 1407/1485 1405/1483 1379/1457 1378/1456
f 1377/1455 1408/1486 1407/1485 1378/1456
f 1409/1487 1410/1488 1407/1485 1408/1486
f 1407/1485 1410/1488 1411/1489 1405/1483
f 1411/1489 1412/1490 1404/1482 1405/1483
f 1413/1491 1406/1484 1404/1482 1412/1490
f 1414/1492 1415/1493 1403/1481 1406/1484
f 1413/1491 1416/1494 1414/1492 1406/1484
f 1417/1495 1402/1480 1403/1481 1415/1493
f 1402/1480 1417/1495 1418/1496 1401/1479
f 1401/1479 1418/1496 1419/1497 1400/1478
f 1399/1477 1400/1478 1419/1497 1420/1498
f 1421/1499 1398/1476 1399/1477 1420/1498
f 1422/1500 1397/1475 1398/1476 1421/1499
f 1397/1475 1422/1500 1423/1501 1396/1474
f 1395/1473 1396/1474 1423/1501 1424/1502
f 1425/1503 1394/1472 1395/1473 1424/1502
f 1425/1503 1424/1502 1426/1504 1427/1505
f 1423/1501 1428/1506 1426/1504 1424/1502
f 1428/1506 1423/1501 1422/1500 1429/1507
f 1429/1507 1422/1500 1421/1499 1430/1508
f 1421/1499 1420/1498 1431/1509 1430/1508
f 1419/1497 1432/1510 1431/1509 1420/1498
f 1418/1496 1433/1511 1432/1510 1419/1497
f 1433/1511 1418/1496 1417/1495 1434/1512
f 1435/1513 1434/1512 1417/1495 1415/1493
f 1414/1492 1436/1514 1435/1513 1415/1493
f 1436/1514 1414/1492 1416/1494 1437/1515
f 1416/1494 1413/1491 1438/1516 1439/1517
f 1440/1518 1437/1515 1416/1494 1439/1517
f 1441/1519 1438/1516 1413/1491 1412/1490
f 1442/1520 1441/1519 1412/1490 1411/1489
f 1438/1516 1441/1519 1443/1521 1444/1522
f 1445/1523 1443/1521 1441/1519 1442/1520
f 1446/1524 1439/1517 1438/1516 1444/1522
f 1446/1524 1447/1525 1440/1518 1439/1517
f 1448/1526 1440/1518 1447/1525 1449/1527
f 1440/1518 1448/1526 1450/1528 1437/1515
f 1450/1528 1451/1529 1436/1514 1437/1515
f 1452/1530 1435/1513 1436/1514 1451/1529
f 1435/1513 1452/1530 1453/1531 1434/1512
f 1453/1531 1454/1532 1433/1511 1434/1512
f 1455/1533 1432/1510 1433/1511 1454/1532
f 1432/1510 1455/1533 1456/1534 1431/1509
f 1431/1509 1456/1534 1457/1535 1430/1508
f 1429/1507 1430/1508 1457/1535 1458/1536
f 1459/1537 1428/1506 1429/1507 1458/1536
f 1459/1537 1458/1536 1460/1538 1461/1539
f 1457/1535 1462/1540 1460/1538 1458/1536
f 1456/1534 1463/1541 1462/1540 1457/1535
f 1463/1541 1456/1534 1455/1533 1464/1542
f 1465/1543 1464/1542 1455/1533 1454/1532
f 1453/1531 1466/1544 1465/1543 1454/1532
f 1466/1544 1453/1531 1452/1530 1467/1545
f 1468/1546 1467/1545 1452/1530 1451/1529
f 1450/1528 1469/1547 1468/1546 1451/1529
f 1469/1547 1450/1528 1448/1526 1470/1548
f 1448/1526 1449/1527 1471/1549 1470/1548
f 1472/1550 1473/1551 1471/1549 1449/1527
f 1447/1525 1474/1552 1472/1550 1449/1527
f 1447/1525 1446/1524 1475/1553 1474/1552
f 1476/1554 1475/1553 1446/1524 1444/1522
f 1475/2637 1477/1555 1478/1556 1474/2636
f 1475/2637 1476/2638 1392/1470 1477/1555
f 1478/1556 1479/1557 1472/2634 1474/2636
f 1473/2635 1472/2634 1479/1557 1480/1558
f 1481/1559 1471/1549 1473/1551 1482/1560
f 1473/2635 1480/1558 1483/1561 1482/2639
f 1471/1549 1481/1559 1484/1562 1470/1548
f 1469/1547 1470/1548 1484/1562 1485/1563
f 1486/1564 1468/1546 1469/1547 1485/1563
f 1468/1546 1486/1564 1487/1565 1467/1545
f 1487/1565 1488/1566 1466/1544 1467/1545
f 1489/1567 1465/1543 1466/1544 1488/1566
f 1465/1543 1489/1567 1490/1568 1464/1542
f 1490/1568 1491/1569 1463/1541 1464/1542
f 1492/1570 1490/1568 1489/1567 1493/1571
f 1490/1568 1492/1570 1494/1572 1491/1569
f 1495/1573 1493/1571 1489/1567 1488/1566
f 1487/1565 1496/1574 1495/1573 1488/1566
f 1496/1574 1487/1565 1486/1564 1497/1575
f 1486/1564 1485/1563 1498/1576 1497/1575
f 1484/1562 1499/1577 1498/1576 1485/1563
f 1499/1577 1484/1562 1481/1559 1500/1578
f 1481/1559 1482/1560 1501/1579 1500/1578
f 1483/1561 1502/1580 1501/2644 1482/2639
f 1503/1581 1504/1582 1483/1561 1480/1558
f 1502/1580 1483/1561 1504/1582 1505/1583
f 1479/1557 1506/1584 1503/1581 1480/1558
f 1479/1557 1478/1556 1507/1585 1506/1584
f 1508/1586 1509/1587 1503/1581 1506/1584
f 1507/1585 1427/1505 1508/1586 1506/1584
f 1504/1582 1503/1581 1509/1587 1510/1588
f 1505/1583 1504/1582 1510/1588 1511/1589
f 1512/1590 1502/1580 1505/1583 1513/1591
f 1505/1583 1511/1589 1514/1592 1513/1591
f 1515/1593 1501/2644 1502/1580 1512/1590
f 1501/2644 1515/1593 1516/1594 1500/2643
f 1499/2642 1500/2643 1516/1594 1517/1595
f 1498/2640 1499/2642 1517/1595 1518/1596
f 1498/1576 1519/1597 1520/1598 1497/1575
f 1496/1574 1497/1575 1520/1598 1524/1602
f 1525/1603 1495/1573 1496/1574 1524/1602
f 1526/1604 1525/1603 1524/1602
f 1526/1604 1524/1602 1520/1598
f 1526/1604 1520/1598 1527/1605
f 1518/1596 1517/1595 1532/1610 1531/2650
f 1516/1594 1533/1611 1532/1610 1517/1595
f 1533/1611 1516/1594 1515/1593 1534/1612
f 1534/1612 1515/1593 1512/1590 1535/1613
f 1512/1590 1513/1591 1536/1614 1535/1613
f 1514/1592 1537/1615 1536/1614 1513/1591
f 1538/1616 1539/1617 1514/1592 1511/1589
f 1537/1615 1514/1592 1539/1617 1540/1618
f 1510/1588 1541/1619 1538/1616 1511/1589
f 1542/1620 1543/1621 1538/1616 1541/1619
f 1539/1617 1538/1616 1543/1621 1544/1622
f 1539/1617 1544/1622 1545/1623 1540/1618
f 1571/2666 1545/1623 1544/1622 1573/1651
f 1573/1651 1544/1622 1543/1621 1574/1652
f 1575/1653 1576/1654 1573/1651 1574/1652
f 1576/1654 1577/1655 1571/2666 1573/1651
f 1606/2674 1577/1655 1576/1654 1607/1685
f 1608/1686 1609/1687 1606/2674 1607/1685
f 1640/2684 1609/1687 1608/1686 1659/1737
f 1525/1603 1527/1605 1640/2684 1659/1737
f 1557/2664 1640/2684 1527/1605
f 1659/1737 1608/1686 1492/1570 1493/1571
f 1492/1570 1608/1686 1607/1685 1494/1572
f 1495/1573 1525/1603 1659/1737 1493/1571
f 1526/1604 1527/1605 1525/1603
f 1494/1572 1575/1653 1660/1738 1491/1569
f 1607/1685 1576/1654 1575/1653 1494/1572
f 1660/1738 1575/1653 1574/1652 1661/1739
f 1660/1738 1462/1540 1463/1541 1491/1569
f 1462/1540 1660/1738 1661/1739 1460/1538
f 1460/1538 1661/1739 1542/1620 1461/1539
f 1574/1652 1543/1621 1542/1620 1661/1739
f 1662/1740 1461/1539 1542/1620 1541/1619
f 1662/1740 1663/1741 1459/1537 1461/1539
f 1510/1588 1509/1587 1662/1740 1541/1619
f 1509/1587 1508/1586 1663/1741 1662/1740
f 1426/1504 1663/1741 1508/1586 1427/1505
f 1663/1741 1426/1504 1428/1506 1459/1537
f 1507/1585 1664/1742 1425/1503 1427/1505
f 1664/1742 1507/1585 1478/1556 1477/1555
f 1392/1470 1393/1471 1664/1742 1477/1555
f 1394/1472 1425/1503 1664/1742 1393/1471
f 1391/1469 1392/1470 1476/2638 1665/1743
f 1391/1469 1665/1743 1666/1744 1362/1440
f 1443/1521 1445/1523 1666/2689 1665/2688
f 1476/1554 1444/1522 1443/1521 1665/2688
f 1666/1744 1667/1745 1360/1438 1362/1440
f 1667/2690 1666/2689 1445/1523 1668/1746
f 1668/1746 1445/1523 1442/1520 1669/1747
f 1670/1748 1329/2616 1668/1746 1669/1747
f 1328/2614 1667/2690 1668/1746 1329/2616
f 1330/2617 1360/1438 1667/1745 1328/2615
f 1410/1488 1409/1487 1670/1748 1669/1747
f 1410/1488 1669/1747 1442/1520 1411/1489
f 1408/1486 1673/1751 1672/2692 1409/1487
f 1674/1752 1672/2692 1673/1751 1675/1753
f 1673/1751 1408/1486 1377/1455 1376/2632
f 1676/1754 1675/1753 1673/1751 1376/2632
f 1677/1755 1674/1752 1675/1753 1678/1756
f 1679/1757 1678/1756 1675/1753 1676/1754
f 1677/1755 1680/2700 1674/1752
f 1710/1788 1711/1789 1706/2720 1705/2719
f 1711/1789 1712/1790 1709/2721 1706/2720
f 1710/1788 1705/2719 1704/2718 1713/1791
f 1714/1792 1715/1793 1713/1791 1704/2718
f 1717/1795 1715/1793 1714/1792 1716/2723
f 1717/1795 1718/1796 1719/1797 1715/1793
f 1720/1798 1713/1791 1715/1793 1719/1797
f 1720/1798 1721/1799 1710/1788 1713/1791
f 1710/1788 1721/1799 1722/1800 1711/1789
f 1711/1789 1722/1800 1723/1801 1712/1790
f 1712/1790 1723/1801 1724/1802 1725/1803
f 1726/1804 1709/2721 1712/1790 1725/1803
f 1727/2725 1726/1804 559/637 558/636
f 1726/1804 1725/1803 562/640 559/637
f 562/640 1725/1803 1724/1802 1728/1806
f 1729/1807 1730/1808 1724/1802 1723/1801
f 1730/1808 1731/1809 1728/1806 1724/1802
f 1729/1807 1723/1801 1722/1800 1732/1810
f 1732/1810 1722/1800 1721/1799 1733/1811
f 1720/1798 1734/1812 1733/1811 1721/1799
f 1735/1813 1734/1812 1720/1798 1719/1797
f 1735/1813 1719/1797 1718/1796 1736/1814
f 1737/1815 1738/1816 1736/1814 1718/1796
f 1737/1815 1718/1796 1717/1795 659/737
f 1717/1795 1716/2723 658/2512 659/737
f 1737/1815 659/737 656/734 1739/1817
f 1740/1818 1738/1816 1737/1815 1739/1817
f 1740/1818 1741/1819 1742/1820 1738/1816
f 1743/1821 1736/1814 1738/1816 1742/1820
f 1743/1821 1744/1822 1735/1813 1736/1814
f 1735/1813 1744/1822 1745/1823 1734/1812
f 1746/1824 1733/1811 1734/1812 1745/1823
f 1747/1825 1732/1810 1733/1811 1746/1824
f 1747/1825 1748/1826 1729/1807 1732/1810
f 1729/1807 1748/1826 1749/1827 1730/1808
f 1730/1808 1749/1827 1750/1828 1731/1809
f 590/668 1728/1806 1731/1809 591/669
f 1751/1829 591/669 1731/1809 1750/1828
f 562/640 1728/1806 590/668 560/638
f 1751/1829 1750/1828 1752/1830 1753/1831
f 1752/1830 1750/1828 1749/1827 1754/1832
f 1748/1826 1755/1833 1754/1832 1749/1827
f 1747/1825 1756/1834 1755/1833 1748/1826
f 1757/1835 1756/1834 1747/1825 1746/1824
f 1757/1835 1746/1824 1745/1823 1758/1836
f 1758/1836 1745/1823 1744/1822 1759/1837
f 1743/1821 1760/1838 1759/1837 1744/1822
f 1761/1839 1760/1838 1743/1821 1742/1820
f 1761/1839 1742/1820 1741/1819 1762/1840
f 1763/1841 1764/1842 1762/1840 1741/1819
f 1763/1841 1741/1819 1740/1818 627/705
f 1740/1818 1739/1817 626/704 627/705
f 1763/1841 627/705 624/702 1765/1843
f 1766/1844 1764/1842 1763/1841 1765/1843
f 1766/1844 1767/1845 1768/1846 1764/1842
f 1769/1847 1762/1840 1764/1842 1768/1846
f 1769/1847 1770/1848 1761/1839 1762/1840
f 1761/1839 1770/1848 1771/1849 1760/1838
f 1772/1850 1759/1837 1760/1838 1771/1849
f 1773/1851 1758/1836 1759/1837 1772/1850
f 1773/1851 1774/1852 1757/1835 1758/1836
f 1757/1835 1774/1852 1775/1853 1756/1834
f 1756/1834 1775/1853 1776/1854 1755/1833
f 1777/1855 1754/1832 1755/1833 1776/1854
f 1752/1830 1754/1832 1777/1855 1778/1856
f 1752/1830 1778/1856 1779/1857 1753/1831
f 1780/1858 1779/1857 1778/1856 1781/1859
f 1777/1855 1782/1860 1781/1859 1778/1856
f 1777/1855 1776/1854 1783/1861 1782/1860
f 1783/1861 1776/1854 1775/1853 1784/1862
f 1774/1852 1785/1863 1784/1862 1775/1853
f 1773/1851 1786/1864 1785/1863 1774/1852
f 1787/1865 1786/1864 1773/1851 1772/1850
f 1787/1865 1772/1850 1771/1849 1788/1866
f 1788/1866 1771/1849 1770/1848 1789/1867
f 1769/1847 1790/1868 1789/1867 1770/1848
f 1791/1869 1790/1868 1769/1847 1768/1846
f 1791/1869 1768/1846 1767/1845 1792/1870
f 1793/1871 1794/1872 1792/1870 1767/1845
f 1793/1871 1767/1845 1766/1844 1795/1873
f 1766/1844 1765/1843 1796/1874 1795/1873
f 1793/2726 1795/2728 1797/1875 1798/1876
f 1799/1877 1797/1875 1795/2728 1796/2729
f 1800/1878 1794/2727 1793/2726 1798/1876
f 1800/1878 1801/1879 1802/1880 1794/2727
f 1803/1881 1792/1870 1794/1872 1802/2730
f 1803/1881 1804/1882 1791/1869 1792/1870
f 1791/1869 1804/1882 1805/1883 1790/1868
f 1806/1884 1789/1867 1790/1868 1805/1883
f 1807/1885 1788/1866 1789/1867 1806/1884
f 1807/1885 1808/1886 1787/1865 1788/1866
f 1787/1865 1808/1886 1809/1887 1786/1864
f 1786/1864 1809/1887 1810/1888 1785/1863
f 1811/1889 1784/1862 1785/1863 1810/1888
f 1783/1861 1784/1862 1811/1889 1812/1890
f 1783/1861 1812/1890 1813/1891 1782/1860
f 1814/1892 1813/1891 1812/1890 1815/1893
f 1811/1889 1816/1894 1815/1893 1812/1890
f 1811/1889 1810/1888 1817/1895 1816/1894
f 1817/1895 1810/1888 1809/1887 1818/1896
f 1808/1886 1819/1897 1818/1896 1809/1887
f 1807/1885 1820/1898 1819/1897 1808/1886
f 1821/1899 1820/1898 1807/1885 1806/1884
f 1821/1899 1806/1884 1805/1883 1822/1900
f 1822/1900 1805/1883 1804/1882 1823/1901
f 1803/1881 1824/1902 1823/1901 1804/1882
f 1825/1903 1824/1902 1803/1881 1802/2730
f 1825/2731 1802/1880 1801/1879 1826/1904
f 1827/1905 1828/1906 1826/1904 1801/1879
f 1827/1905 1801/1879 1800/1878 1829/1907
f 1800/1878 1798/1876 1830/1908 1829/1907
f 1827/1905 1829/1907 1831/1909 1832/1910
f 1833/1911 1831/1909 1829/1907 1830/1908
f 1834/1912 1828/1906 1827/1905 1832/1910
f 1834/1912 1835/1913 1836/1914 1828/1906
f 1837/1915 1826/1904 1828/1906 1836/1914
f 1837/1915 1838/1916 1825/2731 1826/1904
f 1825/1903 1838/2736 1839/1917 1824/1902
f 1840/1918 1823/1901 1824/1902 1839/1917
f 1841/1919 1822/1900 1823/1901 1840/1918
f 1841/1919 1842/1920 1821/1899 1822/1900
f 1821/1899 1842/1920 1843/1921 1820/1898
f 1819/1897 1820/1898 1843/1921 1844/1922
f 1819/1897 1844/1922 1845/1923 1818/1896
f 1817/1895 1818/1896 1845/1923 1846/1924
f 1817/1895 1846/1924 1847/1925 1816/1894
f 1846/1924 1845/1923 1848/1926 1849/1927
f 1846/1924 1849/1927 1850/1928 1847/1925
f 1844/1922 1851/1929 1848/1926 1845/1923
f 1844/1922 1843/1921 1852/1930 1851/1929
f 1852/1930 1843/1921 1842/1920 1853/1931
f 1841/1919 1854/1932 1853/1931 1842/1920
f 1855/1933 1854/1932 1841/1919 1840/1918
f 1855/1933 1840/1918 1839/1917 1856/1934
f 1856/1934 1839/1917 1838/2736 1857/1935
f 1837/2735 1858/1936 1857/1935 1838/2736
f 1859/1937 1858/1936 1837/2735 1836/2734
f 1860/1938 1859/1937 1836/2734 1835/2732
f 1861/1939 1862/1940 1859/1937 1860/1938
f 1859/1937 1862/1940 1863/1941 1858/1936
f 1864/1942 1857/1935 1858/1936 1863/1941
f 1865/1943 1856/1934 1857/1935 1864/1942
f 1865/1943 1866/1944 1855/1933 1856/1934
f 1855/1933 1866/1944 1867/1945 1854/1932
f 1868/1946 1853/1931 1854/1932 1867/1945
f 1868/1946 1869/1947 1852/1930 1853/1931
f 1851/1929 1852/1930 1869/1947 1870/1948
f 1851/1929 1870/1948 1871/1949 1848/1926
f 1849/1927 1848/1926 1871/1949 1872/1950
f 1849/1927 1872/1950 1873/1951 1850/1928
f 1874/1952 1847/1925 1850/1928 1875/1953
f 1875/1953 1850/1928 1873/1951 1876/1954
f 1874/1952 1815/1893 1816/1894 1847/1925
f 1814/1892 1815/1893 1874/1952 1877/1955
f 1874/1952 1875/1953 1878/1956 1877/1955
f 1875/1953 1876/1954 1879/1957 1878/1956
f 1879/1957 1876/1954 1883/2757
f 1987/2065 1988/2066 1989/2067 1835/1913
f 1987/2065 1835/1913 1834/1912 1990/2068
f 1991/2069 1988/2066 1987/2065 1992/2070
f 1993/2071 1988/2066 1991/2069
f 1993/2071 1879/1957 1988/2066
f 1987/2065 1990/2068 1994/2072 1992/2070
f 1834/1912 1832/1910 1995/2073 1990/2068
f 1996/2074 1994/2072 1990/2068 1995/2073
f 1996/2074 1813/1891 1814/1892 1994/2072
f 1814/1892 1877/1955 1992/2070 1994/2072
f 1991/2069 1992/2070 1877/1955 1878/1956
f 1993/2071 1991/2069 1878/1956
f 1993/2071 1878/1956 1879/1957
f 1996/2074 1781/1859 1782/1860 1813/1891
f 1780/1858 1781/1859 1996/2074 1995/2073
f 1780/1858 1995/2073 1832/1910 1831/1909
f 1833/1911 1779/1857 1780/1858 1831/1909
f 1997/2075 1998/2076 1833/1911 1830/1908
f 1833/1911 1998/2076 1753/1831 1779/1857
f 1799/1877 1999/2077 1997/2075 1797/1875
f 1997/2075 1999/2077 2000/2078 1998/2076
f 1997/2075 1830/1908 1798/1876 1797/1875
f 1751/1829 1753/1831 1998/2076 2000/2078
f 592/670 591/669 1751/1829 2000/2078
f 592/670 2000/2078 1999/2077 593/671
f 1799/1877 594/672 593/671 1999/2077
f 595/673 594/672 1799/1877 1796/2729
f 595/2504 1796/1874 1765/1843 624/702
f 625/703 626/704 1739/1817 656/734
g Patch
f 489/567 490/568 491/569 492/570
f 489/567 492/570 497/575 498/576
f 489/567 498/576 499/577 493/2481
f 500/578 491/2480 490/2479 501/579
f 503/581 504/582 491/2480 500/578
f 504/2483 505/583 492/570 491/569
f 505/583 506/584 497/575 492/570
f 507/585 498/576 497/575 508/586
f 508/586 497/575 506/584 509/587
f 510/588 499/577 498/576 507/585
f 493/2481 499/577 511/589 512/590
f 513/591 511/589 499/577 510/588
f 520/2487 523/601 500/578 501/579
f 503/581 500/578 523/601 524/602
f 525/603 503/581 524/602 526/604
f 527/605 504/582 503/581 525/603
f 504/2483 527/2491 528/606 505/583
f 529/607 506/584 505/583 528/606
f 529/607 530/608 509/587 506/584
f 508/586 509/587 531/609 532/610
f 530/608 533/611 531/609 509/587
f 507/585 508/586 532/610 534/612
f 510/588 507/585 534/612 535/613
f 535/613 536/614 513/591 510/588
f 537/615 538/616 511/589 513/591
f 536/614 539/617 537/615 513/591
f 511/589 538/616 540/618 512/590
f 541/619 542/620 538/616 537/615
f 540/618 538/616 542/620 543/621
f 539/617 544/622 541/619 537/615
f 545/623 539/617 536/614 546/624
f 539/617 545/623 547/625 544/622
f 536/614 535/613 548/626 546/624
f 549/627 548/626 535/613 534/612
f 549/627 534/612 532/610 550/628
f 531/609 551/629 550/628 532/610
f 533/611 552/630 551/629 531/609
f 551/629 552/630 564/2502 565/643
f 551/629 565/643 566/644 550/628
f 549/627 550/628 566/644 567/645
f 549/627 567/645 568/646 569/647
f 549/627 569/647 570/648 548/626
f 548/626 570/648 571/649 546/624
f 571/649 572/650 573/651 546/624
f 573/651 574/652 545/623 546/624
f 572/650 571/649 575/653 576/654
f 571/649 570/648 577/655 575/653
f 578/656 577/655 570/648 569/647
f 579/657 578/656 569/647 568/646
f 580/658 579/657 568/646 581/659
f 581/659 568/646 567/645 582/660
f 582/660 567/645 566/644 583/661
f 583/661 566/644 565/643 584/662
f 585/663 584/662 565/643 564/2502
f 585/663 598/2507 599/677 584/662
f 599/677 600/678 583/661 584/662
f 582/660 583/661 600/678 601/679
f 581/659 582/660 601/679 602/680
f 580/658 581/659 602/680 603/681
f 604/682 605/683 580/658 603/681
f 580/658 605/683 606/684 579/657
f 579/657 606/684 607/685 578/656
f 578/656 607/685 608/686 577/655
f 609/687 610/688 607/685 606/684
f 610/688 611/689 608/686 607/685
f 609/687 606/684 605/683 612/690
f 604/682 613/691 612/690 605/683
f 614/692 613/691 604/682 615/693
f 604/682 603/681 616/694 615/693
f 617/695 616/694 603/681 602/680
f 617/695 602/680 601/679 618/696
f 619/697 618/696 601/679 600/678
f 599/677 620/698 619/697 600/678
f 599/677 598/2507 621/699 620/698
f 620/698 621/699 628/2510 629/707
f 619/697 620/698 629/707 630/708
f 619/697 630/708 631/709 618/696
f 631/709 632/710 617/695 618/696
f 617/695 632/710 633/711 616/694
f 633/711 634/712 615/693 616/694
f 614/692 615/693 634/712 635/713
f 636/714 637/715 614/692 635/713
f 614/692 637/715 638/716 613/691
f 639/717 612/690 613/691 638/716
f 639/717 640/718 609/687 612/690
f 641/719 642/720 639/717 638/716
f 639/717 642/720 643/721 640/718
f 641/719 638/716 637/715 644/722
f 636/714 645/723 644/722 637/715
f 646/724 645/723 636/714 647/725
f 636/714 635/713 648/726 647/725
f 649/727 648/726 635/713 634/712
f 633/711 650/728 649/727 634/712
f 633/711 632/710 651/729 650/728
f 631/709 652/730 651/729 632/710
f 631/709 630/708 653/731 652/730
f 630/708 629/707 654/732 653/731
f 655/733 654/732 629/707 628/2510
f 657/735 654/732 655/733 658/736
f 660/738 653/731 654/732 657/735
f 661/739 652/730 653/731 660/738
f 662/740 651/729 652/730 661/739
f 662/740 663/741 650/728 651/729
f 649/727 650/728 663/741 664/742
f 649/727 664/742 665/743 648/726
f 665/743 666/744 647/725 648/726
f 646/724 647/725 666/744 667/745
f 668/746 669/747 646/724 667/745
f 646/724 669/747 670/748 645/723
f 671/749 644/722 645/723 670/748
f 671/749 672/750 641/719 644/722
f 678/756 677/2518 668/746 679/757
f 668/746 667/745 680/758 679/757
f 681/759 680/758 667/745 666/744
f 665/743 682/760 681/759 666/744
f 665/743 664/742 683/761 682/760
f 684/762 683/761 664/742 663/741
f 684/762 663/741 662/740 685/763
f 662/740 661/739 686/764 685/763
f 661/739 660/738 687/765 686/764
f 660/738 657/735 688/766 687/765
f 689/767 686/764 687/765 690/768
f 688/766 691/769 690/768 687/765
f 689/767 692/770 685/763 686/764
f 693/771 684/762 685/763 692/770
f 693/771 694/772 683/761 684/762
f 695/773 682/760 683/761 694/772
f 681/759 682/760 695/773 696/774
f 681/759 696/774 697/775 680/758
f 697/775 698/776 679/757 680/758
f 678/756 679/757 698/776 699/777
f 700/778 701/779 678/756 699/777
f 678/756 701/779 702/780 677/2518
f 701/779 712/790 709/2520 702/780
f 700/778 713/791 712/790 701/779
f 714/792 715/793 713/791 700/778
f 714/792 700/778 699/777 716/794
f 717/795 716/794 699/777 698/776
f 697/775 718/796 717/795 698/776
f 697/775 696/774 719/797 718/796
f 720/798 719/797 696/774 695/773
f 720/798 695/773 694/772 721/799
f 722/800 721/799 694/772 693/771
f 723/801 724/802 721/799 722/800
f 721/799 724/802 725/803 720/798
f 725/803 726/804 719/797 720/798
f 718/796 719/797 726/804 727/805
f 728/806 717/795 718/796 727/805
f 728/806 729/807 716/794 717/795
f 716/794 729/807 730/808 714/792
f 730/808 731/809 715/793 714/792
f 732/810 733/811 713/791 715/793
f 715/793 731/809 734/812 732/810
f 733/811 735/813 712/790 713/791
f 735/813 736/814 709/2520 712/790
f 735/813 746/824 745/2522 736/814
f 733/811 747/825 746/824 735/813
f 732/810 748/826 747/825 733/811
f 734/812 749/827 748/826 732/810
f 750/828 751/829 749/827 734/812
f 731/809 752/830 750/828 734/812
f 753/831 752/830 731/809 730/808
f 729/807 754/832 753/831 730/808
f 729/807 728/806 755/833 754/832
f 756/834 755/833 728/806 727/805
f 755/833 757/835 758/836 754/832
f 755/833 756/834 759/837 757/835
f 758/836 760/838 753/831 754/832
f 760/838 761/839 752/830 753/831
f 752/830 761/839 762/840 750/828
f 762/840 763/841 751/829 750/828
f 749/827 751/829 764/842 765/843
f 751/829 763/841 766/844 764/842
f 748/826 749/827 765/843 767/845
f 767/845 768/846 747/825 748/826
f 768/846 769/847 746/824 747/825
f 769/847 770/848 745/2522 746/824
f 769/847 778/856 777/2534 770/848
f 768/846 779/857 778/856 769/847
f 767/845 780/858 779/857 768/846
f 765/843 781/859 780/858 767/845
f 764/842 782/860 781/859 765/843
f 766/844 783/861 782/860 764/842
f 803/881 782/860 783/861 802/2540
f 804/882 781/859 782/860 803/881
f 805/883 780/858 781/859 804/882
f 806/884 779/857 780/858 805/883
f 807/885 778/856 779/857 806/884
f 808/886 777/2534 778/856 807/885
f 808/2547 807/2546 809/887 810/888
f 807/2546 806/2545 811/889 809/887
f 806/2545 805/2544 812/890 811/889
f 813/891 812/890 805/2544 804/2543
f 814/892 813/891 804/2543 803/2542
f 815/893 814/892 803/2542 802/2541
f 837/915 814/892 815/893 836/2553
f 838/916 813/891 814/892 837/915
f 813/891 838/916 839/917 812/890
f 812/890 839/917 840/918 811/889
f 841/919 809/887 811/889 840/918
f 841/919 840/918 842/920 843/921
f 842/920 840/918 839/917 844/922
f 844/922 839/917 838/916 845/923
f 846/924 845/923 838/916 837/915
f 847/925 846/924 837/915 836/2553
f 871/949 846/924 847/925 870/2557
f 846/924 871/949 872/950 845/923
f 872/950 873/951 844/922 845/923
f 842/920 844/922 873/951 874/952
f 873/951 875/953 876/954 874/952
f 872/950 877/955 875/953 873/951
f 877/955 872/950 871/949 878/956
f 871/949 870/2557 879/957 878/956
f 1234/1312 1232/2601 1233/2603 1235/1313
f 1232/2602 1234/2604 1236/1314 1229/2598
f 1236/1314 1237/1315 1230/2599 1229/2598
f 1238/1316 1231/2600 1230/2599 1237/1315
f 1239/1317 1240/1318 1231/2600 1238/1316
f 1241/1319 907/2559 1240/1318 1239/1317
f 1238/1316 1242/1320 1241/1319 1239/1317
f 1243/1321 1244/1322 1238/1316 1237/1315
f 1245/1323 1242/1320 1238/1316 1244/1322
f 1236/1314 1246/1324 1243/1321 1237/1315
f 1246/1324 1236/1314 1234/2604 1247/1325
f 1248/1326 1247/2606 1234/1312 1235/1313
f 759/837 1235/1313 1233/2603 757/835
f 759/837 1249/1327 1248/1326 1235/1313
f 1250/1328 1248/1326 1249/1327 1251/1329
f 1248/1326 1250/1328 1252/1330 1247/2606
f 1252/2607 1253/1331 1246/1324 1247/1325
f 1254/1332 1243/1321 1246/1324 1253/1331
f 1243/1321 1254/1332 1255/1333 1244/1322
f 1255/1333 1256/1334 1245/1323 1244/1322
f 1257/1335 1258/1336 1245/1323 1256/1334
f 1259/1337 1242/1320 1245/1323 1258/1336
f 1260/1338 1241/1319 1242/1320 1259/1337
f 877/955 878/956 1241/1319 1260/1338
f 879/957 907/2559 1241/1319 878/956
f 1261/1339 1262/1340 1260/1338 1259/1337
f 1262/1340 875/953 877/955 1260/1338
f 1263/1341 1261/1339 1259/1337 1258/1336
f 611/689 1263/1341 1258/1336 1257/1335
f 1264/1342 1265/1343 1257/1335 1256/1334
f 1265/1343 608/686 611/689 1257/1335
f 1255/1333 1266/1344 1264/1342 1256/1334
f 1266/1344 1255/1333 1254/1332 1267/1345
f 1268/1346 1267/1345 1254/1332 1253/1331
f 1252/2607 1269/1347 1268/1346 1253/1331
f 1269/2608 1252/1330 1250/1328 1270/1348
f 1250/1328 1251/1329 1271/1349 1270/1348
f 1272/1350 1273/1351 1271/1349 1251/1329
f 1249/1327 1274/1352 1272/1350 1251/1329
f 1275/1353 1271/1349 1273/1351 1276/1354
f 1271/1349 1275/1353 1277/1355 1270/1348
f 1269/2608 1270/1348 1277/1355 1278/1356
f 1279/1357 1268/1346 1269/1347 1278/2609
f 1268/1346 1279/1357 1280/1358 1267/1345
f 1280/1358 1281/1359 1266/1344 1267/1345
f 576/654 1264/1342 1266/1344 1281/1359
f 575/653 1265/1343 1264/1342 576/654
f 577/655 608/686 1265/1343 575/653
f 1282/1360 572/650 576/654 1281/1359
f 1280/1358 1283/1361 1282/1360 1281/1359
f 1283/1361 1280/1358 1279/1357 1284/1362
f 1279/1357 1278/2609 1285/1363 1284/1362
f 1277/1355 1286/1364 1285/2610 1278/1356
f 1286/1364 1277/1355 1275/1353 1287/1365
f 1288/1366 1287/1365 1275/1353 1276/1354
f 1276/1354 1273/1351 724/802 723/801
f 1289/1367 1288/1366 1276/1354 723/801
f 724/802 1273/1351 1272/1350 725/803
f 726/804 725/803 1272/1350 1274/1352
f 1249/1327 759/837 756/834 1274/1352
f 756/834 727/805 726/804 1274/1352
f 1290/1368 1289/1367 723/801 722/800
f 1291/1369 1288/1366 1289/1367 1292/1370
f 1289/1367 1290/1368 1293/1371 1292/1370
f 1288/1366 1291/1369 1294/1372 1287/1365
f 1294/1372 1295/1373 1286/1364 1287/1365
f 1285/2610 1286/1364 1295/1373 1296/1374
f 1297/1375 1284/1362 1285/1363 1296/2611
f 1297/1375 1298/1376 1283/1361 1284/1362
f 1283/1361 1298/1376 1299/1377 1282/1360
f 1299/1377 573/651 572/650 1282/1360
f 1300/1378 574/652 573/651 1299/1377
f 1298/1376 1301/1379 1300/1378 1299/1377
f 1301/1379 1298/1376 1297/1375 1302/1380
f 1297/1375 1296/2611 1303/1381 1302/1380
f 1295/1373 1304/1382 1303/2612 1296/1374
f 1305/1383 1304/1382 1295/1373 1294/1372
f 1291/1369 1306/1384 1305/1383 1294/1372
f 1307/1385 1306/1384 1291/1369 1292/1370
f 1308/1386 1309/1387 1307/1385 1292/1370
f 1293/1371 1310/1388 1308/1386 1292/1370
f 689/767 1311/1389 1310/1388 1293/1371
f 689/767 1293/1371 1290/1368 692/770
f 722/800 693/771 692/770 1290/1368
f 689/767 690/768 1312/1390 1311/1389
f 1313/1391 1314/1392 1311/1389 1312/1390
f 1314/1392 1315/1393 1310/1388 1311/1389
f 1308/1386 1310/1388 1315/1393 1316/1394
f 1309/1387 1308/1386 1316/1394 1317/1395
f 1318/1396 1307/1385 1309/1387 1319/1397
f 1309/1387 1317/1395 1320/1398 1319/1397
f 1306/1384 1307/1385 1318/1396 1321/1399
f 1306/1384 1321/1399 1322/1400 1305/1383
f 1322/1400 1323/1401 1304/1382 1305/1383
f 1304/1382 1323/1401 1324/1402 1303/2612
f 1303/1381 1324/2613 1325/1403 1302/1380
f 1301/1379 1302/1380 1325/1403 1326/1404
f 1327/1405 1300/1378 1301/1379 1326/1404
f 1327/1405 1326/1404 1328/1406 1329/1407
f 1325/1403 1330/1408 1328/1406 1326/1404
f 1324/2613 1331/1409 1330/1408 1325/1403
f 1331/2618 1324/1402 1323/1401 1332/1410
f 1333/1411 1332/1410 1323/1401 1322/1400
f 1321/1399 1334/1412 1333/1411 1322/1400
f 1334/1412 1321/1399 1318/1396 1335/1413
f 1318/1396 1319/1397 1336/1414 1335/1413
f 1320/1398 1337/1415 1336/1414 1319/1397
f 1338/1416 1339/1417 1320/1398 1317/1395
f 1339/1417 1340/1418 1337/1415 1320/1398
f 1316/1394 1341/1419 1338/1416 1317/1395
f 1315/1393 1342/1420 1341/1419 1316/1394
f 1314/1392 1343/1421 1342/1420 1315/1393
f 520/2487 1344/1422 1342/1420 1343/1421
f 1341/1419 1342/1420 1344/1422 1345/1423
f 1346/1424 1338/1416 1341/1419 1345/1423
f 1338/1416 1346/1424 1347/1425 1339/1417
f 1340/1418 1339/1417 1347/1425 1348/1426
f 1348/1426 1349/1427 1350/1428 1340/1418
f 1373/2630 1350/1428 1349/1427 1374/1452
f 1347/1425 1375/1453 1349/1427 1348/1426
f 1349/1427 1375/1453 1376/1454 1374/1452
f 1670/2691 1671/1749 1327/1405 1329/1407
f 1671/1749 1670/2691 1409/2633 547/625
f 545/623 574/652 1671/1749 547/625
f 544/622 547/625 1409/2633 1672/1750
f 1327/1405 1671/1749 574/652 1300/1378
f 541/619 544/622 1672/1750 1674/2693
f 542/620 541/619 1674/2693 1680/1758
f 1677/2695 543/621 542/620 1680/1758
f 543/621 1677/2695 1681/1759 1682/1760
f 1376/1454 1375/1453 1679/2699 1676/2694
f 1375/1453 1347/1425 1683/1761 1679/2699
f 1679/2699 1683/1761 1682/2703 1681/2702
f 1684/1762 1685/1763 1682/2703 1683/1761
f 1685/2704 540/618 543/621 1682/1760
f 1347/1425 1346/1424 1684/1762 1683/1761
f 1686/1764 1684/1762 1346/1424 1345/1423
f 1686/1764 1687/1765 1685/1763 1684/1762
f 540/618 1685/2704 1687/2706 512/590
f 520/2487 1343/1421 1700/1778 523/601
f 1313/1391 1700/1778 1343/1421 1314/1392
f 1313/1391 1701/1779 1702/1780 1700/1778
f 1702/1780 524/602 523/601 1700/1778
f 1703/1781 1701/1779 1313/1391 1312/1390
f 1703/1781 1704/1782 1705/1783 1701/1779
f 1701/1779 1705/1783 1706/1784 1702/1780
f 1707/1785 524/602 1702/1780 1706/1784
f 1707/1785 1708/1786 526/604 524/602
f 1706/1784 1709/1787 1708/1786 1707/1785
f 1714/2722 1704/1782 1703/1781 691/769
f 1703/1781 1312/1390 690/768 691/769
f 1714/2722 691/769 688/766 1716/1794
f 1727/1805 1708/1786 1709/1787 1726/2724
f 1727/1805 558/2501 526/604 1708/1786
f 557/2500 525/603 526/604 558/2501
f 657/735 658/736 1716/1794 688/766
f 610/688 2003/2081 1263/1341 611/689
f 609/687 640/718 2003/2081 610/688
f 2003/2081 2004/2082 1261/1339 1263/1341
f 2003/2081 640/718 643/721 2004/2082
f 2004/2082 2005/2083 1262/1340 1261/1339
f 2004/2082 643/721 2006/2084 2005/2083
f 2007/2085 2006/2084 643/721 642/720
f 2007/2085 2008/2086 2009/2087 2006/2084
f 2005/2083 2006/2084 2010/2088 876/954
f 2010/2088 2006/2084 2009/2087 2011/2089
f 2005/2083 876/954 875/953 1262/1340
f 2010/2088 2012/2090 874/952 876/954
f 2010/2088 2011/2089 2013/2091 2012/2090
f 642/720 2018/2096 2008/2086 2007/2085
f 641/719 672/750 2018/2096 642/720
f 2013/2091 2026/2104 843/921 2012/2090
f 842/920 874/952 2012/2090 843/921
f 2028/2106 841/919 843/921 2026/2104
f 2028/2106 810/888 809/887 841/919
g Patch_1
f 1537/2658 1540/2659 1546/1624 1547/1625
f 1545/2660 1548/1626 1546/1624 1540/2659
f 1549/1627 1536/2657 1537/2658 1547/1625
f 1536/2657 1549/1627 1550/1628 1535/2656
f 1534/2655 1535/2656 1550/1628 1551/1629
f 1552/1630 1533/2653 1534/2655 1551/1629
f 1553/1631 1532/2652 1533/2654 1552/2662
f 1532/2652 1553/1631 1554/1632 1531/2651
f 1531/2651 1554/1632 1555/1633 1530/2649
f 1530/2649 1555/1633 1556/1634 1557/1635
f 1555/1633 1554/1632 1559/1637 1560/1638
f 1561/1639 1556/1634 1555/1633 1560/1638
f 1559/1637 1554/1632 1553/1631 1562/1640
f 1562/1640 1553/1631 1552/2662 1563/1641
f 1552/2662 1551/2661 1564/1642 1563/1641
f 1550/1628 1565/1643 1564/2665 1551/1629
f 1565/1643 1550/1628 1549/1627 1566/1644
f 1549/1627 1547/1625 1567/1645 1566/1644
f 1546/1624 1568/1646 1567/1645 1547/1625
f 1548/1626 1569/1647 1568/1646 1546/1624
f 1570/1648 1548/1626 1545/2660 1571/1649
f 1572/1650 1569/1647 1548/1626 1570/1648
f 1577/2667 1578/1656 1570/1648 1571/1649
f 1578/1656 1579/1657 1572/1650 1570/1648
f 1580/1658 1581/1659 1569/1647 1572/1650
f 1579/1657 1582/1660 1580/1658 1572/1650
f 1568/1646 1569/1647 1581/1659 1583/1661
f 1584/1662 1567/1645 1568/1646 1583/1661
f 1585/1663 1566/1644 1567/1645 1584/1662
f 1586/1664 1565/1643 1566/1644 1585/1663
f 1587/1665 1564/2665 1565/1643 1586/1664
f 1564/1642 1587/2668 1588/1666 1563/1641
f 1562/1640 1563/1641 1588/1666 1589/1667
f 1590/1668 1559/1637 1562/1640 1589/1667
f 1590/1668 1589/1667 1591/1669 1592/1670
f 1588/1666 1593/1671 1591/1669 1589/1667
f 1593/1671 1588/1666 1587/2668 1594/1672
f 1594/2669 1587/1665 1586/1664 1595/1673
f 1596/1674 1595/1673 1586/1664 1585/1663
f 1597/1675 1596/1674 1585/1663 1584/1662
f 1598/1676 1597/1675 1584/1662 1583/1661
f 1598/1676 1583/1661 1581/1659 1599/1677
f 1581/1659 1580/1658 1600/1678 1599/1677
f 1601/1679 1600/1678 1580/1658 1582/1660
f 1602/1680 1603/1681 1601/1679 1582/1660
f 1579/1657 1604/1682 1602/1680 1582/1660
f 1604/1682 1579/1657 1578/1656 1605/1683
f 1605/1683 1578/1656 1577/2667 1606/1684
f 1609/2675 1610/1688 1605/1683 1606/1684
f 1610/2677 1611/1689 1604/2672 1605/2673
f 1612/1690 1602/2670 1604/2672 1611/1689
f 1602/1680 1612/2678 1613/1691 1603/1681
f 1614/1692 1615/1693 1601/1679 1603/1681
f 1613/2679 1616/1694 1614/2680 1603/2671
f 1615/1693 1617/1695 1600/1678 1601/1679
f 1599/1677 1600/1678 1617/1695 1618/1696
f 1619/1697 1598/1676 1599/1677 1618/1696
f 1597/1675 1598/1676 1619/1697 1620/1698
f 1621/1699 1596/1674 1597/1675 1620/1698
f 1596/1674 1621/1699 1622/1700 1595/1673
f 1622/1700 1623/1701 1594/2669 1595/1673
f 1624/1702 1593/1671 1594/1672 1623/2681
f 1625/1703 1626/1704 1623/1701 1622/1700
f 1626/2682 1627/1705 1624/1702 1623/2681
f 1621/1699 1628/1706 1625/1703 1622/1700
f 1619/1697 1628/1706 1621/1699 1620/1698
f 1628/1706 1619/1697 1618/1696 1629/1707
f 1618/1696 1617/1695 1630/1708 1629/1707
f 1630/1708 1617/1695 1615/1693 1631/1709
f 1615/1693 1614/1692 1632/1710 1631/1709
f 1633/1711 1632/2683 1614/2680 1616/1694
f 1634/1712 1635/1713 1633/1711 1616/1694
f 1613/2679 1636/1714 1634/1712 1616/1694
f 1636/1714 1613/2679 1612/1690 1637/1715
f 1638/1716 1637/1715 1612/1690 1611/1689
f 1610/2677 1639/1717 1638/1716 1611/1689
f 1639/1717 1610/2677 1609/2676 1640/1718
f 1557/1635 1556/1634 1639/1717 1640/1718
f 1639/1717 1556/1634 1561/1639 1638/1716
f 1561/1639 1641/1719 1637/1715 1638/1716
f 1641/1719 1642/1720 1636/1714 1637/1715
f 1643/1721 1634/1712 1636/1714 1642/1720
f 1635/1713 1634/1712 1643/1721 1644/1722
f 1645/1723 1646/1724 1635/1713 1644/1722
f 1635/1713 1646/1724 1647/1725 1633/1711
f 1647/1725 1648/1726 1632/2683 1633/1711
f 1632/1710 1648/2685 1630/1708 1631/1709
f 1629/1707 1630/1708 1648/2685 1649/1727
f 1625/1703 1628/1706 1629/1707 1649/1727
f 1650/1728 1626/1704 1625/1703 1649/1727
f 1650/2687 1651/1729 1627/1705 1626/2682
f 1627/1705 1651/1729 1652/1730 1653/1731
f 1654/1732 1624/1702 1627/1705 1653/1731
f 1646/1724 1651/1729 1650/2687 1647/1725
f 1646/1724 1645/1723 1652/1730 1651/1729
f 1643/1721 1655/1733 1645/1723 1644/1722
f 1652/1730 1645/1723 1655/1733 1656/1734
f 1657/1735 1655/1733 1643/1721 1642/1720
f 1641/1719 1658/1736 1657/1735 1642/1720
f 1658/1736 1641/1719 1561/1639 1560/1638
f 1559/1637 1590/1668 1658/1736 1560/1638
f 1658/1736 1590/1668 1592/1670 1657/1735
f 1592/1670 1656/1734 1655/1733 1657/1735
f 1652/1730 1656/1734 1654/1732 1653/1731
f 1591/1669 1654/1732 1656/1734 1592/1670
f 1624/1702 1654/1732 1591/1669 1593/1671
f 1650/2687 1649/2686 1648/1726 1647/1725
f 1876/2754 1873/2752 1880/1958 1881/1959
f 1876/2754 1881/1959 1882/1960 1883/1961
f 1872/2751 1884/1962 1880/2756 1873/2753
f 1872/2751 1871/2750 1885/1963 1884/1962
f 1870/2749 1886/1964 1885/1963 1871/2750
f 1870/2749 1869/2748 1887/1965 1886/1964
f 1868/2747 1888/1966 1887/1965 1869/2748
f 1889/1967 1888/1966 1868/2747 1867/2746
f 1889/1967 1867/2746 1866/2745 1890/1968
f 1865/2744 1891/1969 1890/1968 1866/2745
f 1892/1970 1891/1969 1865/2744 1864/2742
f 1892/1970 1893/1971 1894/1972 1891/1969
f 1895/1973 1890/1968 1891/1969 1894/1972
f 1895/1973 1896/1974 1889/1967 1890/1968
f 1889/1967 1896/1974 1897/1975 1888/1966
f 1888/1966 1897/1975 1898/1976 1887/1965
f 1886/1964 1887/1965 1898/1976 1899/1977
f 1886/1964 1899/1977 1900/1978 1885/1963
f 1884/1962 1885/1963 1900/1978 1901/1979
f 1884/1962 1901/1979 1902/1980 1880/2756
f 1902/2761 1903/1981 1881/1959 1880/1958
f 1903/1981 1904/1982 1882/1960 1881/1959
f 1905/1983 1906/1984 1882/1960 1904/1982
f 1883/1961 1882/1960 1906/1984 1907/1985
f 1907/1985 1906/1984 1909/1987 1861/2738
f 1905/1983 1912/1990 1909/1987 1906/1984
f 1905/1983 1904/1982 1913/1991 1914/1992
f 1905/1983 1914/1992 1915/1993 1912/1990
f 1903/1981 1916/1994 1913/1991 1904/1982
f 1902/2761 1917/1995 1916/1994 1903/1981
f 1902/1980 1901/1979 1918/1996 1917/2763
f 1919/1997 1918/1996 1901/1979 1900/1978
f 1899/1977 1920/1998 1919/1997 1900/1978
f 1899/1977 1898/1976 1921/1999 1920/1998
f 1922/2000 1921/1999 1898/1976 1897/1975
f 1922/2000 1897/1975 1896/1974 1923/2001
f 1923/2001 1896/1974 1895/1973 1924/2002
f 1922/2000 1923/2001 1925/2003 1926/2004
f 1923/2001 1924/2002 1927/2005 1925/2003
f 1928/2006 1921/1999 1922/2000 1926/2004
f 1928/2006 1929/2007 1920/1998 1921/1999
f 1919/1997 1920/1998 1929/2007 1930/2008
f 1919/1997 1930/2008 1931/2009 1918/1996
f 1931/2765 1932/2010 1917/1995 1918/2764
f 1916/1994 1917/1995 1932/2010 1933/2011
f 1916/1994 1933/2011 1934/2012 1913/1991
f 1934/2012 1935/2013 1914/1992 1913/1991
f 1935/2013 1936/2014 1915/1993 1914/1992
f 1936/2014 1937/2015 1938/2016 1915/1993
f 1938/2016 1939/2017 1912/1990 1915/1993
f 1939/2017 1940/2018 1909/1987 1912/1990
f 1938/2016 1941/2019 1942/2020 1939/2017
f 1942/2020 1943/2021 1940/2018 1939/2017
f 1938/2016 1937/2015 1944/2022 1941/2019
f 1936/2014 1945/2023 1946/2024 1937/2015
f 1944/2022 1937/2015 1946/2024 1947/2025
f 1935/2013 1948/2026 1945/2023 1936/2014
f 1934/2012 1949/2027 1948/2026 1935/2013
f 1934/2012 1933/2011 1950/2028 1949/2027
f 1951/2029 1950/2028 1933/2011 1932/2010
f 1931/2765 1952/2030 1951/2029 1932/2010
f 1931/2009 1930/2008 1953/2031 1952/2767
f 1930/2008 1929/2007 1954/2032 1953/2031
f 1955/2033 1954/2032 1929/2007 1928/2006
f 1955/2033 1928/2006 1926/2004 1956/2034
f 1957/2035 1958/2036 1954/2032 1955/2033
f 1957/2035 1955/2033 1956/2034 1959/2037
f 1960/2038 1953/2031 1954/2032 1958/2036
f 1960/2038 1961/2039 1952/2767 1953/2031
f 1951/2766 1952/2767 1961/2039 1962/2040
f 1951/2029 1962/2768 1963/2041 1950/2028
f 1964/2042 1949/2027 1950/2028 1963/2041
f 1964/2042 1965/2043 1948/2026 1949/2027
f 1945/2023 1948/2026 1965/2043 1966/2044
f 1967/2045 1946/2024 1945/2023 1966/2044
f 1967/2045 1968/2046 1947/2025 1946/2024
f 1969/2047 1970/2048 1944/2022 1947/2025
f 1969/2047 1947/2025 1968/2046 1971/2049
f 1970/2048 1972/2050 1941/2019 1944/2022
f 1973/2051 1974/2052 1972/2772 1970/2770
f 1973/2051 1970/2770 1969/2769 1975/2053
f 1975/2053 1969/2769 1971/2771 1976/2054
f 1977/2055 1976/2054 1971/2771 1978/2056
f 1971/2049 1968/2046 1979/2057 1978/2773
f 1967/2045 1966/2044 1979/2057 1968/2046
f 1979/2057 1966/2044 1965/2043 1980/2058
f 1964/2042 1963/2041 1980/2058 1965/2043
f 1962/2768 1981/2059 1980/2058 1963/2041
f 1962/2040 1961/2039 1982/2060 1981/2774
f 1960/2038 1958/2036 1982/2060 1961/2039
f 1977/2055 1982/2060 1958/2036 1957/2035
f 1977/2055 1957/2035 1959/2037 1976/2054
f 1983/2061 1984/2062 1959/2037 1956/2034
f 1975/2053 1976/2054 1959/2037 1984/2062
f 1983/2061 1956/2034 1926/2004 1925/2003
f 1983/2061 1925/2003 1927/2005 1984/2062
f 1973/2051 1975/2053 1984/2062 1927/2005
f 1924/2002 1974/2052 1973/2051 1927/2005
f 1924/2002 1895/1973 1894/1972 1974/2052
f 1974/2052 1894/1972 1893/1971 1972/2772
f 1942/2020 1941/2019 1972/2050 1893/2760
f 1942/2020 1893/2760 1892/2759 1943/2021
f 1892/2759 1864/2743 1863/2741 1943/2021
f 1943/2021 1863/2741 1862/2740 1940/2018
f 1861/2738 1909/1987 1940/2018 1862/2740
f 1981/2774 1982/2060 1977/2055 1978/2056
f 1981/2059 1978/2773 1979/2057 1980/2058
g Main_2
f 673/751 674/752 672/2517 671/2516
f 673/751 671/2516 670/2515 675/753
f 670/2515 669/2514 676/754 675/753
f 668/2513 677/755 676/754 669/2514
f 703/781 676/754 677/755 702/2519
f 703/781 704/782 675/753 676/754
f 705/783 673/751 675/753 704/782
f 706/784 707/785 704/782 703/781
f 707/785 708/786 705/783 704/782
f 703/781 702/2519 709/787 710/788
f 711/789 706/784 703/781 710/788
f 736/2521 737/815 710/788 709/787
f 737/815 738/816 711/789 710/788
f 711/789 738/816 739/817 740/818
f 711/789 740/818 741/819 706/784
f 737/815 742/820 743/821 738/816
f 744/822 739/817 738/816 743/821
f 736/2521 745/823 742/820 737/815
f 770/2530 771/849 742/820 745/823
f 771/849 772/850 743/821 742/820
f 772/850 773/851 744/822 743/821
f 771/849 774/852 775/853 772/850
f 772/850 775/853 776/854 773/851
f 770/2530 777/855 774/852 771/849
f 784/862 785/863 783/2536 766/2529
f 763/2528 786/864 784/862 766/2529
f 787/865 786/864 763/2528 762/2527
f 761/2526 788/866 787/865 762/2527
f 788/866 761/2526 760/2525 789/867
f 760/2525 758/2524 790/868 789/867
f 790/868 791/869 792/870 789/867
f 788/866 789/867 793/871 794/872
f 789/867 792/870 795/873 793/871
f 788/866 794/872 796/874 787/865
f 796/874 797/875 786/864 787/865
f 786/864 797/875 798/876 784/862
f 798/876 799/877 785/863 784/862
f 785/2538 799/2539 800/878 801/879
f 802/880 783/2537 785/2538 801/879
f 816/894 815/2550 802/880 801/879
f 816/894 801/879 800/878 817/895
f 800/878 818/896 819/897 817/895
f 799/2539 820/898 818/896 800/878
f 821/899 820/2551 799/877 798/876
f 797/875 822/900 821/899 798/876
f 797/875 796/874 823/901 822/900
f 824/902 823/901 796/874 794/872
f 823/901 825/903 826/904 822/900
f 823/901 824/902 827/905 825/903
f 826/904 828/906 821/899 822/900
f 820/2551 821/899 828/906 829/907
f 820/898 829/2552 830/908 818/896
f 830/908 831/909 819/897 818/896
f 819/897 831/909 832/910 833/911
f 834/912 817/895 819/897 833/911
f 834/912 835/913 816/894 817/895
f 815/2550 816/894 835/913 836/914
f 847/2554 836/914 835/913 848/926
f 835/913 834/912 849/927 848/926
f 849/927 834/912 833/911 850/928
f 833/911 832/910 851/929 850/928
f 851/929 832/910 852/930 853/931
f 832/910 831/909 854/932 852/930
f 831/909 830/908 855/933 854/932
f 856/934 855/933 830/908 829/2552
f 828/906 857/935 856/2555 829/907
f 858/936 859/937 856/2555 857/935
f 855/933 856/934 859/2556 860/938
f 855/933 860/938 861/939 854/932
f 854/932 861/939 862/940 852/930
f 852/930 862/940 863/941 853/931
f 853/931 863/941 864/942 865/943
f 866/944 851/929 853/931 865/943
f 850/928 851/929 866/944 867/945
f 868/946 849/927 850/928 867/945
f 849/927 868/946 869/947 848/926
f 847/2554 848/926 869/947 870/948
f 880/958 870/948 869/947 881/959
f 880/958 882/960 879/2558 870/948
f 869/947 868/946 883/961 881/959
f 868/946 867/945 884/962 883/961
f 866/944 885/963 884/962 867/945
f 885/963 866/944 865/943 886/964
f 865/943 864/942 887/965 886/964
f 887/965 864/942 888/966 889/967
f 864/942 863/941 890/968 888/966
f 863/941 862/940 891/969 890/968
f 862/940 861/939 892/970 891/969
f 891/969 893/971 894/972 890/968
f 892/970 895/973 893/971 891/969
f 890/968 894/972 896/974 888/966
f 888/966 896/974 897/975 889/967
f 889/967 897/975 898/976 899/977
f 900/978 887/965 889/967 899/977
f 887/965 900/978 901/979 886/964
f 885/963 886/964 901/979 902/980
f 903/981 884/962 885/963 902/980
f 884/962 903/981 904/982 883/961
f 881/959 883/961 904/982 905/983
f 880/958 881/959 905/983 882/960
f 906/984 907/985 879/2558 882/960
f 908/986 909/987 906/984 882/960
f 882/960 905/983 908/986
f 904/982 910/988 908/986 905/983
f 911/989 910/988 904/982 903/981
f 911/989 903/981 902/980 912/990
f 902/980 901/979 913/991 912/990
f 914/992 913/991 901/979 900/978
f 914/992 900/978 899/977 915/993
f 899/977 898/976 916/994 915/993
f 898/976 897/975 917/995 918/996
f 919/997 916/994 898/976 918/996
f 897/975 896/974 920/998 917/995
f 896/974 894/972 921/999 920/998
f 894/972 893/971 922/1000 921/999
f 923/1001 922/1000 893/971 895/973
f 922/1000 924/1002 925/1003 921/999
f 922/1000 923/1001 926/1004 924/1002
f 921/999 925/1003 927/1005 920/998
f 920/998 927/1005 928/1006 917/995
f 917/995 928/1006 929/1007 918/996
f 919/997 918/996 929/1007 930/1008
f 916/994 919/997 931/1009 932/1010
f 931/1009 919/997 930/1008 933/1011
f 934/1012 915/993 916/994 932/1010
f 934/1012 935/1013 914/992 915/993
f 913/991 914/992 935/1013 936/1014
f 937/1015 912/990 913/991 936/1014
f 937/1015 938/1016 911/989 912/990
f 910/988 911/989 938/1016 939/1017
f 940/1018 908/986 910/988 939/1017
f 941/1019 939/1017 938/1016 942/1020
f 941/1019 943/1021 940/1018 939/1017
f 938/1016 937/1015 944/1022 942/1020
f 945/1023 944/1022 937/1015 936/1014
f 945/1023 936/1014 935/1013 946/1024
f 935/1013 934/1012 947/1025 946/1024
f 947/1025 934/1012 932/1010 948/1026
f 932/1010 931/1009 949/1027 948/1026
f 949/1027 931/1009 933/1011 950/1028
f 933/1011 951/1029 952/1030 950/1028
f 930/1008 953/1031 951/1029 933/1011
f 929/1007 954/1032 953/1031 930/1008
f 954/1032 929/1007 928/1006 955/1033
f 928/1006 927/1005 956/1034 955/1033
f 954/1032 955/1033 957/1035 958/1036
f 956/1034 959/1037 957/1035 955/1033
f 953/1031 954/1032 958/1036 960/1038
f 951/1029 953/1031 960/1038 961/1039
f 952/1030 951/1029 961/1039 962/1040
f 950/1028 952/1030 963/1041 964/1042
f 963/1041 952/1030 962/1040 965/1043
f 966/1044 949/1027 950/1028 964/1042
f 948/1026 949/1027 966/1044 967/1045
f 968/1046 947/1025 948/1026 967/1045
f 946/1024 947/1025 968/1046 969/1047
f 970/1048 945/1023 946/1024 969/1047
f 944/1022 945/1023 970/1048 971/1049
f 972/1050 942/1020 944/1022 971/1049
f 971/1049 970/1048 973/1051 974/1052
f 975/1053 972/1050 971/1049 974/1052
f 973/1051 970/1048 969/1047 976/1054
f 969/1047 968/1046 977/1055 976/1054
f 977/1055 968/1046 967/1045 978/1056
f 967/1045 966/1044 979/1057 978/1056
f 979/1057 966/1044 964/1042 980/1058
f 964/1042 963/1041 981/1059 980/1058
f 981/1059 963/1041 965/1043 982/1060
f 965/1043 983/1061 984/1062 982/1060
f 962/1040 985/1063 983/1061 965/1043
f 961/1039 986/1064 985/1063 962/1040
f 960/1038 987/1065 986/1064 961/1039
f 958/1036 988/1066 987/1065 960/1038
f 986/1064 987/1065 989/1067 990/1068
f 987/1065 988/1066 991/1069 989/1067
f 985/1063 986/1064 990/1068 992/1070
f 983/1061 985/1063 992/1070 993/1071
f 984/1062 983/1061 993/1071 994/1072
f 982/1060 984/1062 995/1073 996/1074
f 995/1073 984/1062 994/1072 997/1075
f 998/1076 981/1059 982/1060 996/1074
f 980/1058 981/1059 998/1076 999/1077
f 1000/1078 979/1057 980/1058 999/1077
f 978/1056 979/1057 1000/1078 1001/1079
f 1002/1080 977/1055 978/1056 1001/1079
f 976/1054 977/1055 1002/1080 1003/1081
f 1004/1082 973/1051 976/1054 1003/1081
f 1003/1081 1002/1080 1005/1083 1006/1084
f 1007/1085 1004/1082 1003/1081 1006/1084
f 1005/1083 1002/1080 1001/1079 1008/1086
f 1001/1079 1000/1078 1009/1087 1008/1086
f 1009/1087 1000/1078 999/1077 1010/1088
f 999/1077 998/1076 1011/1089 1010/1088
f 1011/1089 998/1076 996/1074 1012/1090
f 996/1074 995/1073 1013/1091 1012/1090
f 1013/1091 995/1073 997/1075 1014/1092
f 997/1075 1015/1093 1016/1094 1014/1092
f 994/1072 1017/1095 1015/1093 997/1075
f 993/1071 1018/1096 1017/1095 994/1072
f 992/1070 1019/1097 1018/1096 993/1071
f 990/1068 1020/1098 1019/1097 992/1070
f 1018/1096 1019/1097 1021/1099 1022/1100
f 1019/1097 1020/1098 1023/1101 1021/1099
f 1017/1095 1018/1096 1022/1100 1024/1102
f 1015/1093 1017/1095 1024/1102 1025/1103
f 1016/1094 1015/1093 1025/1103 1026/1104
f 1014/1092 1016/1094 1027/1105 1028/1106
f 1027/1105 1016/1094 1026/1104 1029/1107
f 1030/1108 1013/1091 1014/1092 1028/1106
f 1012/1090 1013/1091 1030/1108 1031/1109
f 1032/1110 1011/1089 1012/1090 1031/1109
f 1010/1088 1011/1089 1032/1110 1033/1111
f 1034/1112 1009/1087 1010/1088 1033/1111
f 1008/1086 1009/1087 1034/1112 1035/1113
f 1036/1114 1005/1083 1008/1086 1035/1113
f 1035/1113 1034/1112 1037/1115 1038/1116
f 1039/1117 1036/1114 1035/1113 1038/1116
f 1037/1115 1034/1112 1033/1111 1040/1118
f 1033/1111 1032/1110 1041/1119 1040/1118
f 1041/1119 1032/1110 1031/1109 1042/1120
f 1031/1109 1030/1108 1043/1121 1042/1120
f 1043/1121 1030/1108 1028/1106 1044/1122
f 1028/1106 1027/1105 1045/1123 1044/1122
f 1045/1123 1027/1105 1029/1107 1046/1124
f 1029/1107 1047/1125 1048/1126 1046/1124
f 1026/1104 1049/1127 1047/1125 1029/1107
f 1025/1103 1050/1128 1049/1127 1026/1104
f 1024/1102 1051/1129 1050/1128 1025/1103
f 1022/1100 1052/1130 1051/1129 1024/1102
f 1050/1128 1051/1129 1053/1131 1054/1132
f 1051/1129 1052/1130 1055/1133 1053/1131
f 1049/1127 1050/1128 1054/1132 1056/1134
f 1047/1125 1049/1127 1056/1134 1057/1135
f 1048/1126 1047/1125 1057/1135 1058/1136
f 1046/1124 1048/1126 1059/1137 1060/1138
f 1059/1137 1048/1126 1058/1136 1061/1139
f 1062/1140 1045/1123 1046/1124 1060/1138
f 1044/1122 1045/1123 1062/1140 1063/1141
f 1064/1142 1043/1121 1044/1122 1063/1141
f 1042/1120 1043/1121 1064/1142 1065/1143
f 1066/1144 1041/1119 1042/1120 1065/1143
f 1040/1118 1041/1119 1066/1144 1067/1145
f 1068/1146 1037/1115 1040/1118 1067/1145
f 1067/1145 1066/1144 1069/1147 1070/1148
f 1071/1149 1068/1146 1067/1145 1070/1148
f 1069/1147 1066/1144 1065/1143 1072/1150
f 1065/1143 1064/1142 1073/1151 1072/1150
f 1073/1151 1064/1142 1063/1141 1074/1152
f 1063/1141 1062/1140 1075/1153 1074/1152
f 1075/1153 1062/1140 1060/1138 1076/1154
f 1060/1138 1059/1137 1077/1155 1076/1154
f 1077/1155 1059/1137 1061/1139 1078/1156
f 1061/1139 1079/1157 1080/1158 1078/1156
f 1058/1136 1081/1159 1079/1157 1061/1139
f 1057/1135 1082/1160 1081/1159 1058/1136
f 1056/1134 1083/1161 1082/1160 1057/1135
f 1054/1132 1084/1162 1083/1161 1056/1134
f 1083/1161 1084/1162 1085/1163 1086/1164
f 1087/1165 1082/1160 1083/1161 1086/1164
f 1088/1166 1081/1159 1082/1160 1087/1165
f 1081/1159 1088/1166 1089/1167 1079/1157
f 1090/1168 1079/1157 1089/1167 1091/1169
f 1092/1170 1080/1158 1079/1157 1090/1168
f 1078/2569 1080/2570 1093/1171 1094/1172
f 1093/1171 1080/2570 1092/2576 1095/1173
f 1096/1174 1077/2568 1078/2569 1094/1172
f 1076/2567 1077/2568 1096/1174 1097/1175
f 1098/1176 1075/2566 1076/2567 1097/1175
f 1074/2565 1075/2566 1098/1176 1099/1177
f 1100/1178 1073/2564 1074/2565 1099/1177
f 1072/2563 1073/2564 1100/1178 1101/1179
f 1102/1180 1069/2560 1072/2563 1101/1179
f 1102/1180 1101/1179 1103/1181 1104/1182
f 1100/1178 1105/1183 1103/1181 1101/1179
f 1105/1183 1100/1178 1099/1177 1106/1184
f 1099/1177 1098/1176 1107/1185 1106/1184
f 1107/1185 1098/1176 1097/1175 1108/1186
f 1097/1175 1096/1174 1109/1187 1108/1186
f 1109/1187 1096/1174 1094/1172 1110/1188
f 1094/1172 1093/1171 1111/1189 1110/1188
f 1111/1189 1093/1171 1095/1173 1112/1190
f 1095/1173 1113/1191 1114/1192 1112/1190
f 1095/1173 1092/2576 1115/1193 1113/1191
f 1112/1190 1114/1192 1124/2583 1126/1204
f 1127/1205 1111/1189 1112/1190 1126/1204
f 1110/1188 1111/1189 1127/1205 1128/1206
f 1129/1207 1109/1187 1110/1188 1128/1206
f 1108/1186 1109/1187 1129/1207 1130/1208
f 1131/1209 1107/1185 1108/1186 1130/1208
f 1107/1185 1131/1209 1132/1210 1106/1184
f 1105/1183 1106/1184 1132/1210 1133/1211
f 1134/1212 1103/1181 1105/1183 1133/1211
f 1134/1212 1133/1211 1135/1213 1136/1214
f 1132/1210 1137/1215 1135/1213 1133/1211
f 1137/1215 1132/1210 1131/1209 1138/1216
f 1131/1209 1130/1208 1139/1217 1138/1216
f 1129/1207 1140/1218 1139/1217 1130/1208
f 1140/1218 1129/1207 1128/1206 1141/1219
f 1128/1206 1127/1205 1142/1220 1141/1219
f 1142/1220 1127/1205 1126/1204 1143/1221
f 1143/1221 1126/1204 1124/2583 1144/1222
f 1158/2586 1159/1237 1143/1221 1144/1222
f 1159/1237 1160/1238 1142/1220 1143/1221
f 1142/1220 1160/1238 1161/1239 1141/1219
f 1140/1218 1141/1219 1161/1239 1162/1240
f 1163/1241 1139/1217 1140/1218 1162/1240
f 1139/1217 1163/1241 1164/1242 1138/1216
f 1137/1215 1138/1216 1164/1242 1165/1243
f 1166/1244 1135/1213 1137/1215 1165/1243
f 1165/1243 1164/1242 1167/1245 1168/1246
f 1169/1247 1166/1244 1165/1243 1168/1246
f 1167/1245 1164/1242 1163/1241 1170/1248
f 1163/1241 1162/1240 1171/1249 1170/1248
f 1161/1239 1172/1250 1171/1249 1162/1240
f 1172/1250 1161/1239 1160/1238 1173/1251
f 1160/1238 1159/1237 1174/1252 1173/1251
f 1174/1252 1159/1237 1158/2586 1175/1253
f 1085/1163 1184/1262 1181/2593 1182/2594
f 1183/2595 1086/1164 1085/1163 1182/2594
f 1185/1263 1179/2591 1181/2593 1184/1262
f 1179/2591 1185/1263 1186/1264 1180/2592
f 1186/1264 1187/1265 1178/2590 1180/2592
f 1177/2589 1178/2590 1187/1265 1188/1266
f 1189/1267 1176/2588 1177/2589 1188/1266
f 1176/2588 1189/1267 1174/1252 1175/1253
f 1174/1252 1189/1267 1190/1268 1173/1251
f 1172/1250 1173/1251 1190/1268 1191/1269
f 1192/1270 1171/1249 1172/1250 1191/1269
f 1170/1248 1171/1249 1192/1270 1193/1271
f 1194/1272 1167/1245 1170/1248 1193/1271
f 1168/1246 1167/1245 1194/1272 991/1069
f 988/1066 1169/1247 1168/1246 991/1069
f 991/1069 1194/1272 1195/1273 989/1067
f 1195/1273 1194/1272 1193/1271 1196/1274
f 1193/1271 1192/1270 1197/1275 1196/1274
f 1197/1275 1192/1270 1191/1269 1198/1276
f 1191/1269 1190/1268 1199/1277 1198/1276
f 1189/1267 1188/1266 1199/1277 1190/1268
f 1187/1265 1200/1278 1199/1277 1188/1266
f 1187/1265 1186/1264 1201/1279 1200/1278
f 1186/1264 1185/1263 1202/1280 1201/1279
f 1203/1281 1202/1280 1185/1263 1184/1262
f 1084/1162 1203/1281 1184/1262 1085/1163
f 1053/1131 1203/1281 1084/1162 1054/1132
f 1055/1133 1202/1280 1203/1281 1053/1131
f 1204/1282 1201/1279 1202/1280 1055/1133
f 1205/1283 1200/1278 1201/1279 1204/1282
f 1198/1276 1199/1277 1200/1278 1205/1283
f 1206/1284 1197/1275 1198/1276 1205/1283
f 1196/1274 1197/1275 1206/1284 1023/1101
f 1020/1098 1195/1273 1196/1274 1023/1101
f 989/1067 1195/1273 1020/1098 990/1068
f 1023/1101 1206/1284 1207/1285 1021/1099
f 1207/1285 1206/1284 1205/1283 1204/1282
f 1052/1130 1207/1285 1204/1282 1055/1133
f 1021/1099 1207/1285 1052/1130 1022/1100
f 957/1035 1169/1247 988/1066 958/1036
f 1169/1247 957/1035 959/1037 1166/1244
f 1208/1286 1136/1214 959/1037 956/1034
f 1135/1213 1166/1244 959/1037 1136/1214
f 1209/1287 1208/1286 925/1003 924/1002
f 927/1005 925/1003 1208/1286 956/1034
f 1208/1286 1209/1287 1134/1212 1136/1214
f 926/1004 1104/1182 1209/1287 924/1002
f 1103/1181 1134/1212 1209/1287 1104/1182
f 1210/1288 926/1004 923/1001 1211/1289
f 926/1004 1210/1288 1102/1180 1104/1182
f 1071/2562 1070/2561 1210/1288 1211/1289
f 1069/2560 1102/1180 1210/1288 1070/2561
f 1212/1290 1211/1289 923/1001 895/973
f 1212/1290 1213/1291 1071/2562 1211/1289
f 1068/1146 1071/1149 1213/2596 1214/1292
f 1213/1291 1212/1290 1215/1293 1216/1294
f 1217/1295 1214/1292 1213/2596 1216/2597
f 892/970 1215/1293 1212/1290 895/973
f 1215/1293 892/970 861/939 860/938
f 859/2556 1216/1294 1215/1293 860/938
f 859/937 858/936 1217/1295 1216/2597
f 1039/1117 1217/1295 858/936 1218/1296
f 1217/1295 1039/1117 1038/1116 1214/1292
f 1038/1116 1037/1115 1068/1146 1214/1292
f 1219/1297 1036/1114 1039/1117 1218/1296
f 1220/1298 1218/1296 858/936 857/935
f 1220/1298 1221/1299 1219/1297 1218/1296
f 1006/1084 1005/1083 1036/1114 1219/1297
f 1221/1299 1007/1085 1006/1084 1219/1297
f 1221/1299 1220/1298 826/904 825/903
f 827/905 1007/1085 1221/1299 825/903
f 828/906 826/904 1220/1298 857/935
f 1222/1300 1004/1082 1007/1085 827/905
f 824/902 1223/1301 1222/1300 827/905
f 974/1052 973/1051 1004/1082 1222/1300
f 1223/1301 975/1053 974/1052 1222/1300
f 793/871 1223/1301 824/902 794/872
f 795/873 975/1053 1223/1301 793/871
f 1224/1302 972/1050 975/1053 795/873
f 792/870 1225/1303 1224/1302 795/873
f 943/1021 941/1019 1224/1302 1225/1303
f 972/1050 1224/1302 941/1019 942/1020
f 1226/1304 1227/1305 943/1021 1225/1303
f 792/870 791/869 1226/1304 1225/1303
f 943/1021 1227/1305 1228/1306 940/1018
f 1229/1307 1230/1308 1227/1305 1226/1304
f 1227/1305 1230/1308 1231/1309 1228/1306
f 791/869 1232/1310 1229/1307 1226/1304
f 791/869 790/868 1233/1311 1232/1310
f 1231/1309 1240/2605 909/987 1228/1306
f 1228/1306 909/987 908/986 940/1018
f 1240/2605 907/985 906/984 909/987
f 1233/1311 790/868 758/2524 757/2523
f 2014/2092 2011/2781 2009/2780 2015/2093
f 2013/2782 2011/2781 2014/2092 2016/2094
f 2017/2095 2015/2093 2009/2780 2008/2779
f 2019/2097 2017/2095 2008/2779 2018/2783
f 2019/2097 2018/2783 672/2517 674/752
f 2020/2098 2021/2099 2017/2095 2019/2097
f 2020/2098 2019/2097 674/752 2022/2100
f 2014/2092 2015/2093 2017/2095 2021/2099
f 2021/2099 2023/2101 2014/2092
f 2014/2092 2023/2101 2024/2102 2016/2094
f 2024/2102 2025/2103 2013/2782 2016/2094
f 2013/2782 2025/2103 2027/2105 2026/2784
f 2027/2105 2029/2107 2028/2785 2026/2784
f 2027/2105 2025/2103 2030/2108 2031/2109
f 2027/2105 2031/2109 2032/2110 2029/2107
f 2024/2102 2033/2111 2030/2108 2025/2103
f 2023/2101 2034/2112 2033/2111 2024/2102
f 2023/2101 2021/2099 2035/2113 2034/2112
f 2036/2114 2035/2113 2021/2099 2020/2098
f 2036/2114 2020/2098 2022/2100 2037/2115
f 705/783 708/786 2037/2115 2022/2100
f 705/783 2022/2100 674/752 673/751
f 2038/2116 2039/2117 2036/2114 2037/2115
f 2038/2116 2037/2115 708/786 2040/2118
f 2036/2114 2039/2117 2041/2119 2035/2113
f 2042/2120 2034/2112 2035/2113 2041/2119
f 2033/2111 2034/2112 2042/2120 2043/2121
f 2033/2111 2043/2121 2044/2122 2030/2108
f 2044/2122 2045/2123 2031/2109 2030/2108
f 2045/2123 2046/2124 2032/2110 2031/2109
f 2046/2124 2047/2125 2048/2126 2032/2110
f 2048/2126 2049/2127 2029/2107 2032/2110
f 2028/2785 2029/2107 2049/2127 810/2549
f 2050/2128 808/2548 810/2549 2049/2127
f 2048/2126 2051/2129 2050/2128 2049/2127
f 2048/2126 2047/2125 2052/2130 2051/2129
f 2046/2124 2053/2131 2054/2132 2047/2125
f 2052/2130 2047/2125 2054/2132 2055/2133
f 2045/2123 2056/2134 2053/2131 2046/2124
f 2044/2122 2057/2135 2056/2134 2045/2123
f 2044/2122 2043/2121 2058/2136 2057/2135
f 2059/2137 2058/2136 2043/2121 2042/2120
f 2060/2138 2059/2137 2042/2120 2041/2119
f 2060/2138 2041/2119 2039/2117 2061/2139
f 2038/2116 2062/2140 2061/2139 2039/2117
f 2063/2141 2062/2140 2038/2116 2040/2118
f 707/785 2064/2142 2040/2118 708/786
f 2065/2143 2063/2141 2040/2118 2064/2142
f 2065/2143 2066/2144 2067/2145 2063/2141
f 2063/2141 2067/2145 2068/2146 2062/2140
f 2069/2147 2061/2139 2062/2140 2068/2146
f 2069/2147 2070/2148 2060/2138 2061/2139
f 2060/2138 2070/2148 2071/2149 2059/2137
f 2059/2137 2071/2149 2072/2150 2058/2136
f 2072/2150 2073/2151 2057/2135 2058/2136
f 2073/2151 2074/2152 2056/2134 2057/2135
f 2074/2152 2075/2153 2053/2131 2056/2134
f 2075/2153 2076/2154 2054/2132 2053/2131
f 2076/2154 2077/2155 2055/2133 2054/2132
f 2052/2130 2055/2133 2078/2156 776/2533
f 2078/2156 2055/2133 2077/2155 2079/2157
f 2076/2154 2080/2158 2081/2159 2077/2155
f 2081/2159 2082/2160 2079/2157 2077/2155
f 2075/2153 2083/2161 2080/2158 2076/2154
f 2074/2152 2084/2162 2083/2161 2075/2153
f 2073/2151 2085/2163 2084/2162 2074/2152
f 2072/2150 2086/2164 2085/2163 2073/2151
f 2072/2150 2071/2149 2087/2165 2086/2164
f 2087/2165 2071/2149 2070/2148 2088/2166
f 2069/2147 2089/2167 2088/2166 2070/2148
f 2090/2168 2089/2167 2069/2147 2068/2146
f 2091/2169 2090/2168 2068/2146 2067/2145
f 2092/2170 2091/2169 2067/2145 2066/2144
f 2093/2171 2094/2172 2066/2144 2065/2143
f 2095/2173 2092/2170 2066/2144 2094/2172
f 2095/2173 2096/2174 2097/2175 2092/2170
f 2092/2170 2097/2175 2098/2176 2091/2169
f 2091/2169 2098/2176 2099/2177 2090/2168
f 2090/2168 2099/2177 2100/2178 2089/2167
f 2101/2179 2088/2166 2089/2167 2100/2178
f 2101/2179 2102/2180 2087/2165 2088/2166
f 2102/2180 2103/2181 2086/2164 2087/2165
f 2103/2181 2104/2182 2085/2163 2086/2164
f 2104/2182 2105/2183 2084/2162 2085/2163
f 2105/2183 2106/2184 2083/2161 2084/2162
f 2106/2184 2107/2185 2080/2158 2083/2161
f 2081/2159 2080/2158 2107/2185 2108/2186
f 2081/2159 2108/2186 2109/2187 2082/2160
f 2110/2188 2079/2787 2082/2788 2111/2189
f 2109/2789 2112/2190 2111/2189 2082/2788
f 2109/2187 2108/2186 2113/2191 2114/2192
f 2109/2789 2114/2790 2115/2193 2112/2190
f 2116/2194 2113/2191 2108/2186 2107/2185
f 2106/2184 2117/2195 2116/2194 2107/2185
f 2105/2183 2118/2196 2117/2195 2106/2184
f 2104/2182 2119/2197 2118/2196 2105/2183
f 2103/2181 2120/2198 2119/2197 2104/2182
f 2102/2180 2121/2199 2120/2198 2103/2181
f 2101/2179 2122/2200 2121/2199 2102/2180
f 2123/2201 2122/2200 2101/2179 2100/2178
f 2124/2202 2123/2201 2100/2178 2099/2177
f 2125/2203 2124/2202 2099/2177 2098/2176
f 2126/2204 2125/2203 2098/2176 2097/2175
f 2127/2205 2126/2204 2097/2175 2096/2174
f 2127/2205 2128/2206 2129/2207 2126/2204
f 2126/2204 2129/2207 2130/2208 2125/2203
f 2125/2203 2130/2208 2131/2209 2124/2202
f 2124/2202 2131/2209 2132/2210 2123/2201
f 2123/2201 2132/2210 2133/2211 2122/2200
f 2134/2212 2121/2199 2122/2200 2133/2211
f 2134/2212 2135/2213 2120/2198 2121/2199
f 2135/2213 2136/2214 2119/2197 2120/2198
f 2136/2214 2137/2215 2118/2196 2119/2197
f 2137/2215 2138/2216 2117/2195 2118/2196
f 2116/2194 2117/2195 2138/2216 2139/2217
f 2116/2194 2139/2217 2140/2218 2113/2191
f 2140/2218 2141/2219 2114/2192 2113/2191
f 2115/2193 2114/2790 2141/2791 2142/2220
f 2115/2193 2142/2220 2143/2221 2144/2222
f 2115/2193 2144/2222 2145/2223 2112/2190
f 2146/2224 2147/2225 2142/2220 2141/2791
f 2147/2225 2148/2226 2143/2221 2142/2220
f 2140/2218 2149/2227 2146/2792 2141/2219
f 2140/2218 2139/2217 2150/2228 2149/2227
f 2151/2229 2150/2228 2139/2217 2138/2216
f 2137/2215 2152/2230 2151/2229 2138/2216
f 2136/2214 2153/2231 2152/2230 2137/2215
f 2135/2213 2154/2232 2153/2231 2136/2214
f 2134/2212 2155/2233 2154/2232 2135/2213
f 2156/2234 2155/2233 2134/2212 2133/2211
f 2157/2235 2156/2234 2133/2211 2132/2210
f 2158/2236 2157/2235 2132/2210 2131/2209
f 2159/2237 2158/2236 2131/2209 2130/2208
f 2159/2237 2160/2238 2161/2239 2158/2236
f 2158/2236 2161/2239 2162/2240 2157/2235
f 2157/2235 2162/2240 2163/2241 2156/2234
f 2156/2234 2163/2241 2164/2242 2155/2233
f 2165/2243 2154/2232 2155/2233 2164/2242
f 2165/2243 2166/2244 2153/2231 2154/2232
f 2166/2244 2167/2245 2152/2230 2153/2231
f 2151/2229 2152/2230 2167/2245 2168/2246
f 2151/2229 2168/2246 2169/2247 2150/2228
f 2169/2247 2170/2248 2149/2227 2150/2228
f 2146/2792 2149/2227 2170/2248 2171/2249
f 2146/2224 2171/2793 2172/2250 2147/2225
f 2147/2225 2172/2250 2173/2251 2148/2226
f 2148/2226 2173/2251 2174/2252 2175/2253
f 2148/2226 2175/2253 2176/2254 2143/2221
f 2177/2255 2178/2256 2173/2251 2172/2250
f 2178/2256 2179/2257 2174/2252 2173/2251
f 2180/2258 2177/2255 2172/2250 2171/2793
f 2181/2259 2180/2794 2171/2249 2170/2248
f 2169/2247 2182/2260 2181/2259 2170/2248
f 2169/2247 2168/2246 2183/2261 2182/2260
f 2184/2262 2183/2261 2168/2246 2167/2245
f 2166/2244 2185/2263 2184/2262 2167/2245
f 2165/2243 2186/2264 2185/2263 2166/2244
f 2187/2265 2186/2264 2165/2243 2164/2242
f 2188/2266 2187/2265 2164/2242 2163/2241
f 2189/2267 2188/2266 2163/2241 2162/2240
f 2190/2268 2189/2267 2162/2240 2161/2239
f 2190/2268 2191/2269 2192/2270 2189/2267
f 2189/2267 2192/2270 2193/2271 2188/2266
f 2188/2266 2193/2271 2194/2272 2187/2265
f 2187/2265 2194/2272 2195/2273 2186/2264
f 2196/2274 2185/2263 2186/2264 2195/2273
f 2184/2262 2185/2263 2196/2274 2197/2275
f 2184/2262 2197/2275 2198/2276 2183/2261
f 2198/2276 2199/2277 2182/2260 2183/2261
f 2181/2259 2182/2260 2199/2277 2200/2278
f 2181/2259 2200/2278 2201/2279 2180/2794
f 2180/2258 2201/2795 2202/2280 2177/2255
f 2177/2255 2202/2280 2203/2281 2178/2256
f 2178/2256 2203/2281 2204/2282 2179/2257
f 2179/2257 2204/2282 2205/2283 2206/2284
f 2179/2257 2206/2284 2207/2285 2174/2252
f 2208/2286 2209/2287 2204/2282 2203/2281
f 2209/2287 2210/2288 2205/2283 2204/2282
f 2211/2289 2208/2286 2203/2281 2202/2280
f 2212/2290 2211/2289 2202/2280 2201/2795
f 2213/2291 2212/2796 2201/2279 2200/2278
f 2214/2292 2213/2291 2200/2278 2199/2277
f 2198/2276 2215/2293 2214/2292 2199/2277
f 2198/2276 2197/2275 2216/2294 2215/2293
f 2217/2295 2216/2294 2197/2275 2196/2274
f 2218/2296 2217/2295 2196/2274 2195/2273
f 2219/2297 2218/2296 2195/2273 2194/2272
f 2220/2298 2219/2297 2194/2272 2193/2271
f 2221/2299 2220/2298 2193/2271 2192/2270
f 2221/2299 2222/2300 2223/2301 2220/2298
f 2220/2298 2223/2301 2224/2302 2219/2297
f 2219/2297 2224/2302 2225/2303 2218/2296
f 2218/2296 2225/2303 2226/2304 2217/2295
f 2217/2295 2226/2304 2227/2305 2216/2294
f 2227/2305 2228/2306 2215/2293 2216/2294
f 2214/2292 2215/2293 2228/2306 2229/2307
f 2214/2292 2229/2307 2230/2308 2213/2291
f 2213/2291 2230/2308 2231/2309 2212/2796
f 2212/2290 2231/2797 2232/2310 2211/2289
f 2211/2289 2232/2310 2233/2311 2208/2286
f 2208/2286 2233/2311 2234/2312 2209/2287
f 2209/2287 2234/2312 2235/2313 2210/2288
f 2210/2288 2235/2313 2236/2314 2237/2315
f 2210/2288 2237/2315 2238/2316 2205/2283
f 2239/2317 2240/2318 2235/2313 2234/2312
f 2240/2318 2241/2319 2236/2314 2235/2313
f 2242/2320 2239/2317 2234/2312 2233/2311
f 2243/2321 2242/2320 2233/2311 2232/2310
f 2244/2322 2243/2321 2232/2310 2231/2797
f 2245/2323 2244/2798 2231/2309 2230/2308
f 2246/2324 2245/2323 2230/2308 2229/2307
f 2247/2325 2246/2324 2229/2307 2228/2306
f 2227/2305 2248/2326 2247/2325 2228/2306
f 2227/2305 2226/2304 2249/2327 2248/2326
f 2250/2328 2249/2327 2226/2304 2225/2303
f 2251/2329 2250/2328 2225/2303 2224/2302
f 2252/2330 2251/2329 2224/2302 2223/2301
f 2252/2330 2253/2331 2254/2332 2251/2329
f 2251/2329 2254/2332 2255/2333 2250/2328
f 2250/2328 2255/2333 2256/2334 2249/2327
f 2256/2334 2257/2335 2248/2326 2249/2327
f 2247/2325 2248/2326 2257/2335 2258/2336
f 2247/2325 2258/2336 2259/2337 2246/2324
f 2246/2324 2259/2337 2260/2338 2245/2323
f 2245/2323 2260/2338 2261/2339 2244/2798
f 2244/2322 2261/2799 2262/2340 2243/2321
f 2243/2321 2262/2340 2263/2341 2242/2320
f 2242/2320 2263/2341 2264/2342 2239/2317
f 2239/2317 2264/2342 2265/2343 2240/2318
f 2240/2318 2265/2343 2266/2344 2241/2319
f 2241/2319 2266/2344 2267/2345 2268/2346
f 2241/2319 2268/2346 2269/2347 2236/2314
f 2270/2348 2271/2349 2266/2344 2265/2343
f 2271/2349 2272/2350 2267/2345 2266/2344
f 2273/2351 2270/2348 2265/2343 2264/2342
f 2274/2352 2273/2351 2264/2342 2263/2341
f 2275/2353 2274/2352 2263/2341 2262/2340
f 2276/2354 2275/2353 2262/2340 2261/2799
f 2277/2355 2276/2800 2261/2339 2260/2338
f 2278/2356 2277/2355 2260/2338 2259/2337
f 2279/2357 2278/2356 2259/2337 2258/2336
f 2280/2358 2279/2357 2258/2336 2257/2335
f 2256/2334 2281/2359 2280/2358 2257/2335
f 2256/2334 2255/2333 2282/2360 2281/2359
f 2283/2361 2282/2360 2255/2333 2254/2332
f 2283/2361 2284/2362 2285/2363 2282/2360
f 2285/2363 2286/2364 2281/2359 2282/2360
f 2280/2358 2281/2359 2286/2364 2287/2365
f 2280/2358 2287/2365 2288/2366 2279/2357
f 2279/2357 2288/2366 2289/2367 2278/2356
f 2278/2356 2289/2367 2290/2368 2277/2355
f 2277/2355 2290/2368 2291/2369 2276/2800
f 2276/2354 2291/2801 2292/2370 2275/2353
f 2275/2353 2292/2370 2293/2371 2274/2352
f 2274/2352 2293/2371 2294/2372 2273/2351
f 2273/2351 2294/2372 2295/2373 2270/2348
f 2270/2348 2295/2373 2296/2374 2271/2349
f 2271/2349 2296/2374 2297/2375 2272/2350
f 2272/2350 2297/2375 2298/2376 2299/2377
f 2272/2350 2299/2377 2300/2378 2267/2345
f 2301/2379 2302/2380 2297/2375 2296/2374
f 2302/2380 2303/2381 2298/2376 2297/2375
f 2304/2382 2301/2379 2296/2374 2295/2373
f 2304/2382 2295/2373 2294/2372 2305/2383
f 2305/2383 2294/2372 2293/2371 2306/2384
f 2292/2370 2307/2385 2306/2384 2293/2371
f 2308/2386 2307/2385 2292/2370 2309/2387
f 2309/2387 2292/2370 2291/2801 2310/2388
f 2311/2389 2310/2807 2291/2369 2290/2368
f 2312/2390 2311/2389 2290/2368 2289/2367
f 2313/2391 2312/2390 2289/2367 2288/2366
f 2314/2392 2313/2391 2288/2366 2287/2365
f 2314/2392 2287/2365 2286/2364 2315/2393
f 2316/2394 2317/2395 2313/2391 2314/2392
f 2316/2394 2314/2392 2315/2393 2318/2396
f 2313/2391 2317/2395 2319/2397 2312/2390
f 2312/2390 2319/2397 2320/2398 2311/2389
f 2320/2398 2321/2399 2310/2807 2311/2389
f 2306/2384 2327/2816 2328/2406 2305/2383
f 2304/2382 2305/2383 2328/2406 2329/2407
f 2330/2408 2301/2379 2304/2382 2329/2407
f 2330/2408 2331/2409 2302/2380 2301/2379
f 2302/2380 2331/2409 2332/2410 2303/2381
f 2344/2422 2318/2396 2315/2393 2345/2423
f 2352/2825 2354/2432 2303/2381 2332/2410
f 2352/2825 2353/2826 2355/2433 2354/2432
f 2356/2434 2355/2433 2353/2826 2347/2824
f 2356/2434 2347/2824 2346/2823 2357/2435
f 2344/2422 2345/2423 2357/2435 2346/2823
f 2285/2363 2284/2362 2357/2435 2345/2423
f 2285/2363 2345/2423 2315/2393 2286/2364
f 2284/2362 2358/2436 2356/2434 2357/2435
f 2356/2434 2358/2436 2359/2437 2355/2433
f 2359/2437 2360/2438 2354/2432 2355/2433
f 2360/2438 2298/2376 2303/2381 2354/2432
f 2299/2377 2298/2376 2360/2438 2361/2439
f 2361/2439 2360/2438 2359/2437 2362/2440
f 2362/2440 2359/2437 2358/2436 2363/2441
f 2363/2441 2358/2436 2284/2362 2283/2361
f 2362/2440 2363/2441 2253/2331 2364/2442
f 2363/2441 2283/2361 2254/2332 2253/2331
f 2361/2439 2362/2440 2364/2442 2365/2443
f 2299/2377 2361/2439 2365/2443 2300/2378
f 2366/2444 2300/2378 2365/2443 2367/2445
f 2367/2445 2365/2443 2364/2442 2368/2446
f 2368/2446 2364/2442 2253/2331 2252/2330
f 2367/2445 2368/2446 2222/2300 2369/2447
f 2368/2446 2252/2330 2223/2301 2222/2300
f 2366/2444 2367/2445 2369/2447 2370/2448
f 2268/2346 2267/2345 2300/2378 2366/2444
f 2268/2346 2366/2444 2370/2448 2269/2347
f 2371/2449 2269/2347 2370/2448 2372/2450
f 2372/2450 2370/2448 2369/2447 2373/2451
f 2373/2451 2369/2447 2222/2300 2221/2299
f 2372/2450 2373/2451 2191/2269 2374/2452
f 2373/2451 2221/2299 2192/2270 2191/2269
f 2371/2449 2372/2450 2374/2452 2375/2453
f 2237/2315 2236/2314 2269/2347 2371/2449
f 2237/2315 2371/2449 2375/2453 2238/2316
f 2376/2454 2238/2316 2375/2453 2377/2455
f 2377/2455 2375/2453 2374/2452 2378/2456
f 2378/2456 2374/2452 2191/2269 2190/2268
f 2377/2455 2378/2456 2160/2238 2379/2457
f 2378/2456 2190/2268 2161/2239 2160/2238
f 2376/2454 2377/2455 2379/2457 2380/2458
f 2206/2284 2205/2283 2238/2316 2376/2454
f 2206/2284 2376/2454 2380/2458 2207/2285
f 2381/2459 2207/2285 2380/2458 2382/2460
f 2382/2460 2380/2458 2379/2457 2383/2461
f 2383/2461 2379/2457 2160/2238 2159/2237
f 2382/2460 2383/2461 2129/2207 2128/2206
f 2383/2461 2159/2237 2130/2208 2129/2207
f 2381/2459 2382/2460 2128/2206 2384/2462
f 2175/2253 2174/2252 2207/2285 2381/2459
f 2175/2253 2381/2459 2384/2462 2176/2254
f 2385/2463 2176/2254 2384/2462 2386/2464
f 2386/2464 2384/2462 2128/2206 2127/2205
f 2144/2222 2143/2221 2176/2254 2385/2463
f 2144/2222 2385/2463 2387/2465 2145/2223
f 2385/2463 2386/2464 2388/2466 2387/2465
f 2386/2464 2127/2205 2096/2174 2388/2466
f 2389/2467 2387/2465 2388/2466 2390/2468
f 2390/2468 2388/2466 2096/2174 2095/2173
f 2391/2469 2145/2223 2387/2465 2389/2467
f 2391/2469 2111/2189 2112/2190 2145/2223
f 2110/2188 2111/2189 2391/2469 2392/2470
f 2391/2469 2389/2467 2393/2471 2392/2470
f 2389/2467 2390/2468 2394/2472 2393/2471
f 2390/2468 2095/2173 2094/2172 2394/2472
f 2395/2473 2393/2471 2394/2472 2396/2474
f 2396/2474 2394/2472 2094/2172 2093/2171
f 2395/2473 2397/2475 2392/2470 2393/2471
f 2110/2188 2392/2470 2397/2475 2398/2476
f 2078/2786 2079/2787 2110/2188 2398/2476
f 744/822 773/851 2398/2476 2397/2475
f 2078/2786 2398/2476 773/851 776/854
f 744/822 2397/2475 2395/2473 739/817
f 2395/2473 2396/2474 740/818 739/817
f 2396/2474 2093/2171 741/819 740/818
f 2093/2171 2065/2143 2064/2142 741/819
f 706/784 741/819 2064/2142 707/785
f 2051/2129 2052/2130 776/2533 775/2532
f 2050/2128 2051/2129 775/2532 774/2531
f 2050/2128 774/2531 777/2535 808/2548
f 1183/2595 1150/2585 1087/1165 1086/1164
f 1087/1165 1150/2585 1120/2582 1088/1166
g Top_1
f 1115/2581 1088/2571 1120/1198 1121/1199
f 1122/1200 1113/2578 1115/2581 1121/1199
f 1113/2578 1122/1200 1123/1201 1114/2579
f 1124/1202 1114/2579 1123/1201 1125/1203
f 1145/1223 1144/2584 1124/1202 1125/1203
f 1125/1203 1123/1201 1146/1224 1147/1225
f 1148/1226 1145/1223 1125/1203 1147/1225
f 1122/1200 1149/1227 1146/1224 1123/1201
f 1120/1198 1149/1227 1122/1200 1121/1199
f 1149/1227 1120/1198 1150/1228 1151/1229
f 1152/1230 1146/1224 1149/1227 1151/1229
f 1146/1224 1152/1230 1153/1231 1147/1225
f 1148/1226 1147/1225 1153/1231 1154/1232
f 1155/1233 1145/1223 1148/1226 1156/1234
f 1148/1226 1154/1232 1157/1235 1156/1234
f 1145/1223 1155/1233 1158/1236 1144/2584
f 1158/1236 1155/1233 1176/1254 1175/2587
f 1176/1254 1155/1233 1156/1234 1177/1255
f 1156/1234 1157/1235 1178/1256 1177/1255
f 1178/1256 1157/1235 1179/1257 1180/1258
f 1181/1259 1179/1257 1157/1235 1154/1232
f 1153/1231 1182/1260 1181/1259 1154/1232
f 1153/1231 1152/1230 1183/1261 1182/1260
f 2326/2404 2327/2405 2306/2803 2321/2815
f 2333/2411 2334/2412 2332/2821 2331/2820
f 2333/2411 2331/2820 2330/2819 2335/2413
f 2330/2819 2329/2818 2336/2414 2335/2413
f 2337/2415 2336/2414 2329/2818 2328/2817
f 2337/2415 2328/2817 2327/2405 2338/2416
f 2326/2404 2339/2417 2338/2416 2327/2405
f 2326/2404 2321/2815 2320/2813 2339/2417
f 2319/2812 2340/2418 2339/2417 2320/2813
f 2341/2419 2340/2418 2319/2812 2317/2810
f 2341/2419 2317/2810 2316/2809 2342/2420
f 2316/2809 2318/2811 2343/2421 2342/2420
f 2344/2822 2346/2424 2343/2421 2318/2811
f 2347/2425 2348/2426 2343/2421 2346/2424
f 2348/2426 2349/2427 2342/2420 2343/2421
f 2350/2428 2341/2419 2342/2420 2349/2427
f 2350/2428 2351/2429 2340/2418 2341/2419
f 2340/2418 2351/2429 2338/2416 2339/2417
f 2337/2415 2338/2416 2351/2429 2336/2414
f 2350/2428 2335/2413 2336/2414 2351/2429
f 2333/2411 2335/2413 2350/2428 2349/2427
f 2348/2426 2334/2412 2333/2411 2349/2427
f 2352/2430 2332/2821 2334/2412 2353/2431
f 2347/2425 2353/2431 2334/2412 2348/2426
f 1150/1228 1183/1261 1152/1230 1151/1229
g Hole
f 528/2494 527/2492 525/2489 556/2499
f 1092/2577 1090/2574 1116/1194
f 1115/2580 1092/2577 1116/1194
f 1090/2574 1091/2575 1117/1195 1116/1194
f 1091/2575 1089/2573 1118/1196 1117/1195
f 1118/1196 1119/1197 1117/1195
f 1119/1197 1115/2580 1117/1195
f 1115/2580 1116/1194 1117/1195
f 1088/2572 1115/2580 1119/1197
f 1521/1599 1519/2646 1498/2641
f 1498/2641 1518/2645 1522/1600 1523/1601
f 1521/1599 1498/2641 1523/1601
f 1527/2648 1520/2647 1528/1606 1529/1607
f 1520/2647 1519/2646 1528/1606
f 1519/2646 1530/1608 1528/1606
f 1519/2646 1531/1609 1530/1608
f 1519/2646 1522/1600 1531/1609
f 1519/2646 1521/1599 1522/1600
f 1521/1599 1523/1601 1522/1600
f 1518/2645 1531/1609 1522/1600
f 1530/1608 1557/2663 1558/1636
f 1530/1608 1558/1636 1528/1606
f 1557/2663 1527/2648 1529/1607 1558/1636
f 1558/1636 1529/1607 1528/1606
f 1681/2701 1677/2696 1678/2697 1679/2698
f 1908/1986 1883/2758 1907/2762
f 1908/1986 1879/2755 1883/2758
f 1907/2762 1861/2739 1910/1988
f 1911/1989 1907/2762 1910/1988
f 1911/1989 1908/1986 1907/2762
f 1861/2739 1860/2737 1985/2063 1910/1988
f 1860/2737 1835/2733 1985/2063
f 1835/2733 1986/2064 1985/2063
f 1911/1989 1910/1988 1985/2063
f 1986/2064 1911/1989 1985/2063
f 1986/2064 1835/2733 1989/2776
f 1986/2064 1989/2776 1911/1989
f 1989/2776 1988/2775 1908/1986 1911/1989
f 1988/2775 1879/2755 1908/1986
f 2309/2806 2310/2808 2322/2400 2323/2401
f 2310/2808 2321/2814 2322/2400
f 2308/2805 2309/2806 2323/2401
f 2307/2804 2308/2805 2324/2402
f 2325/2403 2308/2805 2321/2814
f 2308/2805 2323/2401 2321/2814
f 2325/2403 2324/2402 2308/2805
f 2306/2802 2307/2804 2324/2402 2325/2403
f 2321/2814 2306/2802 2325/2403
f 2323/2401 2322/2400 2321/2814
f 1089/2573 1088/2572 1119/1197 1118/1196
o Eyes_1
usemtl Eyes_1
v 0.159579262 -0.0945805 0.454078048 0.999999940 0.999999940 0.999999940
v 0.155072972 -0.09706482 0.438813149 0.999999940 0.999999940 0.999999940
v 0.173051223 -0.10503526 0.437429577 0.999999940 0.999999940 0.999999940
v 0.174926862 -0.09950793 0.456303745 0.999999940 0.999999940 0.999999940
v 0.173889324 -0.08825722 0.473629057 0.999999940 0.999999940 0.999999940
v 0.154710426 -0.08468372 0.465956240 0.999999940 0.999999940 0.999999940
v 0.142833143 -0.08685308 0.447730660 0.999999940 0.999999940 0.999999940
v 0.147734016 -0.09694724 0.416776806 0.999999940 0.999999940 0.999999940
v 0.167522430 -0.10562447 0.411970943 0.999999940 0.999999940 0.999999940
v 0.133849442 -0.08671955 0.425954580 0.999999940 0.999999940 0.999999940
v 0.191427990 -0.11158455 0.410896599 0.999999940 0.999999940 0.999999940
v 0.197190523 -0.1096793 0.436987519 0.999999940 0.999999940 0.999999940
v 0.198619246 -0.10277142 0.458686113 0.999999940 0.999999940 0.999999940
v 0.197340816 -0.09166341 0.477192431 0.999999940 0.999999940 0.999999940
v 0.173457026 -0.06421741 0.496164470 0.999999940 0.999999940 0.999999940
v 0.147499769 -0.06399608 0.484159797 0.999999940 0.999999940 0.999999940
v 0.199330672 -0.06996552 0.497098982 0.999999940 0.999999940 0.999999940
v 0.130902349 -0.07053141 0.459030807 0.999999940 0.999999940 0.999999940
v 0.124114073 -0.07555595 0.437634199 0.999999940 0.999999940 0.999999940
v 0.109038464 -0.05690564 0.433580249 0.999999940 0.999999940 0.999999940
v 0.116486512 -0.07164834 0.408966392 0.999999940 0.999999940 0.999999940
v 0.133980408 -0.08658443 0.389646500 0.999999940 0.999999940 0.999999940
v 0.15840967 -0.09916313 0.378111720 0.999999940 0.999999940 0.999999940
v 0.186030358 -0.10633505 0.375910341 0.999999940 0.999999940 0.999999940
v 0.226476907 -0.10751294 0.435031503 0.999999940 0.999999940 0.999999940
v 0.217101097 -0.11082001 0.409619003 0.999999940 0.999999940 0.999999940
v 0.212044537 -0.1079879 0.379799991 0.999999940 0.999999940 0.999999940
v 0.230173021 -0.09822653 0.460061520 0.999999940 0.999999940 0.999999940
v 0.225304812 -0.08692111 0.480180144 0.999999940 0.999999940 0.999999940
v 0.222263291 -0.0700077 0.495410412 0.999999940 0.999999940 0.999999940
v 0.245030343 -0.03603498 0.505926072 0.999999940 0.999999940 0.999999940
v 0.210751131 -0.02511444 0.517614781 0.999999940 0.999999940 0.999999940
v 0.172406792 -0.02124858 0.514970839 0.999999940 0.999999940 0.999999940
v 0.137145772 -0.02648667 0.497030735 0.999999940 0.999999940 0.999999940
v 0.114110812 -0.04090045 0.466488361 0.999999940 0.999999940 0.999999940
v 0.097560666 -0.04456464 0.389181166 0.999999940 0.999999940 0.999999940
v 0.089897744 -0.02198032 0.423052698 0.999999940 0.999999940 0.999999940
v 0.099292494 0.000003941 0.460130065 0.999999940 0.999999940 0.999999940
v 0.119083926 -0.06481739 0.361943692 0.999999940 0.999999940 0.999999940
v 0.150874853 -0.08060425 0.343548506 0.999999940 0.999999940 0.999999940
v 0.186646655 -0.08906995 0.337098121 0.999999940 0.999999940 0.999999940
v 0.221014559 -0.09074166 0.340287506 0.999999940 0.999999940 0.999999940
v 0.234683111 -0.10282849 0.379874587 0.999999940 0.999999940 0.999999940
v 0.250392139 -0.09985409 0.401265472 0.999999940 0.999999940 0.999999940
v 0.251630187 -0.08590417 0.352054566 0.999999940 0.999999940 0.999999940
v 0.267758697 -0.09002071 0.427898377 0.999999940 0.999999940 0.999999940
v 0.273786366 -0.07479188 0.457719177 0.999999940 0.999999940 0.999999940
v 0.266989886 -0.05616489 0.484150856 0.999999940 0.999999940 0.999999940
v 0.265280962 0.01766132 0.503082573 0.999999940 0.999999940 0.999999940
v 0.220497146 0.030230373 0.518117547 0.999999940 0.999999940 0.999999940
v 0.296669602 -0.00398878 0.475950926 0.999999940 0.999999940 0.999999940
v 0.171168088 0.030974108 0.514865875 0.999999940 0.999999940 0.999999940
v 0.127566903 0.019558360 0.493388295 0.999999940 0.999999940 0.999999940
v 0.088816292 0.052064463 0.436144411 0.999999940 0.999999940 0.999999940
v 0.077423356 0.026203731 0.397565573 0.999999940 0.999999940 0.999999940
v 0.119422942 0.073567815 0.470846205 0.999999940 0.999999940 0.999999940
v 0.084586709 -0.00219469 0.359878212 0.999999940 0.999999940 0.999999940
v 0.108348175 -0.02740227 0.327458173 0.999999940 0.999999940 0.999999940
v 0.143805548 -0.04497516 0.305666446 0.999999940 0.999999940 0.999999940
v 0.187249913 -0.05363102 0.295353829 0.999999940 0.999999940 0.999999940
v 0.230897471 -0.05335805 0.297804296 0.999999940 0.999999940 0.999999940
v 0.269099324 -0.04605575 0.312878251 0.999999940 0.999999940 0.999999940
v 0.282730937 -0.07305948 0.374875247 0.999999940 0.999999940 0.999999940
v 0.301198631 -0.02926887 0.339007645 0.999999940 0.999999940 0.999999940
v 0.303284227 -0.05182194 0.407034069 0.999999940 0.999999940 0.999999940
v 0.309098154 -0.02809462 0.443222403 0.999999940 0.999999940 0.999999940
v 0.325724571 0.029769150 0.415062129 0.999999940 0.999999940 0.999999940
v 0.312064707 0.057608831 0.449905395 0.999999940 0.999999940 0.999999940
v 0.275709569 0.079242005 0.477537304 0.999999940 0.999999940 0.999999940
v 0.225259140 0.091700948 0.494493365 0.999999940 0.999999940 0.999999940
v 0.169030949 0.089036211 0.492613583 0.999999940 0.999999940 0.999999940
v 0.122067697 0.122276894 0.433141797 0.999999940 0.999999940 0.999999940
v 0.095214985 0.103422589 0.399909794 0.999999940 0.999999940 0.999999940
v 0.165395960 0.137378886 0.452288776 0.999999940 0.999999940 0.999999940
v 0.082981787 0.078129768 0.363525301 0.999999940 0.999999940 0.999999940
v 0.087783642 0.048533707 0.327502846 0.999999940 0.999999940 0.999999940
v 0.110025651 0.021936422 0.295474082 0.999999940 0.999999940 0.999999940
v 0.142577946 0.004966036 0.274396508 0.999999940 0.999999940 0.999999940
v 0.187317013 -0.00471758 0.262970924 0.999999940 0.999999940 0.999999940
v 0.233960941 -0.00311098 0.264880806 0.999999940 0.999999940 0.999999940
v 0.273579686 0.005841418 0.280228287 0.999999940 0.999999940 0.999999940
v 0.30431059 0.020438106 0.306639701 0.999999940 0.999999940 0.999999940
v 0.322390675 -0.00200846 0.374962866 0.999999940 0.999999940 0.999999940
v 0.321907609 0.047339886 0.340028703 0.999999940 0.999999940 0.999999940
v 0.304538101 0.116952367 0.409732192 0.999999940 0.999999940 0.999999940
v 0.321717053 0.083989761 0.375474214 0.999999940 0.999999940 0.999999940
v 0.268900185 0.135287940 0.432635486 0.999999940 0.999999940 0.999999940
v 0.220330447 0.143635690 0.450107157 0.999999940 0.999999940 0.999999940
v 0.164894878 0.158131778 0.422206550 0.999999940 0.999999940 0.999999940
v 0.206177830 0.169347971 0.407761097 0.999999940 0.999999940 0.999999940
v 0.141668185 0.155819416 0.397512286 0.999999940 0.999999940 0.999999940
v 0.119915656 0.140395164 0.366114139 0.999999940 0.999999940 0.999999940
v 0.104621194 0.117980696 0.334100544 0.999999940 0.999999940 0.999999940
v 0.106135800 0.090653240 0.303905367 0.999999940 0.999999940 0.999999940
v 0.124226793 0.069211475 0.276615113 0.999999940 0.999999940 0.999999940
v 0.152110472 0.052226860 0.258744239 0.999999940 0.999999940 0.999999940
v 0.188403993 0.040198892 0.249981179 0.999999940 0.999999940 0.999999940
v 0.231770485 0.046285182 0.250921815 0.999999940 0.999999940 0.999999940
v 0.267814844 0.059426356 0.267102450 0.999999940 0.999999940 0.999999940
v 0.296568065 0.068792380 0.292357116 0.999999940 0.999999940 0.999999940
v 0.311978191 0.074565611 0.319308698 0.999999940 0.999999940 0.999999940
v 0.303991884 0.112523019 0.334910452 0.999999940 0.999999940 0.999999940
v 0.281702131 0.150138109 0.363436013 0.999999940 0.999999940 0.999999940
v 0.246176436 0.167956024 0.387389391 0.999999940 0.999999940 0.999999940
v 0.182514429 0.173985078 0.367478519 0.999999940 0.999999940 0.999999940
v 0.220083877 0.174145013 0.346717715 0.999999940 0.999999940 0.999999940
v 0.157569885 0.163477927 0.335925430 0.999999940 0.999999940 0.999999940
v 0.136196374 0.140016317 0.308468490 0.999999940 0.999999940 0.999999940
v 0.124860324 0.114428214 0.293074727 0.999999940 0.999999940 0.999999940
v 0.143048033 0.106469564 0.273072332 0.999999940 0.999999940 0.999999940
v 0.168689295 0.088833294 0.255447179 0.999999940 0.999999940 0.999999940
v 0.191816702 0.070528060 0.247865736 0.999999940 0.999999940 0.999999940
v 0.221524462 0.092885248 0.251514703 0.999999940 0.999999940 0.999999940
v 0.253064870 0.113206565 0.272296547 0.999999940 0.999999940 0.999999940
v 0.280561327 0.120002955 0.300155997 0.999999940 0.999999940 0.999999940
v 0.255462825 0.158926025 0.322739750 0.999999940 0.999999940 0.999999940
v 0.197248265 0.164908617 0.312741905 0.999999940 0.999999940 0.999999940
v 0.228346243 0.148727208 0.289717465 0.999999940 0.999999940 0.999999940
v 0.170654788 0.143543481 0.285408437 0.999999940 0.999999940 0.999999940
v 0.198115438 0.126450732 0.264597684 0.999999940 0.999999940 0.999999940
v -0.22202738 0.176987484 0.335655748 0.999999940 0.999999940 0.999999940
v -0.24961342 0.171031341 0.362460404 0.999999940 0.999999940 0.999999940
v -0.21802288 0.179585203 0.379427135 0.999999940 0.999999940 0.999999940
v -0.19933739 0.178295001 0.337172329 0.999999940 0.999999940 0.999999940
v -0.22816496 0.168441429 0.314690947 0.999999940 0.999999940 0.999999940
v -0.27001783 0.155353695 0.335947930 0.999999940 0.999999940 0.999999940
v -0.20035186 0.167988747 0.307975918 0.999999940 0.999999940 0.999999940
v -0.3032839 0.124597057 0.369450360 0.999999940 0.999999940 0.999999940
v -0.27666879 0.147315636 0.400864511 0.999999940 0.999999940 0.999999940
v -0.23646206 0.161064803 0.421014130 0.999999940 0.999999940 0.999999940
v -0.19249937 0.161303997 0.429278433 0.999999940 0.999999940 0.999999940
v -0.1845725 0.177068188 0.386501401 0.999999940 0.999999940 0.999999940
v -0.17546135 0.176186502 0.342866659 0.999999940 0.999999940 0.999999940
v -0.17511864 0.163219407 0.306033819 0.999999940 0.999999940 0.999999940
v -0.18370239 0.143953636 0.279545605 0.999999940 0.999999940 0.999999940
v -0.20792376 0.151004344 0.284163117 0.999999940 0.999999940 0.999999940
v -0.23610003 0.151847004 0.290793120 0.999999940 0.999999940 0.999999940
v -0.27830672 0.133817076 0.306463599 0.999999940 0.999999940 0.999999940
v -0.31252152 0.096872203 0.334432989 0.999999940 0.999999940 0.999999940
v -0.32896414 0.04747051 0.373238861 0.999999940 0.999999940 0.999999940
v -0.31984574 0.077731840 0.412428170 0.999999940 0.999999940 0.999999940
v -0.29126102 0.105166576 0.444663286 0.999999940 0.999999940 0.999999940
v -0.24831428 0.124346345 0.463912993 0.999999940 0.999999940 0.999999940
v -0.19775048 0.130934655 0.468164891 0.999999940 0.999999940 0.999999940
v -0.1502758 0.166070878 0.386930495 0.999999940 0.999999940 0.999999940
v -0.14962073 0.148880362 0.426351040 0.999999940 0.999999940 0.999999940
v -0.14874096 0.120081134 0.461448192 0.999999940 0.999999940 0.999999940
v -0.1494638 0.166641727 0.346778780 0.999999940 0.999999940 0.999999940
v -0.15087202 0.152802601 0.308679729 0.999999940 0.999999940 0.999999940
v -0.15912136 0.132040932 0.279260307 0.999999940 0.999999940 0.999999940
v -0.20068684 0.113986536 0.259144902 0.999999940 0.999999940 0.999999940
v -0.17168099 0.101050108 0.258122474 0.999999940 0.999999940 0.999999940
v -0.22318284 0.128027930 0.266268640 0.999999940 0.999999940 0.999999940
v -0.24194577 0.134391918 0.276037901 0.999999940 0.999999940 0.999999940
v -0.27172679 0.111966669 0.280585795 0.999999940 0.999999940 0.999999940
v -0.30186865 0.070154629 0.301548302 0.999999940 0.999999940 0.999999940
v -0.31703216 0.019679602 0.333712011 0.999999940 0.999999940 0.999999940
v -0.32317239 -0.00518462 0.408463478 0.999999940 0.999999940 0.999999940
v -0.31270552 -0.02833394 0.367670446 0.999999940 0.999999940 0.999999940
v -0.31546107 0.023230994 0.449173957 0.999999940 0.999999940 0.999999940
v -0.28820276 0.052031707 0.480807900 0.999999940 0.999999940 0.999999940
v -0.24689627 0.080077499 0.496054261 0.999999940 0.999999940 0.999999940
v -0.19760315 0.100408725 0.493362397 0.999999940 0.999999940 0.999999940
v -0.15184683 0.089556679 0.487093150 0.999999940 0.999999940 0.999999940
v -0.12014642 0.066220626 0.476100117 0.999999940 0.999999940 0.999999940
v -0.11541983 0.100145392 0.447848916 0.999999940 0.999999940 0.999999940
v -0.11806399 0.128789171 0.415893435 0.999999940 0.999999940 0.999999940
v -0.12288342 0.14648287 0.380999833 0.999999940 0.999999940 0.999999940
v -0.12601274 0.149276405 0.348040670 0.999999940 0.999999940 0.999999940
v -0.12871867 0.138603374 0.315717279 0.999999940 0.999999940 0.999999940
v -0.1333386 0.118712425 0.287140131 0.999999940 0.999999940 0.999999940
v -0.14050448 0.090648017 0.268948376 0.999999940 0.999999940 0.999999940
v -0.18580581 0.060148041 0.249131217 0.999999940 0.999999940 0.999999940
v -0.14612249 0.052428875 0.260751992 0.999999940 0.999999940 0.999999940
v -0.2209385 0.074853904 0.251807570 0.999999940 0.999999940 0.999999940
v -0.25120324 0.092198975 0.261842936 0.999999940 0.999999940 0.999999940
v -0.27520528 0.046740733 0.275227159 0.999999940 0.999999940 0.999999940
v -0.28883401 -0.00317417 0.302414655 0.999999940 0.999999940 0.999999940
v -0.28860584 -0.0450629 0.334452629 0.999999940 0.999999940 0.999999940
v -0.28231409 -0.06654462 0.355258733 0.999999940 0.999999940 0.999999940
v -0.29382169 -0.06355558 0.386168777 0.999999940 0.999999940 0.999999940
v -0.29997092 -0.05099157 0.430195093 0.999999940 0.999999940 0.999999940
v -0.29293144 -0.02652136 0.471745044 0.999999940 0.999999940 0.999999940
v -0.26791248 0.005666875 0.502040565 0.999999940 0.999999940 0.999999940
v -0.23104972 0.042173292 0.515421450 0.999999940 0.999999940 0.999999940
v -0.1967147 0.069819614 0.510178089 0.999999940 0.999999940 0.999999940
v -0.16772233 0.049029417 0.512376129 0.999999940 0.999999940 0.999999940
v -0.13563325 0.026514263 0.501009643 0.999999940 0.999999940 0.999999940
v -0.11032987 0.006120028 0.479937911 0.999999940 0.999999940 0.999999940
v -0.09585598 0.042359486 0.455121040 0.999999940 0.999999940 0.999999940
v -0.09097105 0.077161967 0.425457298 0.999999940 0.999999940 0.999999940
v -0.0949434 0.105672501 0.395394325 0.999999940 0.999999940 0.999999940
v -0.10399572 0.125314697 0.367364466 0.999999940 0.999999940 0.999999940
v -0.11150406 0.133911073 0.347612410 0.999999940 0.999999940 0.999999940
v -0.10930869 0.122638538 0.326627314 0.999999940 0.999999940 0.999999940
v -0.1118922 0.102655798 0.301380783 0.999999940 0.999999940 0.999999940
v -0.11941703 0.085205100 0.285077720 0.999999940 0.999999940 0.999999940
v -0.11119093 0.061365220 0.289427191 0.999999940 0.999999940 0.999999940
v -0.10254703 0.027020605 0.303161621 0.999999940 0.999999940 0.999999940
v -0.14673035 0.010282133 0.269730836 0.999999940 0.999999940 0.999999940
v -0.19681951 0.013312695 0.255463540 0.999999940 0.999999940 0.999999940
v -0.23891263 0.027534257 0.259018510 0.999999940 0.999999940 0.999999940
v -0.24951519 -0.02036567 0.281946778 0.999999940 0.999999940 0.999999940
v -0.25257722 -0.05859369 0.312262624 0.999999940 0.999999940 0.999999940
v -0.25703228 -0.08275112 0.348269224 0.999999940 0.999999940 0.999999940
v -0.26186809 -0.09007946 0.390113353 0.999999940 0.999999940 0.999999940
v -0.26808134 -0.08479825 0.434482544 0.999999940 0.999999940 0.999999940
v -0.26206321 -0.06347701 0.479906529 0.999999940 0.999999940 0.999999940
v -0.23508227 -0.02827649 0.511366665 0.999999940 0.999999940 0.999999940
v -0.20000876 0.007772270 0.522462606 0.999999940 0.999999940 0.999999940
v -0.1623307 -0.01486696 0.513555228 0.999999940 0.999999940 0.999999940
v -0.1300188 -0.03061518 0.490972697 0.999999940 0.999999940 0.999999940
v -0.11210544 -0.03593334 0.467562794 0.999999940 0.999999940 0.999999940
v -0.09602155 -0.01426339 0.451752245 0.999999940 0.999999940 0.999999940
v -0.08098409 0.018161095 0.425702661 0.999999940 0.999999940 0.999999940
v -0.07733242 0.052254114 0.396412640 0.999999940 0.999999940 0.999999940
v -0.08298991 0.081427015 0.369043648 0.999999940 0.999999940 0.999999940
v -0.09449732 0.104820273 0.344472676 0.999999940 0.999999940 0.999999940
v -0.09513161 0.081918284 0.318426162 0.999999940 0.999999940 0.999999940
v -0.0827034 0.054898001 0.339032292 0.999999940 0.999999940 0.999999940
v -0.07743247 0.024559823 0.363646000 0.999999940 0.999999940 0.999999940
v -0.09927858 -0.00644294 0.324128896 0.999999940 0.999999940 0.999999940
v -0.14545505 -0.02810438 0.290052175 0.999999940 0.999999940 0.999999940
v -0.20192498 -0.03098282 0.275804430 0.999999940 0.999999940 0.999999940
v -0.20484515 -0.06703159 0.306058555 0.999999940 0.999999940 0.999999940
v -0.20942935 -0.09392687 0.344762057 0.999999940 0.999999940 0.999999940
v -0.21460219 -0.10748706 0.385555148 0.999999940 0.999999940 0.999999940
v -0.2220294 -0.10820419 0.428381621 0.999999940 0.999999940 0.999999940
v -0.22422636 -0.09007053 0.478735894 0.999999940 0.999999940 0.999999940
v -0.20042934 -0.0554682 0.510591626 0.999999940 0.999999940 0.999999940
v -0.1483475 -0.06744515 0.481219112 0.999999940 0.999999940 0.999999940
v -0.11589456 -0.05885109 0.450013846 0.999999940 0.999999940 0.999999940
v -0.09399142 -0.03823086 0.419323504 0.999999940 0.999999940 0.999999940
v -0.08100069 -0.00764523 0.391336649 0.999999940 0.999999940 0.999999940
v -0.10186986 -0.03843978 0.35220626 0.999999940 0.999999940 0.999999940
v -0.14738883 -0.06175876 0.319597125 0.999999940 0.999999940 0.999999940
v -0.15222687 -0.08730294 0.355167537 0.999999940 0.999999940 0.999999940
v -0.16093211 -0.10072285 0.393177151 0.999999940 0.999999940 0.999999940
v -0.17527597 -0.10622162 0.422317862 0.999999940 0.999999940 0.999999940
v -0.16386716 -0.09556794 0.453037947 0.999999940 0.999999940 0.999999940
v -0.13016331 -0.08438471 0.419086515 0.999999940 0.999999940 0.999999940
v -0.11192372 -0.0652964 0.384879529 0.999999940 0.999999940 0.999999940
vt 0.235497027 0.863986492
vt 0.250994950 0.862540304
vt 0.251906693 0.883449077
vt 0.232769504 0.880977392
vt 0.213815897 0.872827649
vt 0.222881272 0.852643191
vt 0.242029428 0.845073819
vt 0.272925227 0.857790589
vt 0.277235686 0.881333828
vt 0.264793396 0.839272975
vt 0.277387619 0.908187389
vt 0.251261085 0.908740162
vt 0.228285968 0.905644714
vt 0.207408621 0.89726758
vt 0.186115518 0.856133341
vt 0.202369943 0.832575559
vt 0.180230587 0.885179340
vt 0.231432035 0.824292004
vt 0.253471940 0.823472380
vt 0.258929967 0.800222456
vt 0.283859819 0.817592263
vt 0.300927430 0.843188822
vt 0.311152666 0.872633993
vt 0.312408208 0.902342796
vt 0.251110523 0.938736379
vt 0.279231548 0.936444044
vt 0.308864742 0.930229008
vt 0.223169833 0.938821256
vt 0.200347498 0.925679743
vt 0.178587883 0.912477731
vt 0.139132052 0.909630298
vt 0.137475460 0.869787931
vt 0.149446427 0.824558258
vt 0.183420538 0.796063959
vt 0.222102358 0.789123535
vt 0.306111365 0.786820173
vt 0.271223127 0.759967386
vt 0.225079879 0.744760990
vt 0.331497579 0.819653689
vt 0.348303228 0.858404219
vt 0.354974269 0.897590339
vt 0.352414518 0.932184636
vt 0.313042581 0.954421758
vt 0.286859095 0.968925774
vt 0.346545517 0.966094374
vt 0.254393845 0.982247710
vt 0.223860457 0.987509727
vt 0.156602323 0.421623349
vt 0.087205261 0.463625013
vt 0.039261009 0.449710071
vt 0.137881651 0.474034905
vt 0.008694929 0.415055275
vt 0.172572433 0.746920704
vt 0.263609260 0.693041086
vt 0.310140520 0.716145396
vt 0.432043612 0.646832108
vt 0.347031772 0.752105236
vt 0.376132339 0.792999684
vt 0.395794838 0.836739659
vt 0.409138619 0.880961000
vt 0.412172615 0.926100969
vt 0.410223364 0.967949688
vt 0.323500514 0.999470055
vt 0.263411700 0.552999556
vt 0.225182667 0.485538661
vt 0.180666029 0.481971621
vt 0.166241571 0.545786976
vt 0.118112847 0.538699984
vt 0.068814382 0.533802390
vt 0.015614950 0.522800803
vt 0.403377562 0.583436608
vt 0.483492493 0.615062892
vt 0.513600707 0.655374050
vt 0.461844414 0.566239118
vt 0.549582839 0.689982295
vt 0.394862502 0.714503109
vt 0.425756633 0.759969353
vt 0.448762059 0.804910063
vt 0.465645760 0.854129135
vt 0.477993488 0.908534705
vt 0.478294074 0.952976167
vt 0.252822101 0.616524100
vt 0.216955348 0.549552559
vt 0.207087740 0.611507177
vt 0.104014493 0.611375391
vt 0.155732810 0.613888025
vt 0.056285686 0.610935926
vt 0.003387677 0.599621534
vt 0.497486382 0.552644431
vt 0.517103970 0.504443049
vt 0.521199822 0.579635858
vt 0.549174547 0.612800359
vt 0.580978691 0.644123733
vt 0.616901874 0.662380278
vt 0.659521639 0.663348674
vt 0.697526514 0.653898954
vt 0.732731103 0.634642362
vt 0.757458686 0.583593964
vt 0.266284197 0.680248975
vt 0.229618683 0.665010094
vt 0.204931750 0.648413181
vt 0.161235362 0.663247525
vt 0.101660653 0.673839509
vt 0.052266236 0.671705961
vt 0.554645776 0.538035690
vt 0.586645603 0.508923053
vt 0.583381295 0.572471261
vt 0.608624696 0.607257723
vt 0.627971112 0.631609499
vt 0.655203580 0.621595680
vt 0.690855205 0.612681508
vt 0.719532191 0.604999780
vt 0.712835192 0.566323518
vt 0.698947370 0.512950897
vt 0.180265307 0.701000452
vt 0.122696563 0.716538190
vt 0.615192592 0.540919184
vt 0.650200069 0.520066142
vt 0.638858199 0.577919602
vt 0.675402462 0.563749432
vt 0.647860288 0.282643795
vt 0.629870295 0.249568760
vt 0.671592354 0.254525363
vt 0.670877277 0.296458244
vt 0.631975352 0.299043238
vt 0.594910740 0.265662431
vt 0.654065549 0.320296883
vt 0.432891517 0.215174078
vt 0.481071442 0.224774479
vt 0.529121995 0.233389556
vt 0.577623724 0.243320226
vt 0.556606769 0.283861160
vt 0.693663001 0.309597194
vt 0.673925399 0.340156018
vt 0.648279607 0.362238109
vt 0.63296628 0.339416086
vt 0.609484136 0.317167341
vt 0.563973903 0.290281355
vt 0.387048512 0.210947275
vt 0.386593163 0.127548217
vt 0.433695793 0.140995204
vt 0.481267273 0.159842550
vt 0.530147314 0.175462842
vt 0.579206228 0.188956916
vt 0.744169414 0.305469870
vt 0.781606316 0.290745139
vt 0.630033791 0.191839635
vt 0.719902038 0.332470059
vt 0.691450357 0.362133145
vt 0.664029657 0.387031853
vt 0.61534971 0.384237885
vt 0.630741655 0.410745918
vt 0.605231165 0.355901002
vt 0.594148874 0.334603965
vt 0.557819485 0.329660713
vt 0.504037916 0.336158573
vt 0.443901896 0.349760174
vt 0.376765638 0.313541531
vt 0.391419023 0.370451152
vt 0.453120529 0.071902632
vt 0.497139424 0.090425968
vt 0.539182186 0.120014309
vt 0.585683405 0.147405743
vt 0.633759439 0.149582028
vt 0.674594402 0.141835212
vt 0.671285271 0.190779805
vt 0.666770637 0.237395167
vt 0.763848543 0.344032943
vt 0.735771238 0.360350787
vt 0.710731387 0.383599460
vt 0.681786000 0.407763004
vt 0.655917167 0.433064341
vt 0.593562483 0.440684557
vt 0.632078528 0.461421668
vt 0.575119376 0.404642283
vt 0.562778651 0.367429435
vt 0.512363195 0.384460151
vt 0.458876431 0.402734398
vt 0.411406159 0.416837990
vt 0.383886843 0.430755138
vt 0.358843952 0.402176618
vt 0.328671991 0.350214302
vt 0.482957959 0.018320143
vt 0.529956281 0.041268348
vt 0.565021634 0.080872654
vt 0.593045532 0.112194061
vt 0.626851320 0.100172281
vt 0.668034195 0.090011477
vt 0.706865489 0.084780037
vt 0.713267684 0.134931743
vt 0.712046206 0.188504993
vt 0.706362009 0.235758066
vt 0.766660988 0.383542656
vt 0.745309412 0.382600307
vt 0.726378619 0.401484012
vt 0.701300203 0.426359832
vt 0.679050743 0.443281590
vt 0.679294288 0.464640736
vt 0.300307631 0.036753416
vt 0.233541861 0.042605340
vt 0.174017399 0.051346421
vt 0.528460979 0.426334679
vt 0.480119109 0.453290164
vt 0.431829214 0.463125228
vt 0.389096289 0.468395471
vt 0.343884974 0.456936597
vt 0.306703984 0.411696970
vt 0.236043661 0.342150926
vt 0.296892732 0.370667994
vt 0.604803025 0.052860140
vt 0.650416076 0.046185433
vt 0.695190310 0.041034221
vt 0.728311061 0.047592818
vt 0.743695378 0.080541253
vt 0.752150476 0.130834639
vt 0.751305043 0.185467183
vt 0.745682716 0.234141528
vt 0.745598375 0.417871356
vt 0.719667196 0.44465518
vt 0.737395584 0.466234624
vt 0.363177657 0.084693074
vt 0.306719243 0.077755570
vt 0.242001861 0.081965327
vt 0.179206088 0.099580705
vt 0.195528522 0.145213186
vt 0.210128545 0.191875875
vt 0.223455399 0.233825027
vt 0.240910530 0.270872473
vt 0.271351456 0.312428355
vt 0.333679258 0.333786368
vt 0.694194138 0.003885805
vt 0.743509233 0.024672567
vt 0.780120492 0.066264510
vt 0.791319727 0.124735474
vt 0.313178211 0.120975673
vt 0.252567023 0.127088189
vt 0.265101939 0.169338762
vt 0.275538563 0.209852933
vt 0.281082242 0.241770029
vt 0.315019667 0.259776473
vt 0.319466799 0.211161911
vt 0.321103364 0.167209386
vt 0.192048221 0.380381882
vt 0.164073690 0.376996874
vt 0.140084564 0.379882395
vt 0.114042997 0.411128759
vt 0.076317668 0.397421300
vt 0.043065808 0.380171418
vt 0.417155146 0.721549153
vt 0.266320377 0.437410533
vt 0.310080081 0.494525015
vt 0.235932752 0.428036928
vt 0.196094766 0.424435257
vt 0.336073666 0.560062766
vt 0.125627383 0.777588486
vt 0.357644826 0.626562833
vt 0.382953018 0.679769337
vt 0.469596773 0.699568033
vt 0.499561220 0.726574957
vt 0.305470466 0.560434877
vt 0.270354002 0.487346887
vt 0.396090060 0.518953204
vt 0.364212334 0.678961396
vt 0.595780551 0.711611032
vt 0.646702110 0.715946197
vt 0.694226861 0.705980300
vt 0.744727969 0.680878996
vt 0.785494804 0.634173393
vt 0.325283229 0.655421853
vt 0.294040501 0.627578318
vt 0.463766157 0.502126812
vt 0.000206878 0.658813595
vt 0.299130588 0.702538013
vt 0.753403067 0.528283834
vt 0.593853712 0.449895739
vt 0.551097571 0.473904609
vt 0.215059459 0.726924777
vt 0.680416643 0.475184559
vt 0.627804458 0.481391966
vt 0.477461487 0.275280058
vt 0.518666148 0.279258728
vt 0.435971081 0.272998690
vt 0.750018239 0.249756515
vt 0.709947347 0.269304394
vt 0.397203832 0.271739184
vt 0.502861559 0.286461234
vt 0.438096106 0.290530204
vt 0.624219417 0.240268230
vt 0.408182531 0.048435330
vt 0.799178302 0.334622323
vt 0.185435473 0.002424240
vt 0.237459197 0.001640915
vt 0.437230199 0.000452637
vt 0.174312606 0.342921495
vt 0.194573447 0.372858583
vt 0.258941680 0.404958248
vt 0.797689855 0.394022166
vt 0.294833689 0.00092417
vt 0.707424998 0.487686216
vt 0.548716187 0.463821053
vt 0.137384876 0.125081300
vt 0.152415439 0.171476364
vt 0.165592774 0.211164057
vt 0.176349416 0.258294463
vt 0.192928478 0.301894664
vt 0.574332296 0.014348149
vt 0.771553456 0.434291899
vt 0.355286657 0.041559577
vt 0.784843325 0.232833683
vt 0.791838169 0.184072971
vt 0.508939206 0.484939575
vt 0.622399330 0.000579416
vt 0.357835352 0.272592783
vt 0.360728383 0.223717689
vt 0.365970075 0.178194522
vt 0.366536617 0.129452049
s 1
f 2399/2827 2400/2828 2401/2829 2402/2830
f 2399/2827 2402/2830 2403/2831 2404/2832
f 2399/2827 2404/2832 2405/2833 2400/2828
f 2406/2834 2407/2835 2401/2829 2400/2828
f 2406/2834 2400/2828 2405/2833 2408/2836
f 2409/2837 2410/2838 2401/2829 2407/2835
f 2410/2838 2411/2839 2402/2830 2401/2829
f 2411/2839 2412/2840 2403/2831 2402/2830
f 2413/2841 2414/2842 2404/2832 2403/2831
f 2413/2841 2403/2831 2412/2840 2415/2843
f 2414/2842 2416/2844 2405/2833 2404/2832
f 2417/2845 2408/2836 2405/2833 2416/2844
f 2417/2845 2418/2846 2419/2847 2408/2836
f 2420/2848 2406/2834 2408/2836 2419/2847
f 2421/2849 2407/2835 2406/2834 2420/2848
f 2409/2837 2407/2835 2421/2849 2422/2850
f 2423/2851 2410/2838 2409/2837 2424/2852
f 2409/2837 2422/2850 2425/2853 2424/2852
f 2423/2851 2426/2854 2411/2839 2410/2838
f 2411/2839 2426/2854 2427/2855 2412/2840
f 2428/2856 2415/2843 2412/2840 2427/2855
f 2428/2856 2429/2857 2430/2858 2415/2843
f 2431/2859 2413/2841 2415/2843 2430/2858
f 2431/2859 2432/2860 2414/2842 2413/2841
f 2414/2842 2432/2860 2433/2861 2416/2844
f 2417/2845 2416/2844 2433/2861 2418/2846
f 2434/2862 2419/2847 2418/2846 2435/2863
f 2435/2863 2418/2846 2433/2861 2436/2864
f 2437/2865 2420/2848 2419/2847 2434/2862
f 2421/2849 2420/2848 2437/2865 2438/2866
f 2421/2849 2438/2866 2439/2867 2422/2850
f 2439/2867 2440/2868 2425/2853 2422/2850
f 2441/2869 2442/2870 2424/2852 2425/2853
f 2441/2869 2425/2853 2440/2868 2443/2871
f 2444/2872 2423/2851 2424/2852 2442/2870
f 2444/2872 2445/2873 2426/2854 2423/2851
f 2426/3069 2445/3079 2446/2874 2427/3070
f 2428/3071 2427/3070 2446/2874 2429/3072
f 2447/2875 2448/2876 2430/3073 2429/3072
f 2447/2875 2429/3072 2446/2874 2449/2877
f 2448/2876 2450/2878 2431/3074 2430/3073
f 2431/2859 2450/3081 2451/2879 2432/2860
f 2436/2864 2433/2861 2432/2860 2451/2879
f 2435/2863 2436/2864 2452/2880 2453/2881
f 2436/3075 2451/3083 2454/2882 2452/3084
f 2434/2862 2435/2863 2453/2881 2455/2883
f 2437/2865 2434/2862 2455/2883 2456/2884
f 2437/2865 2456/2884 2457/2885 2438/2866
f 2439/2867 2438/2866 2457/2885 2458/2886
f 2439/2867 2458/2886 2459/2887 2440/2868
f 2459/2887 2460/2888 2443/2871 2440/2868
f 2441/2869 2443/2871 2461/2889 2442/2870
f 2462/2890 2461/3087 2443/3077 2460/3086
f 2463/2891 2444/3078 2442/3076 2461/3087
f 2463/2891 2464/2892 2445/3079 2444/3078
f 2445/3079 2464/2892 2449/2877 2446/2874
f 2465/2893 2466/2894 2449/2877 2464/2892
f 2447/2875 2449/2877 2466/2894 2467/2895
f 2468/2896 2448/2876 2447/2875 2467/2895
f 2469/2897 2450/3082 2448/3080 2468/3088
f 2454/2882 2451/3083 2450/3082 2469/2897
f 2454/2882 2470/2898 2471/2899 2452/3084
f 2454/2882 2469/2897 2472/2900 2470/2898
f 2473/2901 2453/3085 2452/3084 2471/2899
f 2474/2902 2455/2883 2453/2881 2473/3089
f 2475/2903 2456/2884 2455/2883 2474/2902
f 2476/2904 2457/2885 2456/2884 2475/2903
f 2477/2905 2458/2886 2457/2885 2476/2904
f 2478/2906 2459/2887 2458/2886 2477/2905
f 2478/2906 2479/2907 2460/2888 2459/2887
f 2462/2890 2460/3086 2479/3096 2480/2908
f 2481/2909 2463/2891 2461/3087 2462/2890
f 2481/2909 2462/2890 2480/2908 2482/2910
f 2465/2893 2464/2892 2463/2891 2481/2909
f 2483/2911 2466/2894 2465/2893 2484/2912
f 2465/2893 2481/2909 2482/2910 2484/2912
f 2483/2911 2485/2913 2467/2895 2466/2894
f 2468/2896 2467/2895 2485/2913 2486/2914
f 2469/2897 2468/3088 2486/3097 2472/2900
f 2487/2915 2472/2900 2486/3097 2488/2916
f 2487/2915 2489/2917 2470/2898 2472/2900
f 2490/2918 2471/2899 2470/2898 2489/2917
f 2473/2901 2471/2899 2490/2918 2491/2919
f 2474/3090 2473/2901 2491/2919 2492/2920
f 2475/3091 2474/3090 2492/2920 2493/2921
f 2476/3092 2475/3091 2493/2921 2494/2922
f 2477/3093 2476/3092 2494/2922 2495/2923
f 2478/3094 2477/3093 2495/2923 2496/2924
f 2497/2925 2479/3096 2478/3095 2496/3099
f 2497/2925 2498/2926 2480/2908 2479/3096
f 2499/2927 2482/2910 2480/2908 2498/2926
f 2499/2927 2500/2928 2484/2912 2482/2910
f 2501/2929 2483/2911 2484/2912 2500/2928
f 2501/2929 2502/2930 2485/2913 2483/2911
f 2485/2913 2502/2930 2488/3098 2486/2914
f 2487/2915 2488/2916 2503/2931 2489/2917
f 2504/2932 2503/2931 2488/2916 2502/3102
f 2490/2918 2489/2917 2503/2931 2505/2933
f 2490/2918 2505/2933 2506/2934 2491/2919
f 2507/2935 2492/2920 2491/2919 2506/2934
f 2507/2935 2508/2936 2493/2921 2492/2920
f 2509/2937 2494/2922 2493/2921 2508/2936
f 2510/2938 2495/2923 2494/2922 2509/2937
f 2510/2938 2511/2939 2496/2924 2495/2923
f 2512/2940 2497/3100 2496/2924 2511/2939
f 2512/3103 2513/2941 2498/2926 2497/2925
f 2499/2927 2498/2926 2513/2941 2500/2928
f 2501/2929 2500/2928 2513/2941 2514/2942
f 2504/2932 2502/3102 2501/3101 2514/3105
f 2505/2933 2503/2931 2504/2932 2515/2943
f 2504/2932 2514/3105 2516/2944 2515/2943
f 2505/2933 2515/2943 2517/2945 2506/2934
f 2507/2935 2506/2934 2517/2945 2508/2936
f 2518/2946 2509/2937 2508/2936 2517/2945
f 2510/2938 2509/2937 2518/2946 2511/2939
f 2518/2946 2516/2944 2512/2940 2511/2939
f 2512/2940 2516/2944 2514/3105 2513/3104
f 2518/2946 2517/2945 2515/2943 2516/2944
f 2519/2947 2520/2948 2521/2949 2522/2950
f 2519/2947 2523/2951 2524/2952 2520/2948
f 2519/2947 2522/2950 2525/2953 2523/2951
f 2526/2954 2527/2955 2520/3106 2524/3108
f 2527/2955 2528/2956 2521/3107 2520/3106
f 2528/2956 2529/2957 2530/2958 2521/3107
f 2530/3110 2531/2959 2522/2950 2521/2949
f 2532/2960 2525/2953 2522/2950 2531/2959
f 2532/2960 2533/2961 2534/2962 2525/2953
f 2534/2962 2535/2963 2523/2951 2525/2953
f 2535/2963 2536/2964 2524/2952 2523/2951
f 2537/2965 2526/2954 2524/3108 2536/3111
f 2537/2965 2538/2966 2539/2967 2526/2954
f 2526/2954 2539/2967 2540/2968 2527/2955
f 2527/2955 2540/2968 2541/2969 2528/2956
f 2542/2970 2529/2957 2528/2956 2541/2969
f 2543/2971 2530/3110 2529/3109 2544/2972
f 2544/3114 2529/2957 2542/2970 2545/2973
f 2546/2974 2531/2959 2530/3110 2543/2971
f 2532/2960 2531/2959 2546/2974 2547/2975
f 2548/2976 2533/2961 2532/2960 2547/2975
f 2549/2977 2533/2961 2548/2976 2550/2978
f 2549/2977 2551/2979 2534/2962 2533/2961
f 2552/2980 2535/2963 2534/2962 2551/2979
f 2552/2980 2553/2981 2536/2964 2535/2963
f 2537/3112 2536/2964 2553/2981 2554/2982
f 2555/2983 2538/3113 2537/3112 2554/2982
f 2556/2984 2538/3113 2555/2983 2557/2985
f 2556/3115 2558/2986 2539/2967 2538/2966
f 2559/2987 2540/2968 2539/2967 2558/2986
f 2560/2988 2541/2969 2540/2968 2559/2987
f 2542/2970 2541/2969 2560/2988 2561/2989
f 2542/2970 2561/2989 2562/2990 2545/2973
f 2563/2991 2564/2992 2545/2973 2562/2990
f 2544/3114 2545/2973 2564/2992 2565/2993
f 2543/2971 2544/2972 2565/3116 2566/2994
f 2546/2974 2543/2971 2566/2994 2567/2995
f 2546/2974 2567/2995 2568/2996 2547/2975
f 2548/2976 2547/2975 2568/2996 2569/2997
f 2548/2976 2569/2997 2570/2998 2550/2978
f 2571/2999 2550/2978 2570/2998 2572/3000
f 2571/2999 2573/3001 2549/2977 2550/2978
f 2549/2977 2573/3001 2574/3002 2551/2979
f 2552/2980 2551/2979 2574/3002 2553/2981
f 2575/3003 2554/2982 2553/2981 2574/3002
f 2555/2983 2554/2982 2575/3003 2576/3004
f 2555/2983 2576/3004 2577/3005 2557/2985
f 2578/3006 2579/3007 2557/2985 2577/3005
f 2580/3008 2556/2984 2557/2985 2579/3007
f 2581/3009 2558/2986 2556/3115 2580/3119
f 2559/2987 2558/2986 2581/3009 2582/3010
f 2560/2988 2559/2987 2582/3010 2583/3011
f 2560/2988 2583/3011 2584/3012 2561/2989
f 2584/3012 2585/3013 2562/2990 2561/2989
f 2586/3014 2563/2991 2562/2990 2585/3013
f 2586/3014 2587/3015 2588/3016 2563/2991
f 2563/2991 2588/3016 2589/3017 2564/2992
f 2589/3017 2590/3018 2565/2993 2564/2992
f 2565/3116 2590/3123 2591/3019 2566/2994
f 2592/3020 2567/2995 2566/2994 2591/3019
f 2592/3020 2593/3021 2568/2996 2567/2995
f 2568/2996 2593/3021 2594/3022 2569/2997
f 2595/3023 2570/2998 2569/2997 2594/3022
f 2595/3023 2596/3024 2572/3000 2570/2998
f 2597/3025 2598/3026 2572/3118 2596/3124
f 2598/3026 2599/3027 2571/3117 2572/3118
f 2571/2999 2599/3126 2600/3028 2573/3001
f 2575/3003 2574/3002 2573/3001 2600/3028
f 2576/3004 2575/3003 2600/3028 2601/3029
f 2576/3004 2601/3029 2602/3030 2577/3005
f 2578/3006 2577/3005 2602/3030 2603/3031
f 2578/3006 2603/3031 2604/3032 2579/3007
f 2605/3033 2580/3008 2579/3007 2604/3032
f 2581/3121 2580/3120 2605/3131 2606/3034
f 2581/3121 2606/3034 2607/3035 2582/3122
f 2608/3036 2583/3011 2582/3010 2607/3132
f 2608/3036 2585/3013 2584/3012 2583/3011
f 2608/3036 2609/3037 2586/3014 2585/3013
f 2586/3014 2609/3037 2610/3038 2587/3015
f 2611/3039 2612/3040 2587/3015 2610/3038
f 2613/3041 2588/3016 2587/3015 2612/3040
f 2589/3017 2588/3016 2613/3041 2614/3042
f 2589/3017 2614/3042 2615/3043 2590/3018
f 2615/3133 2616/3044 2591/3019 2590/3123
f 2592/3020 2591/3019 2616/3044 2593/3021
f 2616/3044 2617/3045 2594/3022 2593/3021
f 2595/3023 2594/3022 2617/3045 2596/3024
f 2618/3046 2597/3125 2596/3024 2617/3045
f 2618/3134 2619/3047 2620/3048 2597/3025
f 2597/3025 2620/3048 2621/3049 2598/3026
f 2598/3026 2621/3049 2622/3050 2599/3027
f 2601/3029 2600/3028 2599/3126 2622/3137
f 2601/3127 2622/3050 2623/3051 2602/3128
f 2623/3051 2624/3052 2603/3129 2602/3128
f 2624/3052 2625/3053 2604/3130 2603/3129
f 2605/3131 2604/3130 2625/3053 2626/3054
f 2605/3131 2626/3054 2627/3055 2606/3034
f 2628/3056 2607/3035 2606/3034 2627/3055
f 2628/3138 2609/3037 2608/3036 2607/3132
f 2628/3138 2629/3057 2610/3038 2609/3037
f 2611/3039 2610/3038 2629/3057 2630/3058
f 2611/3039 2630/3058 2631/3059 2612/3040
f 2632/3060 2613/3041 2612/3040 2631/3059
f 2632/3060 2619/3136 2614/3042 2613/3041
f 2615/3043 2614/3042 2619/3136 2618/3135
f 2615/3133 2618/3046 2617/3045 2616/3044
f 2632/3142 2633/3061 2620/3048 2619/3047
f 2633/3061 2634/3062 2621/3049 2620/3048
f 2623/3051 2622/3050 2621/3049 2634/3062
f 2623/3051 2634/3062 2635/3063 2624/3052
f 2624/3052 2635/3063 2636/3064 2625/3053
f 2637/3065 2626/3054 2625/3053 2636/3064
f 2638/3066 2627/3055 2626/3054 2637/3065
f 2638/3066 2629/3139 2628/3056 2627/3055
f 2638/3066 2639/3067 2630/3140 2629/3139
f 2640/3068 2631/3141 2630/3140 2639/3067
f 2640/3068 2633/3061 2632/3142 2631/3141
f 2635/3063 2634/3062 2633/3061 2640/3068
f 2635/3063 2640/3068 2639/3067 2636/3064
f 2637/3065 2636/3064 2639/3067 2638/3066
o Nose_1
usemtl Nose_1
v -0.04548124 -0.23691323 0.691280543 0.999999940 0.999999940 0.999999940
v -0.09040372 -0.07129246 0.712577998 0.999999940 0.999999940 0.999999940
v -0.09261167 -0.05914944 0.653271913 0.999999940 0.999999940 0.999999940
v -0.04493368 -0.21631157 0.604659557 0.999999940 0.999999940 0.999999940
v -0.04963122 -0.24597332 0.669540107 0.999999940 0.999999940 0.999999940
v -0.02359017 -0.26282299 0.667104363 0.999999940 0.999999940 0.999999940
v -0.02369782 -0.24458921 0.695325076 0.999999940 0.999999940 0.999999940
v -0.06254861 -0.20273101 0.707074642 0.999999940 0.999999940 0.999999940
v -0.0803735 -0.20515418 0.683105349 0.999999940 0.999999940 0.999999940
v -0.0331962 -0.1979191 0.725385248 0.999999940 0.999999940 0.999999940
v -0.06675979 -0.05759641 0.724397778 0.999999940 0.999999940 0.999999940
v -0.06757937 -0.03581127 0.685008049 0.999999940 0.999999940 0.999999940
v -0.09342331 -0.05896918 0.684473216 0.999999940 0.999999940 0.999999940
v -0.10795518 -0.09471685 0.678889036 0.999999940 0.999999940 0.999999940
v -0.09842206 -0.09845959 0.713054359 0.999999940 0.999999940 0.999999940
v -0.0734494 -0.09884474 0.736477196 0.999999940 0.999999940 0.999999940
v -0.09887224 -0.08835185 0.640505850 0.999999940 0.999999940 0.999999940
v -0.07171643 -0.04186732 0.638296484 0.999999940 0.999999940 0.999999940
v -0.07329887 -0.07783657 0.609992325 0.999999940 0.999999940 0.999999940
v -0.02464474 -0.22213915 0.598204970 0.999999940 0.999999940 0.999999940
v -0.02408399 -0.24918644 0.613896369 0.999999940 0.999999940 0.999999940
v -0.0501225 -0.23387867 0.618764340 0.999999940 0.999999940 0.999999940
v -0.06015361 -0.18202102 0.603808462 0.999999940 0.999999940 0.999999940
v -0.0323979 -0.17619678 0.589560031 0.999999940 0.999999940 0.999999940
v -0.07999063 -0.19202524 0.627032399 0.999999940 0.999999940 0.999999940
v -0.09690212 -0.13840586 0.634432852 0.999999940 0.999999940 0.999999940
v -0.07094962 -0.12841062 0.604972779 0.999999940 0.999999940 0.999999940
v -0.05436423 -0.24423695 0.643519341 0.999999940 0.999999940 0.999999940
v -0.08693742 -0.20090489 0.655346512 0.999999940 0.999999940 0.999999940
v -0.10706732 -0.14691827 0.669370293 0.999999940 0.999999940 0.999999940
v -0.0980546 -0.15056582 0.701777041 0.999999940 0.999999940 0.999999940
v -0.07527094 -0.14980587 0.727623343 0.999999940 0.999999940 0.999999940
v -0.04024513 -0.14683236 0.745460987 0.999999940 0.999999940 0.999999940
v -0.03752479 -0.09711735 0.751435935 0.999999940 0.999999940 0.999999940
v -0.03467 -0.04945354 0.729300141 0.999999940 0.999999940 0.999999940
v 0 -0.14618833 0.751682579 0.999999940 0.999999940 0.999999940
v 0 -0.09718747 0.756651639 0.999999940 0.999999940 0.999999940
v 0 -0.04611915 0.731076002 0.999999940 0.999999940 0.999999940
v 0 -0.01663592 0.678894877 0.999999940 0.999999940 0.999999940
v -0.03496042 -0.02158985 0.681140899 0.999999940 0.999999940 0.999999940
v 0 -0.02342076 0.619662284 0.999999940 0.999999940 0.999999940
v -0.03794216 -0.02871218 0.625360310 0.999999940 0.999999940 0.999999940
v 0 -0.06521858 0.581775724 0.999999940 0.999999940 0.999999940
v -0.03889689 -0.06837826 0.590404927 0.999999940 0.999999940 0.999999940
v 0 -0.1220028 0.576608419 0.999999940 0.999999940 0.999999940
v -0.03684412 -0.12295277 0.584976613 0.999999940 0.999999940 0.999999940
v 0 -0.17532746 0.583915829 0.999999940 0.999999940 0.999999940
v 0 -0.22277153 0.594596743 0.999999940 0.999999940 0.999999940
v 0 -0.25373465 0.612115979 0.999999940 0.999999940 0.999999940
v 0 -0.26860964 0.637357711 0.999999940 0.999999940 0.999999940
v -0.02505838 -0.26337931 0.638696551 0.999999940 0.999999940 0.999999940
v 0 -0.26758969 0.667261421 0.999999940 0.999999940 0.999999940
v 0 -0.2454659 0.699361205 0.999999940 0.999999940 0.999999940
v 0 -0.19739839 0.730949699 0.999999940 0.999999940 0.999999940
v 0.045481242 -0.23691323 0.691280543 0.999999940 0.999999940 0.999999940
v 0.090403720 -0.07129246 0.712577998 0.999999940 0.999999940 0.999999940
v 0.092611670 -0.05914944 0.653271913 0.999999940 0.999999940 0.999999940
v 0.044933684 -0.21631157 0.604659557 0.999999940 0.999999940 0.999999940
v 0.049631223 -0.24597332 0.669540107 0.999999940 0.999999940 0.999999940
v 0.023590166 -0.26282299 0.667104363 0.999999940 0.999999940 0.999999940
v 0.023697815 -0.24458921 0.695325076 0.999999940 0.999999940 0.999999940
v 0.062548607 -0.20273101 0.707074642 0.999999940 0.999999940 0.999999940
v 0.080373495 -0.20515418 0.683105349 0.999999940 0.999999940 0.999999940
v 0.033196203 -0.1979191 0.725385248 0.999999940 0.999999940 0.999999940
v 0.066759795 -0.05759641 0.724397778 0.999999940 0.999999940 0.999999940
v 0.067579373 -0.03581127 0.685008049 0.999999940 0.999999940 0.999999940
v 0.093423314 -0.05896918 0.684473216 0.999999940 0.999999940 0.999999940
v 0.107955180 -0.09471685 0.678889036 0.999999940 0.999999940 0.999999940
v 0.098422057 -0.09845959 0.713054359 0.999999940 0.999999940 0.999999940
v 0.073449395 -0.09884474 0.736477196 0.999999940 0.999999940 0.999999940
v 0.098872244 -0.08835185 0.640505850 0.999999940 0.999999940 0.999999940
v 0.071716427 -0.04186732 0.638296484 0.999999940 0.999999940 0.999999940
v 0.073298871 -0.07783657 0.609992325 0.999999940 0.999999940 0.999999940
v 0.024644739 -0.22213915 0.598204970 0.999999940 0.999999940 0.999999940
v 0.024083988 -0.24918644 0.613896369 0.999999940 0.999999940 0.999999940
v 0.050122503 -0.23387867 0.618764340 0.999999940 0.999999940 0.999999940
v 0.060153614 -0.18202102 0.603808462 0.999999940 0.999999940 0.999999940
v 0.032397896 -0.17619678 0.589560031 0.999999940 0.999999940 0.999999940
v 0.079990632 -0.19202524 0.627032399 0.999999940 0.999999940 0.999999940
v 0.096902124 -0.13840586 0.634432852 0.999999940 0.999999940 0.999999940
v 0.070949621 -0.12841062 0.604972779 0.999999940 0.999999940 0.999999940
v 0.054364230 -0.24423695 0.643519341 0.999999940 0.999999940 0.999999940
v 0.086937420 -0.20090489 0.655346512 0.999999940 0.999999940 0.999999940
v 0.107067316 -0.14691827 0.669370293 0.999999940 0.999999940 0.999999940
v 0.098054602 -0.15056582 0.701777041 0.999999940 0.999999940 0.999999940
v 0.075270943 -0.14980587 0.727623343 0.999999940 0.999999940 0.999999940
v 0.040245126 -0.14683236 0.745460987 0.999999940 0.999999940 0.999999940
v 0.037524789 -0.09711735 0.751435935 0.999999940 0.999999940 0.999999940
v 0.034670002 -0.04945354 0.729300141 0.999999940 0.999999940 0.999999940
v 0.034960422 -0.02158985 0.681140899 0.999999940 0.999999940 0.999999940
v 0.037942159 -0.02871218 0.625360310 0.999999940 0.999999940 0.999999940
v 0.038896892 -0.06837826 0.590404927 0.999999940 0.999999940 0.999999940
v 0.036844119 -0.12295277 0.584976613 0.999999940 0.999999940 0.999999940
v 0.025058385 -0.26337931 0.638696551 0.999999940 0.999999940 0.999999940
vt 0.157531172 0.533440113
vt 0.062339790 0.834194243
vt 0.555234432 0.590602994
vt 0.652994513 0.896100044
vt 0.139455735 0.499785363
vt 0.201758593 0.480729341
vt 0.202547520 0.528310537
vt 0.125717252 0.596080541
vt 0.078087203 0.573887288
vt 0.183037936 0.615613043
vt 0.106942556 0.866495192
vt 0.075196094 0.926057398
vt 0.027471456 0.860994458
vt 0.000089295 0.779765427
vt 0.053049862 0.782033681
vt 0.104644067 0.787940204
vt 0.547117352 0.656144619
vt 0.604543685 0.562606930
vt 0.610050678 0.644732236
vt 0.698716878 0.900587558
vt 0.697907745 0.945389270
vt 0.637992203 0.926453173
vt 0.625394761 0.836886227
vt 0.682773649 0.828441798
vt 0.572174072 0.856801748
vt 0.544599115 0.752785265
vt 0.606705963 0.742479562
vt 0.606820046 0.955160975
vt 0.528940200 0.877334654
vt 0.487274885 0.766917824
vt 0.054567590 0.681069850
vt 0.109138190 0.696483254
vt 0.173993811 0.712568283
vt 0.170573428 0.801430821
vt 0.165574193 0.887703180
vt 0.243005901 0.722201943
vt 0.238020673 0.809315443
vt 0.22849904 0.903080165
vt 0.222240135 0.999193131
vt 0.141284406 0.977967083
vt 0.742751300 0.542251527
vt 0.670291125 0.551172852
vt 0.744134604 0.638411819
vt 0.673997819 0.642039537
vt 0.743852675 0.735776662
vt 0.677434980 0.740657508
vt 0.745531201 0.825468659
vt 0.749898552 0.901648700
vt 0.748715162 0.952481269
vt 0.747642695 0.991769433
vt 0.684179186 0.985173642
vt 0.251801461 0.477796137
vt 0.249835625 0.533048808
vt 0.244803488 0.626135945
vt 0.341318100 0.549556791
vt 0.405952781 0.854136049
vt 0.930642426 0.582747936
vt 0.839935123 0.892808795
vt 0.364587873 0.515135347
vt 0.305638134 0.485886156
vt 0.300511449 0.534418821
vt 0.367560237 0.613095223
vt 0.414624899 0.598230719
vt 0.306140571 0.629371523
vt 0.362777829 0.882367730
vt 0.376314312 0.945758819
vt 0.435566842 0.885403096
vt 0.473986834 0.808446109
vt 0.423828572 0.806031942
vt 0.368218511 0.809417188
vt 0.938390910 0.644540548
vt 0.884588956 0.564976573
vt 0.880856990 0.647808075
vt 0.799434185 0.902642369
vt 0.804172873 0.947194576
vt 0.860666155 0.925706684
vt 0.867650806 0.836427927
vt 0.809604585 0.825467109
vt 0.917872905 0.850070595
vt 0.945080041 0.752510726
vt 0.878344714 0.739256143
vt 0.887732267 0.954788804
vt 0.964253544 0.870703458
vt 0.999954938 0.757511317
vt 0.435821682 0.704187214
vt 0.379145592 0.715615212
vt 0.314010441 0.723842382
vt 0.301726073 0.810371339
vt 0.295948505 0.902864694
vt 0.305515885 0.986370205
vt 0.817249178 0.546143770
vt 0.813707232 0.636694073
vt 0.81203866 0.731192171
vt 0.810614049 0.983178615
vt 0.495279282 0.645250618
vt 0.527883887 0.559635818
vt 0.582769691 0.496366798
vt 0.037181600 0.551988661
vt 0.001568824 0.665604710
vt 0.740320265 0.442415356
vt 0.659661769 0.456976592
vt 0.260251194 0.438920855
vt 0.191457748 0.440575420
vt 0.113842800 0.471628487
vt 0.990570902 0.644102275
vt 0.971756339 0.544057726
vt 0.898958683 0.494286060
vt 0.459753096 0.583179354
vt 0.485175907 0.698342502
vt 0.823162376 0.458626925
vt 0.325025081 0.451994419
vt 0.397600710 0.490697681
s 1
f 2641/3143 2645/3147 2646/3148 2647/3149
f 2641/3143 2648/3150 2649/3151 2645/3147
f 2641/3143 2647/3149 2650/3152 2648/3150
f 2642/3144 2651/3153 2652/3154 2653/3155
f 2642/3144 2653/3155 2654/3156 2655/3157
f 2642/3144 2655/3157 2656/3158 2651/3153
f 2643/3145 2657/3159 2654/3237 2653/3238
f 2643/3145 2658/3160 2659/3161 2657/3159
f 2643/3145 2653/3238 2652/3239 2658/3160
f 2644/3146 2660/3162 2661/3163 2662/3164
f 2644/3146 2663/3165 2664/3166 2660/3162
f 2644/3146 2662/3164 2665/3167 2663/3165
f 2665/3167 2666/3168 2667/3169 2663/3165
f 2665/3167 2662/3164 2668/3170 2669/3171
f 2665/3167 2669/3171 2670/3172 2666/3168
f 2670/3172 2654/3237 2657/3159 2666/3168
f 2670/3241 2669/3240 2649/3151 2671/3173
f 2670/3241 2671/3173 2655/3157 2654/3156
f 2671/3173 2649/3151 2648/3150 2672/3174
f 2671/3173 2672/3174 2656/3158 2655/3157
f 2672/3174 2648/3150 2650/3152 2673/3175
f 2672/3174 2673/3175 2674/3176 2656/3158
f 2674/3176 2675/3177 2651/3153 2656/3158
f 2674/3176 2673/3175 2676/3178 2677/3179
f 2674/3176 2677/3179 2678/3180 2675/3177
f 2678/3180 2679/3181 2680/3182 2675/3177
f 2680/3243 2679/3242 2681/3183 2682/3184
f 2680/3243 2682/3184 2658/3160 2652/3239
f 2680/3182 2652/3154 2651/3153 2675/3177
f 2682/3184 2681/3183 2683/3185 2684/3186
f 2682/3184 2684/3186 2659/3161 2658/3160
f 2684/3186 2683/3185 2685/3187 2686/3188
f 2684/3186 2686/3188 2667/3169 2659/3161
f 2686/3188 2685/3187 2687/3189 2664/3166
f 2686/3188 2664/3166 2663/3165 2667/3169
f 2687/3189 2688/3190 2660/3162 2664/3166
f 2688/3190 2689/3191 2661/3163 2660/3162
f 2689/3191 2690/3192 2691/3193 2661/3163
f 2691/3193 2668/3170 2662/3164 2661/3163
f 2691/3245 2690/3244 2692/3194 2646/3148
f 2691/3245 2646/3148 2645/3147 2668/3246
f 2692/3194 2693/3195 2647/3149 2646/3148
f 2693/3195 2694/3196 2650/3152 2647/3149
f 2694/3196 2676/3178 2673/3175 2650/3152
f 2669/3240 2668/3246 2645/3147 2649/3151
f 2667/3169 2666/3168 2657/3159 2659/3161
f 2701/3203 2700/3202 2699/3201 2695/3197
f 2699/3201 2703/3205 2702/3204 2695/3197
f 2702/3204 2704/3206 2701/3203 2695/3197
f 2707/3209 2706/3208 2705/3207 2696/3198
f 2709/3211 2708/3210 2707/3209 2696/3198
f 2705/3207 2710/3212 2709/3211 2696/3198
f 2707/3248 2708/3247 2711/3213 2697/3199
f 2711/3213 2713/3215 2712/3214 2697/3199
f 2712/3214 2706/3249 2707/3248 2697/3199
f 2716/3218 2715/3217 2714/3216 2698/3200
f 2714/3216 2718/3220 2717/3219 2698/3200
f 2717/3219 2719/3221 2716/3218 2698/3200
f 2717/3219 2721/3223 2720/3222 2719/3221
f 2723/3225 2722/3224 2716/3218 2719/3221
f 2720/3222 2724/3226 2723/3225 2719/3221
f 2720/3222 2711/3213 2708/3247 2724/3226
f 2725/3227 2703/3205 2723/3250 2724/3251
f 2708/3210 2709/3211 2725/3227 2724/3251
f 2726/3228 2702/3204 2703/3205 2725/3227
f 2709/3211 2710/3212 2726/3228 2725/3227
f 2727/3229 2704/3206 2702/3204 2726/3228
f 2710/3212 2728/3230 2727/3229 2726/3228
f 2710/3212 2705/3207 2729/3231 2728/3230
f 2677/3179 2676/3178 2727/3229 2728/3230
f 2729/3231 2678/3180 2677/3179 2728/3230
f 2729/3231 2730/3232 2679/3181 2678/3180
f 2731/3233 2681/3183 2679/3242 2730/3252
f 2706/3249 2712/3214 2731/3233 2730/3252
f 2729/3231 2705/3207 2706/3208 2730/3232
f 2732/3234 2683/3185 2681/3183 2731/3233
f 2712/3214 2713/3215 2732/3234 2731/3233
f 2733/3235 2685/3187 2683/3185 2732/3234
f 2713/3215 2721/3223 2733/3235 2732/3234
f 2718/3220 2687/3189 2685/3187 2733/3235
f 2721/3223 2717/3219 2718/3220 2733/3235
f 2718/3220 2714/3216 2688/3190 2687/3189
f 2714/3216 2715/3217 2689/3191 2688/3190
f 2715/3217 2734/3236 2690/3192 2689/3191
f 2715/3217 2716/3218 2722/3224 2734/3236
f 2700/3202 2692/3194 2690/3244 2734/3253
f 2722/3254 2699/3201 2700/3202 2734/3253
f 2700/3202 2701/3203 2693/3195 2692/3194
f 2701/3203 2704/3206 2694/3196 2693/3195
f 2704/3206 2727/3229 2676/3178 2694/3196
f 2703/3205 2699/3201 2722/3254 2723/3250
f 2713/3215 2711/3213 2720/3222 2721/3223
o Head_1
usemtl Head_1
v -0.39021108 0.199722677 0.114494927 0.999999940 0.999999940 0.999999940
v -0.32916281 0.286692351 0.125445485 0.999999940 0.999999940 0.999999940
v -0.41859496 0.345459729 0.117591373 0.999999940 0.999999940 0.999999940
v -0.46085164 0.255222529 0.106223456 0.999999940 0.999999940 0.999999940
v -0.32094729 0.200976342 0.266265749 0.999999940 0.999999940 0.999999940
v -0.25499043 0.269264519 0.277318656 0.999999940 0.999999940 0.999999940
v -0.48071647 0.228740498 0.069821901 0.999999940 0.999999940 0.999999940
v -0.39458776 0.184824734 0.088002517 0.999999940 0.999999940 0.999999940
v -0.42082575 0.056516032 0.177672773 0.999999940 0.999999940 0.999999940
v -0.37901393 0.082094587 0.290972471 0.999999940 0.999999940 0.999999940
v -0.43007869 0.032035116 0.104352034 0.999999940 0.999999940 0.999999940
v -0.28655604 0.331253916 0.113373935 0.999999940 0.999999940 0.999999940
v -0.38403875 0.398411393 0.105602257 0.999999940 0.999999940 0.999999940
v -0.16052596 0.335153788 0.264006316 0.999999940 0.999999940 0.999999940
v -0.52113307 0.402926087 0.092782430 0.999999940 0.999999940 0.999999940
v -0.51660085 0.321858495 0.100794382 0.999999940 0.999999940 0.999999940
v -0.46986187 0.450139850 0.084848113 0.999999940 0.999999940 0.999999940
v -0.53609604 0.312924027 0.059934370 0.999999940 0.999999940 0.999999940
v -0.49321643 0.330683261 0.008465975 0.999999940 0.999999940 0.999999940
v -0.4227033 0.303366243 -0.01208628 0.999999940 0.999999940 0.999999940
v -0.26547626 0.277281314 -0.04852755 0.999999940 0.999999940 0.999999940
v -0.29942751 0.195572853 -0.1137137 0.999999940 0.999999940 0.999999940
v -0.37639683 0.103899329 -0.03855844 0.999999940 0.999999940 0.999999940
v -0.43810251 -0.01587403 0.035003483 0.999999940 0.999999940 0.999999940
v -0.46797755 -0.0656105 0.142960697 0.999999940 0.999999940 0.999999940
v -0.44126529 -0.06591141 0.217247635 0.999999940 0.999999940 0.999999940
v -0.48408183 -0.11375077 0.118343539 0.999999940 0.999999940 0.999999940
v -0.37959099 -0.04794803 0.349149942 0.999999940 0.999999940 0.999999940
v -0.35238689 -0.01767912 0.38906914 0.999999940 0.999999940 0.999999940
v -0.34340453 0.087535068 0.346516430 0.999999940 0.999999940 0.999999940
v -0.25951451 0.189384222 0.372510492 0.999999940 0.999999940 0.999999940
v -0.18556748 0.239227876 0.374482691 0.999999940 0.999999940 0.999999940
v -0.10731925 0.273718237 0.373985767 0.999999940 0.999999940 0.999999940
v 0 0.366105794 0.298146188 0.999999940 0.999999940 0.999999940
v 0 0.405179619 0.186512321 0.999999940 0.999999940 0.999999940
v -0.12967265 0.384917765 0.163167893 0.999999940 0.999999940 0.999999940
v 0 0.303469091 0.384420454 0.999999940 0.999999940 0.999999940
v -0.25561091 0.353724420 0.087424278 0.999999940 0.999999940 0.999999940
v -0.36466053 0.430905580 0.077186241 0.999999940 0.999999940 0.999999940
v -0.43224096 0.458347320 0.071789942 0.999999940 0.999999940 0.999999940
v -0.48628187 0.466374993 0.060857679 0.999999940 0.999999940 0.999999940
v -0.52822137 0.403585672 0.053213056 0.999999940 0.999999940 0.999999940
v -0.44952169 0.452856928 0.037819512 0.999999940 0.999999940 0.999999940
v -0.47642744 0.400183498 0.009690396 0.999999940 0.999999940 0.999999940
v -0.3819052 0.388823479 -0.00804154 0.999999940 0.999999940 0.999999940
v -0.23425797 0.352412670 0.011411435 0.999999940 0.999999940 0.999999940
v -0.12221014 0.370179295 -0.02343242 0.999999940 0.999999940 0.999999940
v -0.13596341 0.309742629 -0.11194658 0.999999940 0.999999940 0.999999940
v -0.15138042 0.220769941 -0.19381787 0.999999940 0.999999940 0.999999940
v -0.14544815 0.100591719 -0.25934839 0.999999940 0.999999940 0.999999940
v -0.27116242 0.070311591 -0.1958176 0.999999940 0.999999940 0.999999940
v -0.36096209 0.015258816 -0.11131592 0.999999940 0.999999940 0.999999940
v -0.42698127 -0.07146255 -0.0168439 0.999999940 0.999999940 0.999999940
v -0.47221202 -0.16668099 0.088564947 0.999999940 0.999999940 0.999999940
v -0.45083818 -0.13321149 0.216239512 0.999999940 0.999999940 0.999999940
v -0.44182178 -0.18853372 0.204739540 0.999999940 0.999999940 0.999999940
v -0.39468303 -0.14615324 -0.05223387 0.999999940 0.999999940 0.999999940
v -0.42730975 -0.2212556 0.053137373 0.999999940 0.999999940 0.999999940
v -0.41372335 -0.25302213 0.174549579 0.999999940 0.999999940 0.999999940
v -0.33559737 -0.08494496 -0.15166061 0.999999940 0.999999940 0.999999940
v -0.25197169 -0.05159121 -0.2281114 0.999999940 0.999999940 0.999999940
v -0.13781133 -0.03380058 -0.2896415 0.999999940 0.999999940 0.999999940
v 0 0.113116070 -0.2886759 0.999999940 0.999999940 0.999999940
v 0 -0.0268786 -0.31498116 0.999999940 0.999999940 0.999999940
v 0 0.23420614 -0.2236201 0.999999940 0.999999940 0.999999940
v 0 0.325248122 -0.13719715 0.999999940 0.999999940 0.999999940
v 0 0.382135927 -0.0366701 0.999999940 0.999999940 0.999999940
v 0 0.407538116 0.075448438 0.999999940 0.999999940 0.999999940
v -0.11848442 0.392050504 0.069098606 0.999999940 0.999999940 0.999999940
v -0.23802251 0.360123097 0.052024275 0.999999940 0.999999940 0.999999940
v -0.36191699 0.432536661 0.029351934 0.999999940 0.999999940 0.999999940
v 0.118484415 0.392050504 0.069098606 0.999999940 0.999999940 0.999999940
v 0.122210137 0.370179295 -0.02343242 0.999999940 0.999999940 0.999999940
v 0.129672646 0.384917765 0.163167893 0.999999940 0.999999940 0.999999940
v 0.135963410 0.309742629 -0.11194658 0.999999940 0.999999940 0.999999940
v 0.151380419 0.220769941 -0.19381787 0.999999940 0.999999940 0.999999940
v 0.145448148 0.100591719 -0.25934839 0.999999940 0.999999940 0.999999940
v 0.137811332 -0.03380058 -0.2896415 0.999999940 0.999999940 0.999999940
v -0.12707396 -0.17428847 -0.27495641 0.999999940 0.999999940 0.999999940
v 0 -0.17663592 -0.29577136 0.999999940 0.999999940 0.999999940
v 0.127073958 -0.17428847 -0.27495641 0.999999940 0.999999940 0.999999940
v -0.2337898 -0.1727003 -0.21940233 0.999999940 0.999999940 0.999999940
v -0.30564299 -0.1685794 -0.16440569 0.999999940 0.999999940 0.999999940
v -0.33389041 -0.22223693 -0.09952591 0.999999940 0.999999940 0.999999940
v -0.23422396 -0.26924753 -0.16079168 0.999999940 0.999999940 0.999999940
v -0.12192838 -0.29136813 -0.21113859 0.999999940 0.999999940 0.999999940
v 0 -0.29857653 -0.22987761 0.999999940 0.999999940 0.999999940
v 0.121928378 -0.29136813 -0.21113859 0.999999940 0.999999940 0.999999940
v 0.233789801 -0.1727003 -0.21940233 0.999999940 0.999999940 0.999999940
v 0.234223961 -0.26924753 -0.16079168 0.999999940 0.999999940 0.999999940
v 0.251971691 -0.05159121 -0.2281114 0.999999940 0.999999940 0.999999940
v 0.271162420 0.070311591 -0.1958176 0.999999940 0.999999940 0.999999940
v 0.299427509 0.195572853 -0.1137137 0.999999940 0.999999940 0.999999940
v 0.265476256 0.277281314 -0.04852755 0.999999940 0.999999940 0.999999940
v 0.234257966 0.352412670 0.011411435 0.999999940 0.999999940 0.999999940
v 0.238022506 0.360123097 0.052024275 0.999999940 0.999999940 0.999999940
v 0.255610913 0.353724420 0.087424278 0.999999940 0.999999940 0.999999940
v 0.160525962 0.335153788 0.264006316 0.999999940 0.999999940 0.999999940
v 0.286556035 0.331253916 0.113373935 0.999999940 0.999999940 0.999999940
v 0.364660531 0.430905580 0.077186241 0.999999940 0.999999940 0.999999940
v 0.361916989 0.432536661 0.029351934 0.999999940 0.999999940 0.999999940
v 0.384038746 0.398411393 0.105602257 0.999999940 0.999999940 0.999999940
v 0.381905198 0.388823479 -0.00804154 0.999999940 0.999999940 0.999999940
v 0.422703295 0.303366243 -0.01208628 0.999999940 0.999999940 0.999999940
v 0.394587755 0.184824734 0.088002517 0.999999940 0.999999940 0.999999940
v 0.376396834 0.103899329 -0.03855844 0.999999940 0.999999940 0.999999940
v 0.480716466 0.228740498 0.069821901 0.999999940 0.999999940 0.999999940
v 0.360962092 0.015258816 -0.11131592 0.999999940 0.999999940 0.999999940
v 0.335597366 -0.08494496 -0.15166061 0.999999940 0.999999940 0.999999940
v 0.305642992 -0.1685794 -0.16440569 0.999999940 0.999999940 0.999999940
v 0.333890408 -0.22223693 -0.09952591 0.999999940 0.999999940 0.999999940
v 0.353992104 -0.28293207 0.003104493 0.999999940 0.999999940 0.999999940
v 0.241981133 -0.34100759 -0.05866627 0.999999940 0.999999940 0.999999940
v 0.123057477 -0.37460619 -0.10293572 0.999999940 0.999999940 0.999999940
v 0 -0.39047456 -0.1197831 0.999999940 0.999999940 0.999999940
v -0.12305748 -0.37460619 -0.10293572 0.999999940 0.999999940 0.999999940
v 0 -0.4436186 0.007907263 0.999999940 0.999999940 0.999999940
v -0.12091384 -0.42708516 0.022211164 0.999999940 0.999999940 0.999999940
v 0.120913840 -0.42708516 0.022211164 0.999999940 0.999999940 0.999999940
v 0.238267839 -0.38446072 0.061175394 0.999999940 0.999999940 0.999999940
v 0.346692204 -0.32294899 0.122564226 0.999999940 0.999999940 0.999999940
v 0.394683033 -0.14615324 -0.05223387 0.999999940 0.999999940 0.999999940
v 0.427309751 -0.2212556 0.053137373 0.999999940 0.999999940 0.999999940
v 0.413723349 -0.25302213 0.174549579 0.999999940 0.999999940 0.999999940
v 0.426981270 -0.07146255 -0.0168439 0.999999940 0.999999940 0.999999940
v 0.438102513 -0.01587403 0.035003483 0.999999940 0.999999940 0.999999940
v 0.430078685 0.032035116 0.104352034 0.999999940 0.999999940 0.999999940
v 0.460851639 0.255222529 0.106223456 0.999999940 0.999999940 0.999999940
v 0.390211075 0.199722677 0.114494927 0.999999940 0.999999940 0.999999940
v 0.420825749 0.056516032 0.177672773 0.999999940 0.999999940 0.999999940
v 0.536096036 0.312924027 0.059934370 0.999999940 0.999999940 0.999999940
v 0.493216425 0.330683261 0.008465975 0.999999940 0.999999940 0.999999940
v 0.516600847 0.321858495 0.100794382 0.999999940 0.999999940 0.999999940
v 0.476427435 0.400183498 0.009690396 0.999999940 0.999999940 0.999999940
v 0.528221368 0.403585672 0.053213056 0.999999940 0.999999940 0.999999940
v 0.521133065 0.402926087 0.092782430 0.999999940 0.999999940 0.999999940
v 0.418594956 0.345459729 0.117591373 0.999999940 0.999999940 0.999999940
v 0.329162806 0.286692351 0.125445485 0.999999940 0.999999940 0.999999940
v 0.254990428 0.269264519 0.277318656 0.999999940 0.999999940 0.999999940
v 0.320947289 0.200976342 0.266265749 0.999999940 0.999999940 0.999999940
v 0.379013925 0.082094587 0.290972471 0.999999940 0.999999940 0.999999940
v 0.441265285 -0.06591141 0.217247635 0.999999940 0.999999940 0.999999940
v 0.467977553 -0.0656105 0.142960697 0.999999940 0.999999940 0.999999940
v 0.379590988 -0.04794803 0.349149942 0.999999940 0.999999940 0.999999940
v 0.484081834 -0.11375077 0.118343539 0.999999940 0.999999940 0.999999940
v 0.472212016 -0.16668099 0.088564947 0.999999940 0.999999940 0.999999940
v 0.441821783 -0.18853372 0.204739540 0.999999940 0.999999940 0.999999940
v 0.360610723 -0.25724596 0.297334134 0.999999940 0.999999940 0.999999940
v 0.383591324 -0.18421511 0.327008247 0.999999940 0.999999940 0.999999940
v 0.307926714 -0.3347773 0.24460648 0.999999940 0.999999940 0.999999940
v 0.217631384 -0.40376824 0.185049146 0.999999940 0.999999940 0.999999940
v 0.259307265 -0.34366634 0.361304104 0.999999940 0.999999940 0.999999940
v 0.30065611 -0.265003 0.411329746 0.999999940 0.999999940 0.999999940
v 0.184810921 -0.41018692 0.307691693 0.999999940 0.999999940 0.999999940
v 0.315625160 -0.18675607 0.446581780 0.999999940 0.999999940 0.999999940
v 0.450838178 -0.13321149 0.216239512 0.999999940 0.999999940 0.999999940
v 0.389301717 -0.12112364 0.341301739 0.999999940 0.999999940 0.999999940
v 0.312399298 -0.12032828 0.466555416 0.999999940 0.999999940 0.999999940
v 0.343404531 0.087535068 0.346516430 0.999999940 0.999999940 0.999999940
v 0.352386891 -0.01767912 0.38906914 0.999999940 0.999999940 0.999999940
v 0.293871194 -0.06825763 0.478695094 0.999999940 0.999999940 0.999999940
v 0.302527934 -0.08699095 0.474879384 0.999999940 0.999999940 0.999999940
v 0.259514510 0.189384222 0.372510492 0.999999940 0.999999940 0.999999940
v 0.185567483 0.239227876 0.374482691 0.999999940 0.999999940 0.999999940
v 0.107319250 0.273718237 0.373985767 0.999999940 0.999999940 0.999999940
v 0.469861865 0.450139850 0.084848113 0.999999940 0.999999940 0.999999940
v 0.432240963 0.458347320 0.071789942 0.999999940 0.999999940 0.999999940
v 0.449521690 0.452856928 0.037819512 0.999999940 0.999999940 0.999999940
v 0.486281871 0.466374993 0.060857679 0.999999940 0.999999940 0.999999940
v 0.069775633 0.191515997 0.476705372 0.999999940 0.999999940 0.999999940
v 0.111658126 0.178139627 0.478868126 0.999999940 0.999999940 0.999999940
v 0 0.202555134 0.478764891 0.999999940 0.999999940 0.999999940
v 0.146726921 0.157363742 0.476401746 0.999999940 0.999999940 0.999999940
v 0.250064045 0.178971722 0.386160194 0.999999940 0.999999940 0.999999940
v 0.335052639 0.090420290 0.352622509 0.999999940 0.999999940 0.999999940
v 0.149653539 0.151571258 0.477448761 0.999999940 0.999999940 0.999999940
v 0.335522353 -0.00149741 0.398842036 0.999999940 0.999999940 0.999999940
v 0.277798980 -0.0448469 0.479190528 0.999999940 0.999999940 0.999999940
v 0.291962266 0.014163261 0.398827791 0.999999940 0.999999940 0.999999940
v 0.254445225 -0.0296724 0.456944584 0.999999940 0.999999940 0.999999940
v 0.295860946 0.083685807 0.371469855 0.999999940 0.999999940 0.999999940
v 0.239006057 0.152440547 0.391202092 0.999999940 0.999999940 0.999999940
v 0.162792921 0.127029612 0.465483129 0.999999940 0.999999940 0.999999940
v 0.133620545 0.069953829 0.541568219 0.999999940 0.999999940 0.999999940
v 0.113584563 0.074576653 0.550257980 0.999999940 0.999999940 0.999999940
v 0.150719106 0.060663566 0.527199745 0.999999940 0.999999940 0.999999940
v 0.092614144 0.076953180 0.557438433 0.999999940 0.999999940 0.999999940
v 0.055105287 0.080053217 0.563917875 0.999999940 0.999999940 0.999999940
v 0 0.083349250 0.568131566 0.999999940 0.999999940 0.999999940
v -0.06977563 0.191515997 0.476705372 0.999999940 0.999999940 0.999999940
v -0.05510529 0.080053217 0.563917875 0.999999940 0.999999940 0.999999940
v -0.06044254 -0.0347182 0.635560333 0.999999940 0.999999940 0.999999940
v 0 -0.03134454 0.650587499 0.999999940 0.999999940 0.999999940
v 0.060442537 -0.0347182 0.635560333 0.999999940 0.999999940 0.999999940
v 0.110918231 -0.02921032 0.613651275 0.999999940 0.999999940 0.999999940
v 0.153535783 -0.00882655 0.584412872 0.999999940 0.999999940 0.999999940
v 0.168075218 -0.00182383 0.573419153 0.999999940 0.999999940 0.999999940
v 0.179404497 0.003931877 0.554484129 0.999999940 0.999999940 0.999999940
v 0.164216950 0.034462090 0.501403033 0.999999940 0.999999940 0.999999940
v 0.186355769 0.003608956 0.528903484 0.999999940 0.999999940 0.999999940
v 0.171396777 0.087977096 0.436643958 0.999999940 0.999999940 0.999999940
v 0.219254747 0.115631781 0.391354620 0.999999940 0.999999940 0.999999940
v 0.247628480 0.075810365 0.378490865 0.999999940 0.999999940 0.999999940
v 0.224959731 0.032658282 0.402776897 0.999999940 0.999999940 0.999999940
v 0.206387221 -0.01548629 0.472371220 0.999999940 0.999999940 0.999999940
v 0.223869472 -0.02927229 0.520805001 0.999999940 0.999999940 0.999999940
v 0.228549972 -0.05029214 0.540403246 0.999999940 0.999999940 0.999999940
v 0.227171123 -0.06947438 0.548779249 0.999999940 0.999999940 0.999999940
v 0.224063530 -0.10541591 0.561316728 0.999999940 0.999999940 0.999999940
v 0.151120916 -0.13723485 0.633594334 0.999999940 0.999999940 0.999999940
v 0.073708429 -0.14730646 0.674486875 0.999999940 0.999999940 0.999999940
v 0 -0.14510241 0.689087271 0.999999940 0.999999940 0.999999940
v -0.07370843 -0.14730646 0.674486875 0.999999940 0.999999940 0.999999940
v -0.09261414 0.076953180 0.557438433 0.999999940 0.999999940 0.999999940
v -0.11091823 -0.02921032 0.613651275 0.999999940 0.999999940 0.999999940
v -0.15112092 -0.13723485 0.633594334 0.999999940 0.999999940 0.999999940
v -0.11165813 0.178139627 0.478868126 0.999999940 0.999999940 0.999999940
v -0.14672692 0.157363742 0.476401746 0.999999940 0.999999940 0.999999940
v -0.11358456 0.074576653 0.550257980 0.999999940 0.999999940 0.999999940
v -0.15353578 -0.00882655 0.584412872 0.999999940 0.999999940 0.999999940
v -0.22406353 -0.10541591 0.561316728 0.999999940 0.999999940 0.999999940
v -0.24105974 -0.199811 0.544268369 0.999999940 0.999999940 0.999999940
v -0.1634692 -0.21888478 0.618760407 0.999999940 0.999999940 0.999999940
v -0.08110724 -0.23204124 0.666562616 0.999999940 0.999999940 0.999999940
v 0 -0.23522687 0.682216882 0.999999940 0.999999940 0.999999940
v 0.081107236 -0.23204124 0.666562616 0.999999940 0.999999940 0.999999940
v 0.163469195 -0.21888478 0.618760407 0.999999940 0.999999940 0.999999940
v 0.241059735 -0.199811 0.544268369 0.999999940 0.999999940 0.999999940
v 0.232610732 -0.27647376 0.512894570 0.999999940 0.999999940 0.999999940
v 0.158184036 -0.29244921 0.591333866 0.999999940 0.999999940 0.999999940
v 0.080812789 -0.30689538 0.636866688 0.999999940 0.999999940 0.999999940
v 0 -0.31306928 0.651006698 0.999999940 0.999999940 0.999999940
v -0.08081279 -0.30689538 0.636866688 0.999999940 0.999999940 0.999999940
v -0.15818404 -0.29244921 0.591333866 0.999999940 0.999999940 0.999999940
v -0.23261073 -0.27647376 0.512894570 0.999999940 0.999999940 0.999999940
v -0.3123993 -0.12032828 0.466555416 0.999999940 0.999999940 0.999999940
v -0.31562516 -0.18675607 0.446581780 0.999999940 0.999999940 0.999999940
v -0.30065611 -0.265003 0.411329746 0.999999940 0.999999940 0.999999940
v -0.22717112 -0.06947438 0.548779249 0.999999940 0.999999940 0.999999940
v -0.30252793 -0.08699095 0.474879384 0.999999940 0.999999940 0.999999940
v -0.16807522 -0.00182383 0.573419153 0.999999940 0.999999940 0.999999940
v -0.13362055 0.069953829 0.541568219 0.999999940 0.999999940 0.999999940
v -0.14965354 0.151571258 0.477448761 0.999999940 0.999999940 0.999999940
v -0.16279292 0.127029612 0.465483129 0.999999940 0.999999940 0.999999940
v -0.15071911 0.060663566 0.527199745 0.999999940 0.999999940 0.999999940
v -0.1794045 0.003931877 0.554484129 0.999999940 0.999999940 0.999999940
v -0.22854997 -0.05029214 0.540403246 0.999999940 0.999999940 0.999999940
v -0.29387119 -0.06825763 0.478695094 0.999999940 0.999999940 0.999999940
v -0.38930172 -0.12112364 0.341301739 0.999999940 0.999999940 0.999999940
v -0.38359132 -0.18421511 0.327008247 0.999999940 0.999999940 0.999999940
v -0.36061072 -0.25724596 0.297334134 0.999999940 0.999999940 0.999999940
v -0.30792671 -0.3347773 0.24460648 0.999999940 0.999999940 0.999999940
v -0.25930727 -0.34366634 0.361304104 0.999999940 0.999999940 0.999999940
v -0.20558774 -0.3469584 0.472162723 0.999999940 0.999999940 0.999999940
v -0.14523028 -0.35365328 0.553614258 0.999999940 0.999999940 0.999999940
v -0.07840158 -0.37038445 0.590010404 0.999999940 0.999999940 0.999999940
v 0 -0.37959421 0.602504968 0.999999940 0.999999940 0.999999940
v 0.078401580 -0.37038445 0.590010404 0.999999940 0.999999940 0.999999940
v 0.145230278 -0.35365328 0.553614258 0.999999940 0.999999940 0.999999940
v 0.073592059 -0.41528779 0.524330496 0.999999940 0.999999940 0.999999940
v 0.129576489 -0.39330468 0.512320518 0.999999940 0.999999940 0.999999940
v 0 -0.42859778 0.526933789 0.999999940 0.999999940 0.999999940
v -0.07359206 -0.41528779 0.524330496 0.999999940 0.999999940 0.999999940
v -0.12957649 -0.39330468 0.512320518 0.999999940 0.999999940 0.999999940
v -0.15240622 -0.40643498 0.431607782 0.999999940 0.999999940 0.999999940
v -0.18481092 -0.41018692 0.307691693 0.999999940 0.999999940 0.999999940
v -0.21763138 -0.40376824 0.185049146 0.999999940 0.999999940 0.999999940
v -0.3466922 -0.32294899 0.122564226 0.999999940 0.999999940 0.999999940
v -0.23826784 -0.38446072 0.061175394 0.999999940 0.999999940 0.999999940
v -0.3539921 -0.28293207 0.003104493 0.999999940 0.999999940 0.999999940
v -0.24198113 -0.34100759 -0.05866627 0.999999940 0.999999940 0.999999940
v -0.11058106 -0.44690129 0.147124052 0.999999940 0.999999940 0.999999940
v -0.09307928 -0.4520323 0.275918483 0.999999940 0.999999940 0.999999940
v -0.07771835 -0.44701478 0.410014092 0.999999940 0.999999940 0.999999940
v 0 -0.46114004 0.405301034 0.999999940 0.999999940 0.999999940
v 0.077718354 -0.44701478 0.410014092 0.999999940 0.999999940 0.999999940
v 0.152406215 -0.40643498 0.431607782 0.999999940 0.999999940 0.999999940
v 0.205587744 -0.3469584 0.472162723 0.999999940 0.999999940 0.999999940
v 0.093079283 -0.4520323 0.275918483 0.999999940 0.999999940 0.999999940
v 0 -0.46716312 0.266660749 0.999999940 0.999999940 0.999999940
v 0 -0.46298316 0.135760754 0.999999940 0.999999940 0.999999940
v 0.110581062 -0.44690129 0.147124052 0.999999940 0.999999940 0.999999940
v -0.27779898 -0.0448469 0.479190528 0.999999940 0.999999940 0.999999940
v -0.33552235 -0.00149741 0.398842036 0.999999940 0.999999940 0.999999940
v -0.33505264 0.090420290 0.352622509 0.999999940 0.999999940 0.999999940
v -0.22386947 -0.02927229 0.520805001 0.999999940 0.999999940 0.999999940
v -0.25444523 -0.0296724 0.456944584 0.999999940 0.999999940 0.999999940
v -0.20638722 -0.01548629 0.472371220 0.999999940 0.999999940 0.999999940
v -0.29196227 0.014163261 0.398827791 0.999999940 0.999999940 0.999999940
v -0.29586095 0.083685807 0.371469855 0.999999940 0.999999940 0.999999940
v -0.25006405 0.178971722 0.386160194 0.999999940 0.999999940 0.999999940
v -0.23900606 0.152440547 0.391202092 0.999999940 0.999999940 0.999999940
v -0.24762848 0.075810365 0.378490865 0.999999940 0.999999940 0.999999940
v -0.21925475 0.115631781 0.391354620 0.999999940 0.999999940 0.999999940
v -0.22495973 0.032658282 0.402776897 0.999999940 0.999999940 0.999999940
v -0.18635577 0.003608956 0.528903484 0.999999940 0.999999940 0.999999940
v -0.16421695 0.034462090 0.501403033 0.999999940 0.999999940 0.999999940
v -0.17139678 0.087977096 0.436643958 0.999999940 0.999999940 0.999999940
vt 0.677261471 0.457503259
vt 0.691375792 0.407217562
vt 0.736958622 0.430291771
vt 0.720495045 0.472522556
vt 0.629381179 0.366423487
vt 0.632778108 0.320318698
vt 0.707589864 0.488482296
vt 0.667624294 0.466866135
vt 0.648134291 0.446598589
vt 0.596333086 0.431367337
vt 0.539931237 0.915168225
vt 0.703811764 0.382835626
vt 0.752060174 0.404817998
vt 0.625455856 0.265280067
vt 0.785860180 0.452799618
vt 0.760505855 0.482538461
vt 0.794018030 0.421017050
vt 0.767866134 0.887788116
vt 0.744483113 0.909488081
vt 0.709872245 0.907062351
vt 0.635865867 0.924593210
vt 0.362447559 0.938329696
vt 0.447144091 0.929443836
vt 0.515608012 0.891102612
vt 0.573518097 0.868774056
vt 0.605244934 0.856605351
vt 0.564518272 0.844639599
vt 0.655211329 0.850392699
vt 0.521100759 0.462482094
vt 0.571040868 0.422933280
vt 0.580465316 0.358422517
vt 0.576797008 0.317529559
vt 0.564825654 0.279030501
vt 0.574184477 0.200429499
vt 0.61114043 0.167417824
vt 0.653508663 0.218023419
vt 0.540848255 0.232401669
vt 0.711423337 0.260075807
vt 0.763232886 0.386000812
vt 0.791396915 0.403247535
vt 0.810463488 0.420960009
vt 0.800470888 0.461578846
vt 0.808147072 0.398321986
vt 0.749446451 0.941617429
vt 0.707802951 0.951454639
vt 0.642921686 0.976370930
vt 0.256099462 0.992608189
vt 0.266348272 0.961824834
vt 0.274910301 0.919371724
vt 0.290902704 0.864345848
vt 0.364120185 0.882618129
vt 0.435745537 0.882574439
vt 0.501993298 0.856636881
vt 0.561265885 0.813312530
vt 0.606322169 0.819984078
vt 0.601128935 0.785123944
vt 0.491020709 0.815166294
vt 0.543930470 0.777994394
vt 0.586492240 0.747140407
vt 0.430254310 0.833350896
vt 0.376453876 0.825443267
vt 0.308853954 0.811164259
vt 0.219406276 0.837745904
vt 0.250094175 0.776191413
vt 0.195442527 0.890628635
vt 0.180061712 0.934901416
vt 0.176830023 0.970567703
vt 0.643413186 0.134205818
vt 0.680870950 0.187983989
vt 0.720288813 0.244754254
vt 0.714948654 0.978950440
vt 0.600278496 0.086790442
vt 0.623364508 0.054400682
vt 0.570235133 0.111106216
vt 0.113011837 0.901669740
vt 0.125810638 0.852353334
vt 0.154744327 0.797215223
vt 0.198816344 0.730865836
vt 0.338754326 0.748395681
vt 0.288571447 0.712181687
vt 0.242372900 0.676081836
vt 0.391664058 0.769190907
vt 0.430388987 0.786372244
vt 0.466819495 0.765340089
vt 0.422389924 0.724705934
vt 0.373323351 0.690132379
vt 0.325888842 0.654404997
vt 0.280324667 0.623788952
vt 0.201803118 0.642526388
vt 0.233087047 0.591737568
vt 0.158529639 0.693902492
vt 0.118724241 0.741312980
vt 0.065926544 0.788347780
vt 0.047154061 0.848548471
vt 0.043108169 0.901995718
vt 0.55337286 0.035792768
vt 0.535702109 0.041894495
vt 0.525836288 0.134822607
vt 0.514300823 0.043149709
vt 0.735535264 0.098349809
vt 0.734673917 0.076455533
vt 0.734718799 0.119650125
vt 0.728707194 0.049680113
vt 0.718907415 0.006986260
vt 0.000499831 0.734365701
vt 0.052113097 0.699032902
vt 0.114408388 0.430557966
vt 0.092453420 0.677595138
vt 0.137432038 0.641796112
vt 0.176055952 0.618591785
vt 0.181012734 0.576104402
vt 0.201316013 0.518715262
vt 0.258369475 0.540036797
vt 0.312308907 0.565782487
vt 0.365778952 0.597995758
vt 0.413347840 0.639128506
vt 0.408825725 0.545417487
vt 0.456500172 0.594442129
vt 0.350089162 0.514577984
vt 0.286765903 0.483911812
vt 0.223963528 0.466258645
vt 0.137412339 0.577751636
vt 0.153322994 0.516268014
vt 0.174588665 0.466414451
vt 0.094168901 0.605683863
vt 0.066214442 0.614710569
vt 0.031076589 0.630414903
vt 0.093508072 0.425941407
vt 0.103923894 0.383397638
vt 0.356811672 0.032797753
vt 0.103454589 0.474259316
vt 0.133520096 0.491976380
vt 0.085257381 0.461703777
vt 0.685280501 0.047273755
vt 0.08116249 0.504102587
vt 0.068221829 0.489409148
vt 0.045713316 0.440283119
vt 0.053063411 0.388793945
vt 0.475188374 0.111660003
vt 0.434199303 0.089463889
vt 0.367149889 0.086755871
vt 0.294101744 0.052286028
vt 0.292549878 0.016314208
vt 0.303698539 0.119204223
vt 0.088579505 0.546585619
vt 0.116908989 0.531880915
vt 0.232030138 0.058824539
vt 0.201273948 0.126966238
vt 0.238826751 0.121899604
vt 0.153661802 0.131327927
vt 0.104265578 0.157407343
vt 0.163176849 0.200254440
vt 0.208341866 0.192785382
vt 0.118334971 0.221678435
vt 0.246299028 0.190167725
vt 0.260164052 0.057532489
vt 0.269087672 0.120476067
vt 0.279474884 0.191336214
vt 0.371551126 0.117344915
vt 0.321088433 0.140836775
vt 0.305042445 0.196024298
vt 0.295763313 0.192507743
vt 0.431994378 0.147066593
vt 0.469860702 0.168633818
vt 0.503348827 0.192884087
vt 0.690202772 0.104662239
vt 0.703628063 0.094871938
vt 0.694343745 0.078763067
vt 0.680620729 0.094233453
vt 0.469846606 0.245088815
vt 0.453336268 0.232559382
vt 0.491425246 0.269866466
vt 0.435704827 0.222428083
vt 0.427498191 0.153574049
vt 0.373933851 0.121655464
vt 0.432745724 0.222402632
vt 0.332033962 0.146616578
vt 0.317162811 0.200404644
vt 0.346150994 0.161575734
vt 0.333810716 0.197618305
vt 0.374336481 0.140724182
vt 0.417203247 0.159843206
vt 0.420383989 0.215656220
vt 0.398695588 0.256201982
vt 0.40497756 0.264788150
vt 0.392053633 0.246989488
vt 0.410618424 0.273470222
vt 0.420692354 0.288153231
vt 0.435030251 0.309245884
vt 0.506639599 0.299982368
vt 0.447884947 0.331214487
vt 0.391071230 0.362069606
vt 0.376653134 0.339450657
vt 0.364389121 0.315290629
vt 0.357488095 0.293160855
vt 0.357497304 0.267752885
vt 0.357782453 0.258588016
vt 0.357354253 0.250611662
vt 0.377504557 0.233975887
vt 0.357418030 0.240202128
vt 0.400643795 0.205073714
vt 0.402586370 0.169813990
vt 0.381291747 0.162739992
vt 0.369044840 0.182242929
vt 0.349579572 0.214412331
vt 0.334747582 0.230997443
vt 0.323836535 0.237217187
vt 0.316299200 0.241979003
vt 0.300876796 0.249880194
vt 0.302755177 0.296723365
vt 0.310718268 0.334358096
vt 0.325773626 0.363637387
vt 0.340242445 0.390262603
vt 0.456156432 0.345454633
vt 0.407246768 0.379897773
vt 0.364614248 0.418721199
vt 0.513793528 0.321132779
vt 0.519789755 0.340861618
vt 0.46144858 0.353118121
vt 0.429473280 0.388999521
vt 0.407681971 0.440058350
vt 0.374886632 0.470831334
vt 0.333376556 0.444179475
vt 0.303134590 0.409470677
vt 0.283535420 0.379092574
vt 0.270119369 0.343788862
vt 0.263202697 0.301023423
vt 0.255090922 0.249993085
vt 0.218646243 0.252820551
vt 0.228446856 0.307963967
vt 0.233239576 0.352299869
vt 0.249026656 0.390531837
vt 0.265809804 0.425977945
vt 0.299494803 0.452487170
vt 0.702152192 0.642400503
vt 0.444586396 0.481255471
vt 0.422952413 0.501902222
vt 0.671088337 0.680196166
vt 0.426014155 0.433497250
vt 0.453930228 0.468299925
vt 0.437141656 0.392444729
vt 0.466052472 0.361030578
vt 0.519601702 0.344090759
vt 0.512179434 0.357045412
vt 0.470438391 0.370000898
vt 0.446402192 0.395040333
vt 0.435655891 0.428072750
vt 0.459938436 0.458422124
vt 0.653553366 0.804718017
vt 0.647743046 0.760507524
vt 0.629571020 0.710509359
vt 0.596695423 0.660801351
vt 0.633643209 0.624864876
vt 0.670801639 0.596457243
vt 0.694212257 0.569585442
vt 0.697088182 0.530595779
vt 0.213712096 0.396142303
vt 0.202308923 0.354812800
vt 0.196771502 0.314725697
vt 0.168464645 0.350285232
vt 0.174312144 0.316254198
vt 0.168956264 0.388761401
vt 0.656467139 0.513766646
vt 0.664920210 0.545922100
vt 0.633006930 0.555376172
vt 0.589767158 0.576244831
vt 0.548311829 0.604124546
vt 0.557298421 0.692652702
vt 0.504857480 0.641346275
vt 0.51184237 0.732339143
vt 0.464882880 0.679572701
vt 0.502057135 0.561174988
vt 0.549688398 0.529028534
vt 0.603627502 0.513767480
vt 0.583364427 0.477033495
vt 0.123437993 0.317241966
vt 0.147747129 0.283839225
vt 0.183441326 0.262596368
vt 0.087581872 0.259473025
vt 0.065055280 0.312179684
vt 0.463249117 0.515685915
vt 0.059556003 0.202670455
vt 0.465612828 0.447423517
vt 0.518726468 0.453139185
vt 0.568291246 0.420602798
vt 0.449418336 0.422789216
vt 0.478178978 0.435820341
vt 0.474076479 0.416113257
vt 0.518764913 0.435798764
vt 0.555592000 0.411130309
vt 0.572276055 0.365419268
vt 0.561598420 0.370333194
vt 0.540470004 0.402467012
vt 0.543690800 0.380672693
vt 0.513987183 0.410326123
vt 0.456188738 0.399569511
vt 0.474982917 0.385412752
vt 0.513869643 0.376404404
vt 0.697499454 0.377228021
vt 0.507887005 0.978700995
vt 0.704743564 0.321564972
vt 0.751625597 0.841398060
vt 0.736357629 0.856421172
vt 0.493054837 0.97429353
vt 0.684245467 0.841640949
vt 0.574701070 0.929955840
vt 0.628965973 0.923219144
vt 0.709379017 0.288124859
vt 0.778476893 0.868764042
vt 0.776537060 0.495229184
vt 0.364583998 0.974487602
vt 0.529123008 0.482656896
vt 0.709164261 0.362015962
vt 0.777240037 0.967434167
vt 0.777814447 0.930339396
vt 0.756688833 0.970517933
vt 0.327462732 0.999876797
vt 0.732136845 0.231373071
vt 0.711643755 0.163556337
vt 0.672628521 0.096707761
vt 0.652309656 0.995255231
vt 0.711138308 0.343416273
vt 0.775189220 0.367203533
vt 0.101196862 0.942729115
vt 0.802639126 0.002272486
vt 0.213119953 0.411149859
vt 0.568766236 0.026169538
vt 0.798273384 0.050728082
vt 0.799915969 0.073929846
vt 0.798350334 0.092768669
vt 0.793037414 0.114100158
vt 0.019947800 0.452197551
vt 0.161709293 0.469462037
vt 0.116669826 0.383314311
vt 0.425381392 0.003562331
vt 0.002922936 0.201401352
vt 0.040452111 0.140091657
vt 0.084398336 0.093237400
vt 0.145336151 0.068140566
vt 0.203691318 0.001844465
vt 0.197581082 0.059482097
vt 0.347464203 0.000089824
vt 0.433899700 0.013845026
vt 0.681824863 0.011897862
vt 0.114060819 0.521068096
vt 0.661504089 0.064572691
vt 0.741074204 0.145137846
vt 0.483486741 0.032999455
vt 0.791162788 0.141252279
vt 0.063704907 0.565943360
vt 0.266976743 0.010098576
vt 0.241089269 0.003788352
vt 0.039488613 0.497451484
vt 0.046183634 0.511236786
vt 0.728385031 0.690799117
vt 0.752488195 0.644490838
vt 0.734644234 0.556530714
vt 0.725292265 0.600322008
vt 0.699320972 0.779098510
vt 0.689659893 0.733044862
vt 0.70499897 0.797037601
vt 0.230714425 0.430160880
vt 0.685495972 0.486984670
vt 0.641914129 0.475290417
vt 0.118528641 0.356705367
vt 0.520510256 0.491617679
vt 0.027219116 0.260365486
s 1
g Patch
f 2735/3553 2739/3259 2740/3260 2736/3555
f 2735/3553 2743/3263 2744/3264 2739/3259
f 2745/3265 2743/3560 2735/3554 2742/3558
f 2746/3562 2736/3555 2740/3260 2748/3268
f 2755/3565 2756/3276 2757/3277 2742/3558
f 2742/3558 2757/3277 2758/3278 2745/3265
f 2759/3279 2760/3280 2743/3560 2745/3265
f 2759/3279 2745/3265 2758/3278 2761/3281
f 2762/3282 2744/3561 2743/3560 2760/3280
f 2762/3566 2763/3283 2764/3284 2744/3264
f 2764/3284 2765/3285 2739/3259 2744/3264
f 2765/3285 2766/3286 2740/3260 2739/3259
f 2748/3268 2740/3260 2766/3286 2767/3287
f 2748/3268 2768/3288 2769/3289 2770/3290
f 2748/3268 2767/3287 2771/3291 2768/3288
f 2772/3292 2746/3562 2748/3268 2770/3290
f 2780/3571 2781/3301 2782/3302 2755/3565
f 2782/3302 2783/3303 2756/3276 2755/3565
f 2783/3303 2784/3304 2785/3305 2756/3276
f 2785/3305 2786/3306 2757/3277 2756/3276
f 2786/3306 2787/3307 2758/3278 2757/3277
f 2787/3307 2788/3308 2761/3281 2758/3278
f 2759/3279 2761/3281 2789/3309 2760/3280
f 2788/3308 2790/3310 2789/3309 2761/3281
f 2787/3307 2791/3311 2792/3312 2788/3308
f 2788/3308 2792/3312 2793/3313 2790/3310
f 2786/3306 2794/3314 2791/3311 2787/3307
f 2785/3305 2795/3315 2794/3314 2786/3306
f 2785/3305 2784/3304 2796/3316 2795/3315
f 2797/3317 2798/3318 2796/3316 2784/3304
f 2797/3317 2784/3304 2783/3303 2799/3319
f 2799/3319 2783/3303 2782/3302 2800/3320
f 2800/3320 2782/3302 2781/3301 2801/3321
f 2802/3322 2801/3574 2781/3573 2803/3323
f 2804/3324 2803/3323 2781/3573 2780/3572
f 2803/3323 2804/3324 2772/3292 2770/3290
f 2802/3322 2803/3323 2770/3290 2769/3289
f 2806/3326 2807/3327 2801/3574 2802/3322
f 2769/3289 2808/3328 2806/3326 2802/3322
f 2801/3321 2807/3578 2809/3329 2800/3320
f 2800/3320 2809/3329 2810/3330 2799/3319
f 2799/3319 2810/3330 2811/3331 2797/3317
f 2811/3331 2812/3332 2798/3318 2797/3317
f 2813/3333 2796/3316 2798/3318 2814/3334
f 2814/3334 2798/3318 2812/3332 2815/3335
f 2813/3333 2816/3336 2795/3315 2796/3316
f 2817/3337 2794/3314 2795/3315 2816/3336
f 2817/3337 2818/3338 2791/3311 2794/3314
f 2817/3337 2816/3336 2819/3339 2818/3338
f 2820/3340 2819/3339 2816/3336 2813/3333
f 2820/3340 2813/3333 2814/3334 2821/3341
f 2821/3341 2814/3334 2815/3335 2822/3342
f 2815/3335 2823/3343 2824/3344 2822/3342
f 2812/3332 2825/3345 2823/3343 2815/3335
f 2825/3345 2812/3332 2811/3331 2826/3346
f 2827/3347 2826/3346 2811/3331 2810/3330
f 2828/3348 2827/3347 2810/3330 2809/3329
f 2828/3348 2809/3329 2807/3578 2829/3349
f 2829/3581 2807/3327 2806/3326 2830/3350
f 2808/3328 2831/3351 2830/3350 2806/3326
f 2808/3328 2769/3289 2768/3288 2832/3352
f 2808/3328 2832/3352 2833/3353 2831/3351
f 2839/3359 2840/3360 2827/3347 2828/3348
f 2827/3347 2840/3360 2842/3362 2826/3346
f 2842/3362 2843/3363 2825/3345 2826/3346
f 2823/3343 2825/3345 2843/3363 2844/3364
f 2845/3365 2824/3344 2823/3343 2844/3364
f 2824/3344 2845/3365 2846/3366 2847/3367
f 2848/3368 2822/3342 2824/3344 2847/3367
f 2848/3368 2849/3369 2821/3341 2822/3342
f 2820/3340 2821/3341 2849/3369 2850/3370
f 2851/3371 2852/3372 2850/3370 2849/3369
f 2849/3369 2848/3368 2853/3373 2851/3371
f 2854/3374 2853/3373 2848/3368 2847/3367
f 2854/3374 2847/3367 2846/3366 2855/3375
f 2846/3366 2845/3365 2856/3376 2857/3377
f 2858/3378 2855/3375 2846/3366 2857/3377
f 2843/3363 2856/3376 2845/3365 2844/3364
f 2859/3379 2856/3376 2843/3363 2842/3362
f 2840/3360 2860/3380 2859/3379 2842/3362
f 2861/3381 2860/3380 2840/3360 2839/3359
f 2839/3589 2863/3597 2864/3384 2861/3596
f 2872/3602 2873/3393 2874/3394 2863/3597
f 2874/3394 2875/3395 2864/3384 2863/3597
f 2861/3596 2864/3384 2876/3396 2877/3397
f 2876/3396 2864/3384 2875/3395 2878/3398
f 2879/3399 2860/3380 2861/3381 2877/3604
f 2860/3380 2879/3399 2880/3400 2859/3379
f 2880/3400 2857/3377 2856/3376 2859/3379
f 2881/3401 2858/3595 2857/3594 2880/3606
f 2882/3402 2858/3595 2881/3401 2883/3403
f 2858/3595 2882/3402 2884/3404 2855/3593
f 2884/3404 2885/3405 2854/3592 2855/3593
f 2886/3406 2884/3404 2882/3402 2887/3407
f 2884/3404 2886/3406 2888/3408 2885/3405
f 2889/3409 2887/3407 2882/3402 2883/3403
f 2883/3403 2881/3401 2890/3410 2891/3411
f 2892/3412 2889/3409 2883/3403 2891/3411
f 2879/3605 2890/3410 2881/3401 2880/3606
f 2876/3396 2890/3410 2879/3605 2877/3397
f 2891/3411 2890/3410 2876/3396 2878/3398
f 2875/3395 2893/3413 2894/3414 2878/3398
f 2894/3414 2895/3415 2896/3416 2878/3398
f 2896/3416 2892/3412 2891/3411 2878/3398
f 2875/3395 2874/3394 2897/3417 2893/3413
f 2874/3394 2873/3393 2898/3418 2897/3417
f 2899/3419 2898/3418 2873/3393 2832/3352
f 2832/3352 2873/3393 2872/3602 2833/3353
f 2768/3288 2771/3291 2899/3419 2832/3352
f 2898/3418 2899/3419 2904/3424 2905/3425
f 2899/3419 2771/3291 2906/3426 2904/3424
f 2897/3417 2898/3418 2905/3425 2907/3427
f 2908/3428 2909/3429 2893/3413 2897/3417
f 2908/3428 2897/3417 2907/3427 2910/3430
f 2893/3413 2909/3429 2911/3431 2894/3414
f 2894/3414 2911/3431 2912/3432 2895/3415
f 2912/3432 2911/3431 2913/3433 2914/3434
f 2915/3435 2913/3433 2911/3431 2909/3429
f 2916/3436 2915/3435 2909/3429 2908/3428
f 2917/3437 2916/3436 2908/3428 2910/3430
f 2918/3438 2910/3430 2907/3427 2919/3439
f 2920/3440 2917/3437 2910/3430 2918/3438
f 2919/3439 2907/3427 2905/3425 2921/3441
f 2921/3441 2905/3425 2904/3424 2922/3442
f 2922/3442 2904/3424 2906/3426 2923/3443
f 2923/3443 2906/3426 2924/3444 2925/3445
f 2924/3444 2906/3426 2771/3291 2767/3287
f 2923/3443 2925/3445 2926/3446 2927/3447
f 2927/3447 2928/3448 2922/3442 2923/3443
f 2928/3448 2929/3449 2921/3441 2922/3442
f 2929/3449 2930/3450 2919/3439 2921/3441
f 2930/3450 2931/3451 2918/3438 2919/3439
f 2931/3451 2932/3452 2920/3440 2918/3438
f 2933/3453 2920/3440 2932/3452 2934/3454
f 2920/3440 2933/3453 2935/3455 2917/3437
f 2916/3436 2917/3437 2935/3455 2936/3456
f 2915/3435 2916/3436 2936/3456 2937/3457
f 2938/3458 2913/3433 2915/3435 2937/3457
f 2913/3433 2938/3458 2939/3459 2914/3434
f 2939/3459 2940/3460 2912/3432 2914/3434
f 2912/3432 2940/3460 2941/3461 2895/3415
f 2940/3460 2939/3459 2933/3453 2934/3454
f 2932/3452 2941/3461 2940/3460 2934/3454
f 2942/3462 2941/3461 2932/3452 2931/3451
f 2942/3462 2931/3451 2930/3450 2943/3463
f 2930/3450 2929/3449 2944/3464 2943/3463
f 2945/3465 2944/3464 2929/3449 2928/3448
f 2945/3465 2928/3448 2927/3447 2946/3466
f 2946/3466 2927/3447 2926/3446 2947/3467
f 2925/3445 2948/3468 2949/3469 2926/3446
f 2926/3446 2949/3469 2950/3470 2947/3467
f 2925/3445 2924/3444 2951/3471 2948/3468
f 2951/3471 2924/3444 2767/3287 2766/3286
f 2948/3468 2951/3471 2952/3472 2953/3473
f 2952/3472 2951/3471 2766/3286 2765/3285
f 2948/3468 2953/3473 2954/3474 2949/3469
f 2955/3475 2950/3470 2949/3469 2954/3474
f 2955/3475 2956/3476 2957/3477 2950/3470
f 2958/3478 2947/3467 2950/3470 2957/3477
f 2958/3478 2959/3479 2946/3466 2947/3467
f 2945/3465 2946/3466 2959/3479 2960/3480
f 2961/3481 2944/3464 2945/3465 2960/3480
f 2944/3464 2961/3481 2962/3482 2943/3463
f 2892/3412 2896/3416 2942/3462 2943/3463
f 2962/3482 2889/3409 2892/3412 2943/3463
f 2941/3461 2942/3462 2896/3416 2895/3415
f 2889/3409 2962/3482 2963/3483 2887/3407
f 2962/3482 2961/3481 2964/3484 2963/3483
f 2961/3481 2960/3480 2965/3485 2964/3484
f 2959/3479 2966/3486 2965/3485 2960/3480
f 2958/3478 2967/3487 2966/3486 2959/3479
f 2968/3488 2967/3487 2958/3478 2957/3477
f 2969/3489 2968/3612 2957/3610 2956/3609
f 2955/3475 2970/3490 2971/3491 2956/3476
f 2972/3492 2969/3489 2956/3609 2971/3614
f 2955/3475 2973/3493 2974/3494 2970/3490
f 2955/3475 2954/3474 2975/3495 2973/3493
f 2953/3473 2976/3496 2975/3495 2954/3474
f 2953/3473 2952/3472 2977/3497 2976/3496
f 2976/3496 2977/3497 2978/3498 2979/3499
f 2976/3496 2979/3499 2980/3500 2975/3495
f 2975/3495 2980/3500 2981/3501 2973/3493
f 2982/3502 2974/3494 2973/3493 2981/3501
f 2762/3566 2974/3494 2982/3502 2763/3283
f 2762/3282 2983/3503 2970/3613 2974/3615
f 2983/3503 2984/3504 2971/3614 2970/3613
f 2984/3504 2985/3505 2972/3492 2971/3614
f 2972/3492 2985/3505 2986/3506 2987/3507
f 2972/3492 2987/3507 2988/3508 2969/3489
f 2969/3489 2988/3508 2989/3509 2968/3612
f 2968/3612 2989/3509 2990/3510 2967/3611
f 2991/3511 2966/3486 2967/3487 2990/3616
f 2992/3512 2965/3485 2966/3486 2991/3511
f 2965/3485 2992/3512 2993/3513 2964/3484
f 2993/3513 2992/3512 2994/3514 2995/3515
f 2994/3514 2992/3512 2991/3511 2996/3516
f 2996/3618 2991/3617 2990/3510 2997/3517
f 2998/3518 2997/3517 2990/3510 2989/3509
f 2998/3518 2989/3509 2988/3508 2999/3519
f 3000/3520 2999/3519 2988/3508 2987/3507
f 3001/3521 3000/3520 2987/3507 2986/3506
f 3002/3522 3003/3523 3001/3521 2986/3506
f 3002/3522 2986/3506 2985/3505 2793/3313
f 2984/3504 2790/3310 2793/3313 2985/3505
f 2983/3503 2789/3309 2790/3310 2984/3504
f 2762/3282 2760/3280 2789/3309 2983/3503
f 2792/3312 3004/3524 3002/3522 2793/3313
f 3002/3522 3004/3524 3005/3525 3003/3523
f 3006/3526 3001/3521 3003/3523 2852/3372
f 3005/3525 2850/3370 2852/3372 3003/3523
f 3007/3527 3000/3520 3001/3521 3006/3526
f 3007/3527 3008/3528 2999/3519 3000/3520
f 2998/3518 2999/3519 3008/3528 2997/3517
f 3009/3529 2996/3618 2997/3517 3008/3528
f 3010/3530 2994/3514 2996/3516 3009/3619
f 2994/3514 3010/3530 3011/3531 2995/3515
f 3011/3531 3012/3532 2993/3513 2995/3515
f 2964/3484 2993/3513 3012/3532 2963/3483
f 2963/3483 3012/3532 2886/3406 2887/3407
f 2886/3406 3012/3532 3011/3531 2888/3408
f 2888/3408 3011/3531 3010/3530 3013/3533
f 3014/3534 3013/3533 3010/3530 3009/3619
f 3009/3529 3008/3528 3007/3527 3014/3620
f 3007/3527 3006/3526 3015/3535 3014/3620
f 3006/3526 2852/3372 2851/3371 3015/3535
f 3014/3534 3015/3621 3016/3536 3013/3533
f 3015/3621 2851/3590 2853/3591 3016/3536
f 3016/3536 2885/3405 2888/3408 3013/3533
f 2853/3591 2854/3592 2885/3405 3016/3536
f 3005/3525 2819/3339 2820/3340 2850/3370
f 3005/3525 3004/3524 2818/3338 2819/3339
f 2792/3312 2791/3311 2818/3338 3004/3524
f 2982/3502 3017/3537 3018/3538 2763/3283
f 2763/3283 3018/3538 3019/3539 2764/3284
f 2982/3502 2981/3501 3020/3540 3017/3537
f 3021/3541 3017/3537 3020/3540 3022/3542
f 3021/3541 3023/3543 3018/3538 3017/3537
f 3019/3539 3018/3538 3023/3543 3024/3544
f 2765/3285 2764/3284 3019/3539 3025/3545
f 3025/3545 3019/3539 3024/3544 3026/3546
f 3027/3547 3028/3548 3026/3546 3024/3544
f 3027/3547 3024/3544 3023/3543 3029/3549
f 3021/3541 3022/3542 3029/3549 3023/3543
f 3030/3550 3031/3551 3022/3542 3020/3540
f 3032/3552 3029/3549 3022/3542 3031/3551
f 3030/3550 3020/3540 2981/3501 2980/3500
f 3030/3550 2980/3500 2979/3499 3031/3551
f 2978/3498 3032/3552 3031/3551 2979/3499
f 3027/3547 3029/3549 3032/3552 3028/3548
f 3028/3548 3032/3552 2978/3498 3026/3546
f 2977/3497 3025/3545 3026/3546 2978/3498
f 2977/3497 2952/3472 2765/3285 3025/3545
f 2933/3453 2939/3459 2938/3458 2935/3455
f 2936/3456 2935/3455 2938/3458 2937/3457
g Patch_1
f 2735/3255 2736/3256 2737/3257 2738/3258
f 2735/3255 2738/3258 2741/3261 2742/3262
f 2746/3266 2747/3267 2737/3257 2736/3256
f 2738/3258 2737/3257 2749/3269 2750/3270
f 2747/3267 2751/3271 2749/3269 2737/3257
f 2750/3563 2752/3272 2741/3557 2738/3556
f 2753/3273 2754/3274 2741/3557 2752/3272
f 2742/3559 2741/3557 2754/3274 2755/3275
f 2772/3567 2773/3293 2747/3267 2746/3266
f 2774/3294 2751/3271 2747/3267 2773/3293
f 2775/3295 2776/3296 2749/3269 2751/3271
f 2775/3295 2751/3271 2774/3294 2777/3297
f 2750/3270 2749/3269 2776/3296 2752/3564
f 2753/3273 2752/3272 2776/3569 2778/3298
f 2753/3273 2778/3298 2779/3299 2754/3274
f 2755/3275 2754/3274 2779/3299 2780/3300
f 2804/3575 2780/3300 2779/3299 2805/3325
f 2805/3325 2779/3299 2778/3298 2777/3570
f 2775/3568 2777/3570 2778/3298 2776/3569
f 2774/3294 2773/3293 2805/3577 2777/3297
f 2772/3567 2804/3576 2805/3577 2773/3293
f 2834/3354 2835/3355 2830/3583 2831/3584
f 2833/3585 2836/3356 2834/3354 2831/3584
f 2835/3355 2837/3357 2829/3582 2830/3583
f 2829/3582 2837/3357 2838/3358 2828/3579
f 2828/3580 2838/3587 2841/3361 2839/3588
f 2839/3588 2841/3361 2862/3382 2863/3383
f 2865/3385 2841/3361 2838/3587 2866/3386
f 2862/3382 2841/3361 2865/3385 2867/3387
f 2838/3358 2837/3357 2868/3388 2866/3598
f 2868/3599 2869/3389 2865/3385 2866/3386
f 2865/3385 2869/3389 2870/3390 2867/3387
f 2867/3387 2870/3390 2871/3391 2862/3382
f 2862/3382 2871/3391 2872/3392 2863/3383
f 2872/3603 2871/3601 2836/3356 2833/3585
f 2834/3354 2836/3356 2900/3420 2901/3421
f 2871/3391 2870/3390 2900/3607 2836/3586
f 2902/3422 2835/3355 2834/3354 2901/3421
f 2902/3422 2901/3421 2900/3420 2903/3423
f 2900/3607 2870/3390 2869/3389 2903/3608
f 2869/3600 2868/3388 2902/3422 2903/3423
f 2902/3422 2868/3388 2837/3357 2835/3355
